gyro_x,gyro_y,gyro_z
-0.00940035283565521,0.02032770216465,0.0184987187385559
0.0140354633331299,-0.000977584742940962,-0.00600236188620329
0.0129701988771558,0.00434873765334487,0.0131723964586854
-0.00940035283565521,-0.00736917136237025,-0.00174130464438349
-0.0115308808162808,-0.00417337799444795,-0.00174130464438349
0.00444808462634683,0.0118055874481797,-0.00919815618544817
-0.00407403102144599,-0.0137607576325536,0.0142376618459821
-0.0051392950117588,-0.000977584742940962,-0.00919815618544817
-0.0104656163603067,0.00115294381976128,0.00571554619818926
0.0129701988771558,0.0064792656339705,-0.00600236188620329
-0.000878237595316023,-0.0105649642646313,-0.0134592140093446
-0.00194350187666714,-0.0180218145251274,-0.0102634187787771
-0.00407403102144599,-0.0116302287206054,-0.00600236188620329
-0.00300876633264124,0.00860979408025742,-0.00919815618544817
0.015100727789104,-0.0105649642646313,-0.00706762634217739
-0.0051392950117588,0.0075445300899446,-0.00706762634217739
0.000187026787898503,0.0139361182227731,0.0131723964586854
-0.013661409728229,0.0150013826787472,0.00571554619818926
0.000187026787898503,-0.0031081133056432,0.0142376618459821
0.00764387706294656,-0.00949969980865717,0.000389224122045562
0.00764387706294656,0.00434873765334487,0.00465028174221516
-0.00620455946773291,0.00434873765334487,-0.00280656898394227
-0.0051392950117588,0.0064792656339705,0.00571554619818926
0.00657861353829503,0.0064792656339705,-0.00174130464438349
-0.013661409728229,-0.00843443535268307,-0.00493709743022919
0.0161659922450781,8.76798949320801E-05,-0.00493709743022919
-0.00940035283565521,-0.0148260220885277,0.000389224122045562
0.00870914198458195,0.0075445300899446,0.00358501705341041
0.00657861353829503,8.76798949320801E-05,0.00358501705341041
-0.0211182590574026,0.0139361182227731,-0.0113286832347512
0.0140354633331299,-0.00523864245042205,0.0184987187385559
-0.0125961452722549,-0.00417337799444795,0.00678081065416336
0.0119049353525043,0.0160666462033987,0.00145448883995414
0.00444808462634683,-0.00949969980865717,-0.0187855344265699
-0.00726982392370701,0.0107403229922056,0.00997660309076309
0.00338281993754208,-0.0180218145251274,-0.0230465922504663
-0.00194350187666714,0.0075445300899446,0.00891133863478899
-0.017922468483448,-0.00523864245042205,-0.00919815618544817
0.00657861353829503,-0.00630390690639615,-0.00600236188620329
0.00551334908232093,0.0118055874481797,0.00465028174221516
-0.00726982392370701,-0.0169565510004759,-0.0198507998138666
0.0129701988771558,0.0160666462033987,0.0216945111751556
0.00977440644055605,-0.0126954931765795,-0.0102634187787771
-0.00194350187666714,0.00967505853623152,-0.00493709743022919
0.0108396708965302,-0.0201523434370756,0.00891133863478899
-0.0125961452722549,0.00541400210931897,0.00251975283026695
0.0172312557697296,0.00221820827573538,-0.0187855344265699
-0.0104656163603067,8.76798949320801E-05,0.0174334552139044
0.00444808462634683,-0.0158912856131792,-0.0209160633385181
-0.00940035283565521,0.00860979408025742,0.0238250400871038
0.00231755571439862,0.0107403229922056,0.00251975283026695
0.00444808462634683,-0.0222828723490238,0.00358501705341041
0.0108396708965302,-0.00417337799444795,-0.00387183343991637
0.00657861353829503,-0.0031081133056432,-0.00067604030482471
0.00657861353829503,-0.00843443535268307,-0.00174130464438349
-0.00620455946773291,0.0118055874481797,0.0238250400871038
0.00870914198458195,0.00434873765334487,0.0121071320027113
-0.00194350187666714,0.0118055874481797,-0.00174130464438349
-0.00300876633264124,0.0075445300899446,0.00891133863478899
-0.0104656163603067,0.0160666462033987,-0.00493709743022919
0.00977440644055605,8.76798949320801E-05,0.0238250400871038
-0.00833508837968111,0.00115294381976128,-0.00919815618544817
0.00657861353829503,8.76798949320801E-05,0.00145448883995414
0.00870914198458195,-0.00630390690639615,0.00465028174221516
-0.0104656163603067,-0.0169565510004759,0.0110418675467372
0.00355869415216148,0.00792280491441488,-0.0168512184172869
-0.0177465938031673,0.00792280491441488,0.0236288253217936
0.00888501573354006,0.0025964833330363,-0.00619857525452971
0.00675448775291443,-0.0155130112543702,0.00551933376118541
-0.00389815680682659,0.0175101850181818,0.00764986174181104
-0.00389815680682659,-0.00699089607223868,-0.00832910370081663
0.00355869415216148,0.0111185973510146,-0.0189817473292351
-0.0134855359792709,-0.00486036716029048,0.0193677674978971
-0.0198771227151155,-0.00379510293714702,-0.00300278211943805
0.00462395837530494,0.00898806843906641,-0.012590161524713
-0.00176762766204774,-0.00166457425802946,0.00978039018809795
0.000362901017069817,0.00472701247781515,0.0236288253217936
0.00568922283127904,-0.00699089607223868,-0.0285691265016794
0.0120808100327849,-0.000599309802055359,0.0236288253217936
-0.0124202715232968,0.0143143935129046,-0.0189817473292351
0.0110155455768108,0.00579227693378925,0.00445406837388873
-0.00709394970908761,0.0025964833330363,-0.00832910370081663
0.00781975127756596,-0.0101866889744997,-0.00939436815679073
-0.000702363380696625,-0.00486036716029048,-0.0115248970687389
-0.0124202715232968,0.00366174755617976,0.022563561797142
0.00355869415216148,0.000465954886749387,-0.0157859530299902
0.00462395837530494,-0.013382482342422,-0.0168512184172869
-0.018811859190464,-0.00486036716029048,0.015106713399291
0.00249342992901802,-0.00699089607223868,-0.00300278211943805
0.00995028018951416,0.00366174755617976,0.00445406837388873
-0.00602868525311351,0.00898806843906641,0.0129761835560203
0.00355869415216148,0.00898806843906641,0.00338880415074527
0.00249342992901802,-0.00166457425802946,-0.000872253382112831
-0.000702363380696625,0.00579227693378925,0.000193011044757441
0.0014281653566286,0.000465954886749387,0.0119109191000462
0.0014281653566286,0.00472701247781515,-0.0147206904366612
-0.00496342079713941,0.0025964833330363,-0.00939436815679073
-0.00389815680682659,0.00792280491441488,0.0236288253217936
0.00675448775291443,-0.00272983848117292,0.00445406837388873
-0.0156160648912191,0.00898806843906641,0.00125827570445836
-0.00709394970908761,0.0111185973510146,0.00551933376118541
0.0152766015380621,0.00153121876064688,0.00338880415074527
0.000362901017069817,0.0100533328950405,0.000193011044757441
0.0014281653566286,-0.0080561600625515,0.00978039018809795
-0.00922447815537453,-0.00699089607223868,0.000193011044757441
0.000362901017069817,0.00685754045844078,0.00125827570445836
-0.0124202715232968,-0.00166457425802946,0.000193011044757441
0.00995028018951416,0.0100533328950405,0.0161719787865877
-0.0220076497644186,0.000465954886749387,-0.0147206904366612
0.0174071304500103,0.0121838618069887,0.0129761835560203
0.00568922283127904,0.00153121876064688,-0.00300278211943805
-0.00922447815537453,0.0025964833330363,0.00445406837388873
-0.000702363380696625,0.00153121876064688,-0.00832910370081663
0.0014281653566286,0.00366174755617976,-0.0200470108538866
-0.00602868525311351,0.0100533328950405,0.00764986174181104
-0.00496342079713941,0.0153796579688787,-0.00406804634258151
0.00995028018951416,-0.0165782757103443,0.00658459821715951
0.000362901017069817,0.00153121876064688,0.00658459821715951
-0.00283289211802185,0.0228365063667297,0.0246940907090902
0.00462395837530494,0.000465954886749387,-0.0243080724030733
0.0120808100327849,-0.0176435392349958,0.00338880415074527
-0.00283289211802185,0.0121838618069887,-0.0104596326127648
0.00462395837530494,0.000465954886749387,-0.00619857525452971
0.00462395837530494,0.0100533328950405,0.00125827570445836
-0.00602868525311351,0.00898806843906641,-0.000872253382112831
-0.0113550070673227,0.0025964833330363,-0.00406804634258151
0.0131460726261139,0.000465954886749387,-0.00513331079855561
-0.0134855359792709,-0.00486036716029048,0.0140414489433169
-0.000702363380696625,0.00898806843906641,0.00232353969477117
-0.00496342079713941,0.0175101850181818,0.0236288253217936
-0.000702363380696625,0.00685754045844078,-0.00406804634258151
0.000362901017069817,-0.00699089607223868,0.00764986174181104
-0.00496342079713941,-0.013382482342422,0.000193011044757441
0.0195376612246037,0.0143143935129046,0.00658459821715951
-0.00602868525311351,0.0175101850181818,0.00445406837388873
0.014211337082088,-0.0165782757103443,-0.00619857525452971
0.00568922283127904,0.0121838618069887,0.0193677674978971
0.0131460726261139,-0.0112519534304738,-0.0168512184172869
-0.0177465938031673,-0.0080561600625515,-0.00513331079855561
0.0163418650627136,0.00685754045844078,0.000193011044757441
-0.000702363380696625,-0.00486036716029048,-0.0168512184172869
-0.00602868525311351,0.00153121876064688,0.0257593542337418
-0.00602868525311351,0.000465954886749387,-0.012590161524713
-0.0113550070673227,0.0025964833330363,0.00445406837388873
0.00462395837530494,-0.00486036716029048,-0.00193751766346395
0.014211337082088,-0.00379510293714702,0.0108456546440721
-0.000702363380696625,0.00366174755617976,0.00978039018809795
0.00249342992901802,-0.00699089607223868,-0.00300278211943805
-0.00283289211802185,0.00792280491441488,0.0161719787865877
-0.00496342079713941,0.0175101850181818,-0.00513331079855561
0.0120808100327849,-0.00166457425802946,0.00338880415074527
0.00462395837530494,-0.00166457425802946,-0.0104596326127648
-0.00496342079713941,0.00366174755617976,-0.00300278211943805
0.000362901017069817,-0.0091214245185256,-0.00726383971050382
-0.00283289211802185,0.00685754045844078,-0.0115248970687389
0.0174071304500103,0.00153121876064688,0.00338880415074527
-0.0134855359792709,0.0025964833330363,0.02788988314569
0.0110155455768108,-0.0112519534304738,-0.00726383971050382
-0.014550800435245,0.000465954886749387,-0.00513331079855561
0.00355869415216148,-0.000599309802055359,0.00764986174181104
-0.0102897426113486,-0.000599309802055359,-0.00193751766346395
-0.00496342079713941,0.0132491290569305,0.0108456546440721
0.014211337082088,0.0164449214935303,-0.0200470108538866
-0.000702363380696625,-0.0155130112543702,0.0257593542337418
-0.00283289211802185,-0.00699089607223868,-0.0147206904366612
-0.008159214630723,0.000465954886749387,0.0119109191000462
0.00355869415216148,-0.0080561600625515,-0.0147206904366612
-0.00389815680682659,-0.00699089607223868,0.0172372423112392
-0.0102897426113486,-0.00272983848117292,-0.012590161524713
-0.0166813302785158,0.0132491290569305,-0.000872253382112831
0.0110155455768108,-0.0112519534304738,0.00764986174181104
0.00995028018951416,0.00366174755617976,-0.0211122762411833
-0.008159214630723,0.00366174755617976,-0.00406804634258151
0.00888501573354006,0.00153121876064688,0.000193011044757441
-0.0134855359792709,-0.0112519534304738,-0.00300278211943805
-0.008159214630723,0.0185754485428333,-0.0147206904366612
-0.00176762766204774,-0.00272983848117292,0.00232353969477117
0.0014281653566286,-0.013382482342422,-0.00300278211943805
-0.00389815680682659,-0.00166457425802946,-0.00939436815679073
-0.000702363380696625,-0.00592563161626458,-0.0115248970687389
-0.00709394970908761,0.000465954886749387,0.0183025039732456
0.00568922283127904,0.00366174755617976,0.0129761835560203
-0.0113550070673227,-0.00592563161626458,-0.0104596326127648
0.00995028018951416,0.0111185973510146,-0.00513331079855561
-0.00922447815537453,-0.000599309802055359,-0.0104596326127648
0.0014281653566286,-0.00272983848117292,-0.00832910370081663
0.0174071304500103,-0.0144477467983961,0.000193011044757441
-0.018811859190464,0.00792280491441488,-0.00939436815679073
0.00462395837530494,0.0025964833330363,0.0108456546440721
-0.000702363380696625,-0.0101866889744997,-0.00300278211943805
0.00462395837530494,0.00366174755617976,-0.00832910370081663
0.00888501573354006,-0.00272983848117292,-0.00832910370081663
0.000362901017069817,0.00898806843906641,0.00658459821715951
0.00249342992901802,-0.00166457425802946,0.00658459821715951
0.0184723939746618,0.00366174755617976,0.0172372423112392
-0.00709394970908761,-0.00379510293714702,-0.032830186188221
0.00568922283127904,-0.0144477467983961,-0.0147206904366612
0.00249342992901802,0.0121838618069887,0.000193011044757441
0.00355869415216148,-0.0251003913581371,-0.00513331079855561
-0.0113550070673227,0.0121838618069887,0.00445406837388873
0.00675448775291443,-0.0112519534304738,0.00125827570445836
-0.00176762766204774,-0.0091214245185256,-0.0115248970687389
-0.00922447815537453,0.00898806843906641,-0.000872253382112831
-0.000702363380696625,-0.00272983848117292,-0.0285691265016794
0.0131460726261139,0.00472701247781515,0.0119109191000462
-0.0177465938031673,0.00685754045844078,-0.00193751766346395
-0.00283289211802185,0.00898806843906641,-0.00193751766346395
0.00675448775291443,-0.00272983848117292,0.00445406837388873
-0.0124202715232968,0.00792280491441488,-0.0221775434911251
-0.0156160648912191,-0.0091214245185256,0.0129761835560203
-0.00496342079713941,-0.00166457425802946,-0.000872253382112831
0.000362901017069817,-0.000599309802055359,0.015106713399291
0.00675448775291443,-0.000599309802055359,-0.00726383971050382
-0.00709394970908761,0.0111185973510146,-0.00406804634258151
0.00568922283127904,-0.00699089607223868,-0.0157859530299902
-0.00283289211802185,-0.00379510293714702,0.00338880415074527
-0.00602868525311351,-0.00379510293714702,0.00232353969477117
0.00249342992901802,0.00792280491441488,0.00338880415074527
0.00888501573354006,-0.00166457425802946,-0.00939436815679073
-0.0198771227151155,0.00472701247781515,0.0161719787865877
-0.00176762766204774,0.00153121876064688,-0.0189817473292351
0.0120808100327849,0.00579227693378925,0.00232353969477117
-0.0220076497644186,-0.013382482342422,0.00125827570445836
0.00888501573354006,-0.00379510293714702,-0.0189817473292351
0.00249342992901802,-0.00486036716029048,-0.000872253382112831
-0.0102897426113486,0.0217712428420782,0.00338880415074527
0.00568922283127904,-0.0091214245185256,0.00445406837388873
-0.000702363380696625,0.0121838618069887,-0.00619857525452971
-0.00283289211802185,0.00472701247781515,-0.00193751766346395
0.0014281653566286,0.0143143935129046,0.0332162082195282
0.00249342992901802,-0.0101866889744997,-0.00939436815679073
0.0152766015380621,-0.00272983848117292,-0.00406804634258151
-0.0177465938031673,0.00153121876064688,-0.00193751766346395
0.0131460726261139,0.00366174755617976,0.00871512573212385
-0.000702363380696625,-0.00379510293714702,0.00658459821715951
0.0110155455768108,0.00792280491441488,-0.00726383971050382
-0.00283289211802185,-0.00379510293714702,0.000193011044757441
-0.00496342079713941,0.0143143935129046,0.0129761835560203
0.00781975127756596,-0.0155130112543702,0.00551933376118541
-0.0113550070673227,0.0153796579688787,0.00338880415074527
0.000362901017069817,0.0121838618069887,-0.00406804634258151
0.0014281653566286,-0.0123172178864479,-0.0115248970687389
-0.00176762766204774,0.00472701247781515,0.015106713399291
0.014211337082088,-0.000599309802055359,-0.00513331079855561
0.00249342992901802,0.0025964833330363,-0.0136554259806871
0.00995028018951416,0.00792280491441488,0.00125827570445836
-0.0124202715232968,-0.0187088046222925,0.00125827570445836
0.00995028018951416,0.0132491290569305,0.00445406837388873
-0.008159214630723,-0.00379510293714702,0.00125827570445836
0.00781975127756596,-0.00699089607223868,-0.0157859530299902
-0.00176762766204774,0.00153121876064688,0.0204330328851938
-0.0124202715232968,0.00472701247781515,0.000193011044757441
0.000362901017069817,0.00579227693378925,-0.00939436815679073
-0.00602868525311351,0.0025964833330363,0.00871512573212385
-0.00602868525311351,-0.00272983848117292,-0.00300278211943805
-0.008159214630723,0.00472701247781515,0.000193011044757441
0.0120808100327849,-0.00272983848117292,0.00232353969477117
-0.00176762766204774,0.00792280491441488,-0.00619857525452971
0.00355869415216148,0.00366174755617976,0.00658459821715951
0.00888501573354006,-0.013382482342422,-0.0104596326127648
0.00568922283127904,0.00579227693378925,0.0108456546440721
-0.0124202715232968,0.01964071393013,0.0108456546440721
-0.00922447815537453,-0.0101866889744997,-0.00832910370081663
0.0216681901365519,0.00898806843906641,-0.00513331079855561
-0.00389815680682659,0.0100533328950405,0.0119109191000462
-0.0134855359792709,-0.00166457425802946,-0.032830186188221
0.00781975127756596,0.000465954886749387,0.00125827570445836
-0.00709394970908761,-0.0080561600625515,-0.00406804634258151
0.000362901017069817,0.00898806843906641,0.015106713399291
-0.000702363380696625,-0.0165782757103443,-0.00939436815679073
-0.00176762766204774,0.00579227693378925,-0.00939436815679073
-0.00283289211802185,0.00898806843906641,0.00125827570445836
-0.00283289211802185,-0.0091214245185256,0.00338880415074527
0.00781975127756596,0.00898806843906641,0.00551933376118541
-0.00602868525311351,-0.00592563161626458,-0.000872253382112831
0.0248639807105064,-0.0080561600625515,-0.0189817473292351
-0.008159214630723,-0.00699089607223868,-0.000872253382112831
0.00462395837530494,-0.0165782757103443,-0.00193751766346395
-0.00389815680682659,0.00685754045844078,-0.00406804634258151
-0.00602868525311351,0.0185754485428333,-0.0115248970687389
0.0120808100327849,-0.00699089607223868,-0.00513331079855561
-0.0134855359792709,0.0153796579688787,0.0172372423112392
0.00888501573354006,-0.0176435392349958,0.00125827570445836
0.00462395837530494,-0.013382482342422,-0.0168512184172869
-0.000702363380696625,0.00579227693378925,-0.00726383971050382
0.00675448775291443,0.00153121876064688,0.0183025039732456
-0.0102897426113486,0.0185754485428333,0.0172372423112392
-0.0166813302785158,0.00579227693378925,-0.000872253382112831
-0.00283289211802185,-0.00166457425802946,0.00338880415074527
0.00462395837530494,-0.0123172178864479,-0.0179164819419384
0.00568922283127904,0.00685754045844078,-0.0157859530299902
0.00355869415216148,0.0100533328950405,-0.00406804634258151
-0.000702363380696625,-0.0091214245185256,-0.00193751766346395
-0.00389815680682659,0.00898806843906641,0.00871512573212385
-0.00176762766204774,-0.0091214245185256,0.00338880415074527
0.000362901017069817,-0.0091214245185256,0.00232353969477117
0.00355869415216148,-0.000599309802055359,-0.012590161524713
0.00355869415216148,0.00153121876064688,0.00871512573212385
0.00249342992901802,-0.00379510293714702,0.0119109191000462
0.000362901017069817,-0.00166457425802946,-0.0243080724030733
-0.026268707588315,0.00792280491441488,0.0246940907090902
0.0237987171858549,0.0164449214935303,0.00978039018809795
-0.0198771227151155,-0.0101866889744997,-0.00726383971050382
-0.0113550070673227,0.00792280491441488,-0.00726383971050382
-0.00389815680682659,0.0164449214935303,-0.000872253382112831
0.00249342992901802,-0.0112519534304738,-0.0115248970687389
-0.00389815680682659,0.00472701247781515,0.0193677674978971
0.0174071304500103,-0.00486036716029048,0.0108456546440721
-0.0102897426113486,-0.00699089607223868,0.000193011044757441
0.000362901017069817,-0.00379510293714702,-0.000872253382112831
-0.00176762766204774,0.00366174755617976,0.00978039018809795
0.000362901017069817,0.0111185973510146,-0.0147206904366612
-0.00176762766204774,0.00898806843906641,0.0183025039732456
0.0195376612246037,-0.00379510293714702,-0.000872253382112831
-0.00496342079713941,0.0207059774547815,-0.000872253382112831
-0.000702363380696625,-0.0091214245185256,0.00978039018809795
0.00249342992901802,0.0292280931025743,-0.000872253382112831
0.0014281653566286,-0.0080561600625515,-0.00939436815679073
0.0014281653566286,-0.00166457425802946,0.00551933376118541
0.00355869415216148,-0.00166457425802946,-0.0136554259806871
-0.00709394970908761,-0.0112519534304738,0.015106713399291
-0.008159214630723,-0.000599309802055359,0.0204330328851938
0.00568922283127904,-0.00272983848117292,-0.00406804634258151
-0.00496342079713941,0.00792280491441488,-0.00939436815679073
0.00568922283127904,-0.000599309802055359,-0.00300278211943805
0.00462395837530494,0.00579227693378925,-0.00406804634258151
0.000362901017069817,-0.000599309802055359,-0.0157859530299902
0.00249342992901802,0.00685754045844078,-0.00300278211943805
-0.00709394970908761,0.00472701247781515,0.0108456546440721
0.00249342992901802,0.0121838618069887,0.0204330328851938
0.0014281653566286,-0.0187088046222925,-0.0157859530299902
-0.0102897426113486,0.0185754485428333,0.00764986174181104
0.00355869415216148,-0.0112519534304738,-0.0211122762411833
0.0131460726261139,-0.000599309802055359,-0.012590161524713
-0.00709394970908761,-0.0123172178864479,0.015106713399291
0.00249342992901802,0.00898806843906641,0.00551933376118541
-0.00709394970908761,0.0025964833330363,-0.0104596326127648
0.00675448775291443,-0.0112519534304738,-0.0179164819419384
-0.00389815680682659,-0.000599309802055359,0.000193011044757441
-0.0102897426113486,-0.00272983848117292,0.0140414489433169
-0.0113550070673227,-0.0080561600625515,0.00445406837388873
-0.00176762766204774,0.0025964833330363,-0.00939436815679073
0.0014281653566286,-0.00272983848117292,-0.00619857525452971
-0.00176762766204774,0.0025964833330363,0.0108456546440721
0.0014281653566286,-0.00699089607223868,-0.0147206904366612
0.00355869415216148,0.0025964833330363,0.00445406837388873
0.0014281653566286,0.00366174755617976,-0.00300278211943805
0.00568922283127904,0.00472701247781515,-0.00939436815679073
0.0152766015380621,-0.00486036716029048,-0.00619857525452971
0.0014281653566286,0.00685754045844078,-0.00939436815679073
-0.00602868525311351,0.0100533328950405,-0.00832910370081663
-0.0113550070673227,-0.0091214245185256,-0.0115248970687389
0.00995028018951416,0.000465954886749387,0.00125827570445836
-0.00176762766204774,-0.00699089607223868,0.0119109191000462
-0.018811859190464,-0.0123172178864479,0.00551933376118541
-0.00709394970908761,0.000465954886749387,0.015106713399291
0.00568922283127904,0.01964071393013,0.039607796818018
0.000362901017069817,-0.013382482342422,-0.0189817473292351
0.00781975127756596,-0.00592563161626458,0.015106713399291
-0.0113550070673227,0.00366174755617976,-0.00513331079855561
0.00888501573354006,-0.0176435392349958,-0.0136554259806871
0.0014281653566286,0.00685754045844078,0.0161719787865877
-0.0177465938031673,-0.0080561600625515,0.0140414489433169
-0.00709394970908761,0.00472701247781515,0.00658459821715951
0.00249342992901802,-0.00166457425802946,0.000193011044757441
0.00675448775291443,-0.00486036716029048,0.00445406837388873
0.00355869415216148,0.00153121876064688,-0.00619857525452971
-0.00176762766204774,-0.00699089607223868,0.0119109191000462
-0.00176762766204774,0.00685754045844078,0.00338880415074527
0.00568922283127904,-0.00272983848117292,-0.00300278211943805
-0.0166813302785158,0.0100533328950405,0.00871512573212385
0.0110155455768108,-0.0187088046222925,0.0129761835560203
-0.00283289211802185,0.0025964833330363,-0.00513331079855561
0.0110155455768108,-0.00272983848117292,-0.00513331079855561
-0.0156160648912191,-0.0091214245185256,0.00764986174181104
0.014211337082088,0.00898806843906641,-0.00832910370081663
-0.0102897426113486,0.00366174755617976,0.0183025039732456
-0.0134855359792709,-0.0165782757103443,-0.0115248970687389
0.00568922283127904,-0.00272983848117292,0.0108456546440721
-0.00176762766204774,-0.00699089607223868,-0.00726383971050382
-0.0113550070673227,0.00579227693378925,0.0140414489433169
0.0184723939746618,0.000465954886749387,0.00445406837388873
-0.0209423843771219,-0.00379510293714702,-0.00300278211943805
0.0237987171858549,0.0143143935129046,-0.0168512184172869
-0.0134855359792709,0.00579227693378925,0.00978039018809795
0.00781975127756596,-0.00699089607223868,-0.00726383971050382
-0.00602868525311351,0.0164449214935303,-0.00300278211943805
0.0120808100327849,-0.00166457425802946,0.0119109191000462
0.00249342992901802,-0.00166457425802946,-0.0243080724030733
0.00462395837530494,0.00366174755617976,0.00978039018809795
0.00781975127756596,-0.0091214245185256,0.000193011044757441
0.00249342992901802,0.00366174755617976,0.00445406837388873
0.0152766015380621,-0.00166457425802946,-0.00726383971050382
-0.0113550070673227,-0.00486036716029048,-0.0115248970687389
0.00888501573354006,-0.00592563161626458,0.0140414489433169
-0.00602868525311351,0.00685754045844078,-0.0104596326127648
0.00888501573354006,-0.013382482342422,-0.00406804634258151
0.0131460726261139,0.00792280491441488,0.0119109191000462
-0.00709394970908761,0.00153121876064688,-0.00939436815679073
0.00355869415216148,-0.00699089607223868,0.00125827570445836
0.00462395837530494,0.0025964833330363,-0.00406804634258151
-0.008159214630723,-0.00272983848117292,-0.0147206904366612
-0.00602868525311351,0.00792280491441488,-0.00726383971050382
0.00888501573354006,-0.00379510293714702,0.00445406837388873
-0.00496342079713941,0.00366174755617976,-0.00726383971050382
0.00462395837530494,0.000465954886749387,-0.0157859530299902
-0.00602868525311351,-0.0123172178864479,-0.00832910370081663
0.00355869415216148,0.0228365063667297,0.0108456546440721
-0.0113550070673227,0.00898806843906641,-0.00939436815679073
0.00355869415216148,-0.0208393335342407,0.00232353969477117
0.00995028018951416,0.0153796579688787,-0.00513331079855561
-0.000702363380696625,-0.00486036716029048,0.0353467389941216
-0.00496342079713941,-0.0240351259708405,-0.0168512184172869
0.00995028018951416,-0.00699089607223868,-0.0189817473292351
-0.008159214630723,0.00579227693378925,0.00125827570445836
0.0110155455768108,-0.000599309802055359,-0.00406804634258151
-0.00602868525311351,-0.00592563161626458,0.00871512573212385
-0.00496342079713941,-0.0101866889744997,-0.0157859530299902
-0.000702363380696625,-0.00486036716029048,0.00658459821715951
0.00249342992901802,0.0132491290569305,0.00658459821715951
0.00355869415216148,-0.0080561600625515,0.00551933376118541
0.000362901017069817,-0.000599309802055359,-0.00513331079855561
0.0110155455768108,-0.0144477467983961,0.0236288253217936
-0.0113550070673227,-0.0101866889744997,-0.0317649208009243
0.000362901017069817,0.00472701247781515,0.00978039018809795
-0.00389815680682659,0.00898806843906641,0.0172372423112392
0.00888501573354006,-0.00272983848117292,-0.0104596326127648
0.00462395837530494,-0.0101866889744997,-0.000872253382112831
-0.00389815680682659,0.00153121876064688,-0.0253733359277248
-0.000702363380696625,0.0111185973510146,0.0119109191000462
0.0131460726261139,0.0153796579688787,0.000193011044757441
-0.000702363380696625,-0.0112519534304738,-0.00406804634258151
-0.0102897426113486,-0.000599309802055359,-0.00300278211943805
0.014211337082088,0.00153121876064688,-0.0275038629770279
-0.0102897426113486,0.0121838618069887,0.00658459821715951
0.00781975127756596,0.00366174755617976,0.00125827570445836
-0.00602868525311351,0.00792280491441488,0.00871512573212385
-0.0166813302785158,0.000465954886749387,-0.0104596326127648
0.00781975127756596,0.00366174755617976,0.000193011044757441
-0.00389815680682659,0.000465954886749387,-0.00300278211943805
-0.00922447815537453,0.0100533328950405,-0.0115248970687389
-0.00389815680682659,0.0025964833330363,0.0161719787865877
-0.00602868525311351,0.00472701247781515,-0.0189817473292351
-0.00176762766204774,-0.0123172178864479,-0.0200470108538866
-0.0113550070673227,-0.0155130112543702,0.0193677674978971
0.00675448775291443,0.00792280491441488,-0.0200470108538866
-0.00176762766204774,-0.013382482342422,-0.00406804634258151
0.00995028018951416,0.000465954886749387,0.015106713399291
-0.0102897426113486,0.0100533328950405,-0.012590161524713
0.0110155455768108,-0.00699089607223868,0.0193677674978971
-0.00389815680682659,0.00153121876064688,-0.0104596326127648
0.0163418650627136,-0.00166457425802946,0.00764986174181104
-0.00922447815537453,0.00685754045844078,0.00658459821715951
-0.00176762766204774,-0.0091214245185256,-0.0157859530299902
-0.00496342079713941,0.0132491290569305,0.0161719787865877
0.000362901017069817,0.0121838618069887,0.0193677674978971
-0.00602868525311351,-0.00272983848117292,-0.00406804634258151
-0.000702363380696625,-0.00166457425802946,0.00232353969477117
0.00462395837530494,0.0025964833330363,0.00551933376118541
0.0206029266119003,-0.00699089607223868,-0.0243080724030733
-0.008159214630723,-0.00592563161626458,-0.00193751766346395
-0.0113550070673227,0.00579227693378925,0.0183025039732456
0.014211337082088,0.000465954886749387,-0.00939436815679073
-0.018811859190464,0.0025964833330363,0.00125827570445836
-0.00602868525311351,0.0164449214935303,0.00551933376118541
0.00355869415216148,0.00472701247781515,0.0119109191000462
0.00462395837530494,0.00579227693378925,-0.00939436815679073
0.00355869415216148,-0.00379510293714702,0.00764986174181104
-0.00496342079713941,0.0025964833330363,0.0140414489433169
0.0227334555238485,0.00472701247781515,-0.00513331079855561
-0.00176762766204774,0.00472701247781515,-0.00406804634258151
0.00355869415216148,-0.00379510293714702,-0.0136554259806871
-0.00602868525311351,0.01964071393013,0.0257593542337418
0.0014281653566286,0.00153121876064688,-0.00193751766346395
-0.00283289211802185,0.0100533328950405,-0.00726383971050382
0.00249342992901802,0.00366174755617976,-0.00939436815679073
-0.000702363380696625,-0.019774068146944,-0.00619857525452971
-0.0156160648912191,0.00898806843906641,0.0119109191000462
0.00995028018951416,-0.00486036716029048,-0.00406804634258151
-0.0102897426113486,-0.0208393335342407,0.0183025039732456
0.00355869415216148,0.0217712428420782,0.00871512573212385
-0.00709394970908761,-0.0091214245185256,0.00338880415074527
-0.00389815680682659,0.0025964833330363,-0.0104596326127648
0.0014281653566286,-0.0112519534304738,-0.0136554259806871
0.014211337082088,-0.00379510293714702,0.00445406837388873
-0.00496342079713941,0.00685754045844078,-0.00513331079855561
0.0014281653566286,-0.0229698624461889,0.00658459821715951
-0.00709394970908761,-0.000599309802055359,-0.00513331079855561
0.00888501573354006,0.00472701247781515,0.00658459821715951
-0.00602868525311351,0.0025964833330363,-0.0253733359277248
0.0110155455768108,-0.0091214245185256,0.00764986174181104
-0.0134855359792709,0.0111185973510146,0.0268246196210384
-0.0177465938031673,-0.00166457425802946,-0.0136554259806871
0.0110155455768108,-0.0091214245185256,0.0204330328851938
-0.00709394970908761,0.00472701247781515,-0.00406804634258151
0.00249342992901802,0.0132491290569305,-0.00300278211943805
-0.0113550070673227,-0.013382482342422,-0.00619857525452971
-0.00283289211802185,0.0100533328950405,-0.00513331079855561
0.00888501573354006,0.00579227693378925,-0.0157859530299902
-0.008159214630723,0.0025964833330363,-0.00832910370081663
0.00781975127756596,-0.00486036716029048,-0.000872253382112831
-0.0177465938031673,-0.0155130112543702,0.00978039018809795
-0.00283289211802185,0.0111185973510146,-0.0168512184172869
0.00888501573354006,0.00579227693378925,-0.00193751766346395
0.0014281653566286,-0.0155130112543702,-0.00406804634258151
-0.00283289211802185,0.00153121876064688,0.00445406837388873
0.00249342992901802,0.000465954886749387,-0.00406804634258151
-0.000702363380696625,-0.0165782757103443,-0.00406804634258151
0.00888501573354006,0.0175101850181818,0.00764986174181104
0.00249342992901802,-0.0101866889744997,-0.00513331079855561
-0.00602868525311351,0.0121838618069887,0.0236288253217936
0.0120808100327849,-0.00272983848117292,-0.00513331079855561
-0.0124202715232968,-0.00699089607223868,0.000193011044757441
-0.00602868525311351,0.00898806843906641,0.000193011044757441
0.00675448775291443,-0.00592563161626458,0.00551933376118541
-0.00709394970908761,-0.000599309802055359,0.00125827570445836
0.0131460726261139,-0.013382482342422,-0.00300278211943805
-0.000702363380696625,0.0121838618069887,-0.0189817473292351
0.000362901017069817,-0.0101866889744997,-0.00193751766346395
-0.00709394970908761,0.000465954886749387,0.000193011044757441
0.00355869415216148,0.00366174755617976,0.0161719787865877
-0.00496342079713941,0.00366174755617976,0.00232353969477117
0.00568922283127904,0.000465954886749387,-0.00832910370081663
-0.0166813302785158,-0.00592563161626458,-0.00726383971050382
-0.00176762766204774,0.00472701247781515,0.00658459821715951
0.0120808100327849,-0.000599309802055359,0.0119109191000462
-0.0124202715232968,-0.00166457425802946,-0.00619857525452971
-0.00602868525311351,-0.00166457425802946,-0.0147206904366612
0.00462395837530494,-0.013382482342422,0.0119109191000462
-0.00602868525311351,0.00685754045844078,-0.0168512184172869
0.00675448775291443,-0.00379510293714702,0.00551933376118541
0.0014281653566286,-0.00272983848117292,-0.00513331079855561
-0.00283289211802185,-0.0101866889744997,-0.000872253382112831
0.00888501573354006,-0.0091214245185256,-0.00406804634258151
0.0110155455768108,0.00792280491441488,-0.00939436815679073
-0.00602868525311351,-0.0080561600625515,0.0161719787865877
-0.00602868525311351,-0.00699089607223868,-0.00406804634258151
0.0131460726261139,-0.00699089607223868,-0.0104596326127648
-0.018811859190464,0.000465954886749387,0.00338880415074527
0.00781975127756596,-0.0155130112543702,0.000193011044757441
0.00249342992901802,0.00579227693378925,0.00551933376118541
0.00568922283127904,0.000465954886749387,-0.00726383971050382
-0.00283289211802185,-0.0080561600625515,0.0140414489433169
0.000362901017069817,-0.000599309802055359,0.00764986174181104
-0.00496342079713941,-0.00166457425802946,-0.012590161524713
0.00995028018951416,0.0025964833330363,-0.00300278211943805
0.0014281653566286,-0.00379510293714702,0.0108456546440721
0.0110155455768108,0.0121838618069887,-0.0147206904366612
0.000362901017069817,-0.00699089607223868,0.00978039018809795
0.00355869415216148,0.00153121876064688,0.00658459821715951
0.00568922283127904,0.01964071393013,-0.012590161524713
-0.014550800435245,0.00579227693378925,-0.00300278211943805
-0.000702363380696625,0.00366174755617976,-0.00513331079855561
0.00249342992901802,0.0132491290569305,-0.00939436815679073
-0.0134855359792709,-0.00699089607223868,0.00338880415074527
0.00675448775291443,0.00366174755617976,0.000193011044757441
0.000362901017069817,-0.00379510293714702,0.0119109191000462
-0.00496342079713941,0.0025964833330363,-0.0243080724030733
-0.000702363380696625,-0.00379510293714702,0.0183025039732456
-0.0156160648912191,-0.00379510293714702,-0.00939436815679073
0.00781975127756596,-0.000599309802055359,0.00978039018809795
-0.00176762766204774,0.00366174755617976,-0.0157859530299902
-0.000702363380696625,0.00898806843906641,0.00125827570445836
0.00781975127756596,-0.0165782757103443,-0.0168512184172869
-0.00922447815537453,0.0111185973510146,0.0268246196210384
0.00568922283127904,-0.00272983848117292,-0.0179164819419384
-0.014550800435245,0.00685754045844078,-0.00726383971050382
-0.00709394970908761,0.00685754045844078,0.0129761835560203
-0.00176762766204774,0.0025964833330363,0.000193011044757441
0.00675448775291443,-0.0112519534304738,-0.000872253382112831
0.0152766015380621,0.00792280491441488,0.00764986174181104
-0.00176762766204774,-0.00486036716029048,-0.00406804634258151
0.00568922283127904,0.0121838618069887,0.00658459821715951
-0.00176762766204774,-0.000599309802055359,-0.000872253382112831
0.00888501573354006,0.000465954886749387,-0.00619857525452971
-0.00709394970908761,-0.0208393335342407,0.0140414489433169
0.00995028018951416,-0.0080561600625515,-0.0168512184172869
-0.0166813302785158,0.00366174755617976,0.00658459821715951
-0.0102897426113486,0.0100533328950405,0.0119109191000462
0.000362901017069817,0.000465954886749387,0.000193011044757441
-0.00389815680682659,-0.00379510293714702,-0.0168512184172869
-0.00602868525311351,0.000465954886749387,0.015106713399291
0.00568922283127904,0.0025964833330363,-0.00193751766346395
0.00888501573354006,-0.00272983848117292,-0.00939436815679073
0.00675448775291443,0.0025964833330363,0.0204330328851938
0.00462395837530494,-0.00699089607223868,-0.00726383971050382
0.0110155455768108,-0.0165782757103443,0.00338880415074527
-0.00496342079713941,0.00472701247781515,0.00338880415074527
-0.000702363380696625,0.0121838618069887,0.0129761835560203
0.0014281653566286,0.0100533328950405,0.00658459821715951
0.00675448775291443,-0.00699089607223868,-0.0147206904366612
0.00568922283127904,0.00579227693378925,0.00125827570445836
-0.00496342079713941,0.00366174755617976,-0.00300278211943805
-0.00389815680682659,-0.00272983848117292,0.00125827570445836
0.00355869415216148,-0.00486036716029048,0.000193011044757441
0.0110155455768108,-0.0155130112543702,-0.00513331079855561
0.0110155455768108,0.01964071393013,-0.00300278211943805
-0.00283289211802185,-0.00699089607223868,0.0108456546440721
0.00249342992901802,0.0100533328950405,-0.000872253382112831
0.00355869415216148,-0.0240351259708405,0.0129761835560203
0.0014281653566286,0.00579227693378925,-0.0253733359277248
0.0110155455768108,-0.000599309802055359,-0.00939436815679073
0.0014281653566286,0.00685754045844078,-0.00832910370081663
-0.00176762766204774,-0.00592563161626458,0.000193011044757441
-0.00283289211802185,0.0025964833330363,-0.012590161524713
-0.00176762766204774,0.00685754045844078,0.00551933376118541
-0.0102897426113486,-0.0080561600625515,-0.00406804634258151
0.0110155455768108,0.01964071393013,-0.00406804634258151
0.00888501573354006,-0.0144477467983961,0.00871512573212385
0.000362901017069817,-0.00592563161626458,0.00232353969477117
-0.0102897426113486,-0.00486036716029048,-0.00300278211943805
-0.0113550070673227,0.0132491290569305,0.00232353969477117
0.0014281653566286,-0.0144477467983961,-0.00726383971050382
-0.000702363380696625,0.0025964833330363,-0.00513331079855561
0.0110155455768108,-0.00592563161626458,0.00232353969477117
-0.00496342079713941,0.0175101850181818,-0.00513331079855561
-0.0156160648912191,-0.00486036716029048,0.00232353969477117
-0.000702363380696625,-0.00486036716029048,0.00764986174181104
-0.00496342079713941,0.00579227693378925,-0.0104596326127648
0.00888501573354006,0.0207059774547815,0.0119109191000462
-0.00283289211802185,-0.0304267108440399,0.00658459821715951
0.00781975127756596,0.00472701247781515,0.00445406837388873
-0.000702363380696625,0.0132491290569305,0.0129761835560203
0.0184723939746618,-0.0155130112543702,-0.0189817473292351
-0.00922447815537453,0.01964071393013,0.0204330328851938
0.00462395837530494,0.00792280491441488,0.00658459821715951
-0.0156160648912191,-0.0112519534304738,0.00978039018809795
0.00462395837530494,0.0121838618069887,0.00338880415074527
0.0014281653566286,0.0175101850181818,-0.012590161524713
0.0014281653566286,-0.0187088046222925,0.0108456546440721
0.00888501573354006,-0.00379510293714702,0.00338880415074527
0.00995028018951416,-0.0080561600625515,0.00338880415074527
-0.00283289211802185,0.00472701247781515,0.00338880415074527
0.000362901017069817,0.00685754045844078,0.0161719787865877
-0.00389815680682659,-0.00272983848117292,0.00232353969477117
-0.00389815680682659,0.00579227693378925,-0.00300278211943805
0.00568922283127904,-0.013382482342422,-0.0275038629770279
0.0014281653566286,0.0100533328950405,0.0108456546440721
-0.00176762766204774,0.00898806843906641,0.00978039018809795
0.00781975127756596,0.00898806843906641,0.00978039018809795
-0.0113550070673227,0.00685754045844078,0.00232353969477117
0.0206029266119003,-0.0187088046222925,-0.00939436815679073
-0.014550800435245,0.00898806843906641,0.0129761835560203
-0.00283289211802185,0.00366174755617976,-0.00726383971050382
0.00355869415216148,0.0143143935129046,0.00871512573212385
0.0131460726261139,-0.0144477467983961,-0.0211122762411833
0.00462395837530494,0.0121838618069887,-0.0104596326127648
0.00888501573354006,0.00685754045844078,-0.0104596326127648
0.00781975127756596,0.00153121876064688,0.0204330328851938
-0.00602868525311351,0.000465954886749387,-0.00832910370081663
-0.00496342079713941,0.0025964833330363,-0.00939436815679073
0.00355869415216148,0.000465954886749387,0.00338880415074527
0.00249342992901802,0.0121838618069887,-0.00193751766346395
0.00355869415216148,-0.00166457425802946,-0.00300278211943805
0.000362901017069817,-0.00166457425802946,-0.00193751766346395
0.000362901017069817,0.0132491290569305,-0.0104596326127648
0.00781975127756596,-0.0240351259708405,0.00551933376118541
0.00995028018951416,0.0111185973510146,-0.0115248970687389
-0.00389815680682659,-0.00166457425802946,-0.00406804634258151
0.00462395837530494,0.0111185973510146,-0.012590161524713
-0.00709394970908761,-0.019774068146944,-0.0147206904366612
-0.00389815680682659,0.0025964833330363,0.0204330328851938
-0.00496342079713941,-0.000599309802055359,-0.00300278211943805
-0.00496342079713941,-0.00272983848117292,0.00551933376118541
-0.0166813302785158,0.0228365063667297,0.0193677674978971
0.000362901017069817,0.000465954886749387,-0.00619857525452971
0.0014281653566286,0.00685754045844078,0.00551933376118541
0.0014281653566286,0.00898806843906641,-0.00300278211943805
-0.0102897426113486,-0.00592563161626458,0.0204330328851938
0.0014281653566286,-0.0123172178864479,-0.000872253382112831
-0.00496342079713941,0.00792280491441488,-0.00406804634258151
0.0014281653566286,-0.0155130112543702,-0.00939436815679073
0.00568922283127904,-0.00272983848117292,0.00764986174181104
0.00355869415216148,0.00366174755617976,-0.0157859530299902
-0.00176762766204774,-0.0219045970588922,0.00338880415074527
-0.00283289211802185,0.0143143935129046,0.00658459821715951
-0.00709394970908761,-0.0187088046222925,0.00445406837388873
0.00462395837530494,0.00472701247781515,-0.00513331079855561
0.00249342992901802,0.00153121876064688,0.00338880415074527
0.000362901017069817,-0.00166457425802946,0.000193011044757441
0.00568922283127904,0.00153121876064688,0.0172372423112392
-0.000702363380696625,-0.00379510293714702,-0.00193751766346395
0.00355869415216148,-0.000599309802055359,-0.00300278211943805
-0.000702363380696625,-0.0101866889744997,0.000193011044757441
0.00675448775291443,0.00685754045844078,0.00764986174181104
-0.00283289211802185,-0.000599309802055359,0.00551933376118541
-0.00283289211802185,-0.00379510293714702,0.00125827570445836
0.00355869415216148,0.00366174755617976,-0.00193751766346395
-0.00176762766204774,-0.00699089607223868,0.00232353969477117
0.000362901017069817,0.0153796579688787,0.00445406837388873
-0.00496342079713941,-0.0080561600625515,0.0129761835560203
0.00568922283127904,0.00153121876064688,-0.012590161524713
-0.00283289211802185,-0.00486036716029048,0.00232353969477117
-0.0102897426113486,-0.0155130112543702,0.00232353969477117
0.0120808100327849,0.0132491290569305,0.00551933376118541
-0.0156160648912191,-0.00379510293714702,-0.0189817473292351
-0.0102897426113486,-0.00592563161626458,-0.00726383971050382
0.00675448775291443,0.00685754045844078,0.0172372423112392
0.00355869415216148,0.00366174755617976,-0.012590161524713
-0.014550800435245,0.00898806843906641,0.0257593542337418
0.0174071304500103,-0.0155130112543702,-0.00406804634258151
-0.00922447815537453,-0.0080561600625515,-0.0243080724030733
0.0014281653566286,0.0132491290569305,0.00445406837388873
0.00462395837530494,-0.00166457425802946,-0.00832910370081663
-0.00389815680682659,-0.0112519534304738,0.0321509428322315
-0.0156160648912191,-0.0091214245185256,-0.00726383971050382
0.00249342992901802,0.0164449214935303,0.00978039018809795
0.0110155455768108,0.00792280491441488,-0.000872253382112831
-0.0156160648912191,-0.00166457425802946,0.00125827570445836
0.00249342992901802,0.00685754045844078,0.000193011044757441
0.0014281653566286,0.0025964833330363,-0.000872253382112831
-0.00176762766204774,-0.00486036716029048,0.00658459821715951
0.00462395837530494,-0.00166457425802946,-0.00726383971050382
-0.00389815680682659,0.0164449214935303,0.000193011044757441
0.00781975127756596,0.00579227693378925,-0.00619857525452971
0.00249342992901802,0.00153121876064688,0.00125827570445836
-0.000702363380696625,-0.00486036716029048,-0.00406804634258151
0.00995028018951416,-0.00379510293714702,0.0140414489433169
-0.008159214630723,0.00685754045844078,-0.0189817473292351
-0.00283289211802185,-0.000599309802055359,0.0236288253217936
0.00995028018951416,0.000465954886749387,-0.0157859530299902
0.0120808100327849,0.00472701247781515,0.00232353969477117
-0.008159214630723,-0.00272983848117292,-0.00406804634258151
-0.00389815680682659,-0.0080561600625515,-0.0147206904366612
-0.014550800435245,-0.00166457425802946,-0.00513331079855561
0.00995028018951416,-0.00166457425802946,0.0268246196210384
0.000362901017069817,0.00472701247781515,0.022563561797142
0.00888501573354006,0.00153121876064688,-0.0189817473292351
-0.014550800435245,0.00366174755617976,0.0204330328851938
0.0174071304500103,-0.000599309802055359,-0.0136554259806871
-0.00709394970908761,-0.0080561600625515,-0.00939436815679073
-0.00602868525311351,0.00366174755617976,0.00658459821715951
0.00888501573354006,0.00366174755617976,0.00551933376118541
0.00568922283127904,0.00153121876064688,-0.0232428070157766
0.00355869415216148,-0.000599309802055359,0.000193011044757441
0.00888501573354006,-0.0112519534304738,0.00338880415074527
-0.008159214630723,0.00366174755617976,0.0140414489433169
-0.0113550070673227,-0.00272983848117292,-0.0179164819419384
0.00781975127756596,-0.00699089607223868,0.00445406837388873
-0.0209423843771219,0.00685754045844078,-0.00193751766346395
0.00995028018951416,-0.00272983848117292,0.00551933376118541
-0.0102897426113486,0.0207059774547815,-0.00406804634258151
0.014211337082088,0.00366174755617976,-0.00300278211943805
0.00995028018951416,0.0132491290569305,0.00551933376118541
-0.000702363380696625,-0.0080561600625515,0.00125827570445836
0.00462395837530494,0.00472701247781515,0.00978039018809795
-0.00602868525311351,-0.0080561600625515,-0.00513331079855561
0.00249342992901802,-0.0123172178864479,-0.0157859530299902
0.00995028018951416,0.0111185973510146,0.0193677674978971
-0.0113550070673227,-0.0112519534304738,-0.034960713237524
0.00249342992901802,-0.00379510293714702,0.00871512573212385
-0.0113550070673227,0.0143143935129046,-0.012590161524713
0.00249342992901802,-0.0101866889744997,0.0172372423112392
-0.00389815680682659,0.00472701247781515,-0.00406804634258151
0.00249342992901802,-0.0144477467983961,0.0108456546440721
0.00781975127756596,-0.00486036716029048,-0.0115248970687389
-0.0124202715232968,0.0175101850181818,-0.0136554259806871
-0.00709394970908761,-0.013382482342422,0.00125827570445836
-0.000702363380696625,0.0111185973510146,0.00871512573212385
-0.0102897426113486,0.00472701247781515,-0.00513331079855561
0.0110155455768108,-0.0208393335342407,-0.00193751766346395
0.00568922283127904,0.0260323006659746,0.0129761835560203
0.014211337082088,-0.00166457425802946,-0.00406804634258151
-0.00176762766204774,-0.0091214245185256,0.00338880415074527
-0.0166813302785158,-0.00592563161626458,-0.0115248970687389
0.0174071304500103,0.00153121876064688,-0.00300278211943805
-0.0124202715232968,-0.000599309802055359,0.0129761835560203
0.000362901017069817,-0.00592563161626458,0.00338880415074527
-0.00602868525311351,0.0143143935129046,0.00125827570445836
0.00995028018951416,-0.013382482342422,-0.00193751766346395
-0.00709394970908761,0.00685754045844078,0.0119109191000462
-0.000702363380696625,-0.0229698624461889,-0.00726383971050382
-0.00176762766204774,-0.000599309802055359,-0.00300278211943805
-0.00176762766204774,0.0228365063667297,0.00232353969477117
0.014211337082088,-0.00592563161626458,0.00445406837388873
-0.00922447815537453,-0.00379510293714702,0.00658459821715951
0.00462395837530494,0.0025964833330363,0.00445406837388873
0.00568922283127904,0.00579227693378925,-0.00939436815679073
-0.000702363380696625,-0.00592563161626458,0.00232353969477117
-0.00283289211802185,0.00898806843906641,-0.012590161524713
0.0014281653566286,0.0143143935129046,0.00125827570445836
0.00675448775291443,-0.000599309802055359,-0.0147206904366612
0.0110155455768108,0.00579227693378925,-0.00619857525452971
0.000362901017069817,0.00579227693378925,0.0108456546440721
-0.00176762766204774,0.00579227693378925,0.015106713399291
0.00781975127756596,0.0100533328950405,-0.0104596326127648
0.0014281653566286,0.00153121876064688,-0.000872253382112831
-0.00389815680682659,0.0164449214935303,0.0140414489433169
0.00781975127756596,-0.0101866889744997,0.00232353969477117
-0.00176762766204774,0.0175101850181818,-0.00406804634258151
-0.00709394970908761,0.00366174755617976,0.00658459821715951
-0.00602868525311351,-0.00592563161626458,-0.00406804634258151
-0.00389815680682659,0.0111185973510146,0.00658459821715951
0.0014281653566286,0.0164449214935303,0.00125827570445836
-0.00496342079713941,-0.00272983848117292,-0.0104596326127648
0.00568922283127904,0.0025964833330363,0.0119109191000462
0.00462395837530494,-0.0101866889744997,-0.0157859530299902
0.0014281653566286,-0.00166457425802946,0.0172372423112392
-0.00283289211802185,0.000465954886749387,-0.00939436815679073
0.00888501573354006,0.00579227693378925,0.00125827570445836
0.000362901017069817,0.000465954886749387,-0.00619857525452971
0.000362901017069817,-0.000599309802055359,0.00764986174181104
-0.00496342079713941,0.0025964833330363,0.00445406837388873
0.00781975127756596,-0.013382482342422,0.00338880415074527
-0.00602868525311351,0.00472701247781515,-0.0221775434911251
0.0014281653566286,0.00472701247781515,-0.000872253382112831
-0.0156160648912191,-0.00272983848117292,-0.00300278211943805
0.00249342992901802,0.00153121876064688,-0.00406804634258151
0.00675448775291443,-0.00486036716029048,-0.00513331079855561
-0.00709394970908761,0.00153121876064688,0.00338880415074527
-0.0113550070673227,0.00579227693378925,0.0140414489433169
-0.00389815680682659,0.0164449214935303,-0.00406804634258151
0.014211337082088,-0.00592563161626458,0.015106713399291
-0.00176762766204774,0.00153121876064688,-0.00726383971050382
0.00781975127756596,-0.00272983848117292,0.00445406837388873
0.00355869415216148,0.00685754045844078,-0.0168512184172869
-0.00283289211802185,-0.013382482342422,0.00338880415074527
0.0163418650627136,0.0164449214935303,-0.00726383971050382
-0.00176762766204774,-0.00699089607223868,-0.00939436815679073
0.0131460726261139,-0.00486036716029048,-0.000872253382112831
-0.014550800435245,0.00792280491441488,0.00978039018809795
0.00462395837530494,-0.00166457425802946,0.0119109191000462
0.00568922283127904,0.0111185973510146,-0.00406804634258151
-0.014550800435245,0.00472701247781515,-0.0221775434911251
0.00462395837530494,0.00153121876064688,-0.000872253382112831
-0.0166813302785158,-0.00592563161626458,0.015106713399291
-0.00922447815537453,0.00579227693378925,-0.0211122762411833
0.0152766015380621,-0.00379510293714702,-0.00513331079855561
-0.00176762766204774,-0.0144477467983961,0.00658459821715951
-0.00389815680682659,-0.000599309802055359,-0.00300278211943805
-0.00709394970908761,0.0025964833330363,-0.00619857525452971
0.000362901017069817,0.0132491290569305,0.0119109191000462
-0.000702363380696625,-0.0155130112543702,-0.00300278211943805
-0.00496342079713941,0.0164449214935303,0.0161719787865877
0.0131460726261139,-0.019774068146944,-0.012590161524713
0.00675448775291443,0.00685754045844078,-0.0104596326127648
-0.00176762766204774,-0.0155130112543702,0.00125827570445836
-0.00496342079713941,-0.000599309802055359,0.0140414489433169
-0.000702363380696625,-0.00166457425802946,0.00125827570445836
0.00781975127756596,-0.00699089607223868,-0.00513331079855561
-0.0124202715232968,0.00153121876064688,-0.00832910370081663
0.0120808100327849,0.00366174755617976,0.00445406837388873
0.0152766015380621,-0.00592563161626458,-0.00193751766346395
-0.0113550070673227,-0.00379510293714702,0.00445406837388873
0.0152766015380621,-0.00166457425802946,-0.0147206904366612
0.00249342992901802,0.0111185973510146,-0.00193751766346395
-0.008159214630723,-0.000599309802055359,0.00125827570445836
-0.0113550070673227,0.0185754485428333,0.0119109191000462
0.000362901017069817,0.00153121876064688,-0.0147206904366612
-0.0134855359792709,-0.0101866889744997,0.00445406837388873
-0.00283289211802185,0.0111185973510146,0.00658459821715951
-0.00389815680682659,0.00366174755617976,-0.00513331079855561
0.00462395837530494,-0.00592563161626458,-0.00406804634258151
-0.014550800435245,-0.000599309802055359,0.0246940907090902
0.014211337082088,0.00366174755617976,-0.00619857525452971
-0.00496342079713941,-0.00486036716029048,0.0129761835560203
-0.00922447815537453,0.0175101850181818,-0.012590161524713
0.0184723939746618,-0.00699089607223868,0.000193011044757441
-0.00389815680682659,0.0143143935129046,0.00232353969477117
0.0195376612246037,0.00685754045844078,-0.00406804634258151
-0.000702363380696625,-0.00379510293714702,-0.0115248970687389
0.000362901017069817,0.0121838618069887,0.0119109191000462
-0.008159214630723,-0.0144477467983961,0.00125827570445836
0.00355869415216148,-0.0261656548827887,0.00125827570445836
0.00995028018951416,-0.00166457425802946,-0.0147206904366612
-0.00709394970908761,-0.00166457425802946,0.000193011044757441
-0.00389815680682659,0.00685754045844078,0.00125827570445836
-0.00176762766204774,0.00153121876064688,0.000193011044757441
-0.00922447815537453,-0.0123172178864479,0.0321509428322315
-0.000702363380696625,0.00792280491441488,-0.00300278211943805
0.00781975127756596,0.00366174755617976,0.00764986174181104
-0.008159214630723,0.00792280491441488,0.000193011044757441
0.0120808100327849,0.00472701247781515,-0.00406804634258151
-0.00389815680682659,0.00366174755617976,-0.00193751766346395
0.00888501573354006,-0.0261656548827887,-0.00939436815679073
-0.00602868525311351,-0.00272983848117292,0.000193011044757441
-0.00709394970908761,-0.00486036716029048,0.0119109191000462
0.00675448775291443,0.0025964833330363,0.00764986174181104
0.00462395837530494,0.000465954886749387,-0.0275038629770279
-0.0134855359792709,-0.000599309802055359,0.0172372423112392
-0.00496342079713941,-0.00699089607223868,-0.0157859530299902
0.014211337082088,0.0025964833330363,0.000193011044757441
0.00462395837530494,-0.0101866889744997,-0.00300278211943805
0.0120808100327849,-0.00592563161626458,0.00338880415074527
-0.00496342079713941,0.0025964833330363,0.0214982964098454
-0.00389815680682659,-0.0251003913581371,-0.00726383971050382
-0.00389815680682659,0.00792280491441488,-0.00193751766346395
0.0120808100327849,0.0164449214935303,0.00125827570445836
-0.0156160648912191,0.00153121876064688,0.000193011044757441
0.0216681901365519,0.00366174755617976,-0.0147206904366612
-0.0241381786763668,0.00685754045844078,0.0172372423112392
0.0163418650627136,-0.0091214245185256,-0.00726383971050382
-0.0113550070673227,-0.0091214245185256,-0.0264385975897312
0.000362901017069817,0.0207059774547815,0.0161719787865877
-0.0134855359792709,-0.0314919762313366,0.00338880415074527
0.00888501573354006,-0.00486036716029048,-0.0232428070157766
-0.0134855359792709,0.0185754485428333,0.00125827570445836
0.00462395837530494,0.00685754045844078,-0.00300278211943805
-0.000702363380696625,-0.0080561600625515,-0.00513331079855561
0.00568922283127904,-0.0144477467983961,0.000193011044757441
-0.00389815680682659,-0.000599309802055359,-0.00939436815679073
0.00568922283127904,-0.00699089607223868,0.00658459821715951
0.000362901017069817,0.00366174755617976,0.00871512573212385
-0.00389815680682659,-0.0112519534304738,0.00658459821715951
0.0174071304500103,-0.00379510293714702,-0.0104596326127648
-0.008159214630723,0.0239017717540264,-0.00300278211943805
0.00675448775291443,-0.00379510293714702,0.00338880415074527
0.000362901017069817,-0.0112519534304738,-0.0179164819419384
-0.014550800435245,0.00153121876064688,0.000193011044757441
-0.008159214630723,0.00153121876064688,-0.0136554259806871
0.00781975127756596,0.0025964833330363,-0.0264385975897312
-0.00283289211802185,0.0111185973510146,0.039607796818018
0.000362901017069817,0.0111185973510146,-0.000872253382112831
0.00249342992901802,-0.0123172178864479,-0.00619857525452971
0.00995028018951416,-0.00166457425802946,0.000193011044757441
0.0014281653566286,0.00898806843906641,-0.000872253382112831
0.00675448775291443,-0.0123172178864479,-0.00193751766346395
0.0014281653566286,-0.0112519534304738,0.00445406837388873
0.00462395837530494,-0.00699089607223868,-0.012590161524713
-0.0209423843771219,0.0111185973510146,0.00445406837388873
0.0120808100327849,-0.0112519534304738,0.00658459821715951
-0.00496342079713941,0.00366174755617976,-0.00300278211943805
0.00249342992901802,0.0175101850181818,0.00551933376118541
0.00995028018951416,-0.00592563161626458,0.00125827570445836
-0.00283289211802185,-0.000599309802055359,0.015106713399291
-0.0177465938031673,0.0132491290569305,-0.00193751766346395
0.00462395837530494,0.0025964833330363,-0.00832910370081663
0.0014281653566286,-0.0112519534304738,0.00764986174181104
0.00781975127756596,-0.00699089607223868,-0.0104596326127648
-0.0156160648912191,0.0132491290569305,0.00445406837388873
0.014211337082088,0.00792280491441488,-0.0115248970687389
0.00355869415216148,0.00472701247781515,-0.0104596326127648
-0.00602868525311351,-0.00166457425802946,0.0108456546440721
0.00355869415216148,-0.00699089607223868,-0.00193751766346395
0.00888501573354006,0.000465954886749387,0.000193011044757441
0.0163418650627136,-0.013382482342422,-0.00300278211943805
-0.0113550070673227,-0.00699089607223868,0.0129761835560203
0.0014281653566286,-0.0101866889744997,0.00232353969477117
0.0014281653566286,0.00366174755617976,-0.00406804634258151
-0.00283289211802185,0.000465954886749387,0.00551933376118541
0.0120808100327849,0.0143143935129046,0.00125827570445836
-0.00602868525311351,-0.0080561600625515,-0.00300278211943805
0.00995028018951416,-0.00699089607223868,-0.012590161524713
-0.0102897426113486,0.00366174755617976,0.00978039018809795
0.0110155455768108,0.0100533328950405,0.0119109191000462
0.00781975127756596,0.00153121876064688,-0.0168512184172869
-0.00389815680682659,-0.000599309802055359,0.00125827570445836
0.00781975127756596,0.00685754045844078,-0.00193751766346395
-0.00496342079713941,0.00898806843906641,0.00445406837388873
0.0227334555238485,0.000465954886749387,-0.0179164819419384
-0.0156160648912191,0.000465954886749387,-0.000872253382112831
0.0120808100327849,0.0164449214935303,0.0183025039732456
-0.008159214630723,-0.0080561600625515,-0.0179164819419384
-0.008159214630723,0.0143143935129046,0.00764986174181104
0.00888501573354006,-0.0155130112543702,0.0108456546440721
0.00888501573354006,0.0143143935129046,0.00445406837388873
-0.00283289211802185,-0.0080561600625515,-0.00726383971050382
0.00249342992901802,0.0185754485428333,0.00658459821715951
-0.00176762766204774,-0.00699089607223868,0.0129761835560203
-0.008159214630723,0.0175101850181818,0.00871512573212385
0.0163418650627136,0.000465954886749387,-0.00726383971050382
0.00462395837530494,-0.00699089607223868,-0.0147206904366612
-0.000702363380696625,0.00898806843906641,0.00764986174181104
0.00249342992901802,-0.000599309802055359,0.00764986174181104
-0.00602868525311351,-0.00699089607223868,-0.0275038629770279
0.00462395837530494,0.0111185973510146,0.015106713399291
-0.00709394970908761,-0.0187088046222925,-0.00726383971050382
-0.00922447815537453,0.00792280491441488,0.0257593542337418
-0.0134855359792709,0.00792280491441488,-0.00513331079855561
0.0110155455768108,-0.00166457425802946,-0.0232428070157766
-0.008159214630723,0.0249670352786779,0.00658459821715951
-0.00176762766204774,0.0100533328950405,-0.0104596326127648
-0.00176762766204774,0.00792280491441488,0.00445406837388873
-0.00389815680682659,-0.00272983848117292,0.0129761835560203
0.00675448775291443,-0.0165782757103443,0.00125827570445836
0.00675448775291443,0.00366174755617976,-0.0136554259806871
-0.0113550070673227,-0.013382482342422,0.0193677674978971
0.00249342992901802,0.01964071393013,-0.0104596326127648
-0.00709394970908761,-0.0187088046222925,0.00551933376118541
0.00355869415216148,-0.00272983848117292,-0.012590161524713
-0.00389815680682659,0.00366174755617976,-0.000872253382112831
0.00355869415216148,-0.00166457425802946,-0.00619857525452971
-0.00176762766204774,-0.00166457425802946,0.0108456546440721
-0.008159214630723,-0.00592563161626458,-0.0147206904366612
0.0120808100327849,-0.00379510293714702,-0.0104596326127648
-0.0177465938031673,0.00472701247781515,0.022563561797142
0.014211337082088,-0.00272983848117292,-0.0115248970687389
-0.0102897426113486,-0.00379510293714702,0.00764986174181104
-0.00602868525311351,0.00472701247781515,0.0183025039732456
0.000362901017069817,0.000465954886749387,0.00338880415074527
0.00888501573354006,-0.0187088046222925,0.00978039018809795
0.00995028018951416,0.0207059774547815,-0.00193751766346395
-0.008159214630723,0.0025964833330363,0.0129761835560203
0.00568922283127904,-0.0101866889744997,-0.00832910370081663
0.00355869415216148,-0.00699089607223868,-0.00300278211943805
-0.00389815680682659,0.00685754045844078,-0.00619857525452971
0.00355869415216148,-0.00379510293714702,0.00232353969477117
-0.0102897426113486,0.00153121876064688,0.0129761835560203
0.00355869415216148,0.00898806843906641,-0.0104596326127648
0.00355869415216148,-0.0155130112543702,0.00551933376118541
-0.014550800435245,0.00366174755617976,-0.00619857525452971
0.000362901017069817,0.00472701247781515,0.00871512573212385
-0.00389815680682659,-0.0091214245185256,0.00871512573212385
0.0014281653566286,-0.00592563161626458,0.0289551485329866
-0.00922447815537453,-0.0112519534304738,-0.00300278211943805
-0.00176762766204774,-0.019774068146944,0.0140414489433169
0.0014281653566286,-0.0101866889744997,0.00978039018809795
-0.0166813302785158,0.00579227693378925,0.0129761835560203
0.00568922283127904,-0.00486036716029048,-0.00513331079855561
0.000362901017069817,0.0143143935129046,0.00445406837388873
-0.000702363380696625,-0.0208393335342407,-0.0179164819419384
0.00462395837530494,0.0153796579688787,-0.00513331079855561
-0.00389815680682659,-0.0144477467983961,0.00978039018809795
-0.00496342079713941,-0.0123172178864479,-0.0115248970687389
0.00249342992901802,0.0025964833330363,0.00978039018809795
-0.00496342079713941,0.0100533328950405,0.00978039018809795
-0.00176762766204774,0.0111185973510146,0.0172372423112392
0.00462395837530494,0.00472701247781515,-0.00619857525452971
-0.00709394970908761,0.000465954886749387,-0.0104596326127648
-0.000702363380696625,0.00472701247781515,0.0140414489433169
0.0110155455768108,0.00153121876064688,0.000193011044757441
-0.00602868525311351,-0.0219045970588922,-0.00513331079855561
-0.00389815680682659,0.00579227693378925,0.0108456546440721
0.014211337082088,0.0153796579688787,0.000193011044757441
0.00781975127756596,-0.000599309802055359,0.000193011044757441
-0.00496342079713941,-0.0165782757103443,-0.00513331079855561
-0.014550800435245,0.0111185973510146,0.00871512573212385
0.00355869415216148,-0.0144477467983961,-0.00619857525452971
0.00249342992901802,0.00579227693378925,-0.000872253382112831
-0.0124202715232968,-0.00486036716029048,-0.0200470108538866
-0.00389815680682659,0.0132491290569305,0.0129761835560203
-0.00922447815537453,0.0143143935129046,0.00445406837388873
0.00462395837530494,-0.00486036716029048,-0.00193751766346395
0.00675448775291443,-0.0187088046222925,-0.0221775434911251
-0.00922447815537453,0.00472701247781515,0.0119109191000462
0.00568922283127904,0.00472701247781515,0.00445406837388873
-0.0124202715232968,-0.0101866889744997,0.00445406837388873
0.00781975127756596,0.0111185973510146,0.00338880415074527
0.00462395837530494,-0.0101866889744997,-0.0136554259806871
-0.000702363380696625,0.00792280491441488,-0.0285691265016794
0.0174071304500103,0.00792280491441488,0.0246940907090902
0.000362901017069817,-0.0155130112543702,0.0129761835560203
0.00249342992901802,0.0153796579688787,0.00871512573212385
-0.00496342079713941,-0.00486036716029048,-0.0168512184172869
-0.00496342079713941,0.0217712428420782,0.0119109191000462
0.00995028018951416,-0.00166457425802946,0.00445406837388873
-0.0209423843771219,-0.00166457425802946,0.00658459821715951
0.00249342992901802,0.00153121876064688,0.0236288253217936
-0.00496342079713941,0.0207059774547815,-0.00193751766346395
-0.000702363380696625,-0.0091214245185256,0.00232353969477117
0.0014281653566286,-0.00699089607223868,-0.0157859530299902
0.00781975127756596,0.00792280491441488,0.00978039018809795
-0.00283289211802185,-0.0208393335342407,-0.00726383971050382
0.00675448775291443,0.00153121876064688,0.0129761835560203
0.0014281653566286,-0.00486036716029048,-0.0168512184172869
0.0014281653566286,0.0025964833330363,0.0129761835560203
-0.00602868525311351,-0.00166457425802946,-0.00193751766346395
-0.00709394970908761,-0.0080561600625515,0.00764986174181104
0.0174071304500103,-0.00379510293714702,0.00232353969477117
-0.0177465938031673,0.00153121876064688,-0.0115248970687389
-0.00496342079713941,-0.013382482342422,0.0161719787865877
0.0131460726261139,-0.00486036716029048,-0.00832910370081663
-0.00709394970908761,0.0025964833330363,0.00338880415074527
-0.0134855359792709,-0.00592563161626458,-0.00619857525452971
-0.00922447815537453,0.00685754045844078,-0.00300278211943805
0.0184723939746618,-0.0101866889744997,-0.000872253382112831
0.0014281653566286,0.00153121876064688,-0.00406804634258151
-0.00922447815537453,0.0175101850181818,-0.0136554259806871
0.000362901017069817,-0.00486036716029048,-0.00513331079855561
0.00568922283127904,0.0025964833330363,0.00658459821715951
0.00675448775291443,-0.0101866889744997,-0.012590161524713
0.00249342992901802,0.0100533328950405,-0.0136554259806871
-0.0124202715232968,-0.00379510293714702,0.015106713399291
-0.00283289211802185,-0.0080561600625515,-0.00939436815679073
0.0110155455768108,0.00579227693378925,0.0108456546440721
-0.00176762766204774,-0.0187088046222925,-0.0147206904366612
-0.00709394970908761,0.0143143935129046,0.0119109191000462
-0.000702363380696625,0.000465954886749387,0.00125827570445836
0.00888501573354006,-0.00272983848117292,0.00871512573212385
0.0014281653566286,-0.000599309802055359,-0.00406804634258151
-0.00496342079713941,-0.00699089607223868,-0.00406804634258151
0.00355869415216148,-0.00699089607223868,0.00232353969477117
0.0120808100327849,-0.00486036716029048,-0.0104596326127648
0.0131460726261139,0.00685754045844078,-0.0211122762411833
-0.0113550070673227,0.0100533328950405,0.022563561797142
-0.00283289211802185,-0.00166457425802946,0.00551933376118541
0.0152766015380621,-0.00379510293714702,-0.0115248970687389
-0.0209423843771219,0.0121838618069887,0.00658459821715951
0.00995028018951416,0.000465954886749387,0.00871512573212385
0.00995028018951416,-0.000599309802055359,0.00232353969477117
0.00249342992901802,-0.0144477467983961,0.000193011044757441
0.0131460726261139,0.0111185973510146,0.00551933376118541
-0.00602868525311351,-0.00166457425802946,-0.00619857525452971
-0.00283289211802185,0.0111185973510146,-0.00300278211943805
0.00781975127756596,0.0025964833330363,0.00658459821715951
0.00462395837530494,-0.0123172178864479,-0.0189817473292351
-0.0102897426113486,0.0249670352786779,0.00764986174181104
-0.00176762766204774,0.00898806843906641,0.00978039018809795
0.0014281653566286,0.0025964833330363,0.0257593542337418
-0.00709394970908761,-0.00486036716029048,-0.0157859530299902
-0.00389815680682659,0.00898806843906641,0.000193011044757441
0.00888501573354006,-0.00379510293714702,-0.00939436815679073
-0.014550800435245,0.0100533328950405,-0.00406804634258151
-0.00602868525311351,0.000465954886749387,0.00125827570445836
0.00568922283127904,-0.00272983848117292,-0.0253733359277248
-0.00283289211802185,0.0121838618069887,0.00978039018809795
0.00249342992901802,-0.00486036716029048,-0.00939436815679073
0.000362901017069817,0.01964071393013,0.00551933376118541
0.0131460726261139,0.00472701247781515,-0.0136554259806871
-0.00389815680682659,-0.00699089607223868,0.015106713399291
-0.00709394970908761,0.0185754485428333,0.00871512573212385
-0.00283289211802185,-0.0123172178864479,-0.00939436815679073
0.00355869415216148,0.01964071393013,0.0161719787865877
-0.00283289211802185,0.00153121876064688,-0.0147206904366612
-0.00922447815537453,0.00792280491441488,0.02788988314569
0.0248639807105064,-0.0080561600625515,-0.00300278211943805
-0.0209423843771219,0.0143143935129046,0.00232353969477117
0.00249342992901802,-0.00486036716029048,0.00551933376118541
0.0152766015380621,-0.0208393335342407,-0.00406804634258151
0.0014281653566286,0.0111185973510146,0.0172372423112392
-0.00922447815537453,-0.00379510293714702,0.00871512573212385
0.00249342992901802,-0.0155130112543702,0.00764986174181104
-0.0134855359792709,0.0270975641906261,0.00338880415074527
-0.000702363380696625,-0.0091214245185256,0.00551933376118541
0.000362901017069817,0.00472701247781515,-0.000872253382112831
-0.00176762766204774,0.00366174755617976,0.00125827570445836
0.0152766015380621,-0.00592563161626458,0.00232353969477117
-0.014550800435245,0.00472701247781515,-0.00832910370081663
0.00995028018951416,-0.0155130112543702,-0.00406804634258151
-0.00389815680682659,0.0111185973510146,0.0236288253217936
-0.0102897426113486,-0.00272983848117292,-0.0147206904366612
-0.008159214630723,0.00153121876064688,-0.0115248970687389
0.0014281653566286,-0.000599309802055359,-0.00300278211943805
-0.0113550070673227,-0.0080561600625515,-0.0115248970687389
0.00462395837530494,0.00366174755617976,0.00445406837388873
-0.014550800435245,0.0100533328950405,-0.00939436815679073
0.00675448775291443,0.00153121876064688,0.00658459821715951
0.0131460726261139,-0.00486036716029048,0.000193011044757441
-0.0134855359792709,0.0164449214935303,0.00338880415074527
-0.00496342079713941,-0.0165782757103443,0.00125827570445836
0.00888501573354006,0.00579227693378925,0.00445406837388873
-0.00176762766204774,-0.0101866889744997,-0.0211122762411833
-0.014550800435245,-0.00592563161626458,0.0193677674978971
-0.008159214630723,0.0111185973510146,-0.0179164819419384
0.014211337082088,0.00153121876064688,0.0129761835560203
-0.000702363380696625,0.0111185973510146,0.0204330328851938
0.00462395837530494,0.0153796579688787,-0.012590161524713
0.0014281653566286,-0.00592563161626458,0.00551933376118541
-0.00283289211802185,0.00579227693378925,-0.00513331079855561
0.00568922283127904,-0.00379510293714702,-0.0147206904366612
0.014211337082088,-0.0101866889744997,-0.000872253382112831
-0.0177465938031673,-0.0123172178864479,0.0119109191000462
-0.008159214630723,0.00366174755617976,-0.000872253382112831
0.000362901017069817,0.0164449214935303,-0.00726383971050382
0.00888501573354006,-0.0101866889744997,-0.00726383971050382
0.000362901017069817,0.00366174755617976,-0.00193751766346395
0.00568922283127904,-0.00379510293714702,0.00338880415074527
-0.0134855359792709,-0.00379510293714702,-0.00726383971050382
0.00462395837530494,0.00366174755617976,0.00125827570445836
0.00675448775291443,0.0100533328950405,0.0119109191000462
-0.00602868525311351,0.00472701247781515,-0.0136554259806871
0.0131460726261139,-0.00592563161626458,-0.00726383971050382
-0.0124202715232968,-0.00379510293714702,0.00551933376118541
0.00462395837530494,-0.019774068146944,-0.000872253382112831
-0.00389815680682659,0.00792280491441488,-0.000872253382112831
-0.000702363380696625,0.0025964833330363,-0.00619857525452971
-0.00496342079713941,0.00579227693378925,0.00445406837388873
0.00249342992901802,0.00898806843906641,-0.00726383971050382
-0.00602868525311351,-0.00379510293714702,0.00232353969477117
0.00995028018951416,-0.0144477467983961,-0.00939436815679073
0.000362901017069817,-0.00272983848117292,0.00978039018809795
-0.0177465938031673,-0.0091214245185256,0.015106713399291
-0.00709394970908761,-0.00699089607223868,-0.0147206904366612
-0.00496342079713941,0.0025964833330363,0.000193011044757441
0.00675448775291443,0.00472701247781515,0.00338880415074527
-0.0102897426113486,0.0100533328950405,-0.00726383971050382
-0.000702363380696625,-0.019774068146944,0.00445406837388873
0.00995028018951416,-0.000599309802055359,-0.00300278211943805
0.00462395837530494,0.00579227693378925,-0.000872253382112831
0.00462395837530494,0.0025964833330363,0.00978039018809795
0.0120808100327849,0.00579227693378925,0.00445406837388873
-0.0177465938031673,-0.000599309802055359,-0.00513331079855561
0.0152766015380621,-0.00272983848117292,0.0161719787865877
-0.0124202715232968,0.0164449214935303,-0.012590161524713
0.00781975127756596,-0.0165782757103443,0.00232353969477117
-0.0166813302785158,0.00685754045844078,-0.00193751766346395
0.0163418650627136,0.0025964833330363,0.0129761835560203
-0.0134855359792709,-0.00699089607223868,-0.00939436815679073
0.00249342992901802,0.0153796579688787,0.022563561797142
0.000362901017069817,-0.00166457425802946,-0.0179164819419384
0.00888501573354006,0.000465954886749387,0.00764986174181104
-0.00176762766204774,0.0153796579688787,0.0161719787865877
0.00995028018951416,-0.013382482342422,-0.00193751766346395
0.00675448775291443,0.0111185973510146,0.00232353969477117
-0.0102897426113486,-0.0112519534304738,0.00232353969477117
-0.000702363380696625,0.00472701247781515,-0.00513331079855561
-0.0124202715232968,0.000465954886749387,0.00125827570445836
0.0174071304500103,0.0025964833330363,0.00445406837388873
-0.00602868525311351,-0.00592563161626458,0.00338880415074527
-0.00389815680682659,0.0111185973510146,-0.00513331079855561
-0.00176762766204774,-0.013382482342422,0.015106713399291
-0.0113550070673227,0.0185754485428333,0.00125827570445836
0.000362901017069817,-0.0144477467983961,-0.00300278211943805
0.014211337082088,-0.000599309802055359,-0.0211122762411833
-0.008159214630723,0.0143143935129046,0.0108456546440721
-0.014550800435245,0.00579227693378925,-0.00513331079855561
-0.008159214630723,0.0025964833330363,0.015106713399291
0.00462395837530494,0.00153121876064688,-0.00939436815679073
-0.008159214630723,0.00898806843906641,0.0214982964098454
-0.00389815680682659,-0.0240351259708405,-0.00406804634258151
0.00888501573354006,-0.00486036716029048,-0.0157859530299902
-0.00709394970908761,-0.0080561600625515,0.0108456546440721
0.00781975127756596,-0.00166457425802946,-0.00939436815679073
0.00249342992901802,-0.00379510293714702,-0.00193751766346395
0.014211337082088,-0.0091214245185256,0.00658459821715951
-0.0156160648912191,0.0185754485428333,0.0204330328851938
-0.00176762766204774,0.000465954886749387,-0.00193751766346395
-0.0134855359792709,0.0281628295779228,0.0129761835560203
0.00995028018951416,-0.0389488264918327,-0.0189817473292351
0.0163418650627136,0.0228365063667297,0.00445406837388873
-0.0113550070673227,0.00366174755617976,-0.00726383971050382
-0.00602868525311351,0.0164449214935303,0.015106713399291
-0.00176762766204774,-0.0080561600625515,-0.0147206904366612
0.00781975127756596,-0.00592563161626458,-0.00939436815679073
-0.008159214630723,-0.00486036716029048,0.0108456546440721
0.0120808100327849,-0.00166457425802946,-0.00193751766346395
0.0120808100327849,-0.019774068146944,-0.0147206904366612
0.00355869415216148,0.0121838618069887,0.0172372423112392
0.00888501573354006,-0.0144477467983961,-0.0104596326127648
-0.00602868525311351,0.0121838618069887,-0.0168512184172869
-0.00496342079713941,-0.0080561600625515,0.00978039018809795
0.0152766015380621,-0.00379510293714702,-0.0179164819419384
0.0014281653566286,0.0111185973510146,0.00338880415074527
0.00462395837530494,-0.00592563161626458,-0.00406804634258151
-0.00176762766204774,0.00153121876064688,-0.00619857525452971
-0.00389815680682659,0.00685754045844078,0.0119109191000462
0.0131460726261139,-0.000599309802055359,-0.0104596326127648
0.00355869415216148,0.00153121876064688,-0.0157859530299902
-0.000702363380696625,0.0025964833330363,0.0183025039732456
0.00355869415216148,0.00153121876064688,0.00978039018809795
-0.00389815680682659,0.0025964833330363,0.00551933376118541
0.00568922283127904,0.0100533328950405,-0.00939436815679073
0.00355869415216148,0.0025964833330363,0.00764986174181104
-0.0124202715232968,-0.0101866889744997,-0.0189817473292351
0.00568922283127904,-0.0144477467983961,0.00978039018809795
-0.000702363380696625,-0.000599309802055359,0.00658459821715951
0.00675448775291443,0.0025964833330363,0.015106713399291
-0.0102897426113486,0.00792280491441488,-0.0189817473292351
-0.00496342079713941,-0.00272983848117292,0.0236288253217936
-0.00496342079713941,-0.000599309802055359,-0.0147206904366612
0.00249342992901802,0.0025964833330363,0.00658459821715951
-0.0124202715232968,0.00898806843906641,0.00232353969477117
0.00462395837530494,-0.00699089607223868,0.00125827570445836
-0.00176762766204774,-0.00272983848117292,-0.00300278211943805
0.00249342992901802,-0.00592563161626458,-0.0179164819419384
0.00888501573354006,-0.000599309802055359,-0.00832910370081663
-0.0177465938031673,0.000465954886749387,-0.00726383971050382
0.0131460726261139,0.00792280491441488,-0.00193751766346395
0.00249342992901802,0.0100533328950405,0.00551933376118541
0.0014281653566286,-0.0080561600625515,-0.0189817473292351
-0.00176762766204774,0.00366174755617976,0.00658459821715951
-0.00602868525311351,-0.00592563161626458,0.0119109191000462
-0.00496342079713941,-0.0229698624461889,0.00445406837388873
0.0110155455768108,0.00366174755617976,0.00445406837388873
-0.0102897426113486,0.000465954886749387,0.00978039018809795
-0.000702363380696625,-0.0155130112543702,0.000193011044757441
0.00568922283127904,-0.00272983848117292,0.00338880415074527
0.00568922283127904,0.0143143935129046,-0.00513331079855561
0.000362901017069817,0.00366174755617976,-0.0221775434911251
-0.00389815680682659,-0.00379510293714702,0.00978039018809795
0.0131460726261139,0.0111185973510146,0.00125827570445836
-0.0102897426113486,0.0153796579688787,0.0119109191000462
-0.000702363380696625,-0.0144477467983961,-0.00619857525452971
0.00888501573354006,-0.0144477467983961,0.00551933376118541
-0.008159214630723,-0.00272983848117292,-0.00619857525452971
0.00462395837530494,0.0164449214935303,0.00232353969477117
0.00355869415216148,-0.00592563161626458,-0.00513331079855561
-0.0134855359792709,0.000465954886749387,-0.00513331079855561
0.0174071304500103,-0.00486036716029048,0.00871512573212385
-0.00389815680682659,-0.00272983848117292,-0.000872253382112831
-0.0156160648912191,-0.00272983848117292,0.00658459821715951
0.0131460726261139,0.0025964833330363,-0.00619857525452971
-0.00496342079713941,-0.00486036716029048,-0.00619857525452971
0.00568922283127904,0.0153796579688787,-0.0104596326127648
0.00888501573354006,0.0143143935129046,0.00871512573212385
-0.00602868525311351,0.00792280491441488,-0.0211122762411833
-0.00922447815537453,-0.013382482342422,0.00764986174181104
0.000362901017069817,0.00792280491441488,-0.000872253382112831
0.00888501573354006,-0.0080561600625515,-0.00406804634258151
-0.0113550070673227,0.000465954886749387,0.00125827570445836
-0.000702363380696625,0.01964071393013,0.0193677674978971
-0.00176762766204774,0.0100533328950405,0.00338880415074527
-0.00283289211802185,0.000465954886749387,-0.00300278211943805
0.00995028018951416,-0.00699089607223868,0.00871512573212385
-0.00283289211802185,-0.0080561600625515,-0.0179164819419384
0.00249342992901802,0.00898806843906641,0.00871512573212385
0.0163418650627136,0.0143143935129046,-0.00406804634258151
-0.0134855359792709,0.00898806843906641,-0.00300278211943805
0.0120808100327849,-0.000599309802055359,-0.00300278211943805
-0.00602868525311351,-0.0091214245185256,-0.0243080724030733
-0.00283289211802185,0.0121838618069887,0.00658459821715951
0.0110155455768108,0.0025964833330363,0.00232353969477117
-0.008159214630723,-0.0187088046222925,0.000193011044757441
0.014211337082088,0.00472701247781515,0.00551933376118541
-0.000702363380696625,0.00472701247781515,0.00125827570445836
-0.00176762766204774,-0.00166457425802946,0.00871512573212385
0.00249342992901802,0.00472701247781515,-0.00193751766346395
0.0014281653566286,0.00792280491441488,0.00232353969477117
0.00781975127756596,-0.0080561600625515,-0.0147206904366612
-0.00283289211802185,0.00472701247781515,0.00551933376118541
-0.00176762766204774,-0.00592563161626458,0.00871512573212385
-0.00602868525311351,0.00153121876064688,0.00658459821715951
0.0014281653566286,-0.0091214245185256,-0.00513331079855561
0.0152766015380621,0.00579227693378925,-0.0147206904366612
-0.0166813302785158,0.00792280491441488,0.0193677674978971
0.00781975127756596,0.0025964833330363,0.00232353969477117
-0.000702363380696625,-0.0101866889744997,-0.00193751766346395
-0.00922447815537453,0.0121838618069887,-0.012590161524713
0.0014281653566286,0.0025964833330363,0.000193011044757441
-0.00496342079713941,0.0185754485428333,0.00445406837388873
-0.00176762766204774,-0.000599309802055359,-0.0147206904366612
0.0184723939746618,-0.00592563161626458,0.00125827570445836
-0.0134855359792709,0.00792280491441488,-0.000872253382112831
-0.00496342079713941,0.00472701247781515,-0.00193751766346395
0.00355869415216148,-0.00699089607223868,0.000193011044757441
0.00462395837530494,0.0153796579688787,0.00978039018809795
0.00888501573354006,-0.00699089607223868,0.00978039018809795
-0.0102897426113486,0.00898806843906641,0.00445406837388873
0.00675448775291443,-0.00699089607223868,0.0140414489433169
-0.00389815680682659,0.00472701247781515,-0.0136554259806871
0.0152766015380621,-0.0091214245185256,0.0129761835560203
-0.0102897426113486,0.00153121876064688,-0.00726383971050382
-0.00709394970908761,-0.00272983848117292,0.00658459821715951
0.000362901017069817,-0.0123172178864479,0.00338880415074527
-0.00709394970908761,0.00579227693378925,0.00978039018809795
0.0110155455768108,0.00366174755617976,0.00338880415074527
-0.00602868525311351,0.0111185973510146,0.00125827570445836
-0.00602868525311351,-0.0123172178864479,-0.0136554259806871
0.0206029266119003,0.00792280491441488,0.00978039018809795
-0.00922447815537453,-0.000599309802055359,-0.00513331079855561
-0.00389815680682659,-0.00166457425802946,0.0108456546440721
0.00249342992901802,0.01964071393013,0.0119109191000462
0.0174071304500103,-0.00699089607223868,0.00658459821715951
0.00568922283127904,0.0164449214935303,-0.00193751766346395
0.0120808100327849,-0.0123172178864479,-0.00726383971050382
-0.00496342079713941,-0.0155130112543702,0.00551933376118541
-0.00176762766204774,0.0121838618069887,-0.00832910370081663
-0.00496342079713941,-0.00379510293714702,0.0129761835560203
0.00781975127756596,-0.000599309802055359,0.00338880415074527
-0.00496342079713941,-0.00379510293714702,0.00125827570445836
-0.0156160648912191,0.00792280491441488,0.00232353969477117
-0.000702363380696625,0.00472701247781515,-0.000872253382112831
0.00568922283127904,-0.0101866889744997,-0.000872253382112831
0.0131460726261139,-0.0091214245185256,0.00338880415074527
-0.0220076497644186,0.0121838618069887,0.00445406837388873
0.00995028018951416,-0.00166457425802946,0.0129761835560203
0.00355869415216148,-0.00272983848117292,-0.0147206904366612
0.00249342992901802,-0.000599309802055359,0.00658459821715951
0.000362901017069817,-0.00592563161626458,-0.00832910370081663
-0.000702363380696625,0.00366174755617976,0.0289551485329866
-0.000702363380696625,0.0100533328950405,-0.00513331079855561
0.00675448775291443,-0.00379510293714702,0.0119109191000462
0.000362901017069817,0.00898806843906641,-0.00619857525452971
0.00568922283127904,-0.000599309802055359,-0.000872253382112831
-0.00709394970908761,-0.0080561600625515,0.00232353969477117
0.00568922283127904,0.01964071393013,0.0129761835560203
-0.00283289211802185,-0.00379510293714702,-0.0243080724030733
0.0014281653566286,-0.00699089607223868,-0.00513331079855561
0.000362901017069817,0.00366174755617976,0.00764986174181104
0.00568922283127904,-0.0144477467983961,0.00445406837388873
-0.0102897426113486,0.0143143935129046,-0.00939436815679073
0.00355869415216148,-0.0123172178864479,-0.00300278211943805
0.000362901017069817,0.000465954886749387,0.00658459821715951
-0.00709394970908761,-0.00379510293714702,-0.0104596326127648
0.00781975127756596,0.00472701247781515,0.0183025039732456
0.00568922283127904,0.000465954886749387,0.00125827570445836
-0.00283289211802185,-0.0219045970588922,-0.0168512184172869
0.00355869415216148,-0.00592563161626458,-0.0147206904366612
-0.00922447815537453,0.00898806843906641,0.00125827570445836
-0.008159214630723,-0.00272983848117292,0.00764986174181104
-0.000702363380696625,-0.00486036716029048,0.0140414489433169
0.00888501573354006,-0.00272983848117292,-0.0264385975897312
-0.0124202715232968,0.0207059774547815,-0.00726383971050382
0.00568922283127904,-0.0101866889744997,0.00125827570445836
0.00888501573354006,-0.0080561600625515,-0.0147206904366612
-0.0113550070673227,0.0111185973510146,0.0108456546440721
-0.000702363380696625,0.00153121876064688,0.015106713399291
-0.0124202715232968,-0.000599309802055359,0.0108456546440721
0.014211337082088,-0.00699089607223868,0.00338880415074527
-0.0166813302785158,0.0185754485428333,0.00232353969477117
-0.00176762766204774,-0.0155130112543702,0.00125827570445836
0.0131460726261139,0.00153121876064688,-0.00832910370081663
0.00995028018951416,0.00472701247781515,0.00338880415074527
-0.000702363380696625,-0.00486036716029048,0.00338880415074527
-0.000702363380696625,-0.00166457425802946,0.0214982964098454
0.00888501573354006,0.00153121876064688,0.0183025039732456
-0.00709394970908761,0.00366174755617976,-0.0147206904366612
0.00781975127756596,-0.00592563161626458,-0.0338954478502274
0.00995028018951416,-0.00166457425802946,-0.00726383971050382
-0.0102897426113486,0.00153121876064688,0.00978039018809795
0.000362901017069817,0.00153121876064688,-0.00939436815679073
0.00995028018951416,0.00472701247781515,0.0183025039732456
-0.00922447815537453,0.00153121876064688,-0.0136554259806871
0.0131460726261139,-0.00166457425802946,-0.00406804634258151
-0.008159214630723,0.0132491290569305,0.00978039018809795
0.00355869415216148,-0.0112519534304738,-0.012590161524713
0.0014281653566286,-0.0080561600625515,0.0119109191000462
-0.00389815680682659,-0.0112519534304738,0.00871512573212385
-0.00283289211802185,0.000465954886749387,-0.00939436815679073
-0.00283289211802185,-0.0101866889744997,-0.00513331079855561
-0.00176762766204774,-0.000599309802055359,-0.00832910370081663
-0.00709394970908761,0.00366174755617976,-0.00300278211943805
-0.00176762766204774,0.0121838618069887,-0.00939436815679073
-0.00709394970908761,0.000465954886749387,0.00445406837388873
0.00568922283127904,0.00366174755617976,-0.00832910370081663
0.00568922283127904,-0.013382482342422,-0.0189817473292351
-0.0134855359792709,-0.013382482342422,0.0172372423112392
0.00675448775291443,-0.0080561600625515,0.00125827570445836
-0.008159214630723,0.00898806843906641,0.00871512573212385
0.00355869415216148,0.00898806843906641,0.00551933376118541
-0.00389815680682659,-0.00272983848117292,-0.0179164819419384
-0.00709394970908761,-0.00272983848117292,0.00978039018809795
-0.00283289211802185,-0.0155130112543702,-0.0147206904366612
0.014211337082088,-0.00166457425802946,0.00764986174181104
-0.00389815680682659,0.000465954886749387,-0.0221775434911251
-0.0124202715232968,-0.00272983848117292,0.0183025039732456
0.0163418650627136,0.00366174755617976,-0.0147206904366612
-0.00922447815537453,0.0111185973510146,0.00232353969477117
-0.00496342079713941,-0.00379510293714702,-0.012590161524713
-0.00602868525311351,0.00472701247781515,-0.0157859530299902
-0.00496342079713941,-0.00166457425802946,0.000193011044757441
-0.00389815680682659,-0.00272983848117292,0.00658459821715951
0.00462395837530494,0.0025964833330363,-0.00832910370081663
0.00781975127756596,-0.00486036716029048,-0.0243080724030733
-0.00922447815537453,0.0025964833330363,0.0161719787865877
0.00995028018951416,0.000465954886749387,-0.00619857525452971
-0.0113550070673227,-0.000599309802055359,0.0119109191000462
-0.0102897426113486,-0.00699089607223868,0.0119109191000462
-0.0220076497644186,0.0100533328950405,-0.00832910370081663
0.00462395837530494,-0.000599309802055359,0.000193011044757441
0.00355869415216148,0.00792280491441488,0.00871512573212385
0.00781975127756596,-0.00166457425802946,-0.0168512184172869
0.00462395837530494,-0.0165782757103443,0.0108456546440721
-0.008159214630723,0.0207059774547815,0.00551933376118541
-0.00922447815537453,-0.0165782757103443,-0.00406804634258151
0.00995028018951416,0.00898806843906641,-0.00406804634258151
0.00675448775291443,0.00898806843906641,0.00338880415074527
0.0152766015380621,0.00472701247781515,-0.00513331079855561
-0.00922447815537453,-0.013382482342422,0.00551933376118541
-0.00709394970908761,0.00792280491441488,0.0108456546440721
0.00568922283127904,-0.00486036716029048,-0.034960713237524
0.00462395837530494,0.0100533328950405,0.0246940907090902
-0.00709394970908761,0.00685754045844078,0.00445406837388873
0.0014281653566286,-0.00379510293714702,-0.00406804634258151
-0.000702363380696625,0.0132491290569305,0.00551933376118541
0.0110155455768108,-0.0123172178864479,-0.00939436815679073
-0.00602868525311351,-0.00699089607223868,-0.0136554259806871
0.0120808100327849,-0.00592563161626458,0.0172372423112392
0.000362901017069817,-0.00166457425802946,-0.0243080724030733
0.00568922283127904,0.0143143935129046,0.00551933376118541
0.0110155455768108,-0.0080561600625515,-0.0211122762411833
-0.00496342079713941,0.0132491290569305,0.0129761835560203
-0.014550800435245,-0.00592563161626458,0.00445406837388873
0.00462395837530494,-0.0155130112543702,-0.0232428070157766
-0.00496342079713941,0.0132491290569305,0.0289551485329866
-0.00922447815537453,-0.00486036716029048,-0.00939436815679073
0.0152766015380621,-0.000599309802055359,-0.00619857525452971
-0.0177465938031673,0.00898806843906641,-0.0189817473292351
0.0216681901365519,0.00472701247781515,0.0193677674978971
-0.0134855359792709,-0.00379510293714702,-0.00406804634258151
0.00675448775291443,0.00898806843906641,-0.0221775434911251
0.0195376612246037,-0.00166457425802946,-0.00619857525452971
-0.00709394970908761,-0.0155130112543702,-0.00300278211943805
-0.000702363380696625,0.0132491290569305,0.00445406837388873
-0.0102897426113486,0.00472701247781515,0.00871512573212385
-0.000702363380696625,0.00472701247781515,-0.000872253382112831
0.00568922283127904,-0.0176435392349958,-0.0104596326127648
0.00995028018951416,0.000465954886749387,0.00232353969477117
-0.000702363380696625,-0.00592563161626458,-0.012590161524713
-0.000702363380696625,-0.00592563161626458,0.00764986174181104
-0.0209423843771219,0.0185754485428333,-0.0136554259806871
0.0163418650627136,-0.00486036716029048,0.0183025039732456
0.00675448775291443,-0.00592563161626458,0.00764986174181104
-0.00709394970908761,-0.00699089607223868,-0.0104596326127648
0.00355869415216148,0.00579227693378925,0.0204330328851938
-0.0156160648912191,0.0143143935129046,0.0129761835560203
0.0174071304500103,-0.00699089607223868,-0.0179164819419384
-0.00709394970908761,-0.0144477467983961,0.00232353969477117
0.00781975127756596,-0.00166457425802946,0.00125827570445836
-0.00922447815537453,-0.00592563161626458,-0.0221775434911251
-0.000702363380696625,-0.013382482342422,-0.00193751766346395
0.00249342992901802,-0.000599309802055359,-0.00513331079855561
0.000362901017069817,0.00153121876064688,0.00232353969477117
-0.00602868525311351,0.0025964833330363,0.00125827570445836
0.00249342992901802,0.000465954886749387,0.00338880415074527
0.00781975127756596,0.00153121876064688,-0.00726383971050382
0.00462395837530494,-0.00379510293714702,-0.012590161524713
-0.00602868525311351,0.00472701247781515,0.0161719787865877
0.0014281653566286,-0.00699089607223868,-0.00832910370081663
0.00355869415216148,0.0025964833330363,0.00445406837388873
0.00249342992901802,-0.0123172178864479,-0.00406804634258151
-0.00176762766204774,0.0100533328950405,-0.00619857525452971
-0.00176762766204774,0.0100533328950405,0.0172372423112392
0.00568922283127904,0.00153121876064688,-0.012590161524713
-0.00176762766204774,0.00898806843906641,0.00871512573212385
0.00568922283127904,0.00792280491441488,-0.00406804634258151
-0.00602868525311351,0.00153121876064688,0.00658459821715951
0.0014281653566286,0.00472701247781515,-0.0115248970687389
0.0014281653566286,0.0185754485428333,0.0214982964098454
0.00355869415216148,-0.0091214245185256,0.0108456546440721
0.00568922283127904,0.0025964833330363,0.0140414489433169
0.00355869415216148,0.0111185973510146,-0.00619857525452971
-0.0177465938031673,0.0025964833330363,0.0129761835560203
0.0014281653566286,-0.0123172178864479,-0.000872253382112831
-0.000702363380696625,0.00153121876064688,-0.0221775434911251
0.00355869415216148,0.00153121876064688,0.00658459821715951
-0.00389815680682659,-0.0080561600625515,0.00232353969477117
-0.00283289211802185,-0.0187088046222925,0.0183025039732456
0.00249342992901802,0.00579227693378925,-0.00726383971050382
0.0110155455768108,-0.000599309802055359,-0.00619857525452971
0.0131460726261139,-0.013382482342422,-0.00832910370081663
-0.0113550070673227,0.000465954886749387,0.00764986174181104
0.00249342992901802,0.0025964833330363,0.00978039018809795
-0.000702363380696625,-0.0112519534304738,-0.00193751766346395
0.0152766015380621,0.00472701247781515,-0.0189817473292351
0.00675448775291443,0.000465954886749387,0.00871512573212385
0.000362901017069817,-0.0091214245185256,-0.00513331079855561
0.000362901017069817,-0.00592563161626458,-0.00193751766346395
-0.00922447815537453,0.000465954886749387,-0.00832910370081663
-0.0124202715232968,0.0143143935129046,0.015106713399291
-0.00283289211802185,-0.00486036716029048,-0.00513331079855561
0.000362901017069817,0.000465954886749387,0.0119109191000462
-0.008159214630723,-0.0165782757103443,0.0183025039732456
0.00249342992901802,0.00579227693378925,-0.012590161524713
0.0014281653566286,-0.00699089607223868,-0.000872253382112831
-0.008159214630723,-0.00379510293714702,0.0119109191000462
0.0110155455768108,-0.00272983848117292,-0.00832910370081663
0.00781975127756596,0.0143143935129046,-0.000872253382112831
-0.0134855359792709,-0.013382482342422,-0.0211122762411833
0.00355869415216148,0.00153121876064688,0.0140414489433169
-0.008159214630723,0.0132491290569305,-0.00726383971050382
0.00568922283127904,-0.00379510293714702,-0.0179164819419384
-0.00283289211802185,0.000465954886749387,0.00978039018809795
0.00675448775291443,-0.000599309802055359,0.015106713399291
0.00249342992901802,0.00898806843906641,-0.00726383971050382
0.0110155455768108,0.000465954886749387,-0.0147206904366612
0.0014281653566286,-0.00166457425802946,0.00551933376118541
0.00355869415216148,0.0132491290569305,0.00338880415074527
-0.0124202715232968,-0.0176435392349958,0.0129761835560203
0.00249342992901802,0.00579227693378925,0.00551933376118541
-0.00176762766204774,-0.00379510293714702,-0.0381565056741238
0.0237987171858549,-0.0091214245185256,0.0193677674978971
-0.0166813302785158,0.000465954886749387,0.00445406837388873
0.00781975127756596,-0.0112519534304738,-0.0285691265016794
0.00888501573354006,0.0175101850181818,0.0236288253217936
0.0131460726261139,-0.0091214245185256,-0.0115248970687389
0.000362901017069817,0.000465954886749387,0.000193011044757441
-0.0124202715232968,-0.00272983848117292,0.00551933376118541
0.00355869415216148,-0.00486036716029048,0.0161719787865877
0.0131460726261139,0.0121838618069887,-0.0104596326127648
0.000362901017069817,-0.00166457425802946,-0.00193751766346395
-0.00283289211802185,-0.00272983848117292,0.022563561797142
0.00355869415216148,0.0228365063667297,-0.0104596326127648
-0.00922447815537453,-0.0187088046222925,-0.0168512184172869
0.0174071304500103,0.00366174755617976,0.00125827570445836
-0.00602868525311351,-0.00379510293714702,-0.00406804634258151
0.0120808100327849,0.0025964833330363,-0.00619857525452971
-0.00496342079713941,0.00685754045844078,0.00445406837388873
-0.0113550070673227,0.00792280491441488,0.00445406837388873
0.00568922283127904,0.00472701247781515,-0.000872253382112831
0.000362901017069817,-0.0080561600625515,-0.0115248970687389
0.0120808100327849,-0.0155130112543702,0.00232353969477117
-0.0102897426113486,0.0239017717540264,0.00232353969477117
-0.0220076497644186,0.0153796579688787,0.0364120043814182
-0.00176762766204774,0.00472701247781515,-0.0136554259806871
0.0152766015380621,-0.0091214245185256,-0.0136554259806871
-0.00709394970908761,0.0025964833330363,0.0108456546440721
-0.00602868525311351,-0.0112519534304738,0.00338880415074527
-0.008159214630723,0.00472701247781515,0.00871512573212385
0.0014281653566286,0.00472701247781515,0.00338880415074527
0.0014281653566286,0.0153796579688787,-0.0104596326127648
-0.008159214630723,-0.013382482342422,-0.0104596326127648
0.00888501573354006,0.0164449214935303,0.00871512573212385
-0.00176762766204774,-0.0123172178864479,0.0129761835560203
0.00781975127756596,0.00579227693378925,-0.0115248970687389
-0.00602868525311351,0.00685754045844078,0.00764986174181104
-0.00922447815537453,0.000465954886749387,0.000193011044757441
0.00249342992901802,-0.00592563161626458,-0.00193751766346395
-0.00922447815537453,-0.00592563161626458,0.0193677674978971
0.00568922283127904,0.00472701247781515,0.00125827570445836
0.0184723939746618,0.00898806843906641,0.0108456546440721
-0.00283289211802185,0.000465954886749387,-0.00193751766346395
-0.0102897426113486,0.0121838618069887,0.00445406837388873
0.0120808100327849,-0.0080561600625515,-0.00619857525452971
-0.008159214630723,0.000465954886749387,-0.00832910370081663
0.00675448775291443,0.00472701247781515,0.0183025039732456
-0.008159214630723,-0.00592563161626458,0.00658459821715951
0.0014281653566286,0.00579227693378925,-0.0243080724030733
-0.000702363380696625,0.00685754045844078,-0.00619857525452971
-0.000702363380696625,-0.00699089607223868,0.00871512573212385
0.00568922283127904,0.00472701247781515,-0.00406804634258151
0.000362901017069817,0.000465954886749387,-0.0136554259806871
-0.00389815680682659,-0.00592563161626458,0.0119109191000462
0.000362901017069817,-0.00379510293714702,0.00125827570445836
0.00995028018951416,-0.0112519534304738,-0.00193751766346395
0.00355869415216148,0.00685754045844078,-0.0200470108538866
0.00675448775291443,-0.0091214245185256,-0.00193751766346395
-0.00283289211802185,0.00153121876064688,0.00125827570445836
0.00675448775291443,0.00579227693378925,0.0204330328851938
0.00355869415216148,-0.00166457425802946,-0.0115248970687389
-0.00176762766204774,-0.00699089607223868,0.00232353969477117
-0.000702363380696625,0.0132491290569305,0.000193011044757441
-0.00496342079713941,0.00472701247781515,0.00445406837388873
0.00355869415216148,-0.00486036716029048,-0.00406804634258151
-0.00922447815537453,0.000465954886749387,0.02788988314569
0.00462395837530494,-0.00699089607223868,-0.000872253382112831
-0.0134855359792709,-0.000599309802055359,-0.0306996554136276
0.00781975127756596,0.0164449214935303,0.0257593542337418
-0.0156160648912191,-0.0155130112543702,-0.00300278211943805
0.0110155455768108,0.0121838618069887,-0.00726383971050382
-0.0102897426113486,0.00472701247781515,0.00978039018809795
-0.0102897426113486,0.00685754045844078,0.00764986174181104
0.0110155455768108,-0.0101866889744997,0.0108456546440721
0.0014281653566286,0.0025964833330363,-0.012590161524713
-0.0124202715232968,-0.00272983848117292,-0.00832910370081663
0.0174071304500103,0.00153121876064688,-0.00406804634258151
-0.00496342079713941,0.0164449214935303,0.00125827570445836
-0.00176762766204774,-0.0144477467983961,-0.00193751766346395
-0.008159214630723,0.0228365063667297,0.00445406837388873
0.00995028018951416,-0.000599309802055359,-0.00619857525452971
-0.00496342079713941,-0.0144477467983961,-0.00513331079855561
-0.0166813302785158,-0.000599309802055359,-0.000872253382112831
-0.00496342079713941,0.00472701247781515,0.00978039018809795
0.00675448775291443,-0.0187088046222925,-0.0147206904366612
-0.00602868525311351,0.0111185973510146,0.0108456546440721
0.00249342992901802,-0.0144477467983961,-0.00619857525452971
0.00249342992901802,0.0025964833330363,-0.0179164819419384
0.000362901017069817,-0.00272983848117292,0.00551933376118541
-0.0166813302785158,-0.0091214245185256,-0.00619857525452971
0.00462395837530494,0.0132491290569305,0.00764986174181104
-0.000702363380696625,-0.0091214245185256,0.00871512573212385
-0.0134855359792709,0.0132491290569305,0.000193011044757441
0.0110155455768108,-0.0080561600625515,-0.0200470108538866
-0.018811859190464,0.00579227693378925,0.00338880415074527
0.000362901017069817,0.00366174755617976,0.00764986174181104
0.0014281653566286,0.00153121876064688,0.00658459821715951
0.0174071304500103,0.000465954886749387,-0.00726383971050382
-0.00709394970908761,0.00685754045844078,0.0108456546440721
-0.00496342079713941,-0.00699089607223868,0.00338880415074527
0.014211337082088,-0.00699089607223868,-0.00939436815679073
-0.00389815680682659,0.00366174755617976,0.00551933376118541
-0.00283289211802185,-0.0165782757103443,-0.00406804634258151
-0.00709394970908761,0.0100533328950405,-0.00193751766346395
0.00355869415216148,-0.00272983848117292,-0.012590161524713
0.000362901017069817,0.0185754485428333,0.00338880415074527
0.0131460726261139,-0.00699089607223868,-0.00406804634258151
-0.0156160648912191,0.00366174755617976,0.0161719787865877
0.0237987171858549,0.00153121876064688,-0.000872253382112831
-0.00709394970908761,0.0111185973510146,0.0161719787865877
0.0110155455768108,-0.0187088046222925,-0.0253733359277248
0.0014281653566286,0.00685754045844078,0.00871512573212385
-0.0102897426113486,-0.0123172178864479,-0.0179164819419384
0.0163418650627136,-0.00379510293714702,-0.0115248970687389
-0.00922447815537453,-0.0080561600625515,0.00764986174181104
0.00675448775291443,0.00153121876064688,-0.0115248970687389
0.0110155455768108,-0.0144477467983961,-0.00619857525452971
0.00675448775291443,0.00472701247781515,-0.00832910370081663
-0.00602868525311351,-0.0187088046222925,-0.0136554259806871
0.00995028018951416,0.0153796579688787,0.00764986174181104
-0.00389815680682659,-0.0155130112543702,-0.0189817473292351
-0.00176762766204774,0.00366174755617976,0.0129761835560203
0.00355869415216148,0.00579227693378925,-0.00193751766346395
0.00888501573354006,0.00579227693378925,-0.0115248970687389
0.0014281653566286,-0.0208393335342407,0.0129761835560203
-0.00496342079713941,0.0121838618069887,0.0140414489433169
-0.0113550070673227,0.00898806843906641,-0.0115248970687389
0.0216681901365519,0.0121838618069887,0.00125827570445836
-0.0156160648912191,0.00472701247781515,0.0119109191000462
-0.00922447815537453,-0.00592563161626458,-0.00726383971050382
-0.00709394970908761,-0.00486036716029048,-0.0147206904366612
0.00675448775291443,0.00685754045844078,0.0246940907090902
-0.0113550070673227,-0.0123172178864479,-0.0115248970687389
0.00995028018951416,0.0185754485428333,0.0289551485329866
0.0152766015380621,0.00472701247781515,-0.00619857525452971
-0.0113550070673227,-0.0123172178864479,-0.00406804634258151
-0.00602868525311351,0.0121838618069887,0.00338880415074527
0.00462395837530494,-0.00166457425802946,0.0172372423112392
0.00995028018951416,0.0025964833330363,-0.0168512184172869
-0.0177465938031673,-0.00272983848117292,0.00978039018809795
0.0259292460978031,-0.0208393335342407,0.00658459821715951
-0.00283289211802185,0.000465954886749387,0.0289551485329866
0.00249342992901802,-0.0080561600625515,-0.00832910370081663
-0.008159214630723,0.00366174755617976,0.0140414489433169
0.014211337082088,0.00366174755617976,-0.00300278211943805
-0.008159214630723,-0.0155130112543702,-0.00406804634258151
0.00568922283127904,0.00153121876064688,-0.0157859530299902
-0.00602868525311351,-0.00272983848117292,0.00232353969477117
-0.0198771227151155,-0.00379510293714702,0.00871512573212385
0.00781975127756596,-0.00166457425802946,0.00978039018809795
-0.0102897426113486,0.00153121876064688,-0.0115248970687389
-0.00602868525311351,0.000465954886749387,0.0289551485329866
0.00462395837530494,-0.00379510293714702,-0.012590161524713
0.00781975127756596,-0.0091214245185256,-0.0157859530299902
0.00249342992901802,-0.000599309802055359,0.00978039018809795
-0.0209423843771219,0.0228365063667297,0.00125827570445836
0.00675448775291443,-0.0155130112543702,-0.0200470108538866
-0.0113550070673227,-0.00166457425802946,0.0214982964098454
-0.00176762766204774,-0.00272983848117292,0.00978039018809795
-0.00283289211802185,0.0132491290569305,-0.00193751766346395
0.00249342992901802,-0.0080561600625515,-0.00300278211943805
0.0120808100327849,-0.0091214245185256,-0.00726383971050382
-0.0166813302785158,0.0100533328950405,-0.00619857525452971
0.00355869415216148,-0.000599309802055359,-0.0147206904366612
0.00995028018951416,-0.000599309802055359,0.015106713399291
-0.00496342079713941,-0.0080561600625515,0.0183025039732456
0.00568922283127904,-0.0144477467983961,-0.00513331079855561
-0.00496342079713941,-0.00486036716029048,-0.00300278211943805
0.0163418650627136,0.00472701247781515,-0.00513331079855561
-0.000702363380696625,-0.00486036716029048,-0.0200470108538866
0.00249342992901802,0.00685754045844078,0.0119109191000462
0.00355869415216148,0.00579227693378925,-0.00513331079855561
-0.00176762766204774,-0.00272983848117292,-0.00513331079855561
0.00781975127756596,-0.00486036716029048,0.00445406837388873
-0.00602868525311351,0.00472701247781515,-0.00726383971050382
0.00462395837530494,-0.0144477467983961,0.0119109191000462
-0.008159214630723,0.0175101850181818,-0.0147206904366612
-0.000702363380696625,0.00792280491441488,0.00338880415074527
0.000362901017069817,0.000465954886749387,0.00764986174181104
0.00355869415216148,-0.00166457425802946,-0.0136554259806871
0.000362901017069817,0.00366174755617976,0.00871512573212385
0.00568922283127904,-0.0080561600625515,-0.00300278211943805
-0.0113550070673227,0.0164449214935303,0.0204330328851938
0.0120808100327849,-0.0123172178864479,-0.0360259786248207
-0.00283289211802185,-0.0101866889744997,-0.0168512184172869
0.000362901017069817,0.01964071393013,0.00978039018809795
0.00995028018951416,0.00685754045844078,-0.000872253382112831
0.00249342992901802,0.000465954886749387,0.0108456546440721
0.000362901017069817,-0.0101866889744997,-0.00726383971050382
0.000362901017069817,-0.000599309802055359,0.0108456546440721
-0.0102897426113486,0.00685754045844078,0.00232353969477117
0.00675448775291443,0.0025964833330363,0.0204330328851938
-0.00602868525311351,-0.013382482342422,-0.00406804634258151
0.0014281653566286,0.00579227693378925,0.0161719787865877
-0.00176762766204774,-0.00592563161626458,0.0161719787865877
-0.00922447815537453,-0.000599309802055359,-0.00406804634258151
-0.00283289211802185,-0.00699089607223868,0.022563561797142
-0.00176762766204774,-0.013382482342422,-0.00193751766346395
0.0014281653566286,0.0121838618069887,0.00445406837388873
0.00568922283127904,-0.0155130112543702,-0.0221775434911251
0.00675448775291443,0.00366174755617976,0.00445406837388873
0.00355869415216148,0.00366174755617976,0.0129761835560203
0.00462395837530494,0.00472701247781515,-0.0189817473292351
-0.00602868525311351,0.0100533328950405,0.015106713399291
-0.00176762766204774,-0.00166457425802946,-0.00193751766346395
-0.018811859190464,-0.00592563161626458,0.00338880415074527
-0.00389815680682659,0.0143143935129046,0.00764986174181104
0.00675448775291443,0.00685754045844078,0.0119109191000462
-0.00176762766204774,-0.0091214245185256,-0.0147206904366612
-0.00922447815537453,0.0249670352786779,0.0214982964098454
0.014211337082088,-0.0187088046222925,-0.0147206904366612
-0.0166813302785158,0.0175101850181818,0.0119109191000462
-0.00176762766204774,-0.00486036716029048,0.00978039018809795
-0.0102897426113486,0.0153796579688787,-0.0179164819419384
-0.00709394970908761,-0.0165782757103443,0.00232353969477117
-0.00602868525311351,0.0143143935129046,-0.0157859530299902
-0.00922447815537453,0.0100533328950405,0.00658459821715951
0.0152766015380621,-0.00486036716029048,0.00551933376118541
-0.00602868525311351,-0.00166457425802946,0.0172372423112392
-0.00176762766204774,0.00579227693378925,0.00338880415074527
-0.000702363380696625,0.01964071393013,-0.0168512184172869
0.00888501573354006,-0.0176435392349958,-0.012590161524713
-0.0124202715232968,-0.00166457425802946,0.00232353969477117
0.0163418650627136,-0.00592563161626458,-0.00300278211943805
0.00888501573354006,0.00792280491441488,-0.0115248970687389
-0.000702363380696625,0.00366174755617976,0.0108456546440721
-0.00389815680682659,0.00153121876064688,0.00125827570445836
0.0014281653566286,-0.00592563161626458,-0.00939436815679073
-0.0102897426113486,-0.0091214245185256,0.0214982964098454
-0.000702363380696625,0.0121838618069887,-0.0275038629770279
-0.00496342079713941,-0.0101866889744997,0.00338880415074527
-0.0113550070673227,0.00579227693378925,0.00551933376118541
0.0195376612246037,0.0100533328950405,-0.00513331079855561
-0.0124202715232968,-0.0176435392349958,-0.00619857525452971
0.00249342992901802,-0.00699089607223868,0.0108456546440721
-0.00176762766204774,0.000465954886749387,-0.00939436815679073
-0.0166813302785158,0.00579227693378925,0.00871512573212385
0.00781975127756596,-0.0176435392349958,-0.0168512184172869
0.00462395837530494,-0.00166457425802946,-0.012590161524713
0.00995028018951416,0.0143143935129046,0.00978039018809795
-0.00389815680682659,0.00472701247781515,-0.0136554259806871
0.00249342992901802,-0.0144477467983961,0.0257593542337418
-0.00176762766204774,0.00685754045844078,-0.00193751766346395
-0.00709394970908761,0.00898806843906641,0.0108456546440721
-0.00176762766204774,-0.0155130112543702,-0.00939436815679073
0.0014281653566286,0.00153121876064688,-0.00193751766346395
0.00249342992901802,-0.0101866889744997,0.00551933376118541
0.00355869415216148,0.0121838618069887,0.00338880415074527
-0.0220076497644186,-0.00166457425802946,-0.0104596326127648
0.00781975127756596,0.00792280491441488,-0.00726383971050382
0.00355869415216148,0.0153796579688787,0.00658459821715951
-0.00389815680682659,-0.00699089607223868,0.0214982964098454
-0.00389815680682659,0.00792280491441488,0.0172372423112392
-0.00176762766204774,-0.0080561600625515,-0.0221775434911251
-0.00602868525311351,0.00792280491441488,0.00764986174181104
-0.00922447815537453,-0.0091214245185256,0.00658459821715951
0.00995028018951416,-0.00272983848117292,0.00871512573212385
-0.00922447815537453,-0.0144477467983961,-0.00193751766346395
-0.00496342079713941,0.0143143935129046,0.0129761835560203
-0.00922447815537453,-0.00272983848117292,-0.00193751766346395
0.0216681901365519,0.00472701247781515,-0.0147206904366612
-0.0113550070673227,-0.0080561600625515,0.0119109191000462
-0.00176762766204774,0.00366174755617976,-0.00832910370081663
-0.00709394970908761,0.0111185973510146,0.00978039018809795
-0.00922447815537453,-0.019774068146944,-0.00300278211943805
0.0120808100327849,0.0111185973510146,-0.0147206904366612
-0.008159214630723,-0.0123172178864479,0.00125827570445836
0.00355869415216148,0.00579227693378925,-0.00726383971050382
-0.00922447815537453,0.0100533328950405,0.0129761835560203
0.00995028018951416,-0.00379510293714702,-0.0157859530299902
0.0110155455768108,0.000465954886749387,0.00338880415074527
0.00888501573354006,-0.000599309802055359,0.022563561797142
-0.0315950289368629,0.01964071393013,0.00125827570445836
0.00568922283127904,0.00366174755617976,-0.00513331079855561
-0.014550800435245,-0.0080561600625515,-0.0136554259806871
0.0110155455768108,-0.00486036716029048,-0.012590161524713
0.00249342992901802,0.0153796579688787,-0.00406804634258151
0.00249342992901802,0.000465954886749387,0.00445406837388873
-0.00389815680682659,0.0121838618069887,-0.00406804634258151
0.000362901017069817,-0.0101866889744997,-0.00300278211943805
0.00995028018951416,0.00153121876064688,0.00338880415074527
-0.00496342079713941,-0.00486036716029048,0.0119109191000462
0.00249342992901802,0.01964071393013,0.00871512573212385
-0.00602868525311351,0.00579227693378925,0.0119109191000462
0.000362901017069817,-0.00379510293714702,0.0129761835560203
0.00355869415216148,-0.0112519534304738,0.00658459821715951
0.0120808100327849,0.00472701247781515,-0.00939436815679073
-0.0241381786763668,0.0025964833330363,0.00125827570445836
0.00675448775291443,0.0025964833330363,0.00764986174181104
0.000362901017069817,-0.00592563161626458,0.00551933376118541
0.014211337082088,-0.00166457425802946,0.00445406837388873
0.0014281653566286,-0.00166457425802946,0.00658459821715951
-0.000702363380696625,-0.0165782757103443,0.00764986174181104
0.000362901017069817,-0.00592563161626458,-0.0115248970687389
-0.00496342079713941,-0.0112519534304738,0.0172372423112392
-0.00176762766204774,0.0143143935129046,-0.0147206904366612
0.0120808100327849,-0.0208393335342407,0.00338880415074527
-0.00283289211802185,0.01964071393013,-0.0157859530299902
-0.00389815680682659,0.00472701247781515,0.0183025039732456
-0.00176762766204774,-0.0091214245185256,-0.0179164819419384
0.00462395837530494,0.0164449214935303,0.0108456546440721
-0.00709394970908761,0.0025964833330363,0.00764986174181104
-0.00602868525311351,0.0100533328950405,0.00338880415074527
0.0110155455768108,-0.00272983848117292,-0.00619857525452971
-0.0102897426113486,0.00685754045844078,-0.00193751766346395
0.00995028018951416,-0.00592563161626458,-0.0296343918889761
0.0110155455768108,0.000465954886749387,0.015106713399291
-0.00283289211802185,-0.0229698624461889,-0.012590161524713
-0.00176762766204774,0.00898806843906641,-0.00832910370081663
-0.0102897426113486,-0.0091214245185256,0.000193011044757441
0.0152766015380621,-0.0144477467983961,-0.00939436815679073
-0.0102897426113486,-0.00272983848117292,0.0172372423112392
0.00249342992901802,0.0100533328950405,-0.0168512184172869
0.00675448775291443,-0.00592563161626458,-0.012590161524713
-0.00389815680682659,-0.00379510293714702,0.00764986174181104
0.00355869415216148,0.01964071393013,0.00551933376118541
-0.008159214630723,-0.0112519534304738,-0.00300278211943805
0.00995028018951416,-0.000599309802055359,-0.00619857525452971
-0.0102897426113486,-0.0080561600625515,0.0172372423112392
-0.00709394970908761,0.0121838618069887,0.0161719787865877
0.0110155455768108,-0.0080561600625515,-0.0211122762411833
-0.000702363380696625,0.01964071393013,0.0183025039732456
0.0014281653566286,-0.000599309802055359,-0.00832910370081663
-0.0113550070673227,-0.00486036716029048,0.0129761835560203
-0.00283289211802185,0.00472701247781515,0.0257593542337418
-0.00176762766204774,-0.0091214245185256,-0.0306996554136276
-0.008159214630723,-0.0101866889744997,0.0129761835560203
-0.000702363380696625,0.0164449214935303,-0.00300278211943805
-0.014550800435245,0.000465954886749387,-0.00726383971050382
0.000362901017069817,-0.0123172178864479,-0.00406804634258151
0.00249342992901802,-0.00272983848117292,-0.00619857525452971
0.00355869415216148,0.0175101850181818,0.00658459821715951
-0.00389815680682659,-0.0251003913581371,0.00551933376118541
-0.00602868525311351,0.0132491290569305,0.0183025039732456
-0.00602868525311351,0.0121838618069887,-0.000872253382112831
-0.00283289211802185,-0.0219045970588922,-0.00726383971050382
0.00355869415216148,0.0260323006659746,-0.00406804634258151
0.00355869415216148,-0.0240351259708405,-0.00300278211943805
-0.008159214630723,0.0185754485428333,-0.00726383971050382
0.00355869415216148,0.000465954886749387,0.00871512573212385
-0.00389815680682659,-0.0091214245185256,0.00978039018809795
0.0174071304500103,-0.00379510293714702,-0.0189817473292351
-0.00496342079713941,0.000465954886749387,0.0193677674978971
0.00249342992901802,0.000465954886749387,-0.00619857525452971
-0.014550800435245,-0.00272983848117292,0.00232353969477117
0.00249342992901802,0.00153121876064688,0.0119109191000462
-0.00602868525311351,0.0132491290569305,-0.0243080724030733
-0.00389815680682659,-0.0187088046222925,0.00871512573212385
0.00355869415216148,0.0100533328950405,0.000193011044757441
0.00568922283127904,-0.00166457425802946,-0.00619857525452971
-0.0230729132890701,0.0100533328950405,0.0119109191000462
0.0248639807105064,-0.00592563161626458,-0.0168512184172869
0.0014281653566286,-0.00379510293714702,-0.00619857525452971
0.00781975127756596,0.00685754045844078,0.00551933376118541
-0.008159214630723,-0.00166457425802946,-0.0115248970687389
0.00781975127756596,0.000465954886749387,0.00978039018809795
0.000362901017069817,0.00153121876064688,-0.00832910370081663
-0.0113550070673227,-0.000599309802055359,-0.012590161524713
-0.00283289211802185,-0.00592563161626458,-0.00832910370081663
0.014211337082088,0.00366174755617976,0.00232353969477117
-0.00922447815537453,0.00153121876064688,-0.0115248970687389
-0.0273339711129665,-0.000599309802055359,0.0108456546440721
0.0131460726261139,0.00685754045844078,-0.00832910370081663
0.0014281653566286,-0.0091214245185256,0.00232353969477117
-0.00496342079713941,0.0111185973510146,-0.0179164819419384
-0.014550800435245,0.00792280491441488,-0.00939436815679073
0.00995028018951416,0.0025964833330363,0.0161719787865877
0.0152766015380621,0.00792280491441488,0.0119109191000462
-0.008159214630723,-0.0123172178864479,-0.0189817473292351
0.00675448775291443,-0.0123172178864479,0.0172372423112392
0.0014281653566286,0.00153121876064688,-0.00939436815679073
-0.000702363380696625,0.00898806843906641,-0.0211122762411833
-0.00176762766204774,-0.0101866889744997,0.015106713399291
-0.0102897426113486,0.0121838618069887,-0.00193751766346395
0.00781975127756596,-0.0101866889744997,0.00338880415074527
0.00355869415216148,-0.0165782757103443,-0.00726383971050382
-0.00602868525311351,0.0185754485428333,-0.00513331079855561
-0.00389815680682659,-0.000599309802055359,-0.00832910370081663
-0.00283289211802185,0.000465954886749387,0.00658459821715951
-0.008159214630723,-0.00166457425802946,-0.0104596326127648
0.0195376612246037,-0.00486036716029048,0.00658459821715951
-0.00496342079713941,0.000465954886749387,0.00871512573212385
-0.00709394970908761,-0.013382482342422,-0.000872253382112831
-0.00602868525311351,0.00898806843906641,0.00658459821715951
0.00249342992901802,-0.00166457425802946,-0.00406804634258151
-0.00709394970908761,-0.00699089607223868,-0.0115248970687389
0.00462395837530494,0.0207059774547815,-0.000872253382112831
0.00995028018951416,-0.0229698624461889,0.00445406837388873
0.00675448775291443,-0.00166457425802946,-0.0136554259806871
0.00675448775291443,0.0175101850181818,-0.00193751766346395
-0.0156160648912191,-0.0080561600625515,-0.0147206904366612
0.000362901017069817,0.00792280491441488,0.0119109191000462
-0.00709394970908761,-0.00272983848117292,0.00445406837388873
-0.0102897426113486,-0.00272983848117292,0.00232353969477117
0.014211337082088,0.0025964833330363,0.000193011044757441
-0.008159214630723,0.00153121876064688,-0.000872253382112831
0.000362901017069817,-0.00166457425802946,-0.00832910370081663
-0.008159214630723,0.000465954886749387,0.000193011044757441
-0.00602868525311351,0.0164449214935303,0.0214982964098454
0.000362901017069817,-0.0240351259708405,-0.00300278211943805
-0.00709394970908761,0.00792280491441488,0.00125827570445836
-0.000702363380696625,-0.0080561600625515,-0.0168512184172869
0.00249342992901802,-0.000599309802055359,0.0172372423112392
0.0110155455768108,-0.0208393335342407,0.000193011044757441
-0.0102897426113486,0.00472701247781515,0.0172372423112392
0.0014281653566286,-0.00379510293714702,-0.0253733359277248
-0.00176762766204774,0.0153796579688787,-0.00193751766346395
0.00462395837530494,-0.00379510293714702,0.00658459821715951
-0.0113550070673227,-0.00379510293714702,0.00871512573212385
0.0014281653566286,0.00792280491441488,-0.0157859530299902
0.000362901017069817,-0.00166457425802946,0.0236288253217936
0.00888501573354006,-0.00486036716029048,-0.00193751766346395
-0.00602868525311351,-0.00166457425802946,-0.00619857525452971
-0.0166813302785158,0.00792280491441488,-0.00513331079855561
0.00781975127756596,-0.00486036716029048,0.00978039018809795
0.00568922283127904,-0.0080561600625515,0.00978039018809795
-0.0102897426113486,0.00579227693378925,0.000193011044757441
0.00675448775291443,-0.0165782757103443,-0.0189817473292351
0.00888501573354006,0.0143143935129046,0.0236288253217936
-0.00176762766204774,0.0025964833330363,0.000193011044757441
-0.000702363380696625,0.0121838618069887,-0.000872253382112831
-0.00176762766204774,0.0025964833330363,-0.00832910370081663
0.00355869415216148,0.00792280491441488,0.00658459821715951
-0.0220076497644186,0.000465954886749387,0.0119109191000462
0.00462395837530494,-0.0144477467983961,0.00125827570445836
-0.00922447815537453,0.0100533328950405,0.0129761835560203
-0.00602868525311351,-0.000599309802055359,-0.00619857525452971
0.0227334555238485,0.00366174755617976,0.00658459821715951
0.00355869415216148,-0.0123172178864479,-0.0168512184172869
-0.00602868525311351,0.000465954886749387,0.00445406837388873
0.0110155455768108,-0.0123172178864479,-0.0136554259806871
-0.000702363380696625,0.0111185973510146,0.000193011044757441
0.00888501573354006,-0.000599309802055359,0.0289551485329866
0.000362901017069817,0.000465954886749387,-0.00406804634258151
-0.000702363380696625,0.0164449214935303,-0.0115248970687389
-0.00389815680682659,-0.00166457425802946,-0.000872253382112831
-0.0102897426113486,0.00792280491441488,0.0140414489433169
-0.00389815680682659,0.00366174755617976,-0.00193751766346395
-0.008159214630723,-0.0080561600625515,-0.00513331079855561
0.0110155455768108,-0.00592563161626458,-0.000872253382112831
-0.008159214630723,-0.000599309802055359,-0.0211122762411833
0.000362901017069817,-0.00486036716029048,0.00978039018809795
0.000362901017069817,-0.00166457425802946,0.00232353969477117
-0.014550800435245,-0.00379510293714702,-0.00726383971050382
0.014211337082088,0.00685754045844078,-0.0147206904366612
0.0014281653566286,-0.00272983848117292,0.00445406837388873
0.0120808100327849,-0.00379510293714702,0.0108456546440721
-0.00176762766204774,0.00579227693378925,-0.00193751766346395
-0.00389815680682659,0.00153121876064688,0.0172372423112392
0.00355869415216148,0.0207059774547815,0.0108456546440721
0.00462395837530494,-0.00272983848117292,0.000193011044757441
0.00781975127756596,-0.0080561600625515,-0.00406804634258151
-0.018811859190464,-0.0080561600625515,-0.00832910370081663
0.00675448775291443,0.0121838618069887,-0.0115248970687389
-0.0102897426113486,-0.00486036716029048,-0.00513331079855561
-0.000702363380696625,0.0025964833330363,0.000193011044757441
0.00568922283127904,0.00898806843906641,0.0119109191000462
-0.00176762766204774,-0.00166457425802946,-0.00300278211943805
-0.0156160648912191,-0.019774068146944,0.0140414489433169
0.00462395837530494,0.0025964833330363,-0.032830186188221
0.00462395837530494,-0.0165782757103443,0.00764986174181104
-0.0220076497644186,0.00366174755617976,-0.00193751766346395
0.00675448775291443,-0.0155130112543702,0.00551933376118541
-0.00922447815537453,0.0121838618069887,-0.0136554259806871
0.00462395837530494,-0.00486036716029048,0.00551933376118541
0.000362901017069817,0.000465954886749387,-0.00619857525452971
-0.0166813302785158,0.00898806843906641,0.00871512573212385
-0.000702363380696625,0.0121838618069887,0.00125827570445836
0.00249342992901802,-0.00699089607223868,0.00871512573212385
0.00249342992901802,-0.00166457425802946,-0.00300278211943805
-0.000702363380696625,0.0111185973510146,0.00978039018809795
-0.0166813302785158,0.0100533328950405,-0.00619857525452971
-0.00283289211802185,0.00898806843906641,0.0108456546440721
0.0174071304500103,-0.00272983848117292,0.00551933376118541
-0.00389815680682659,-0.0091214245185256,0.0108456546440721
0.00888501573354006,-0.0123172178864479,-0.000872253382112831
-0.00176762766204774,-0.00272983848117292,-0.0147206904366612
-0.00602868525311351,-0.0123172178864479,0.00338880415074527
0.0120808100327849,0.00579227693378925,-0.00832910370081663
-0.0134855359792709,-0.00699089607223868,0.00232353969477117
-0.00283289211802185,-0.00486036716029048,0.0108456546440721
0.00249342992901802,0.00898806843906641,-0.00193751766346395
-0.00709394970908761,-0.013382482342422,-0.00193751766346395
0.00781975127756596,0.00579227693378925,0.00658459821715951
0.00462395837530494,0.00366174755617976,-0.0115248970687389
-0.00283289211802185,-0.0165782757103443,0.0183025039732456
-0.00922447815537453,0.00792280491441488,0.0183025039732456
0.000362901017069817,0.000465954886749387,-0.00300278211943805
0.0152766015380621,-0.0144477467983961,0.00445406837388873
-0.008159214630723,-0.00486036716029048,-0.0115248970687389
-0.00709394970908761,-0.00166457425802946,0.0204330328851938
0.00568922283127904,-0.013382482342422,0.00232353969477117
-0.008159214630723,0.0025964833330363,-0.00300278211943805
0.00355869415216148,0.00366174755617976,0.0332162082195282
-0.000702363380696625,0.00579227693378925,-0.000872253382112831
0.000362901017069817,0.0025964833330363,0.00445406837388873
0.00355869415216148,0.00685754045844078,0.0108456546440721
-0.00922447815537453,0.00472701247781515,-0.00939436815679073
-0.008159214630723,0.0100533328950405,0.0161719787865877
0.00355869415216148,-0.0101866889744997,-0.00726383971050382
-0.000702363380696625,0.00472701247781515,-0.0232428070157766
0.00462395837530494,-0.00486036716029048,0.0108456546440721
-0.00283289211802185,-0.000599309802055359,-0.00939436815679073
0.00675448775291443,-0.00379510293714702,-0.0168512184172869
0.00355869415216148,0.0025964833330363,0.015106713399291
-0.00389815680682659,-0.000599309802055359,-0.00726383971050382
-0.0113550070673227,0.0143143935129046,-0.00193751766346395
-0.00496342079713941,0.0111185973510146,0.0140414489433169
0.00355869415216148,-0.00592563161626458,0.00338880415074527
0.00462395837530494,-0.0080561600625515,0.00338880415074527
-0.00176762766204774,0.00472701247781515,-0.0136554259806871
0.00355869415216148,0.00579227693378925,0.00445406837388873
0.00675448775291443,-0.00166457425802946,0.00125827570445836
0.0120808100327849,-0.00379510293714702,0.0161719787865877
-0.0113550070673227,0.0100533328950405,-0.0221775434911251
-0.00389815680682659,-0.00379510293714702,0.00125827570445836
0.00355869415216148,0.00685754045844078,-0.0147206904366612
0.00995028018951416,-0.0165782757103443,0.00125827570445836
0.00249342992901802,-0.00166457425802946,-0.00832910370081663
-0.00922447815537453,-0.00166457425802946,0.0161719787865877
0.0152766015380621,-0.00166457425802946,-0.0221775434911251
-0.00602868525311351,-0.00486036716029048,-0.0115248970687389
0.00995028018951416,0.0132491290569305,0.00871512573212385
-0.014550800435245,0.00366174755617976,0.00551933376118541
-0.00283289211802185,0.00792280491441488,-0.00406804634258151
0.014211337082088,-0.0144477467983961,-0.00832910370081663
0.00355869415216148,0.00472701247781515,-0.00939436815679073
-0.0102897426113486,-0.00166457425802946,0.00338880415074527
0.0184723939746618,-0.00166457425802946,0.0108456546440721
0.0014281653566286,-0.0123172178864479,-0.0264385975897312
-0.00176762766204774,0.00685754045844078,0.0129761835560203
0.0014281653566286,-0.00166457425802946,0.00551933376118541
0.0184723939746618,0.00153121876064688,-0.00619857525452971
-0.0102897426113486,-0.000599309802055359,0.000193011044757441
-0.00283289211802185,-0.00272983848117292,-0.032830186188221
0.00675448775291443,-0.0112519534304738,0.0129761835560203
-0.00922447815537453,0.00579227693378925,0.00764986174181104
-0.0102897426113486,0.0025964833330363,-0.00513331079855561
0.000362901017069817,0.00898806843906641,-0.000872253382112831
0.00675448775291443,-0.00699089607223868,-0.00726383971050382
-0.00283289211802185,0.0025964833330363,-0.00193751766346395
0.00355869415216148,0.00685754045844078,0.00978039018809795
-0.00389815680682659,0.0132491290569305,0.00551933376118541
-0.00496342079713941,-0.0080561600625515,0.00764986174181104
-0.00496342079713941,-0.00592563161626458,0.000193011044757441
-0.0124202715232968,-0.00272983848117292,0.0172372423112392
0.0014281653566286,0.0121838618069887,-0.00406804634258151
0.00675448775291443,-0.0155130112543702,-0.000872253382112831
-0.00922447815537453,0.000465954886749387,0.0129761835560203
0.0014281653566286,0.00153121876064688,-0.0189817473292351
0.0014281653566286,0.00898806843906641,0.0183025039732456
-0.000702363380696625,-0.00166457425802946,-0.00193751766346395
0.0120808100327849,-0.000599309802055359,-0.0104596326127648
-0.00389815680682659,-0.013382482342422,-0.00300278211943805
0.00781975127756596,0.0185754485428333,-0.00513331079855561
0.00568922283127904,-0.000599309802055359,0.000193011044757441
0.000362901017069817,-0.0251003913581371,-0.00832910370081663
0.000362901017069817,0.0121838618069887,-0.0221775434911251
-0.0166813302785158,-0.00379510293714702,0.00871512573212385
0.00781975127756596,-0.00272983848117292,-0.00939436815679073
-0.00496342079713941,0.00472701247781515,-0.00193751766346395
0.00355869415216148,0.0100533328950405,0.0161719787865877
-0.008159214630723,-0.013382482342422,0.00125827570445836
0.00995028018951416,0.00685754045844078,-0.00939436815679073
0.000362901017069817,-0.013382482342422,0.00125827570445836
0.00249342992901802,0.0249670352786779,0.00978039018809795
-0.000702363380696625,-0.00486036716029048,-0.00726383971050382
-0.0102897426113486,-0.00166457425802946,0.00445406837388873
0.014211337082088,-0.00272983848117292,-0.00193751766346395
0.00888501573354006,0.0025964833330363,-0.0147206904366612
0.0163418650627136,-0.0112519534304738,0.00658459821715951
-0.00283289211802185,-0.000599309802055359,-0.00619857525452971
-0.00496342079713941,0.00153121876064688,0.015106713399291
-0.00922447815537453,-0.0101866889744997,-0.00726383971050382
0.00995028018951416,-0.0123172178864479,-0.00300278211943805
-0.00283289211802185,0.00685754045844078,0.00978039018809795
0.014211337082088,-0.00379510293714702,-0.00619857525452971
0.00462395837530494,0.0025964833330363,0.00978039018809795
0.00568922283127904,0.000465954886749387,-0.00193751766346395
0.0014281653566286,-0.0101866889744997,-0.012590161524713
-0.00389815680682659,0.00898806843906641,-0.00406804634258151
0.00781975127756596,-0.0101866889744997,0.00658459821715951
0.00675448775291443,0.0111185973510146,0.0300204120576382
-0.0113550070673227,0.00366174755617976,-0.00406804634258151
0.00781975127756596,-0.0091214245185256,-0.00939436815679073
0.0216681901365519,0.000465954886749387,0.0108456546440721
-0.0209423843771219,-0.00486036716029048,-0.00406804634258151
-0.00176762766204774,-0.00486036716029048,-0.0168512184172869
-0.000702363380696625,0.00366174755617976,0.015106713399291
0.00249342992901802,0.00153121876064688,0.00871512573212385
-0.0102897426113486,-0.000599309802055359,-0.012590161524713
-0.0102897426113486,0.0025964833330363,-0.000872253382112831
0.00355869415216148,0.00792280491441488,0.00658459821715951
-0.0124202715232968,-0.0091214245185256,-0.000872253382112831
-0.00176762766204774,0.00792280491441488,-0.00832910370081663
-0.00176762766204774,-0.0144477467983961,-0.00300278211943805
0.00675448775291443,0.00472701247781515,0.00338880415074527
-0.000702363380696625,-0.00272983848117292,0.00551933376118541
0.0248639807105064,0.00685754045844078,-0.00406804634258151
-0.00602868525311351,-0.0101866889744997,0.0364120043814182
0.00568922283127904,-0.00272983848117292,0.00125827570445836
0.000362901017069817,0.0164449214935303,-0.0221775434911251
0.00675448775291443,-0.0101866889744997,0.00445406837388873
-0.00709394970908761,0.000465954886749387,0.00658459821715951
0.0195376612246037,-0.0091214245185256,0.00125827570445836
-0.0177465938031673,0.0153796579688787,0.000193011044757441
0.0152766015380621,-0.000599309802055359,0.00338880415074527
0.00888501573354006,0.00153121876064688,-0.00406804634258151
-0.00602868525311351,-0.013382482342422,0.015106713399291
0.00781975127756596,0.0143143935129046,-0.00726383971050382
-0.00496342079713941,-0.00699089607223868,0.00232353969477117
0.00675448775291443,0.0185754485428333,0.00232353969477117
0.00355869415216148,-0.0091214245185256,0.00125827570445836
-0.00709394970908761,-0.00166457425802946,-0.00300278211943805
-0.008159214630723,0.00366174755617976,0.00338880415074527
0.0120808100327849,0.00472701247781515,-0.0115248970687389
-0.0102897426113486,-0.000599309802055359,-0.00832910370081663
0.00568922283127904,-0.00166457425802946,-0.00300278211943805
-0.00389815680682659,0.00792280491441488,0.0140414489433169
-0.000702363380696625,0.0121838618069887,0.00232353969477117
0.00355869415216148,-0.013382482342422,-0.00939436815679073
0.0014281653566286,-0.00166457425802946,0.00445406837388873
0.00888501573354006,0.00579227693378925,0.0129761835560203
-0.00602868525311351,-0.00699089607223868,-0.0104596326127648
0.014211337082088,0.0100533328950405,-0.00939436815679073
-0.00389815680682659,-0.0187088046222925,-0.0392217710614204
0.00355869415216148,0.00153121876064688,-0.0179164819419384
0.0014281653566286,0.00366174755617976,0.00338880415074527
0.00249342992901802,-0.00272983848117292,-0.012590161524713
0.00568922283127904,-0.00379510293714702,0.00445406837388873
0.000362901017069817,0.00792280491441488,0.000193011044757441
0.000362901017069817,-0.00166457425802946,-0.0147206904366612
0.00462395837530494,0.00153121876064688,0.00658459821715951
-0.00709394970908761,0.00153121876064688,0.00125827570445836
0.00249342992901802,-0.0187088046222925,0.0236288253217936
0.000362901017069817,0.01964071393013,-0.0104596326127648
-0.0177465938031673,-0.0080561600625515,0.0214982964098454
0.0120808100327849,0.00898806843906641,-0.00939436815679073
0.00249342992901802,-0.00699089607223868,-0.00513331079855561
0.0014281653566286,0.00579227693378925,0.00232353969477117
-0.00922447815537453,-0.00486036716029048,0.0129761835560203
0.000362901017069817,0.00685754045844078,-0.000872253382112831
-0.00389815680682659,-0.0165782757103443,-0.00406804634258151
0.00781975127756596,0.0121838618069887,-0.00619857525452971
0.00462395837530494,-0.0155130112543702,0.00658459821715951
0.0110155455768108,0.0111185973510146,-0.00193751766346395
-0.00389815680682659,0.000465954886749387,0.00125827570445836
0.0014281653566286,0.00472701247781515,0.00445406837388873
-0.00922447815537453,0.00579227693378925,0.00871512573212385
-0.000702363380696625,-0.000599309802055359,-0.00513331079855561
0.0014281653566286,-0.0101866889744997,0.00551933376118541
0.00568922283127904,0.00792280491441488,-0.0157859530299902
0.00675448775291443,0.0025964833330363,0.015106713399291
0.00355869415216148,0.0100533328950405,0.00658459821715951
-0.00176762766204774,-0.00699089607223868,-0.00193751766346395
0.0131460726261139,-0.0101866889744997,-0.00619857525452971
-0.0102897426113486,0.00685754045844078,0.000193011044757441
0.0014281653566286,0.00153121876064688,-0.00513331079855561
0.00568922283127904,-0.00379510293714702,0.00978039018809795
-0.0273339711129665,-0.0091214245185256,0.00232353969477117
0.00675448775291443,0.00898806843906641,0.022563561797142
-0.00709394970908761,-0.00379510293714702,-0.00406804634258151
0.00888501573354006,-0.00379510293714702,-0.000872253382112831
0.00355869415216148,0.0025964833330363,0.00871512573212385
0.0120808100327849,-0.0101866889744997,-0.00406804634258151
-0.000702363380696625,0.0121838618069887,0.0193677674978971
0.014211337082088,-0.000599309802055359,-0.012590161524713
-0.00389815680682659,-0.0112519534304738,-0.00513331079855561
0.00568922283127904,0.0100533328950405,0.00445406837388873
-0.018811859190464,0.00685754045844078,-0.000872253382112831
0.0174071304500103,0.00472701247781515,0.00232353969477117
-0.00922447815537453,0.00153121876064688,0.0119109191000462
0.00462395837530494,-0.00592563161626458,0.00764986174181104
0.0110155455768108,0.00472701247781515,-0.00726383971050382
-0.00389815680682659,0.00685754045844078,-0.00832910370081663
0.0163418650627136,-0.0091214245185256,-0.0200470108538866
-0.00496342079713941,0.0025964833330363,0.00125827570445836
-0.0124202715232968,0.000465954886749387,0.000193011044757441
-0.00389815680682659,-0.00272983848117292,-0.00939436815679073
0.00995028018951416,0.00472701247781515,0.00232353969477117
0.0174071304500103,0.00792280491441488,-0.0232428070157766
-0.00283289211802185,-0.00379510293714702,0.0119109191000462
0.0014281653566286,-0.00592563161626458,-0.00513331079855561
0.00675448775291443,-0.00379510293714702,-0.0179164819419384
0.00355869415216148,-0.000599309802055359,-0.000872253382112831
0.0014281653566286,-0.00592563161626458,-0.012590161524713
-0.0102897426113486,0.0025964833330363,0.0172372423112392
-0.000702363380696625,-0.0123172178864479,0.00338880415074527
0.00888501573354006,-0.00166457425802946,-0.00513331079855561
-0.00283289211802185,0.000465954886749387,-0.0104596326127648
-0.00283289211802185,-0.00379510293714702,0.00978039018809795
-0.00176762766204774,-0.00699089607223868,0.000193011044757441
0.0014281653566286,-0.00379510293714702,-0.00193751766346395
0.00888501573354006,0.000465954886749387,0.00232353969477117
0.00355869415216148,-0.00592563161626458,-0.0115248970687389
-0.00389815680682659,0.0175101850181818,0.0161719787865877
0.00355869415216148,-0.00592563161626458,0.0140414489433169
-0.00283289211802185,-0.0080561600625515,-0.00619857525452971
0.00995028018951416,0.000465954886749387,0.015106713399291
-0.00176762766204774,0.0025964833330363,-0.0115248970687389
0.00568922283127904,0.00366174755617976,0.00338880415074527
-0.0156160648912191,-0.0080561600625515,0.00764986174181104
0.0152766015380621,-0.00272983848117292,0.00125827570445836
0.00355869415216148,-0.0091214245185256,-0.012590161524713
0.0014281653566286,-0.00699089607223868,-0.00406804634258151
-0.000702363380696625,0.00685754045844078,0.00338880415074527
0.0014281653566286,0.0025964833330363,-0.0104596326127648
0.00995028018951416,0.00366174755617976,-0.000872253382112831
-0.0124202715232968,-0.0080561600625515,-0.00193751766346395
0.00675448775291443,0.00579227693378925,0.00764986174181104
-0.00176762766204774,-0.00166457425802946,-0.0115248970687389
-0.00389815680682659,-0.00592563161626458,-0.00300278211943805
-0.00602868525311351,0.0111185973510146,0.00978039018809795
0.00995028018951416,-0.00166457425802946,-0.00193751766346395
-0.00389815680682659,-0.00166457425802946,0.00658459821715951
-0.00389815680682659,-0.0101866889744997,0.00445406837388873
-0.00602868525311351,0.00366174755617976,-0.00406804634258151
0.0152766015380621,0.00153121876064688,0.015106713399291
-0.00496342079713941,0.0025964833330363,-0.00193751766346395
-0.00389815680682659,-0.00699089607223868,-0.0275038629770279
0.00355869415216148,-0.00272983848117292,-0.00406804634258151
-0.00496342079713941,0.01964071393013,0.0140414489433169
0.0110155455768108,-0.019774068146944,-0.00300278211943805
-0.0102897426113486,0.0270975641906261,0.000193011044757441
0.014211337082088,-0.00592563161626458,-0.00300278211943805
-0.00922447815537453,-0.00166457425802946,-0.00726383971050382
-0.00176762766204774,0.00685754045844078,0.0246940907090902
0.0120808100327849,0.000465954886749387,0.00764986174181104
-0.00389815680682659,-0.0080561600625515,-0.0200470108538866
0.00355869415216148,-0.00592563161626458,0.00125827570445836
-0.00602868525311351,0.00472701247781515,0.0161719787865877
-0.00389815680682659,0.0111185973510146,0.0172372423112392
0.00675448775291443,-0.013382482342422,-0.00726383971050382
-0.0156160648912191,-0.00272983848117292,0.00445406837388873
0.0014281653566286,0.0164449214935303,-0.0104596326127648
0.0152766015380621,-0.00379510293714702,0.00658459821715951
-0.000702363380696625,-0.0101866889744997,-0.0179164819419384
0.00355869415216148,-0.00166457425802946,-0.00619857525452971
0.0110155455768108,-0.00699089607223868,0.0161719787865877
-0.00176762766204774,0.00685754045844078,-0.00300278211943805
0.00355869415216148,-0.013382482342422,-0.00513331079855561
-0.00602868525311351,-0.0123172178864479,0.00658459821715951
-0.00602868525311351,0.0175101850181818,0.000193011044757441
0.0014281653566286,-0.00592563161626458,0.0183025039732456
0.00781975127756596,0.00153121876064688,-0.00832910370081663
0.00781975127756596,0.00472701247781515,0.00871512573212385
-0.00176762766204774,0.00153121876064688,-0.0115248970687389
0.00249342992901802,0.00472701247781515,0.00338880415074527
-0.00496342079713941,0.0100533328950405,-0.0115248970687389
0.00781975127756596,-0.00592563161626458,-0.00726383971050382
-0.000702363380696625,0.0132491290569305,0.00338880415074527
0.00249342992901802,-0.0123172178864479,0.00764986174181104
-0.00496342079713941,0.00685754045844078,0.00978039018809795
0.00568922283127904,-0.00379510293714702,-0.00726383971050382
-0.00602868525311351,-0.0101866889744997,-0.0147206904366612
-0.0102897426113486,-0.0123172178864479,-0.00832910370081663
0.00675448775291443,0.00792280491441488,-0.00619857525452971
0.00462395837530494,-0.0091214245185256,0.0129761835560203
-0.0156160648912191,0.000465954886749387,0.00551933376118541
0.0163418650627136,0.0153796579688787,0.0140414489433169
0.00249342992901802,-0.00272983848117292,0.0108456546440721
0.0014281653566286,0.00685754045844078,-0.012590161524713
-0.018811859190464,0.00685754045844078,-0.0104596326127648
0.00888501573354006,0.000465954886749387,0.00551933376118541
0.00888501573354006,-0.0101866889744997,0.0108456546440721
0.00781975127756596,0.000465954886749387,0.00551933376118541
0.00462395837530494,-0.00166457425802946,-0.0221775434911251
-0.00602868525311351,0.00685754045844078,-0.0147206904366612
0.00568922283127904,0.0111185973510146,0.022563561797142
-0.00389815680682659,0.0175101850181818,0.015106713399291
-0.00176762766204774,-0.00166457425802946,0.00338880415074527
0.00781975127756596,-0.00272983848117292,-0.000872253382112831
-0.00283289211802185,0.00685754045844078,0.00658459821715951
-0.008159214630723,-0.0229698624461889,-0.00619857525452971
-0.0124202715232968,0.00685754045844078,0.0108456546440721
0.00888501573354006,0.0111185973510146,0.000193011044757441
-0.00602868525311351,-0.0080561600625515,0.00445406837388873
0.00462395837530494,0.0025964833330363,0.0140414489433169
0.014211337082088,-0.0176435392349958,-0.00726383971050382
-0.0166813302785158,-0.00699089607223868,0.00125827570445836
-0.000702363380696625,0.0132491290569305,-0.000872253382112831
-0.00602868525311351,0.00579227693378925,-0.000872253382112831
0.00249342992901802,0.0025964833330363,-0.0157859530299902
0.014211337082088,-0.00379510293714702,0.0129761835560203
0.00888501573354006,0.00153121876064688,0.0108456546440721
0.00249342992901802,0.00898806843906641,0.00978039018809795
-0.0134855359792709,-0.0080561600625515,0.00338880415074527
-0.00496342079713941,0.0025964833330363,0.000193011044757441
0.00675448775291443,-0.00272983848117292,0.00658459821715951
-0.00389815680682659,-0.00379510293714702,0.0214982964098454
-0.00496342079713941,-0.00592563161626458,-0.0147206904366612
0.00675448775291443,0.00366174755617976,0.0108456546440721
-0.00176762766204774,0.00898806843906641,0.000193011044757441
0.00462395837530494,-0.00272983848117292,-0.0147206904366612
-0.00709394970908761,-0.00166457425802946,-0.000872253382112831
0.00462395837530494,0.00366174755617976,-0.0104596326127648
0.000362901017069817,-0.00379510293714702,-0.00726383971050382
-0.00602868525311351,-0.000599309802055359,0.0268246196210384
0.00462395837530494,0.0153796579688787,-0.0189817473292351
0.00675448775291443,-0.000599309802055359,0.0108456546440721
-0.00389815680682659,0.00366174755617976,-0.0157859530299902
0.00995028018951416,0.0164449214935303,0.00551933376118541
-0.0134855359792709,-0.0176435392349958,-0.00832910370081663
0.000362901017069817,0.00685754045844078,-0.00619857525452971
-0.00283289211802185,-0.0101866889744997,-0.00406804634258151
-0.008159214630723,0.0143143935129046,0.00978039018809795
-0.00176762766204774,-0.0091214245185256,0.00658459821715951
0.0110155455768108,-0.00379510293714702,-0.0136554259806871
-0.00496342079713941,0.00366174755617976,0.00445406837388873
-0.00709394970908761,0.00898806843906641,-0.00619857525452971
0.0163418650627136,0.0025964833330363,0.00125827570445836
-0.0124202715232968,-0.0165782757103443,0.0236288253217936
-0.00389815680682659,0.000465954886749387,0.00125827570445836
-0.00709394970908761,-0.000599309802055359,-0.0147206904366612
-0.0102897426113486,0.00792280491441488,0.0246940907090902
-0.000702363380696625,-0.00699089607223868,-0.0232428070157766
0.00355869415216148,-0.0091214245185256,0.00445406837388873
0.00781975127756596,-0.000599309802055359,-0.0136554259806871
0.0110155455768108,0.00792280491441488,0.00125827570445836
0.0014281653566286,0.00153121876064688,0.00551933376118541
0.00781975127756596,0.0025964833330363,0.0193677674978971
-0.0113550070673227,-0.00592563161626458,-0.00406804634258151
0.0014281653566286,0.00792280491441488,-0.0147206904366612
0.00355869415216148,0.00579227693378925,0.0140414489433169
-0.00709394970908761,0.00685754045844078,-0.00513331079855561
-0.00283289211802185,0.00153121876064688,-0.000872253382112831
0.014211337082088,0.00366174755617976,-0.00832910370081663
-0.00176762766204774,-0.00486036716029048,0.0342814736068249
0.000362901017069817,0.00366174755617976,-0.0179164819419384
-0.00602868525311351,0.00472701247781515,-0.00406804634258151
0.0120808100327849,-0.0144477467983961,0.0214982964098454
-0.00389815680682659,-0.0112519534304738,0.015106713399291
0.00249342992901802,0.00579227693378925,-0.00406804634258151
-0.00709394970908761,0.00153121876064688,-0.0157859530299902
0.0110155455768108,-0.00272983848117292,0.00551933376118541
-0.00496342079713941,0.0100533328950405,0.00125827570445836
0.00675448775291443,-0.000599309802055359,0.0108456546440721
-0.0102897426113486,0.0025964833330363,-0.0104596326127648
-0.018811859190464,0.00898806843906641,0.0172372423112392
0.0184723939746618,0.00472701247781515,-0.00406804634258151
-0.00176762766204774,-0.00699089607223868,0.00764986174181104
0.0174071304500103,0.00579227693378925,-0.0221775434911251
0.00355869415216148,-0.013382482342422,0.00978039018809795
0.00355869415216148,0.0185754485428333,0.0257593542337418
-0.00283289211802185,-0.000599309802055359,-0.00300278211943805
-0.0124202715232968,0.000465954886749387,-0.0147206904366612
0.0131460726261139,-0.0155130112543702,0.00338880415074527
-0.00389815680682659,-0.00166457425802946,-0.0296343918889761
0.000362901017069817,0.00685754045844078,0.0161719787865877
0.014211337082088,-0.0091214245185256,0.00445406837388873
0.00355869415216148,-0.00592563161626458,0.00764986174181104
-0.0113550070673227,-0.0208393335342407,-0.0147206904366612
0.00781975127756596,-0.0112519534304738,0.00445406837388873
-0.00176762766204774,0.0239017717540264,-0.00726383971050382
0.0184723939746618,0.00685754045844078,0.00978039018809795
-0.0113550070673227,-0.000599309802055359,-0.0232428070157766
0.00249342992901802,0.0164449214935303,0.0193677674978971
-0.00496342079713941,-0.0101866889744997,-0.012590161524713
0.0014281653566286,0.000465954886749387,0.00551933376118541
0.00675448775291443,-0.000599309802055359,-0.0211122762411833
0.00675448775291443,-0.00592563161626458,0.0172372423112392
0.000362901017069817,0.0121838618069887,0.0108456546440721
0.0152766015380621,-0.0155130112543702,0.00658459821715951
-0.0166813302785158,-0.00272983848117292,-0.0115248970687389
-0.00176762766204774,0.00153121876064688,0.0129761835560203
0.00781975127756596,0.00685754045844078,0.00232353969477117
0.0110155455768108,-0.0272309184074402,-0.00726383971050382
0.000362901017069817,0.0143143935129046,-0.00300278211943805
0.00568922283127904,-0.0187088046222925,0.015106713399291
-0.00709394970908761,-0.00486036716029048,-0.00726383971050382
-0.000702363380696625,0.00472701247781515,0.0119109191000462
-0.00709394970908761,0.0228365063667297,-0.0147206904366612
0.00355869415216148,-0.0229698624461889,-0.00406804634258151
-0.00602868525311351,0.0025964833330363,0.0119109191000462
-0.00389815680682659,-0.0080561600625515,-0.00300278211943805
0.00249342992901802,0.00579227693378925,0.0183025039732456
-0.0102897426113486,-0.0101866889744997,-0.00406804634258151
-0.000702363380696625,0.01964071393013,-0.00193751766346395
0.00249342992901802,-0.0144477467983961,0.00551933376118541
-0.00389815680682659,0.0100533328950405,-0.012590161524713
-0.00389815680682659,-0.00379510293714702,-0.00193751766346395
0.00888501573354006,-0.000599309802055359,-0.0285691265016794
0.0014281653566286,-0.0155130112543702,-0.00726383971050382
0.00355869415216148,0.000465954886749387,0.00232353969477117
-0.00389815680682659,-0.00166457425802946,0.000193011044757441
0.0014281653566286,0.000465954886749387,-0.00193751766346395
0.00888501573354006,0.000465954886749387,0.00445406837388873
-0.0113550070673227,-0.00486036716029048,0.00658459821715951
0.00462395837530494,-0.00486036716029048,0.00658459821715951
-0.008159214630723,0.00153121876064688,0.000193011044757441
0.0120808100327849,-0.00379510293714702,0.00978039018809795
-0.00922447815537453,0.00153121876064688,0.000193011044757441
0.00568922283127904,-0.00272983848117292,0.00338880415074527
0.00781975127756596,-0.0080561600625515,0.000193011044757441
-0.00922447815537453,0.00792280491441488,-0.00300278211943805
0.0120808100327849,0.0111185973510146,-0.0115248970687389
-0.00709394970908761,-0.0155130112543702,-0.0221775434911251
0.00675448775291443,-0.00699089607223868,0.00764986174181104
0.0110155455768108,-0.00699089607223868,-0.0211122762411833
-0.008159214630723,0.0100533328950405,0.0172372423112392
0.00888501573354006,-0.0080561600625515,-0.00406804634258151
-0.008159214630723,0.00579227693378925,-0.00513331079855561
0.00462395837530494,0.0025964833330363,0.015106713399291
-0.000702363380696625,0.00472701247781515,-0.00619857525452971
0.00249342992901802,0.0132491290569305,-0.0200470108538866
-0.00283289211802185,-0.0336225032806396,0.00658459821715951
-0.0177465938031673,0.00792280491441488,0.00445406837388873
-0.00176762766204774,0.00685754045844078,0.00658459821715951
0.00675448775291443,0.00792280491441488,-0.012590161524713
0.00781975127756596,-0.0229698624461889,0.00232353969477117
-0.00709394970908761,-0.00486036716029048,-0.00193751766346395
0.0110155455768108,0.00153121876064688,-0.00406804634258151
0.00462395837530494,0.00153121876064688,0.00551933376118541
-0.00389815680682659,0.00153121876064688,0.00232353969477117
-0.00709394970908761,-0.000599309802055359,0.00551933376118541
-0.000702363380696625,0.0111185973510146,-0.000872253382112831
0.00249342992901802,-0.00166457425802946,-0.00193751766346395
-0.000702363380696625,-0.00486036716029048,-0.0179164819419384
0.0174071304500103,0.0281628295779228,-0.0157859530299902
0.00249342992901802,-0.0112519534304738,-0.000872253382112831
0.000362901017069817,0.00366174755617976,0.00338880415074527
-0.000702363380696625,-0.0091214245185256,-0.000872253382112831
0.0014281653566286,0.00579227693378925,0.0108456546440721
0.0131460726261139,-0.000599309802055359,0.00125827570445836
-0.0134855359792709,0.000465954886749387,0.00551933376118541
0.0120808100327849,-0.00486036716029048,0.0129761835560203
-0.00496342079713941,0.0153796579688787,-0.0189817473292351
0.00568922283127904,-0.00592563161626458,0.00338880415074527
-0.00389815680682659,0.0185754485428333,0.00551933376118541
0.0110155455768108,0.0025964833330363,-0.00939436815679073
-0.014550800435245,-0.0091214245185256,-0.00726383971050382
0.0206029266119003,0.00579227693378925,0.0172372423112392
-0.0134855359792709,-0.00699089607223868,0.00978039018809795
-0.000702363380696625,0.00898806843906641,-0.00193751766346395
-0.00602868525311351,-0.0112519534304738,0.00232353969477117
0.00462395837530494,-0.00272983848117292,-0.00406804634258151
-0.00389815680682659,0.0100533328950405,0.00978039018809795
0.00888501573354006,0.00153121876064688,-0.0147206904366612
-0.00602868525311351,0.0175101850181818,-0.00300278211943805
-0.00176762766204774,0.0025964833330363,-0.00726383971050382
-0.00709394970908761,0.00153121876064688,-0.00300278211943805
0.0014281653566286,-0.00592563161626458,-0.000872253382112831
-0.014550800435245,0.0164449214935303,0.00764986174181104
0.00781975127756596,-0.0101866889744997,-0.00939436815679073
0.00249342992901802,0.00685754045844078,-0.00406804634258151
0.00249342992901802,-0.0080561600625515,0.0257593542337418
-0.00602868525311351,-0.00699089607223868,-0.0221775434911251
0.00462395837530494,0.0025964833330363,-0.00193751766346395
-0.00922447815537453,-0.00699089607223868,0.0129761835560203
0.00675448775291443,-0.0080561600625515,0.0193677674978971
-0.0113550070673227,0.00153121876064688,-0.00300278211943805
0.00995028018951416,-0.00379510293714702,-0.00939436815679073
-0.000702363380696625,-0.00166457425802946,0.0129761835560203
-0.00602868525311351,0.00685754045844078,-0.0115248970687389
-0.00602868525311351,0.00153121876064688,0.015106713399291
0.0014281653566286,0.00685754045844078,-0.0211122762411833
0.00249342992901802,-0.0144477467983961,0.0161719787865877
0.00781975127756596,0.00472701247781515,-0.00939436815679073
-0.000702363380696625,-0.00699089607223868,0.00551933376118541
-0.00602868525311351,0.00153121876064688,0.00658459821715951
0.00568922283127904,0.00579227693378925,0.0108456546440721
0.0110155455768108,-0.00486036716029048,-0.012590161524713
0.00249342992901802,0.000465954886749387,-0.00300278211943805
0.0131460726261139,-0.0080561600625515,0.00551933376118541
0.00249342992901802,-0.0219045970588922,-0.00513331079855561
-0.00496342079713941,0.0175101850181818,-0.00939436815679073
0.000362901017069817,-0.0091214245185256,0.00232353969477117
-0.00176762766204774,-0.00486036716029048,-0.00406804634258151
0.00888501573354006,0.00898806843906641,0.00338880415074527
-0.000702363380696625,-0.00592563161626458,-0.0211122762411833
0.00462395837530494,-0.0101866889744997,0.00764986174181104
0.00462395837530494,0.0025964833330363,0.0108456546440721
0.00675448775291443,0.0121838618069887,0.00658459821715951
0.00781975127756596,-0.00699089607223868,-0.00619857525452971
-0.000702363380696625,-0.000599309802055359,0.00978039018809795
-0.00176762766204774,0.0143143935129046,0.00658459821715951
0.000362901017069817,-0.00699089607223868,0.00445406837388873
-0.00389815680682659,-0.00166457425802946,-0.00619857525452971
0.000362901017069817,0.00792280491441488,0.00445406837388873
0.00888501573354006,0.0025964833330363,-0.00726383971050382
0.00249342992901802,0.00366174755617976,0.00658459821715951
0.0014281653566286,-0.0155130112543702,0.000193011044757441
0.00568922283127904,-0.0080561600625515,-0.0253733359277248
0.00888501573354006,-0.00272983848117292,0.00125827570445836
0.00355869415216148,-0.00166457425802946,-0.0115248970687389
-0.0102897426113486,-0.0165782757103443,0.00764986174181104
-0.00389815680682659,0.0121838618069887,0.0108456546440721
-0.00176762766204774,-0.013382482342422,-0.0168512184172869
0.0110155455768108,0.0025964833330363,-0.000872253382112831
-0.00602868525311351,0.00579227693378925,0.00551933376118541
-0.00496342079713941,0.00685754045844078,-0.00193751766346395
-0.0124202715232968,-0.00699089607223868,0.0129761835560203
0.014211337082088,-0.00699089607223868,-0.0147206904366612
0.0014281653566286,0.0100533328950405,0.0108456546440721
0.00888501573354006,0.00366174755617976,-0.0157859530299902
-0.00709394970908761,-0.0208393335342407,0.0193677674978971
0.000362901017069817,-0.00699089607223868,-0.00619857525452971
-0.00496342079713941,-0.00486036716029048,-0.00300278211943805
-0.00602868525311351,0.00366174755617976,0.00551933376118541
-0.00389815680682659,0.00792280491441488,-0.00619857525452971
0.0014281653566286,0.0025964833330363,-0.0189817473292351
0.00568922283127904,0.0185754485428333,0.00871512573212385
0.0110155455768108,-0.0080561600625515,-0.00619857525452971
-0.0113550070673227,0.000465954886749387,-0.00300278211943805
0.00675448775291443,-0.0144477467983961,-0.0285691265016794
0.00888501573354006,-0.0080561600625515,0.0119109191000462
-0.00176762766204774,0.00685754045844078,0.00338880415074527
-0.00709394970908761,0.00472701247781515,-0.00406804634258151
0.00249342992901802,0.00898806843906641,-0.0243080724030733
0.00355869415216148,-0.00379510293714702,0.0140414489433169
-0.0102897426113486,0.00685754045844078,0.000193011044757441
0.00462395837530494,0.0175101850181818,0.00978039018809795
-0.00283289211802185,0.00153121876064688,0.00871512573212385
-0.0124202715232968,0.000465954886749387,-0.00619857525452971
-0.00176762766204774,0.00685754045844078,0.00445406837388873
-0.00922447815537453,-0.000599309802055359,0.00445406837388873
0.00249342992901802,-0.0091214245185256,0.00338880415074527
0.0174071304500103,0.0100533328950405,0.00978039018809795
-0.0113550070673227,-0.00166457425802946,0.0140414489433169
0.00462395837530494,-0.0080561600625515,-0.00406804634258151
-0.0113550070673227,-0.0112519534304738,0.00658459821715951
-0.008159214630723,0.0207059774547815,-0.000872253382112831
0.014211337082088,0.0111185973510146,-0.000872253382112831
0.00675448775291443,0.00472701247781515,-0.0179164819419384
0.00568922283127904,0.00685754045844078,-0.00193751766346395
0.00568922283127904,0.00366174755617976,0.00125827570445836
-0.0102897426113486,0.0025964833330363,0.000193011044757441
0.0110155455768108,-0.00592563161626458,-0.0200470108538866
-0.008159214630723,0.00472701247781515,-0.000872253382112831
-0.00176762766204774,-0.00699089607223868,0.00445406837388873
-0.00389815680682659,0.000465954886749387,0.00551933376118541
-0.000702363380696625,0.00366174755617976,-0.00406804634258151
0.00355869415216148,-0.00379510293714702,-0.000872253382112831
-0.0124202715232968,0.0025964833330363,-0.012590161524713
0.00568922283127904,-0.00166457425802946,-0.0147206904366612
-0.00709394970908761,-0.000599309802055359,0.00232353969477117
0.00888501573354006,0.00153121876064688,-0.00726383971050382
-0.00389815680682659,-0.00379510293714702,-0.00300278211943805
0.0131460726261139,-0.000599309802055359,0.00232353969477117
-0.00602868525311351,0.00685754045844078,0.00551933376118541
0.00568922283127904,0.0175101850181818,0.00445406837388873
-0.0102897426113486,-0.0091214245185256,-0.012590161524713
0.0014281653566286,0.0175101850181818,0.00871512573212385
-0.00709394970908761,-0.013382482342422,-0.00619857525452971
0.00675448775291443,0.0217712428420782,0.00978039018809795
-0.00389815680682659,-0.00486036716029048,0.00978039018809795
-0.00922447815537453,-0.00379510293714702,0.000193011044757441
0.00781975127756596,-0.0112519534304738,-0.0157859530299902
-0.0113550070673227,0.00153121876064688,0.00978039018809795
0.00888501573354006,0.00685754045844078,-0.012590161524713
-0.00176762766204774,-0.000599309802055359,0.0172372423112392
-0.00709394970908761,-0.00272983848117292,-0.000872253382112831
0.00675448775291443,-0.00699089607223868,0.0204330328851938
-0.00176762766204774,0.0175101850181818,-0.00193751766346395
-0.000702363380696625,0.0025964833330363,-0.012590161524713
-0.00389815680682659,0.00579227693378925,0.0161719787865877
-0.00283289211802185,0.00898806843906641,0.00445406837388873
0.00568922283127904,-0.00166457425802946,-0.00832910370081663
0.0014281653566286,-0.0091214245185256,0.00232353969477117
0.000362901017069817,-0.0080561600625515,-0.0115248970687389
-0.000702363380696625,0.00153121876064688,-0.012590161524713
-0.00602868525311351,-0.00486036716029048,0.00551933376118541
0.014211337082088,0.00898806843906641,0.000193011044757441
0.0174071304500103,-0.0240351259708405,0.00658459821715951
-0.0166813302785158,0.0153796579688787,-0.000872253382112831
0.0110155455768108,-0.00272983848117292,-0.00726383971050382
0.00355869415216148,-0.00592563161626458,0.0108456546440721
-0.000702363380696625,0.00366174755617976,-0.00406804634258151
0.00675448775291443,-0.00379510293714702,0.00658459821715951
-0.000702363380696625,0.00792280491441488,-0.00619857525452971
0.00675448775291443,0.00685754045844078,0.0183025039732456
0.00781975127756596,-0.0165782757103443,-0.0243080724030733
0.00888501573354006,0.0132491290569305,0.0161719787865877
-0.00496342079713941,-0.00592563161626458,0.00125827570445836
-0.00922447815537453,0.00792280491441488,0.00551933376118541
0.0014281653566286,-0.00592563161626458,-0.00726383971050382
0.00995028018951416,-0.00272983848117292,0.000193011044757441
-0.00496342079713941,-0.0101866889744997,0.015106713399291
-0.00176762766204774,-0.0112519534304738,-0.0168512184172869
0.00462395837530494,0.00685754045844078,0.000193011044757441
0.00249342992901802,0.00685754045844078,-0.0168512184172869
0.00355869415216148,0.0025964833330363,0.00551933376118541
0.00249342992901802,-0.0123172178864479,-0.0104596326127648
-0.00602868525311351,-0.0155130112543702,0.00338880415074527
-0.00283289211802185,0.0185754485428333,-0.0104596326127648
0.0131460726261139,-0.0101866889744997,-0.00300278211943805
-0.0177465938031673,0.00792280491441488,-0.00193751766346395
0.000362901017069817,-0.00379510293714702,-0.00726383971050382
0.00675448775291443,-0.0155130112543702,-0.00300278211943805
-0.00389815680682659,0.0175101850181818,0.00125827570445836
-0.00389815680682659,0.00366174755617976,0.000193011044757441
0.00675448775291443,-0.0101866889744997,0.00232353969477117
0.00568922283127904,0.00472701247781515,-0.0115248970687389
0.0195376612246037,0.00366174755617976,0.00125827570445836
-0.0113550070673227,0.00685754045844078,-0.00832910370081663
-0.0134855359792709,0.0111185973510146,0.0183025039732456
-0.0113550070673227,-0.00699089607223868,-0.00300278211943805
0.0184723939746618,0.00579227693378925,-0.0104596326127648
-0.0102897426113486,-0.0176435392349958,0.00764986174181104
0.00249342992901802,0.0100533328950405,-0.00300278211943805
-0.00922447815537453,-0.00699089607223868,-0.012590161524713
0.00675448775291443,0.0121838618069887,0.0300204120576382
-0.00602868525311351,0.00685754045844078,-0.012590161524713
0.0237987171858549,-0.00699089607223868,0.00551933376118541
-0.00922447815537453,0.00898806843906641,0.0161719787865877
-0.00709394970908761,-0.00379510293714702,0.00125827570445836
-0.00602868525311351,0.00366174755617976,-0.00300278211943805
0.00995028018951416,-0.0112519534304738,0.00125827570445836
0.00462395837530494,-0.000599309802055359,-0.0115248970687389
0.00888501573354006,-0.0091214245185256,0.000193011044757441
0.00355869415216148,-0.000599309802055359,0.00125827570445836
-0.00602868525311351,0.0153796579688787,0.0129761835560203
-0.00709394970908761,-0.00486036716029048,-0.00513331079855561
0.00888501573354006,-0.0112519534304738,-0.0136554259806871
0.00462395837530494,0.00472701247781515,-0.00300278211943805
-0.008159214630723,-0.00166457425802946,0.0183025039732456
-0.000702363380696625,-0.00592563161626458,-0.00726383971050382
-0.00176762766204774,0.00792280491441488,-0.000872253382112831
-0.00283289211802185,0.00792280491441488,-0.0104596326127648
-0.00389815680682659,-0.0187088046222925,-0.0211122762411833
0.00781975127756596,-0.0123172178864479,-0.00832910370081663
0.0174071304500103,0.000465954886749387,-0.000872253382112831
0.00675448775291443,0.0132491290569305,-0.00619857525452971
-0.00709394970908761,-0.0080561600625515,-0.00939436815679073
-0.0113550070673227,0.00366174755617976,0.00764986174181104
0.0227334555238485,0.00792280491441488,0.00871512573212385
-0.014550800435245,0.0111185973510146,0.0129761835560203
0.00995028018951416,0.000465954886749387,-0.0200470108538866
0.00675448775291443,-0.00166457425802946,-0.00300278211943805
0.00462395837530494,-0.0080561600625515,0.000193011044757441
0.00249342992901802,0.00472701247781515,0.00764986174181104
0.0163418650627136,-0.00486036716029048,0.000193011044757441
-0.00389815680682659,0.0100533328950405,-0.00619857525452971
0.00249342992901802,-0.00699089607223868,0.00658459821715951
0.00781975127756596,0.0132491290569305,0.000193011044757441
0.00568922283127904,-0.000599309802055359,0.00978039018809795
-0.0134855359792709,0.00153121876064688,0.0129761835560203
0.014211337082088,-0.00486036716029048,0.00551933376118541
-0.00922447815537453,-0.0187088046222925,-0.00619857525452971
0.00355869415216148,0.00898806843906641,0.00764986174181104
-0.00496342079713941,-0.0144477467983961,-0.00832910370081663
0.0120808100327849,0.0217712428420782,-0.00406804634258151
-0.0134855359792709,-0.00592563161626458,-0.00406804634258151
0.0131460726261139,-0.00486036716029048,-0.00300278211943805
-0.00283289211802185,-0.00272983848117292,-0.00726383971050382
0.00568922283127904,0.00153121876064688,0.0108456546440721
0.00568922283127904,0.0111185973510146,-0.00832910370081663
0.00249342992901802,0.00366174755617976,0.000193011044757441
0.00355869415216148,-0.00592563161626458,-0.0136554259806871
0.0163418650627136,0.000465954886749387,0.022563561797142
0.00249342992901802,0.0153796579688787,0.00764986174181104
0.000362901017069817,-0.0091214245185256,-0.0264385975897312
0.0120808100327849,0.000465954886749387,0.00978039018809795
0.00781975127756596,-0.0112519534304738,-0.0115248970687389
0.00888501573354006,-0.00272983848117292,-0.0200470108538866
-0.0113550070673227,-0.0080561600625515,-0.0104596326127648
-0.00283289211802185,-0.0091214245185256,-0.00193751766346395
-0.00389815680682659,-0.00272983848117292,-0.00300278211943805
-0.00922447815537453,0.0025964833330363,0.00658459821715951
0.0014281653566286,0.00472701247781515,0.015106713399291
0.00462395837530494,-0.000599309802055359,0.00232353969477117
-0.00176762766204774,-0.0080561600625515,0.0161719787865877
0.00675448775291443,-0.00592563161626458,-0.00300278211943805
-0.000702363380696625,0.000465954886749387,-0.0253733359277248
0.014211337082088,0.00366174755617976,-0.00513331079855561
-0.0134855359792709,-0.0155130112543702,0.00978039018809795
-0.000702363380696625,0.00472701247781515,-0.0253733359277248
0.000362901017069817,0.00685754045844078,0.00125827570445836
0.000362901017069817,-0.00272983848117292,0.00232353969477117
0.00462395837530494,-0.00592563161626458,-0.00513331079855561
0.00462395837530494,0.00366174755617976,0.00125827570445836
0.00462395837530494,0.00472701247781515,-0.00939436815679073
-0.0177465938031673,0.0143143935129046,0.0246940907090902
0.00249342992901802,-0.0091214245185256,-0.00406804634258151
0.0014281653566286,0.0025964833330363,-0.000872253382112831
0.00675448775291443,-0.00272983848117292,0.00551933376118541
-0.00283289211802185,0.00685754045844078,0.000193011044757441
0.00355869415216148,0.00579227693378925,-0.0221775434911251
0.00888501573354006,-0.019774068146944,-0.0179164819419384
-0.00389815680682659,0.00685754045844078,0.0193677674978971
0.00995028018951416,0.00792280491441488,0.00871512573212385
-0.00602868525311351,0.0025964833330363,-0.00619857525452971
0.00888501573354006,-0.00272983848117292,-0.00406804634258151
-0.00496342079713941,-0.00272983848117292,-0.00513331079855561
0.00249342992901802,-0.00379510293714702,0.00764986174181104
0.00462395837530494,0.0121838618069887,-0.000872253382112831
-0.008159214630723,0.000465954886749387,-0.0392217710614204
-0.00389815680682659,0.00685754045844078,0.00658459821715951
-0.000702363380696625,-0.00592563161626458,0.00338880415074527
-0.00496342079713941,0.00153121876064688,0.00338880415074527
0.00462395837530494,-0.00272983848117292,-0.0104596326127648
-0.0156160648912191,0.00472701247781515,0.00871512573212385
0.0195376612246037,0.00366174755617976,-0.0200470108538866
0.00249342992901802,0.0164449214935303,-0.00832910370081663
-0.00496342079713941,-0.0080561600625515,0.0193677674978971
-0.0134855359792709,0.00792280491441488,0.0193677674978971
0.0110155455768108,-0.0091214245185256,-0.0221775434911251
0.00355869415216148,0.0100533328950405,0.0257593542337418
0.00781975127756596,-0.000599309802055359,-0.00726383971050382
0.00249342992901802,-0.00592563161626458,-0.00726383971050382
0.00888501573354006,-0.00166457425802946,0.000193011044757441
0.0014281653566286,0.00472701247781515,0.0108456546440721
-0.00283289211802185,0.00579227693378925,0.00232353969477117
0.00462395837530494,-0.0144477467983961,0.00764986174181104
-0.014550800435245,-0.00379510293714702,-0.00726383971050382
0.00888501573354006,0.0025964833330363,-0.00832910370081663
-0.0241381786763668,-0.00272983848117292,0.0119109191000462
0.00675448775291443,0.0185754485428333,-0.0136554259806871
-0.00176762766204774,-0.00272983848117292,0.00658459821715951
-0.00496342079713941,-0.00272983848117292,-0.00300278211943805
0.00675448775291443,0.0121838618069887,-0.00726383971050382
0.00355869415216148,-0.0187088046222925,0.0108456546440721
0.000362901017069817,0.0132491290569305,0.00338880415074527
-0.000702363380696625,0.00153121876064688,-0.0136554259806871
-0.008159214630723,-0.00486036716029048,0.00764986174181104
0.00888501573354006,-0.0091214245185256,-0.0189817473292351
-0.00922447815537453,0.00472701247781515,0.00978039018809795
0.0120808100327849,-0.00486036716029048,0.00551933376118541
-0.00176762766204774,-0.0165782757103443,-0.00513331079855561
0.00355869415216148,0.0292280931025743,0.0172372423112392
-0.000702363380696625,-0.0091214245185256,-0.00513331079855561
0.00568922283127904,-0.00592563161626458,0.00232353969477117
-0.00176762766204774,-0.00699089607223868,0.00764986174181104
-0.00176762766204774,-0.000599309802055359,-0.00193751766346395
-0.00922447815537453,0.00366174755617976,0.00445406837388873
0.00675448775291443,-0.00486036716029048,0.00445406837388873
0.00568922283127904,0.00472701247781515,0.0161719787865877
-0.00389815680682659,-0.0208393335342407,-0.000872253382112831
-0.00709394970908761,0.00792280491441488,0.00338880415074527
-0.00496342079713941,-0.000599309802055359,0.00764986174181104
0.00675448775291443,-0.013382482342422,-0.0221775434911251
0.000362901017069817,-0.00272983848117292,-0.000872253382112831
-0.00389815680682659,0.0164449214935303,-0.00726383971050382
0.00995028018951416,-0.0080561600625515,-0.000872253382112831
0.0184723939746618,0.0025964833330363,-0.00300278211943805
0.000362901017069817,-0.0080561600625515,-0.0285691265016794
-0.008159214630723,-0.0091214245185256,0.0129761835560203
0.0206029266119003,-0.00166457425802946,-0.00300278211943805
-0.00602868525311351,-0.0240351259708405,-0.0243080724030733
0.00888501573354006,-0.00379510293714702,0.000193011044757441
0.00995028018951416,-0.00699089607223868,-0.00619857525452971
0.00568922283127904,0.00366174755617976,0.00232353969477117
0.00568922283127904,0.0143143935129046,0.000193011044757441
0.0014281653566286,0.000465954886749387,0.00445406837388873
0.00568922283127904,-0.00699089607223868,-0.00300278211943805
-0.00283289211802185,0.0153796579688787,0.0257593542337418
-0.00496342079713941,0.000465954886749387,0.0119109191000462
0.0014281653566286,0.00153121876064688,-0.00406804634258151
0.00462395837530494,0.0025964833330363,-0.0285691265016794
-0.00709394970908761,-0.0112519534304738,0.00978039018809795
0.00355869415216148,0.00472701247781515,0.00764986174181104
0.00675448775291443,0.0153796579688787,0.015106713399291
0.00249342992901802,-0.00699089607223868,-0.00726383971050382
0.00462395837530494,-0.0101866889744997,0.00232353969477117
-0.00176762766204774,0.00153121876064688,-0.00193751766346395
-0.00602868525311351,-0.00486036716029048,-0.00513331079855561
0.000362901017069817,-0.00699089607223868,0.00232353969477117
-0.00922447815537453,-0.00272983848117292,0.000193011044757441
-0.0124202715232968,0.0164449214935303,-0.00193751766346395
0.0110155455768108,0.0025964833330363,0.0246940907090902
-0.00602868525311351,-0.00379510293714702,0.000193011044757441
0.000362901017069817,-0.00166457425802946,0.00658459821715951
-0.00176762766204774,0.00153121876064688,-0.0189817473292351
-0.00176762766204774,0.0100533328950405,0.0140414489433169
-0.00709394970908761,-0.00166457425802946,0.0108456546440721
0.0014281653566286,0.0111185973510146,0.00551933376118541
0.00568922283127904,0.00685754045844078,0.00978039018809795
-0.008159214630723,-0.019774068146944,-0.00193751766346395
0.00781975127756596,0.0185754485428333,0.0172372423112392
-0.0124202715232968,-0.000599309802055359,-0.00193751766346395
-0.00283289211802185,0.00792280491441488,0.00551933376118541
0.0131460726261139,0.0025964833330363,-0.00832910370081663
-0.00176762766204774,-0.00592563161626458,-0.0157859530299902
-0.00176762766204774,0.000465954886749387,-0.00513331079855561
0.000362901017069817,0.00153121876064688,0.00658459821715951
0.00888501573354006,-0.00379510293714702,0.00445406837388873
-0.000702363380696625,-0.00379510293714702,-0.0189817473292351
-0.00176762766204774,-0.013382482342422,0.0300204120576382
-0.00602868525311351,0.0143143935129046,0.00125827570445836
-0.014550800435245,-0.000599309802055359,0.0214982964098454
0.00888501573354006,0.00366174755617976,0.00338880415074527
-0.000702363380696625,-0.0101866889744997,0.00232353969477117
-0.00283289211802185,-0.0091214245185256,0.00445406837388873
0.00462395837530494,-0.000599309802055359,-0.0104596326127648
0.00995028018951416,0.00898806843906641,0.00764986174181104
-0.00389815680682659,0.00898806843906641,-0.00513331079855561
0.0014281653566286,-0.013382482342422,0.00764986174181104
-0.0102897426113486,0.000465954886749387,0.00871512573212385
0.00355869415216148,0.0025964833330363,0.00338880415074527
-0.008159214630723,-0.0112519534304738,-0.012590161524713
-0.00602868525311351,0.00366174755617976,0.00871512573212385
0.0152766015380621,-0.0187088046222925,-0.0275038629770279
-0.000702363380696625,0.0260323006659746,0.0129761835560203
-0.00176762766204774,0.00153121876064688,-0.00193751766346395
0.00888501573354006,-0.00699089607223868,0.000193011044757441
0.000362901017069817,0.0153796579688787,-0.00832910370081663
0.0163418650627136,0.000465954886749387,-0.00193751766346395
-0.00176762766204774,-0.0091214245185256,0.00764986174181104
0.000362901017069817,-0.000599309802055359,-0.0179164819419384
0.00355869415216148,-0.00379510293714702,0.00978039018809795
-0.0177465938031673,0.00472701247781515,0.00551933376118541
0.00888501573354006,-0.0165782757103443,-0.0147206904366612
-0.00496342079713941,0.00579227693378925,-0.0115248970687389
-0.00283289211802185,0.00366174755617976,0.0172372423112392
0.00781975127756596,0.00472701247781515,-0.00832910370081663
-0.0102897426113486,0.00579227693378925,-0.000872253382112831
-0.008159214630723,0.0153796579688787,0.0129761835560203
0.00781975127756596,-0.0282961819320917,-0.0275038629770279
-0.00602868525311351,0.0121838618069887,0.0257593542337418
0.00462395837530494,-0.00166457425802946,-0.00300278211943805
-0.00176762766204774,0.0132491290569305,-0.0232428070157766
-0.00389815680682659,-0.0091214245185256,0.0161719787865877
0.00675448775291443,0.0132491290569305,0.0108456546440721
-0.000702363380696625,0.00472701247781515,-0.0115248970687389
0.00355869415216148,0.0025964833330363,-0.00619857525452971
0.00675448775291443,-0.0091214245185256,0.0183025039732456
-0.0113550070673227,0.00366174755617976,-0.0168512184172869
0.00249342992901802,0.000465954886749387,-0.0200470108538866
0.00249342992901802,-0.013382482342422,0.00125827570445836
-0.00496342079713941,0.00472701247781515,0.00338880415074527
0.00249342992901802,-0.0219045970588922,0.000193011044757441
-0.0156160648912191,0.0164449214935303,0.0108456546440721
-0.00176762766204774,-0.013382482342422,0.00338880415074527
0.0110155455768108,-0.0080561600625515,-0.0115248970687389
-0.000702363380696625,0.0025964833330363,0.0172372423112392
-0.00602868525311351,-0.000599309802055359,0.0289551485329866
-0.0102897426113486,0.00579227693378925,-0.00300278211943805
0.0216681901365519,0.00153121876064688,0.00232353969477117
0.00995028018951416,-0.00272983848117292,-0.00300278211943805
-0.018811859190464,0.00898806843906641,0.0161719787865877
0.00355869415216148,0.00153121876064688,-0.0157859530299902
0.00249342992901802,0.0217712428420782,0.0214982964098454
-0.000702363380696625,0.00153121876064688,-0.00513331079855561
0.014211337082088,-0.0144477467983961,-0.00513331079855561
0.0120808100327849,0.00472701247781515,0.000193011044757441
-0.000702363380696625,0.00153121876064688,-0.00726383971050382
-0.00496342079713941,-0.000599309802055359,0.00445406837388873
0.00355869415216148,0.00366174755617976,0.0183025039732456
-0.00389815680682659,-0.00272983848117292,-0.0147206904366612
0.00888501573354006,-0.00592563161626458,0.00125827570445836
0.0014281653566286,0.0121838618069887,0.000193011044757441
-0.0124202715232968,0.0153796579688787,0.0246940907090902
0.0163418650627136,-0.0091214245185256,0.00338880415074527
-0.0177465938031673,-0.00379510293714702,0.0119109191000462
-0.00496342079713941,0.0249670352786779,0.00871512573212385
0.0110155455768108,-0.019774068146944,-0.0157859530299902
-0.008159214630723,0.00472701247781515,0.00764986174181104
-0.0113550070673227,-0.0123172178864479,-0.00406804634258151
0.00568922283127904,-0.00166457425802946,-0.0104596326127648
0.00888501573354006,0.00366174755617976,0.0214982964098454
0.0131460726261139,0.00685754045844078,0.00445406837388873
0.000362901017069817,-0.0112519534304738,-0.012590161524713
-0.00283289211802185,-0.000599309802055359,0.0161719787865877
-0.00496342079713941,-0.0080561600625515,0.0214982964098454
0.00462395837530494,0.000465954886749387,-0.0136554259806871
-0.00496342079713941,-0.00486036716029048,0.00338880415074527
0.00249342992901802,0.0153796579688787,0.0119109191000462
-0.008159214630723,-0.0165782757103443,0.0119109191000462
-0.00176762766204774,0.0111185973510146,-0.00193751766346395
0.0227334555238485,-0.00592563161626458,0.00764986174181104
-0.0177465938031673,-0.0080561600625515,0.00445406837388873
-0.000702363380696625,-0.00486036716029048,-0.00300278211943805
0.0152766015380621,-0.0080561600625515,-0.0104596326127648
-0.00922447815537453,0.0207059774547815,0.00871512573212385
0.0131460726261139,-0.013382482342422,-0.000872253382112831
0.00675448775291443,0.00366174755617976,-0.00939436815679073
-0.00602868525311351,0.00579227693378925,0.0236288253217936
-0.00496342079713941,-0.0240351259708405,-0.0211122762411833
-0.00283289211802185,0.00153121876064688,-0.00513331079855561
0.00462395837530494,0.00366174755617976,0.00551933376118541
-0.00389815680682659,0.00792280491441488,0.000193011044757441
0.0014281653566286,-0.0101866889744997,0.0119109191000462
-0.008159214630723,0.0025964833330363,0.00338880415074527
0.00355869415216148,0.0025964833330363,-0.00939436815679073
-0.00709394970908761,-0.0240351259708405,0.00551933376118541
-0.018811859190464,0.0260323006659746,0.00978039018809795
0.0120808100327849,-0.0165782757103443,-0.0115248970687389
-0.0198771227151155,0.0281628295779228,0.000193011044757441
0.000362901017069817,-0.00166457425802946,0.00871512573212385
0.00675448775291443,-0.0144477467983961,-0.0275038629770279
0.00249342992901802,-0.00379510293714702,0.00125827570445836
0.00781975127756596,0.0217712428420782,-0.00513331079855561
-0.000702363380696625,-0.0101866889744997,-0.00939436815679073
-0.00922447815537453,0.00685754045844078,0.0140414489433169
0.0014281653566286,-0.00699089607223868,0.000193011044757441
-0.00496342079713941,-0.00379510293714702,-0.00939436815679073
0.00462395837530494,0.000465954886749387,0.00125827570445836
0.0152766015380621,0.00685754045844078,0.00658459821715951
-0.00283289211802185,-0.00592563161626458,-0.0200470108538866
0.00888501573354006,0.0111185973510146,0.0172372423112392
-0.0102897426113486,-0.00166457425802946,0.00871512573212385
0.00781975127756596,0.000465954886749387,0.00232353969477117
0.0120808100327849,-0.000599309802055359,-0.0189817473292351
-0.0124202715232968,0.01964071393013,-0.0136554259806871
0.0120808100327849,-0.00272983848117292,-0.00406804634258151
-0.00283289211802185,0.00685754045844078,0.00978039018809795
-0.00496342079713941,0.0121838618069887,0.0108456546440721
0.00249342992901802,-0.00272983848117292,-0.0168512184172869
0.00462395837530494,-0.00379510293714702,0.0108456546440721
0.00995028018951416,-0.000599309802055359,-0.00513331079855561
-0.018811859190464,0.00898806843906641,0.000193011044757441
0.0014281653566286,-0.0155130112543702,-0.0115248970687389
-0.00283289211802185,0.0121838618069887,0.0236288253217936
0.00462395837530494,0.00366174755617976,-0.0168512184172869
-0.008159214630723,-0.013382482342422,0.015106713399291
0.00888501573354006,-0.00272983848117292,0.000193011044757441
-0.00922447815537453,0.0260323006659746,0.015106713399291
0.00462395837530494,-0.0144477467983961,-0.0104596326127648
-0.0273339711129665,0.00366174755617976,0.000193011044757441
-0.00602868525311351,-0.019774068146944,0.00551933376118541
0.000362901017069817,0.0132491290569305,-0.00513331079855561
0.0014281653566286,-0.00272983848117292,-0.0147206904366612
-0.00602868525311351,0.00685754045844078,-0.0275038629770279
0.0131460726261139,0.00153121876064688,0.00764986174181104
-0.00496342079713941,-0.000599309802055359,0.00338880415074527
0.0014281653566286,0.0132491290569305,0.00125827570445836
-0.0134855359792709,0.0111185973510146,-0.00406804634258151
0.00568922283127904,0.0111185973510146,-0.00406804634258151
-0.00709394970908761,-0.0219045970588922,-0.00406804634258151
0.0163418650627136,-0.0144477467983961,-0.0136554259806871
0.0014281653566286,0.00366174755617976,0.00445406837388873
0.000362901017069817,0.0025964833330363,-0.0157859530299902
-0.008159214630723,0.00792280491441488,0.00978039018809795
-0.00709394970908761,-0.0155130112543702,0.000193011044757441
0.00568922283127904,0.0100533328950405,-0.00513331079855561
0.00355869415216148,0.000465954886749387,-0.00193751766346395
-0.00922447815537453,-0.0091214245185256,0.0161719787865877
0.00675448775291443,-0.0112519534304738,0.000193011044757441
-0.0134855359792709,0.00898806843906641,-0.0211122762411833
-0.00176762766204774,-0.0144477467983961,-0.00193751766346395
0.0163418650627136,-0.0091214245185256,-0.0104596326127648
-0.00176762766204774,0.00792280491441488,-0.00832910370081663
0.0120808100327849,-0.0080561600625515,0.02788988314569
0.00355869415216148,-0.0123172178864479,-0.0243080724030733
0.0014281653566286,0.0132491290569305,0.00978039018809795
0.000362901017069817,-0.0080561600625515,0.00445406837388873
-0.00496342079713941,-0.00379510293714702,-0.00619857525452971
0.00995028018951416,-0.0080561600625515,0.0183025039732456
-0.018811859190464,0.00472701247781515,-0.0147206904366612
-0.00709394970908761,0.00792280491441488,0.00871512573212385
-0.008159214630723,0.00472701247781515,-0.0211122762411833
0.00888501573354006,-0.0165782757103443,0.0183025039732456
-0.000702363380696625,0.00472701247781515,-0.0189817473292351
0.00675448775291443,-0.0091214245185256,-0.00193751766346395
-0.0102897426113486,0.00685754045844078,-0.00193751766346395
-0.0113550070673227,0.0121838618069887,0.0129761835560203
0.0216681901365519,-0.0155130112543702,-0.0179164819419384
-0.000702363380696625,0.0111185973510146,0.00658459821715951
-0.00283289211802185,-0.00486036716029048,-0.0147206904366612
-0.00389815680682659,0.00579227693378925,0.00764986174181104
0.0120808100327849,-0.000599309802055359,-0.0221775434911251
0.00568922283127904,-0.00486036716029048,-0.0136554259806871
-0.00176762766204774,0.0143143935129046,0.00978039018809795
0.00462395837530494,0.0260323006659746,-0.0136554259806871
0.00781975127756596,-0.00699089607223868,0.00338880415074527
0.014211337082088,0.0185754485428333,0.0172372423112392
0.0110155455768108,-0.00166457425802946,-0.0147206904366612
-0.018811859190464,-0.0144477467983961,0.0193677674978971
-0.00496342079713941,0.000465954886749387,-0.00513331079855561
-0.00922447815537453,0.00579227693378925,0.000193011044757441
-0.00389815680682659,-0.00166457425802946,0.00125827570445836
-0.00283289211802185,0.0132491290569305,0.000193011044757441
-0.00176762766204774,-0.00592563161626458,-0.012590161524713
0.000362901017069817,0.0132491290569305,-0.00406804634258151
-0.00709394970908761,-0.00592563161626458,0.00978039018809795
-0.014550800435245,-0.00272983848117292,0.000193011044757441
0.00462395837530494,0.0132491290569305,-0.00939436815679073
-0.0113550070673227,-0.000599309802055359,0.0108456546440721
0.00888501573354006,0.00366174755617976,0.00551933376118541
-0.0134855359792709,0.00579227693378925,-0.00726383971050382
0.00568922283127904,-0.00486036716029048,0.00232353969477117
-0.0124202715232968,0.00898806843906641,-0.000872253382112831
0.000362901017069817,0.000465954886749387,0.0108456546440721
-0.00176762766204774,0.00792280491441488,-0.0189817473292351
-0.00283289211802185,-0.013382482342422,0.00338880415074527
-0.0113550070673227,0.000465954886749387,0.00125827570445836
0.00355869415216148,0.00579227693378925,0.00232353969477117
-0.00922447815537453,-0.00699089607223868,-0.0115248970687389
0.0014281653566286,-0.00699089607223868,-0.00406804634258151
0.00249342992901802,-0.00166457425802946,-0.00726383971050382
-0.0102897426113486,0.000465954886749387,0.0257593542337418
-0.008159214630723,-0.00486036716029048,0.00764986174181104
0.00781975127756596,0.0111185973510146,-0.00193751766346395
-0.00176762766204774,0.0132491290569305,0.00551933376118541
0.0110155455768108,-0.00592563161626458,-0.00619857525452971
-0.014550800435245,-0.00699089607223868,0.0129761835560203
0.00249342992901802,0.00472701247781515,-0.00513331079855561
-0.00602868525311351,0.0143143935129046,-0.0157859530299902
0.00355869415216148,-0.0091214245185256,0.0140414489433169
-0.00922447815537453,0.00685754045844078,-0.0211122762411833
0.014211337082088,-0.00379510293714702,0.0108456546440721
-0.00176762766204774,0.00792280491441488,-0.00619857525452971
0.000362901017069817,-0.0187088046222925,-0.032830186188221
-0.00602868525311351,0.00579227693378925,-0.0147206904366612
0.000362901017069817,0.00579227693378925,0.0246940907090902
0.00568922283127904,0.00366174755617976,0.00445406837388873
0.000362901017069817,-0.00379510293714702,-0.00300278211943805
0.00995028018951416,-0.00486036716029048,0.0108456546440721
-0.0134855359792709,0.0207059774547815,0.000193011044757441
-0.00283289211802185,-0.0080561600625515,-0.00619857525452971
0.00355869415216148,-0.00592563161626458,-0.0253733359277248
-0.00389815680682659,0.00685754045844078,0.00445406837388873
0.00995028018951416,-0.0144477467983961,-0.012590161524713
0.000362901017069817,-0.00379510293714702,-0.0211122762411833
0.00675448775291443,-0.00486036716029048,0.00551933376118541
0.000362901017069817,0.0121838618069887,0.00871512573212385
0.00249342992901802,-0.0101866889744997,-0.00832910370081663
-0.00283289211802185,-0.00379510293714702,0.0119109191000462
-0.000702363380696625,-0.0101866889744997,-0.00939436815679073
0.014211337082088,-0.0112519534304738,-0.0115248970687389
-0.018811859190464,-0.0080561600625515,0.0129761835560203
0.0174071304500103,0.00685754045844078,0.0289551485329866
0.000362901017069817,0.0121838618069887,-0.00832910370081663
-0.00283289211802185,0.0100533328950405,0.00551933376118541
-0.0198771227151155,-0.0080561600625515,0.0161719787865877
0.00995028018951416,0.000465954886749387,0.0204330328851938
0.00355869415216148,-0.0112519534304738,0.00871512573212385
0.00355869415216148,0.00685754045844078,0.0108456546440721
-0.00602868525311351,0.0025964833330363,-0.0168512184172869
-0.00176762766204774,0.00898806843906641,-0.00726383971050382
0.00249342992901802,0.00685754045844078,0.0193677674978971
-0.00176762766204774,-0.000599309802055359,0.00445406837388873
-0.000702363380696625,-0.013382482342422,-0.012590161524713
-0.000702363380696625,-0.00272983848117292,0.00232353969477117
0.00888501573354006,-0.0101866889744997,-0.000872253382112831
0.00568922283127904,0.00472701247781515,0.00551933376118541
-0.008159214630723,-0.0080561600625515,0.0108456546440721
-0.00389815680682659,-0.00166457425802946,-0.0211122762411833
0.0163418650627136,0.00898806843906641,0.015106713399291
-0.008159214630723,-0.00486036716029048,-0.012590161524713
0.00462395837530494,0.00366174755617976,-0.000872253382112831
0.00675448775291443,0.0025964833330363,-0.00832910370081663
-0.00496342079713941,-0.00272983848117292,0.00338880415074527
-0.00283289211802185,-0.0144477467983961,0.0129761835560203
0.0227334555238485,0.00792280491441488,-0.0296343918889761
-0.014550800435245,0.00792280491441488,0.00658459821715951
-0.0134855359792709,-0.019774068146944,0.0140414489433169
0.00462395837530494,-0.00166457425802946,-0.00513331079855561
-0.00922447815537453,0.00792280491441488,0.0119109191000462
0.00355869415216148,0.00472701247781515,-0.0296343918889761
-0.00496342079713941,0.000465954886749387,0.0193677674978971
0.0152766015380621,0.00366174755617976,0.0161719787865877
-0.00176762766204774,0.000465954886749387,-0.0179164819419384
0.00888501573354006,-0.0155130112543702,-0.00406804634258151
0.00888501573354006,-0.00379510293714702,-0.0189817473292351
-0.0113550070673227,0.00153121876064688,0.0140414489433169
-0.00283289211802185,-0.00166457425802946,-0.00832910370081663
0.00781975127756596,-0.00379510293714702,-0.0136554259806871
-0.000702363380696625,-0.00272983848117292,0.00232353969477117
0.00568922283127904,-0.0208393335342407,-0.0264385975897312
-0.0134855359792709,0.00685754045844078,-0.0264385975897312
-0.00176762766204774,0.0217712428420782,-0.00300278211943805
0.00462395837530494,-0.00272983848117292,-0.00939436815679073
0.00888501573354006,0.0121838618069887,-0.0179164819419384
-0.00389815680682659,0.00898806843906641,0.0193677674978971
-0.00496342079713941,-0.0165782757103443,-0.0200470108538866
-0.00389815680682659,0.01964071393013,0.0129761835560203
0.0014281653566286,0.00472701247781515,-0.000872253382112831
0.00781975127756596,-0.00272983848117292,-0.0136554259806871
0.014211337082088,-0.0091214245185256,-0.0285691265016794
0.00462395837530494,0.0143143935129046,-0.00513331079855561
0.0110155455768108,-0.0080561600625515,-0.0221775434911251
-0.00496342079713941,-0.00379510293714702,-0.000872253382112831
0.000362901017069817,-0.0112519534304738,-0.00619857525452971
0.00355869415216148,0.00153121876064688,0.0119109191000462
-0.00922447815537453,0.0100533328950405,0.00658459821715951
0.00995028018951416,-0.00486036716029048,0.00978039018809795
-0.000702363380696625,0.0111185973510146,0.0108456546440721
-0.000702363380696625,-0.00699089607223868,0.00764986174181104
0.00462395837530494,-0.0080561600625515,-0.00193751766346395
0.00568922283127904,0.00685754045844078,-0.00193751766346395
0.00675448775291443,0.0025964833330363,0.00338880415074527
0.00675448775291443,-0.00699089607223868,-0.000872253382112831
-0.00283289211802185,0.00685754045844078,0.0108456546440721
0.0014281653566286,-0.000599309802055359,-0.00193751766346395
0.00462395837530494,0.00579227693378925,-0.0168512184172869
0.00249342992901802,0.00685754045844078,0.000193011044757441
-0.0102897426113486,-0.0080561600625515,0.0108456546440721
-0.00176762766204774,0.000465954886749387,-0.00832910370081663
0.0110155455768108,-0.0080561600625515,0.015106713399291
-0.00283289211802185,0.000465954886749387,-0.0253733359277248
0.00249342992901802,-0.00272983848117292,0.0129761835560203
0.0195376612246037,0.00472701247781515,-0.00939436815679073
0.00462395837530494,-0.000599309802055359,0.0204330328851938
-0.0113550070673227,0.00153121876064688,0.00764986174181104
0.00355869415216148,0.00792280491441488,0.00232353969477117
-0.00283289211802185,0.00685754045844078,-0.0104596326127648
-0.00283289211802185,-0.00379510293714702,-0.0136554259806871
-0.00602868525311351,-0.000599309802055359,-0.000872253382112831
-0.00602868525311351,0.00579227693378925,-0.00406804634258151
-0.0241381786763668,0.0100533328950405,0.00551933376118541
0.00675448775291443,-0.0155130112543702,-0.00619857525452971
-0.00389815680682659,0.0143143935129046,0.0140414489433169
0.0014281653566286,0.0143143935129046,0.0140414489433169
0.00675448775291443,-0.00379510293714702,-0.00939436815679073
0.000362901017069817,0.00685754045844078,-0.00300278211943805
0.00568922283127904,0.00685754045844078,-0.00513331079855561
-0.00602868525311351,0.00472701247781515,0.0204330328851938
-0.00283289211802185,0.0025964833330363,-0.012590161524713
-0.0177465938031673,0.00685754045844078,0.0161719787865877
0.00568922283127904,0.0132491290569305,0.00232353969477117
-0.00709394970908761,0.0185754485428333,0.0204330328851938
0.00462395837530494,0.00579227693378925,-0.00300278211943805
-0.014550800435245,-0.0112519534304738,0.0161719787865877
-0.000702363380696625,0.00472701247781515,-0.000872253382112831
0.0110155455768108,0.0111185973510146,-0.0136554259806871
0.00462395837530494,0.00685754045844078,-0.00193751766346395
-0.00389815680682659,0.00366174755617976,0.00551933376118541
-0.00389815680682659,0.00792280491441488,-0.00619857525452971
0.00888501573354006,0.01964071393013,0.00551933376118541
-0.000702363380696625,-0.0144477467983961,0.00871512573212385
-0.00496342079713941,-0.00379510293714702,0.000193011044757441
-0.00602868525311351,0.0100533328950405,0.0246940907090902
0.0014281653566286,0.0100533328950405,-0.0221775434911251
0.00888501573354006,-0.0091214245185256,-0.0179164819419384
-0.00176762766204774,-0.000599309802055359,-0.00619857525452971
0.00675448775291443,-0.0144477467983961,0.00232353969477117
-0.0102897426113486,-0.000599309802055359,0.00978039018809795
0.0120808100327849,-0.00166457425802946,-0.00513331079855561
-0.0156160648912191,0.00366174755617976,-0.00939436815679073
0.00995028018951416,-0.0080561600625515,-0.00726383971050382
0.014211337082088,-0.00272983848117292,-0.00619857525452971
0.000362901017069817,0.0100533328950405,-0.00406804634258151
0.00995028018951416,0.00579227693378925,0.015106713399291
0.0110155455768108,0.00153121876064688,-0.0306996554136276
-0.0113550070673227,0.0100533328950405,0.022563561797142
0.00568922283127904,0.00366174755617976,0.000193011044757441
0.0131460726261139,0.0207059774547815,0.00871512573212385
-0.00496342079713941,-0.00272983848117292,0.00125827570445836
0.00781975127756596,0.00579227693378925,-0.0115248970687389
0.00462395837530494,0.00472701247781515,0.0214982964098454
0.014211337082088,-0.013382482342422,-0.0232428070157766
-0.008159214630723,-0.00592563161626458,0.0108456546440721
0.00888501573354006,0.0143143935129046,-0.00619857525452971
-0.00602868525311351,0.00898806843906641,0.00978039018809795
0.00568922283127904,0.0143143935129046,-0.00513331079855561
0.00462395837530494,-0.0091214245185256,-0.00939436815679073
0.00249342992901802,-0.00592563161626458,-0.00619857525452971
-0.00496342079713941,-0.000599309802055359,0.00125827570445836
0.00995028018951416,-0.00166457425802946,-0.00832910370081663
-0.00176762766204774,0.00792280491441488,0.0108456546440721
0.00675448775291443,-0.000599309802055359,-0.0189817473292351
0.00995028018951416,-0.0208393335342407,-0.000872253382112831
-0.00709394970908761,-0.00272983848117292,-0.00193751766346395
0.00249342992901802,0.0175101850181818,0.0129761835560203
0.00675448775291443,0.0153796579688787,-0.0211122762411833
-0.00389815680682659,0.00153121876064688,0.00338880415074527
-0.00176762766204774,0.00153121876064688,-0.012590161524713
-0.000702363380696625,0.00366174755617976,-0.000872253382112831
0.000362901017069817,-0.0123172178864479,0.0140414489433169
0.0131460726261139,0.00792280491441488,-0.00406804634258151
-0.000702363380696625,0.0100533328950405,0.000193011044757441
-0.00922447815537453,0.0025964833330363,0.000193011044757441
0.00888501573354006,-0.0208393335342407,0.0214982964098454
-0.00922447815537453,-0.00166457425802946,-0.0189817473292351
-0.00283289211802185,-0.0080561600625515,0.00658459821715951
0.014211337082088,-0.00699089607223868,0.0129761835560203
-0.00496342079713941,0.0143143935129046,0.00551933376118541
-0.00389815680682659,-0.00272983848117292,-0.0189817473292351
-0.00389815680682659,-0.0091214245185256,0.0289551485329866
0.00462395837530494,0.000465954886749387,0.00338880415074527
0.00781975127756596,-0.00272983848117292,-0.00193751766346395
-0.018811859190464,0.0185754485428333,0.0119109191000462
0.0184723939746618,-0.0155130112543702,0.00978039018809795
-0.0102897426113486,0.0111185973510146,-0.0104596326127648
-0.00922447815537453,0.0025964833330363,-0.00832910370081663
-0.000702363380696625,-0.00166457425802946,0.00978039018809795
0.0014281653566286,0.00579227693378925,0.0193677674978971
0.0014281653566286,0.00898806843906641,-0.00939436815679073
-0.00176762766204774,0.00898806843906641,-0.00619857525452971
0.00249342992901802,0.00898806843906641,-0.00300278211943805
0.0184723939746618,-0.00166457425802946,0.00978039018809795
-0.00283289211802185,-0.000599309802055359,-0.0200470108538866
0.0014281653566286,0.00898806843906641,0.0183025039732456
-0.018811859190464,-0.00166457425802946,0.0183025039732456
0.000362901017069817,0.000465954886749387,0.00551933376118541
0.014211337082088,-0.0123172178864479,-0.0136554259806871
-0.0134855359792709,0.00366174755617976,-0.00406804634258151
0.00888501573354006,-0.0176435392349958,0.00338880415074527
-0.000702363380696625,0.00579227693378925,-0.00300278211943805
-0.0177465938031673,-0.0123172178864479,0.00871512573212385
-0.000702363380696625,0.0175101850181818,0.00764986174181104
0.00888501573354006,-0.0080561600625515,-0.00726383971050382
-0.0166813302785158,0.0100533328950405,0.0193677674978971
0.00781975127756596,-0.00166457425802946,-0.0168512184172869
0.00249342992901802,-0.0101866889744997,-0.00513331079855561
-0.0156160648912191,0.00472701247781515,0.0140414489433169
0.00462395837530494,-0.00592563161626458,-0.00406804634258151
0.00568922283127904,0.0153796579688787,0.0236288253217936
-0.0102897426113486,-0.000599309802055359,0.00871512573212385
-0.00709394970908761,0.0025964833330363,0.00125827570445836
0.0110155455768108,-0.00166457425802946,-0.0115248970687389
-0.00176762766204774,-0.00272983848117292,0.00764986174181104
-0.000702363380696625,-0.000599309802055359,-0.00300278211943805
0.0206029266119003,0.0143143935129046,-0.00193751766346395
-0.00176762766204774,-0.0155130112543702,0.00232353969477117
-0.014550800435245,0.00366174755617976,-0.00513331079855561
0.0163418650627136,-0.0091214245185256,-0.00406804634258151
0.000362901017069817,-0.000599309802055359,0.0321509428322315
-0.00283289211802185,-0.0112519534304738,-0.0136554259806871
0.0014281653566286,0.00898806843906641,-0.00406804634258151
-0.00496342079713941,-0.0080561600625515,0.00338880415074527
0.00355869415216148,-0.00272983848117292,0.00445406837388873
-0.000702363380696625,0.00579227693378925,-0.0275038629770279
0.00462395837530494,0.00153121876064688,-0.0147206904366612
-0.008159214630723,0.000465954886749387,-0.00406804634258151
-0.00283289211802185,-0.0101866889744997,0.0129761835560203
0.0174071304500103,-0.00486036716029048,0.00551933376118541
-0.00709394970908761,0.00366174755617976,-0.0179164819419384
0.0110155455768108,0.0164449214935303,0.00125827570445836
0.0131460726261139,0.00898806843906641,-0.0115248970687389
0.00462395837530494,0.00792280491441488,0.00338880415074527
-0.0124202715232968,-0.0080561600625515,0.00125827570445836
-0.0124202715232968,0.00472701247781515,0.00445406837388873
0.00995028018951416,0.00366174755617976,-0.00406804634258151
0.014211337082088,-0.00272983848117292,-0.0179164819419384
0.0110155455768108,0.00685754045844078,0.00978039018809795
0.00888501573354006,-0.00592563161626458,0.00978039018809795
-0.00602868525311351,0.000465954886749387,-0.00939436815679073
0.00568922283127904,-0.00592563161626458,0.000193011044757441
-0.0166813302785158,0.00579227693378925,-0.0104596326127648
-0.00389815680682659,0.000465954886749387,-0.0179164819419384
-0.00602868525311351,0.0100533328950405,0.0172372423112392
0.00888501573354006,-0.00592563161626458,0.0204330328851938
-0.0156160648912191,0.00685754045844078,-0.00406804634258151
-0.000702363380696625,-0.000599309802055359,0.015106713399291
-0.00602868525311351,-0.0187088046222925,-0.00726383971050382
0.0110155455768108,0.00579227693378925,-0.0157859530299902
0.00675448775291443,-0.00699089607223868,0.0289551485329866
-0.00922447815537453,-0.0155130112543702,-0.0338954478502274
0.00568922283127904,0.0111185973510146,0.00338880415074527
0.000362901017069817,-0.0080561600625515,-0.000872253382112831
-0.00389815680682659,-0.000599309802055359,-0.00832910370081663
0.00462395837530494,-0.00699089607223868,0.00338880415074527
-0.008159214630723,0.00153121876064688,0.00658459821715951
0.0014281653566286,0.00153121876064688,-0.00619857525452971
0.00888501573354006,0.0025964833330363,-0.0147206904366612
0.00462395837530494,-0.0165782757103443,-0.00300278211943805
-0.0134855359792709,0.0185754485428333,0.0129761835560203
0.000362901017069817,0.0025964833330363,-0.00300278211943805
-0.00176762766204774,-0.000599309802055359,0.00125827570445836
0.00355869415216148,0.00898806843906641,-0.0253733359277248
-0.00389815680682659,-0.00486036716029048,0.00551933376118541
-0.00496342079713941,0.00792280491441488,0.00445406837388873
0.000362901017069817,0.00153121876064688,0.00445406837388873
0.00675448775291443,-0.0101866889744997,-0.00300278211943805
0.000362901017069817,-0.000599309802055359,0.00764986174181104
0.00995028018951416,-0.00486036716029048,0.0172372423112392
0.00888501573354006,0.0025964833330363,-0.00619857525452971
-0.00283289211802185,0.0025964833330363,0.0108456546440721
0.0014281653566286,0.00685754045844078,-0.00726383971050382
-0.00709394970908761,-0.0112519534304738,0.000193011044757441
-0.008159214630723,0.00153121876064688,-0.0115248970687389
-0.008159214630723,-0.00592563161626458,0.0108456546440721
-0.0134855359792709,0.0132491290569305,-0.032830186188221
0.000362901017069817,-0.00486036716029048,0.0183025039732456
-0.000702363380696625,-0.00272983848117292,-0.000872253382112831
-0.008159214630723,0.00153121876064688,0.0119109191000462
-0.00496342079713941,-0.00166457425802946,-0.00193751766346395
-0.00389815680682659,0.00153121876064688,-0.000872253382112831
0.00888501573354006,-0.0080561600625515,-0.0147206904366612
-0.008159214630723,0.00472701247781515,0.00764986174181104
0.00568922283127904,-0.00592563161626458,0.000193011044757441
-0.00176762766204774,-0.00379510293714702,-0.00406804634258151
-0.0124202715232968,0.0025964833330363,0.0204330328851938
-0.00602868525311351,0.000465954886749387,-0.0104596326127648
0.00888501573354006,0.0143143935129046,-0.000872253382112831
-0.0113550070673227,-0.00699089607223868,0.00551933376118541
0.0174071304500103,0.0100533328950405,-0.00832910370081663
-0.014550800435245,-0.00592563161626458,0.0172372423112392
0.00568922283127904,-0.0165782757103443,-0.00619857525452971
0.00249342992901802,0.00579227693378925,0.00764986174181104
-0.0124202715232968,0.00898806843906641,-0.012590161524713
0.0131460726261139,-0.0123172178864479,0.000193011044757441
0.000362901017069817,-0.0101866889744997,-0.00832910370081663
0.000362901017069817,-0.00166457425802946,-0.0104596326127648
-0.00496342079713941,-0.000599309802055359,0.0140414489433169
0.00249342992901802,0.0143143935129046,-0.00726383971050382
0.0014281653566286,-0.0165782757103443,-0.0189817473292351
0.00249342992901802,-0.000599309802055359,0.00232353969477117
0.00249342992901802,-0.00592563161626458,0.000193011044757441
-0.00496342079713941,-0.0261656548827887,-0.00939436815679073
0.000362901017069817,-0.0080561600625515,-0.0104596326127648
0.00355869415216148,-0.00486036716029048,0.00125827570445836
0.0120808100327849,0.0132491290569305,0.00978039018809795
0.000362901017069817,0.00472701247781515,-0.000872253382112831
-0.00283289211802185,-0.013382482342422,0.00445406837388873
0.00462395837530494,-0.0091214245185256,-0.00406804634258151
-0.00709394970908761,0.00472701247781515,-0.00193751766346395
0.00675448775291443,0.0175101850181818,0.0129761835560203
-0.0124202715232968,-0.0080561600625515,0.00445406837388873
-0.00389815680682659,-0.0144477467983961,-0.00406804634258151
0.00462395837530494,-0.000599309802055359,-0.0211122762411833
-0.000702363380696625,0.00153121876064688,0.00551933376118541
0.00781975127756596,0.0143143935129046,-0.012590161524713
-0.00922447815537453,0.00579227693378925,0.0129761835560203
-0.00176762766204774,0.00472701247781515,0.00871512573212385
-0.00176762766204774,-0.00272983848117292,-0.0253733359277248
0.0110155455768108,-0.0080561600625515,0.0246940907090902
0.00781975127756596,-0.00486036716029048,-0.0200470108538866
0.00462395837530494,0.00472701247781515,-0.000872253382112831
-0.00496342079713941,-0.0123172178864479,-0.000872253382112831
0.00568922283127904,0.00792280491441488,-0.0147206904366612
0.00568922283127904,-0.00486036716029048,-0.00513331079855561
0.0120808100327849,0.00153121876064688,0.0193677674978971
-0.0166813302785158,-0.0165782757103443,-0.0104596326127648
0.0174071304500103,0.00153121876064688,0.00232353969477117
0.00462395837530494,0.0143143935129046,0.0236288253217936
-0.00283289211802185,0.0100533328950405,0.0183025039732456
-0.00389815680682659,-0.0101866889744997,-0.0211122762411833
0.0163418650627136,-0.0240351259708405,-0.00832910370081663
-0.00602868525311351,-0.000599309802055359,-0.0136554259806871
0.0195376612246037,0.0100533328950405,0.0140414489433169
-0.014550800435245,0.00472701247781515,-0.0168512184172869
-0.0113550070673227,0.0100533328950405,-0.0243080724030733
-0.0177465938031673,0.0185754485428333,0.0374772660434246
0.014211337082088,-0.0091214245185256,-0.0136554259806871
0.000362901017069817,-0.000599309802055359,-0.000872253382112831
-0.00176762766204774,-0.00592563161626458,0.00551933376118541
-0.00496342079713941,0.000465954886749387,-0.0104596326127648
-0.0166813302785158,-0.00272983848117292,0.0140414489433169
-0.00709394970908761,-0.00699089607223868,0.00338880415074527
-0.00176762766204774,0.00792280491441488,-0.00832910370081663
-0.00283289211802185,-0.00699089607223868,-0.000872253382112831
-0.00709394970908761,-0.0091214245185256,0.00871512573212385
0.00355869415216148,0.0164449214935303,-0.0147206904366612
-0.00176762766204774,-0.013382482342422,0.0172372423112392
-0.0113550070673227,-0.00486036716029048,0.00658459821715951
-0.0134855359792709,0.00366174755617976,0.00232353969477117
-0.0124202715232968,0.0185754485428333,-0.00832910370081663
0.0206029266119003,-0.0091214245185256,0.00658459821715951
-0.014550800435245,0.00366174755617976,-0.00193751766346395
0.0174071304500103,0.00579227693378925,-0.0136554259806871
0.00888501573354006,-0.0123172178864479,-0.0136554259806871
0.00355869415216148,-0.00699089607223868,-0.000872253382112831
0.0014281653566286,0.00792280491441488,-0.000872253382112831
-0.00389815680682659,-0.00592563161626458,-0.0200470108538866
0.00568922283127904,-0.0101866889744997,0.00338880415074527
-0.00283289211802185,0.0111185973510146,0.000193011044757441
-0.018811859190464,0.00792280491441488,-0.0147206904366612
-0.00496342079713941,-0.000599309802055359,-0.0136554259806871
0.000362901017069817,-0.000599309802055359,0.00871512573212385
0.000362901017069817,-0.00379510293714702,0.00232353969477117
0.00355869415216148,-0.00699089607223868,-0.00406804634258151
0.00462395837530494,0.0111185973510146,0.00338880415074527
-0.00389815680682659,-0.00166457425802946,-0.00406804634258151
0.00568922283127904,-0.00379510293714702,-0.0147206904366612
-0.00709394970908761,0.0175101850181818,-0.012590161524713
-0.00283289211802185,0.0111185973510146,0.00978039018809795
0.00249342992901802,-0.0165782757103443,-0.00513331079855561
-0.00922447815537453,0.00898806843906641,0.00551933376118541
0.00249342992901802,-0.0112519534304738,-0.00193751766346395
-0.00283289211802185,0.0132491290569305,0.00232353969477117
-0.00389815680682659,0.0132491290569305,-0.00726383971050382
0.0110155455768108,-0.0091214245185256,0.00232353969477117
0.0014281653566286,0.0025964833330363,-0.00513331079855561
-0.00496342079713941,-0.00592563161626458,-0.0104596326127648
0.00568922283127904,-0.00379510293714702,0.00551933376118541
-0.0102897426113486,0.00898806843906641,-0.00406804634258151
-0.000702363380696625,0.0025964833330363,0.0119109191000462
0.00675448775291443,0.0025964833330363,0.0214982964098454
0.000362901017069817,0.0121838618069887,0.00551933376118541
-0.00389815680682659,0.00153121876064688,-0.0136554259806871
0.00888501573354006,-0.00486036716029048,-0.000872253382112831
0.0163418650627136,-0.00592563161626458,-0.0168512184172869
-0.0177465938031673,0.00472701247781515,0.022563561797142
0.00462395837530494,-0.0144477467983961,-0.0253733359277248
0.00675448775291443,0.0132491290569305,0.00125827570445836
-0.00389815680682659,0.00153121876064688,0.00871512573212385
0.00462395837530494,-0.0144477467983961,-0.0147206904366612
-0.0102897426113486,-0.00592563161626458,-0.0104596326127648
0.00995028018951416,0.0100533328950405,0.00764986174181104
-0.00709394970908761,0.000465954886749387,-0.00513331079855561
0.00888501573354006,-0.0144477467983961,0.00445406837388873
-0.0166813302785158,-0.0101866889744997,-0.012590161524713
0.00888501573354006,0.0153796579688787,0.03108567930758
-0.008159214630723,-0.00486036716029048,-0.0179164819419384
0.000362901017069817,-0.0080561600625515,-0.00832910370081663
-0.0134855359792709,-0.000599309802055359,0.00764986174181104
0.00249342992901802,-0.0101866889744997,0.0108456546440721
0.00781975127756596,-0.00592563161626458,0.00445406837388873
0.0014281653566286,0.000465954886749387,0.00445406837388873
0.00355869415216148,0.00153121876064688,-0.0317649208009243
0.00781975127756596,0.00685754045844078,-0.00832910370081663
-0.014550800435245,0.00153121876064688,0.0257593542337418
0.00995028018951416,0.00685754045844078,-0.00939436815679073
-0.00283289211802185,-0.00486036716029048,-0.00406804634258151
-0.000702363380696625,-0.00379510293714702,-0.00406804634258151
-0.00496342079713941,0.01964071393013,-0.00832910370081663
0.00888501573354006,-0.0101866889744997,0.00338880415074527
0.00568922283127904,0.0153796579688787,0.0108456546440721
-0.00496342079713941,-0.0187088046222925,-0.00726383971050382
0.00249342992901802,0.00685754045844078,0.00125827570445836
0.00781975127756596,0.00792280491441488,0.00764986174181104
0.00781975127756596,-0.00699089607223868,-0.00300278211943805
0.00995028018951416,-0.00486036716029048,-0.0189817473292351
-0.0102897426113486,0.00792280491441488,-0.00193751766346395
-0.00176762766204774,0.00472701247781515,-0.00513331079855561
0.00568922283127904,-0.00272983848117292,0.00764986174181104
0.00462395837530494,-0.0144477467983961,-0.00726383971050382
-0.018811859190464,0.00579227693378925,0.0183025039732456
0.00888501573354006,0.00898806843906641,-0.00619857525452971
-0.00283289211802185,0.00472701247781515,-0.000872253382112831
0.00888501573354006,0.00685754045844078,-0.00193751766346395
0.0014281653566286,-0.0091214245185256,-0.0136554259806871
-0.0113550070673227,0.0175101850181818,-0.00406804634258151
0.0291250385344028,0.00685754045844078,0.00871512573212385
0.0014281653566286,-0.00486036716029048,-0.00513331079855561
0.0131460726261139,-0.0251003913581371,-0.000872253382112831
-0.00709394970908761,0.00472701247781515,-0.00939436815679073
-0.0209423843771219,-0.000599309802055359,0.0246940907090902
0.00995028018951416,-0.00272983848117292,-0.0136554259806871
-0.008159214630723,0.0228365063667297,0.022563561797142
-0.000702363380696625,0.0100533328950405,0.00445406837388873
-0.00389815680682659,0.00472701247781515,-0.0243080724030733
0.00568922283127904,0.0292280931025743,-0.0104596326127648
-0.00283289211802185,-0.00166457425802946,-0.00939436815679073
0.00249342992901802,-0.0123172178864479,0.00764986174181104
-0.00283289211802185,-0.013382482342422,-0.0104596326127648
-0.00389815680682659,-0.00592563161626458,-0.00832910370081663
0.0014281653566286,-0.019774068146944,-0.00300278211943805
-0.00496342079713941,-0.00486036716029048,0.0172372423112392
0.00675448775291443,0.00792280491441488,-0.0157859530299902
-0.00922447815537453,0.000465954886749387,-0.000872253382112831
0.00462395837530494,0.00579227693378925,-0.000872253382112831
0.00355869415216148,0.00792280491441488,-0.00939436815679073
0.00249342992901802,0.0121838618069887,0.00551933376118541
-0.00709394970908761,-0.0091214245185256,0.00445406837388873
0.014211337082088,0.00792280491441488,0.0257593542337418
-0.00922447815537453,0.0175101850181818,-0.0104596326127648
0.0163418650627136,-0.0091214245185256,-0.0253733359277248
-0.00922447815537453,-0.0144477467983961,0.00125827570445836
0.000362901017069817,0.000465954886749387,0.015106713399291
-0.00389815680682659,0.0143143935129046,0.0364120043814182
-0.0124202715232968,-0.000599309802055359,-0.00406804634258151
0.00355869415216148,0.00579227693378925,0.00658459821715951
0.00888501573354006,-0.0080561600625515,-0.0317649208009243
-0.00283289211802185,0.0143143935129046,0.00658459821715951
-0.000702363380696625,-0.0123172178864479,-0.00193751766346395
-0.00602868525311351,0.000465954886749387,-0.0157859530299902
-0.00709394970908761,0.0249670352786779,-0.00193751766346395
0.00888501573354006,-0.0176435392349958,0.000193011044757441
-0.00922447815537453,0.00472701247781515,0.00871512573212385
-0.0177465938031673,0.00579227693378925,0.00338880415074527
0.014211337082088,-0.0091214245185256,0.000193011044757441
-0.0102897426113486,0.0100533328950405,0.00338880415074527
-0.00176762766204774,0.00898806843906641,0.00125827570445836
0.00355869415216148,-0.0208393335342407,0.00871512573212385
-0.00922447815537453,0.0121838618069887,0.0140414489433169
-0.00389815680682659,0.00579227693378925,-0.00513331079855561
0.0014281653566286,-0.00699089607223868,0.00658459821715951
0.000362901017069817,-0.00379510293714702,-0.00513331079855561
0.0184723939746618,-0.00699089607223868,-0.00726383971050382
-0.00176762766204774,0.0100533328950405,-0.012590161524713
0.00995028018951416,-0.0176435392349958,-0.0317649208009243
-0.00176762766204774,-0.00592563161626458,-0.00619857525452971
0.0110155455768108,0.00898806843906641,0.00764986174181104
-0.000702363380696625,0.0121838618069887,0.0129761835560203
0.00462395837530494,-0.00699089607223868,-0.0168512184172869
-0.00709394970908761,0.0100533328950405,0.0374772660434246
-0.00283289211802185,-0.0144477467983961,-0.0115248970687389
0.0014281653566286,-0.00379510293714702,0.00764986174181104
0.00355869415216148,0.000465954886749387,-0.0168512184172869
-0.00389815680682659,-0.00699089607223868,0.0161719787865877
0.00781975127756596,-0.0208393335342407,-0.0275038629770279
-0.00709394970908761,0.000465954886749387,0.0204330328851938
-0.0198771227151155,0.00472701247781515,-0.0115248970687389
0.0206029266119003,-0.00486036716029048,-0.00939436815679073
0.00568922283127904,-0.0101866889744997,-0.00619857525452971
0.00355869415216148,0.00792280491441488,-0.00832910370081663
-0.008159214630723,0.00153121876064688,-0.00300278211943805
-0.00389815680682659,-0.0123172178864479,0.00125827570445836
0.00249342992901802,-0.00486036716029048,-0.0104596326127648
-0.00176762766204774,0.00685754045844078,0.0353467389941216
0.0227334555238485,-0.0144477467983961,-0.0306996554136276
0.00249342992901802,-0.00166457425802946,0.00125827570445836
-0.00176762766204774,-0.00486036716029048,0.00658459821715951
0.0131460726261139,-0.0080561600625515,-0.00406804634258151
-0.00283289211802185,0.00366174755617976,0.000193011044757441
0.00568922283127904,-0.00699089607223868,0.00125827570445836
-0.00602868525311351,-0.0187088046222925,-0.0275038629770279
0.000362901017069817,0.0153796579688787,0.00232353969477117
-0.00389815680682659,-0.0091214245185256,0.0129761835560203
0.0163418650627136,-0.00166457425802946,0.00871512573212385
0.014211337082088,0.00153121876064688,-0.00300278211943805
-0.0113550070673227,0.0164449214935303,0.000193011044757441
0.0131460726261139,-0.00592563161626458,-0.0104596326127648
0.0110155455768108,0.0164449214935303,0.00871512573212385
-0.00922447815537453,0.00472701247781515,0.00445406837388873
0.00781975127756596,0.00898806843906641,-0.00193751766346395
-0.00709394970908761,-0.0091214245185256,-0.0285691265016794
0.00675448775291443,0.0185754485428333,-0.00726383971050382
0.00249342992901802,-0.0091214245185256,0.0257593542337418
0.00355869415216148,0.00153121876064688,-0.0253733359277248
0.00995028018951416,0.00153121876064688,-0.00406804634258151
-0.0124202715232968,-0.0080561600625515,-0.0136554259806871
-0.00176762766204774,-0.00592563161626458,0.00658459821715951
-0.0124202715232968,0.0164449214935303,-0.00726383971050382
0.00355869415216148,-0.0123172178864479,-0.0104596326127648
-0.00602868525311351,-0.000599309802055359,0.00445406837388873
-0.00176762766204774,0.0164449214935303,0.00445406837388873
0.000362901017069817,0.0025964833330363,0.0129761835560203
0.00355869415216148,-0.0080561600625515,-0.0136554259806871
-0.0102897426113486,0.00685754045844078,0.00445406837388873
0.00355869415216148,0.00579227693378925,0.00232353969477117
0.00995028018951416,-0.00166457425802946,-0.00513331079855561
-0.00283289211802185,-0.0091214245185256,0.00658459821715951
0.0014281653566286,-0.0112519534304738,0.0236288253217936
-0.00176762766204774,-0.00486036716029048,-0.00832910370081663
-0.008159214630723,0.00153121876064688,0.00551933376118541
-0.0156160648912191,-0.000599309802055359,0.00232353969477117
-0.018811859190464,0.00153121876064688,0.00551933376118541
-0.00176762766204774,-0.00592563161626458,-0.00513331079855561
0.000362901017069817,0.00685754045844078,-0.00193751766346395
0.00355869415216148,0.0143143935129046,0.0119109191000462
-0.00922447815537453,-0.00699089607223868,-0.0264385975897312
0.00355869415216148,0.0132491290569305,0.0385425314307213
-0.00283289211802185,-0.00166457425802946,-0.0211122762411833
0.0110155455768108,-0.000599309802055359,-0.0147206904366612
-0.00496342079713941,-0.00272983848117292,0.022563561797142
-0.00389815680682659,-0.00486036716029048,-0.0136554259806871
0.0152766015380621,0.00366174755617976,0.00232353969477117
-0.000702363380696625,-0.00592563161626458,-0.00406804634258151
-0.00176762766204774,0.00153121876064688,0.00338880415074527
-0.00602868525311351,-0.0091214245185256,0.000193011044757441
-0.00602868525311351,0.00472701247781515,0.00551933376118541
0.00462395837530494,-0.00166457425802946,0.00871512573212385
-0.00496342079713941,0.0100533328950405,-0.00832910370081663
0.0110155455768108,-0.000599309802055359,0.00658459821715951
-0.00496342079713941,0.00792280491441488,0.0108456546440721
-0.00709394970908761,0.00792280491441488,-0.00513331079855561
0.00249342992901802,-0.0123172178864479,-0.0243080724030733
0.00995028018951416,-0.00272983848117292,-0.000872253382112831
0.00568922283127904,-0.00592563161626458,-0.012590161524713
0.00781975127756596,-0.00379510293714702,0.00551933376118541
-0.0209423843771219,0.0100533328950405,-0.00406804634258151
0.00249342992901802,-0.0176435392349958,0.00338880415074527
0.00888501573354006,0.00472701247781515,-0.00513331079855561
0.00355869415216148,0.0025964833330363,0.0193677674978971
-0.000702363380696625,0.00579227693378925,0.00978039018809795
0.00249342992901802,-0.000599309802055359,0.0183025039732456
0.00568922283127904,-0.0080561600625515,-0.00406804634258151
-0.00283289211802185,-0.0080561600625515,-0.00193751766346395
-0.0198771227151155,-0.00272983848117292,-0.00300278211943805
0.00462395837530494,0.00366174755617976,-0.00832910370081663
0.014211337082088,-0.0123172178864479,0.0119109191000462
-0.000702363380696625,-0.00166457425802946,0.00658459821715951
-0.0124202715232968,-0.00486036716029048,0.0183025039732456
-0.0102897426113486,-0.0091214245185256,-0.0275038629770279
0.00568922283127904,-0.00486036716029048,0.0140414489433169
0.0014281653566286,0.0175101850181818,-0.00939436815679073
-0.00389815680682659,-0.0165782757103443,-0.00300278211943805
-0.00709394970908761,0.000465954886749387,0.00551933376118541
-0.000702363380696625,-0.000599309802055359,-0.00726383971050382
0.0014281653566286,-0.0091214245185256,-0.0168512184172869
0.00355869415216148,-0.00379510293714702,0.00338880415074527
-0.0113550070673227,0.00685754045844078,-0.00619857525452971
-0.00602868525311351,0.00472701247781515,0.00978039018809795
0.00568922283127904,0.00579227693378925,0.00338880415074527
-0.000702363380696625,0.00153121876064688,-0.0115248970687389
-0.00176762766204774,-0.0144477467983961,-0.00406804634258151
0.000362901017069817,0.00472701247781515,0.0140414489433169
-0.0124202715232968,-0.00166457425802946,0.00978039018809795
-0.00283289211802185,0.00792280491441488,0.00764986174181104
0.00462395837530494,-0.0080561600625515,-0.00832910370081663
0.014211337082088,0.00472701247781515,-0.00726383971050382
-0.0220076497644186,0.00898806843906641,0.0129761835560203
-0.000702363380696625,-0.00272983848117292,-0.00300278211943805
0.0184723939746618,0.0025964833330363,-0.0434828288853169
-0.00176762766204774,-0.019774068146944,0.00871512573212385
0.00462395837530494,0.00472701247781515,0.00445406837388873
0.00781975127756596,-0.013382482342422,0.00551933376118541
-0.00709394970908761,0.00685754045844078,-0.00193751766346395
0.000362901017069817,0.00472701247781515,-0.00300278211943805
0.00995028018951416,0.00579227693378925,-0.0115248970687389
-0.00176762766204774,0.00579227693378925,0.00978039018809795
-0.008159214630723,0.000465954886749387,-0.000872253382112831
0.00995028018951416,-0.0123172178864479,-0.0115248970687389
-0.00496342079713941,-0.0080561600625515,0.00232353969477117
0.00568922283127904,0.00366174755617976,-0.0243080724030733
-0.00283289211802185,-0.0080561600625515,-0.0147206904366612
0.00462395837530494,0.00153121876064688,0.00445406837388873
-0.00105732679367065,-0.00304301315918565,-0.00189135037362576
-0.00212259124964476,0.0140012176707387,-0.010413465090096
0.00959531776607037,0.00334857287816703,0.00556550128385425
-0.00638364860787988,-0.00517354207113385,0.0236749947071075
-0.00744891306385398,-0.00943459942936897,0.00556550128385425
0.0117258466780186,-0.00943459942936897,-0.0178703162819147
-0.00212259124964476,0.00974015891551971,0.011957086622715
-0.00851417798548937,0.00334857287816703,0.0215444657951593
0.018117431551218,-0.00730407098308206,-0.0221313741058111
-0.00638364860787988,0.00547910248860717,0.00982655771076679
7.93753315520007E-06,0.000152780135977082,0.00769602879881859
-0.00105732679367065,0.00121804408263415,0.000239178392803296
-0.00318785547278821,0.00760963000357151,0.00556550128385425
-0.00425312016159296,0.00760963000357151,-0.0114787295460701
7.93753315520007E-06,-0.0158261861652136,0.00236970698460937
-0.00212259124964476,0.00334857287816703,0.0140876164659858
-0.0117099704220891,0.0118706878274679,0.00556550128385425
0.00639952393248677,-0.0136956572532654,-0.016805050894618
-0.0117099704220891,-0.0232830382883549,0.0194139368832111
0.00426899502053857,0.00228330842219293,-0.0157397873699665
-0.00744891306385398,0.000152780135977082,0.0108918221667409
-0.00318785547278821,0.00228330842219293,-0.00508714327588677
-0.00212259124964476,0.00228330842219293,-0.0093482006341219
-0.00531838415190578,-0.00836933497339487,0.00769602879881859
-0.00531838415190578,-0.00304301315918565,-0.00189135037362576
0.00107320188544691,0.00121804408263415,0.0140876164659858
7.93753315520007E-06,-0.0104998638853431,0.000239178392803296
-0.00957944244146347,0.00121804408263415,-0.0114787295460701
0.0149216381832957,-0.0200872421264648,0.0140876164659858
-0.00318785547278821,0.00121804408263415,-0.00295661459676921
-0.0127752348780632,0.0171970091760159,0.00769602879881859
0.0117258466780186,-0.00410827761515975,0.00769602879881859
-0.0159710273146629,0.00334857287816703,-0.0114787295460701
0.0138563737273216,0.000152780135977082,-0.00295661459676921
-0.0117099704220891,-0.00517354207113385,-0.00295661459676921
0.00533425947651267,0.0118706878274679,0.000239178392803296
0.0149216381832957,-0.0264788307249546,-0.0136092584580183
0.00746478792279959,0.00441383803263307,-0.00189135037362576
-0.0149057637900114,-0.00197774893604219,0.00343497144058347
0.00213846634142101,0.00228330842219293,-0.00402187928557396
-0.00638364860787988,0.0161317475140095,-0.0114787295460701
-0.00425312016159296,-0.0115651283413172,0.0268707871437073
0.0159869026392698,-0.000912484538275749,-0.00508714327588677
-0.0138404993340373,-0.00836933497339487,0.00343497144058347
-0.00744891306385398,0.0108054233714938,-0.00189135037362576
0.0159869026392698,-0.00943459942936897,0.0108918221667409
-0.00851417798548937,-0.000912484538275749,-0.00721767218783498
-0.0191668216139078,0.00974015891551971,-0.000826086034066975
0.00107320188544691,-0.00304301315918565,0.00556550128385425
0.00320373079739511,-0.0104998638853431,0.00769602879881859
0.00107320188544691,-0.027544092386961,-0.00402187928557396
-0.00638364860787988,0.0161317475140095,0.00450023543089628
-0.0159710273146629,-0.00410827761515975,0.00236970698460937
0.0106605822220445,-0.00517354207113385,0.00769602879881859
-0.00638364860787988,0.00654436554759741,0.000239178392803296
-0.00212259124964476,-0.00197774893604219,-0.000826086034066975
0.00320373079739511,-0.00410827761515975,0.00769602879881859
-0.010644705966115,0.00334857287816703,0.0183486714959145
7.93753315520007E-06,-0.0158261861652136,-0.0125439940020442
0.00107320188544691,0.0182622727006674,0.0204792004078627
7.93753315520007E-06,0.00654436554759741,-0.0157397873699665
0.0138563737273216,0.0140012176707387,0.00130444311071187
0.00107320188544691,0.0118706878274679,0.00130444311071187
-0.0138404993340373,-0.00517354207113385,-0.000826086034066975
0.00107320188544691,-0.0115651283413172,0.0130223510786891
0.00746478792279959,0.0203928016126156,-0.0114787295460701
-0.00851417798548937,0.0129359532147646,0.0130223510786891
-0.010644705966115,0.00121804408263415,0.00769602879881859
0.0106605822220445,-0.00730407098308206,-0.00402187928557396
-0.00212259124964476,-0.00730407098308206,-0.00721767218783498
0.0138563737273216,-0.00304301315918565,0.000239178392803296
-0.00744891306385398,0.00867489445954561,0.0140876164659858
-0.00957944244146347,-0.00517354207113385,-0.00402187928557396
-0.00957944244146347,0.000152780135977082,0.00450023543089628
0.00533425947651267,-0.0158261861652136,0.000239178392803296
-0.00105732679367065,0.00441383803263307,0.00343497144058347
-0.0149057637900114,0.0140012176707387,0.00769602879881859
0.0127911092713475,0.00228330842219293,-0.00828293617814779
-0.0149057637900114,0.00974015891551971,0.00769602879881859
-0.00531838415190578,0.00547910248860717,0.00130444311071187
-0.00318785547278821,-0.00623880652710795,0.00450023543089628
7.93753315520007E-06,0.00334857287816703,-0.0285229589790106
-0.00105732679367065,-0.0115651283413172,0.0140876164659858
0.00426899502053857,-0.0115651283413172,-0.000826086034066975
-0.00105732679367065,-0.00410827761515975,-0.0157397873699665
-0.00105732679367065,0.0129359532147646,0.0162181463092566
0.0106605822220445,-0.0147609217092395,-0.00828293617814779
-0.0276889353990555,0.0150664821267128,0.000239178392803296
0.00213846634142101,-0.000912484538275749,0.00876129325479269
-0.00105732679367065,-0.0126303927972913,0.0130223510786891
-0.00425312016159296,0.00974015891551971,-0.0189355816692114
-0.0117099704220891,-0.00623880652710795,0.011957086622715
0.0106605822220445,0.00228330842219293,0.00556550128385425
-0.00318785547278821,-0.00517354207113385,0.00663076573982835
0.00426899502053857,0.00334857287816703,-0.0178703162819147
0.00533425947651267,-0.00197774893604219,-0.0231966394931078
-0.00957944244146347,0.00121804408263415,0.0162181463092566
-0.00318785547278821,-0.00623880652710795,-0.0231966394931078
0.00426899502053857,0.00867489445954561,0.0108918221667409
0.00746478792279959,-0.00730407098308206,-0.00828293617814779
-0.00212259124964476,0.00760963000357151,-0.00295661459676921
-0.00318785547278821,-0.00836933497339487,-0.0157397873699665
-0.0202320870012045,-0.0104998638853431,0.011957086622715
0.00853005237877369,-0.00623880652710795,0.00450023543089628
-0.00318785547278821,0.0171970091760159,0.0215444657951593
-0.00212259124964476,-0.00517354207113385,-0.0146745229139924
0.00107320188544691,-0.00623880652710795,-0.00295661459676921
-0.0191668216139078,0.0193275380879641,0.0183486714959145
0.00746478792279959,-0.0104998638853431,-0.0210661105811596
0.00746478792279959,0.00974015891551971,0.00343497144058347
0.00107320188544691,-0.0136956572532654,-0.0114787295460701
-0.0127752348780632,0.0118706878274679,-0.010413465090096
7.93753315520007E-06,-0.0115651283413172,-0.0093482006341219
0.00533425947651267,-0.00410827761515975,0.00130444311071187
0.00107320188544691,-0.00304301315918565,0.00769602879881859
0.00959531776607037,-0.0126303927972913,-0.0136092584580183
-0.00212259124964476,-0.00197774893604219,-0.00615240773186088
0.00320373079739511,-0.00517354207113385,0.0140876164659858
-0.00105732679367065,0.00121804408263415,-0.0136092584580183
0.00213846634142101,0.00547910248860717,0.00130444311071187
0.00107320188544691,0.00334857287816703,0.0194139368832111
0.00320373079739511,0.000152780135977082,-0.00295661459676921
0.0117258466780186,0.00760963000357151,0.000239178392803296
0.0127911092713475,-0.0147609217092395,-0.00508714327588677
-0.0212973486632109,-0.0126303927972913,-0.000826086034066975
0.00639952393248677,-0.00304301315918565,-0.016805050894618
-0.010644705966115,0.00760963000357151,0.0108918221667409
0.0106605822220445,0.0118706878274679,-0.00615240773186088
-0.00744891306385398,0.000152780135977082,-0.00615240773186088
0.00426899502053857,0.000152780135977082,-0.025327168405056
0.00533425947651267,0.0108054233714938,-0.00828293617814779
-0.00105732679367065,-0.00836933497339487,-0.0136092584580183
-0.00744891306385398,-0.00304301315918565,-0.000826086034066975
0.00320373079739511,-0.00197774893604219,0.00556550128385425
-0.0127752348780632,-0.00197774893604219,-0.00721767218783498
7.93753315520007E-06,-0.00517354207113385,0.00663076573982835
0.0106605822220445,0.0108054233714938,-0.00828293617814779
-0.00744891306385398,0.0171970091760159,0.0130223510786891
0.023443752899766,-0.0126303927972913,-0.010413465090096
-0.0159710273146629,0.000152780135977082,-0.0093482006341219
-0.0117099704220891,0.0161317475140095,0.0183486714959145
0.00426899502053857,-0.0115651283413172,0.00450023543089628
-0.00638364860787988,0.0161317475140095,-0.0114787295460701
-0.00531838415190578,-0.00197774893604219,-0.0114787295460701
0.00959531776607037,-0.00517354207113385,0.0172834098339081
-0.0212973486632109,-0.00197774893604219,-0.00828293617814779
-0.00105732679367065,0.0118706878274679,0.00450023543089628
-0.00638364860787988,-0.00623880652710795,0.0130223510786891
-0.00638364860787988,0.00867489445954561,0.0108918221667409
-0.00425312016159296,-0.00410827761515975,0.0172834098339081
-0.0202320870012045,0.0108054233714938,-0.0274576935917139
0.0106605822220445,-0.00517354207113385,-0.00189135037362576
-0.00212259124964476,-0.00197774893604219,-0.0189355816692114
0.00639952393248677,0.0108054233714938,-0.000826086034066975
0.0106605822220445,-0.00943459942936897,0.00130444311071187
-0.00105732679367065,0.00654436554759741,0.00769602879881859
0.00959531776607037,-0.0168914496898651,0.00236970698460937
-0.00531838415190578,0.000152780135977082,-0.00402187928557396
0.00959531776607037,-0.00517354207113385,-0.0093482006341219
-0.00531838415190578,0.00547910248860717,-0.0093482006341219
-0.010644705966115,-0.0115651283413172,0.00556550128385425
0.00746478792279959,0.00974015891551971,0.0215444657951593
-0.00638364860787988,-0.00410827761515975,-0.0093482006341219
0.00213846634142101,-0.00304301315918565,0.00450023543089628
-0.00638364860787988,0.00867489445954561,-0.00721767218783498
0.0170521680265665,-0.0126303927972913,0.00556550128385425
0.00320373079739511,0.0118706878274679,0.0130223510786891
0.00426899502053857,-0.022217771038413,-0.0136092584580183
7.93753315520007E-06,0.00121804408263415,0.0130223510786891
-0.00851417798548937,0.0108054233714938,-0.00295661459676921
0.00107320188544691,-0.0200872421264648,-0.00615240773186088
-0.00318785547278821,0.0140012176707387,0.00236970698460937
-0.0117099704220891,-0.0147609217092395,-0.0189355816692114
-0.00851417798548937,0.000152780135977082,0.00236970698460937
0.00533425947651267,0.00654436554759741,-0.00615240773186088
-0.00105732679367065,-0.00304301315918565,0.00876129325479269
-0.0117099704220891,-0.00304301315918565,0.00663076573982835
0.00426899502053857,-0.00943459942936897,-0.00402187928557396
0.00853005237877369,-0.0115651283413172,-0.0210661105811596
-0.00212259124964476,0.00441383803263307,0.00450023543089628
-0.00212259124964476,-0.0190219767391682,-0.00402187928557396
0.00426899502053857,0.0161317475140095,0.0194139368832111
7.93753315520007E-06,0.00867489445954561,-0.0285229589790106
-0.00744891306385398,0.00334857287816703,0.000239178392803296
0.00107320188544691,0.0140012176707387,-0.0178703162819147
0.00426899502053857,0.00121804408263415,0.0311318468302488
-0.00531838415190578,-0.00517354207113385,0.00556550128385425
0.00426899502053857,0.00760963000357151,-0.0136092584580183
-0.00851417798548937,-0.00623880652710795,0.0268707871437073
0.00213846634142101,-0.00197774893604219,-0.025327168405056
0.00853005237877369,0.000152780135977082,-0.010413465090096
-0.00957944244146347,-0.00410827761515975,-0.0093482006341219
-0.00744891306385398,0.00547910248860717,0.000239178392803296
-0.00105732679367065,-0.0126303927972913,-0.010413465090096
0.00107320188544691,-0.00623880652710795,0.0183486714959145
-0.00425312016159296,-0.0126303927972913,-0.00508714327588677
-0.00851417798548937,-0.00197774893604219,0.0226097293198109
0.0106605822220445,0.000152780135977082,-0.00828293617814779
-0.0127752348780632,-0.0104998638853431,-0.00295661459676921
0.0170521680265665,0.00228330842219293,-0.00615240773186088
-0.0127752348780632,0.0118706878274679,0.0172834098339081
0.00426899502053857,0.00121804408263415,0.00450023543089628
-0.00105732679367065,0.00228330842219293,-0.0136092584580183
0.00320373079739511,0.000152780135977082,-0.00508714327588677
-0.00212259124964476,0.00441383803263307,0.00556550128385425
-0.00212259124964476,-0.0147609217092395,0.00982655771076679
0.00853005237877369,0.0331759788095951,-0.0242619030177593
-0.00318785547278821,-0.0104998638853431,0.0108918221667409
-0.00638364860787988,0.0118706878274679,0.00130444311071187
0.00426899502053857,0.0140012176707387,-0.000826086034066975
0.00107320188544691,-0.00197774893604219,-0.00615240773186088
7.93753315520007E-06,-0.000912484538275749,0.0108918221667409
0.00533425947651267,0.00121804408263415,-0.0231966394931078
-0.00425312016159296,0.00121804408263415,0.00982655771076679
0.00639952393248677,-0.00410827761515975,-0.00402187928557396
-0.00744891306385398,0.0150664821267128,-0.00295661459676921
0.00426899502053857,-0.0168914496898651,0.000239178392803296
0.00320373079739511,0.000152780135977082,0.00556550128385425
0.0106605822220445,0.00547910248860717,-0.00828293617814779
-0.0138404993340373,-0.000912484538275749,0.00236970698460937
0.00320373079739511,0.00867489445954561,-0.016805050894618
-0.0138404993340373,-0.0136956572532654,-0.00189135037362576
0.00853005237877369,-0.00197774893604219,-0.00508714327588677
0.00107320188544691,-0.0147609217092395,-0.00615240773186088
0.00107320188544691,0.00228330842219293,-0.0306534878909588
0.00853005237877369,-0.00304301315918565,0.00769602879881859
-0.00744891306385398,-0.0232830382883549,-0.0317187532782555
0.0127911092713475,0.00441383803263307,-0.0157397873699665
-0.010644705966115,0.00974015891551971,-0.0093482006341219
-0.00318785547278821,0.00441383803263307,-0.00295661459676921
0.00320373079739511,-0.0126303927972913,0.00343497144058347
0.00213846634142101,0.00547910248860717,-0.00189135037362576
-0.0127752348780632,-0.00197774893604219,0.0364581681787968
0.00320373079739511,-0.00623880652710795,-0.0189355816692114
-0.00105732679367065,0.0129359532147646,0.0162181463092566
-0.00105732679367065,0.00760963000357151,-0.00508714327588677
0.00639952393248677,-0.0126303927972913,0.00236970698460937
-0.00212259124964476,0.0203928016126156,-0.00295661459676921
-0.00957944244146347,-0.00943459942936897,-0.00402187928557396
-0.00531838415190578,0.00121804408263415,0.00130444311071187
0.0127911092713475,-0.00836933497339487,0.00450023543089628
-0.0223626140505075,0.0118706878274679,0.0151528809219599
0.00746478792279959,0.00334857287816703,-0.00295661459676921
0.00959531776607037,-0.00517354207113385,0.00236970698460937
-0.00744891306385398,0.0161317475140095,0.000239178392803296
0.0117258466780186,-0.00304301315918565,-0.00295661459676921
0.00107320188544691,0.00228330842219293,0.00663076573982835
-0.00425312016159296,0.00547910248860717,0.0130223510786891
0.00320373079739511,-0.00623880652710795,-0.0125439940020442
-0.00531838415190578,-0.00623880652710795,0.00450023543089628
0.00853005237877369,-0.00517354207113385,-0.0178703162819147
0.00107320188544691,0.00334857287816703,-0.00508714327588677
0.0213132258504629,-0.00943459942936897,0.00236970698460937
-0.00425312016159296,-0.000912484538275749,-0.0146745229139924
-0.0159710273146629,-0.00836933497339487,0.0290013160556555
0.0117258466780186,-0.00410827761515975,0.00343497144058347
-0.00212259124964476,-0.00517354207113385,0.00556550128385425
-0.00212259124964476,0.00334857287816703,0.00130444311071187
-0.00744891306385398,0.00228330842219293,-0.000826086034066975
0.00320373079739511,-0.00943459942936897,0.0108918221667409
-0.0170362927019596,0.000152780135977082,0.00343497144058347
-0.00318785547278821,-0.0147609217092395,-0.00295661459676921
-0.00851417798548937,-0.00836933497339487,0.00556550128385425
0.00533425947651267,-0.00836933497339487,0.00236970698460937
0.00213846634142101,0.00441383803263307,-0.00189135037362576
-0.0170362927019596,-0.000912484538275749,0.00982655771076679
-0.00105732679367065,-0.00623880652710795,0.011957086622715
-0.0117099704220891,0.00121804408263415,-0.010413465090096
0.0170521680265665,-0.00410827761515975,-0.000826086034066975
-0.0191668216139078,-0.00304301315918565,0.00343497144058347
0.00426899502053857,-0.00197774893604219,0.0130223510786891
-0.0127752348780632,0.00121804408263415,0.00663076573982835
0.00746478792279959,0.00121804408263415,-0.000826086034066975
0.0149216381832957,0.00547910248860717,0.00982655771076679
0.00107320188544691,-0.00304301315918565,-0.00615240773186088
-0.0202320870012045,0.00760963000357151,0.00343497144058347
-0.00957944244146347,-0.000912484538275749,-0.00615240773186088
-0.00744891306385398,-0.00410827761515975,0.00769602879881859
0.0106605822220445,0.00760963000357151,0.00130444311071187
-0.00105732679367065,-0.00410827761515975,0.000239178392803296
-0.0138404993340373,0.00760963000357151,-0.00615240773186088
-0.00318785547278821,-0.00304301315918565,0.033262375742197
-0.00105732679367065,0.000152780135977082,-0.016805050894618
0.00853005237877369,0.0171970091760159,0.000239178392803296
-0.0117099704220891,0.00121804408263415,0.0204792004078627
0.00853005237877369,0.00867489445954561,-0.00295661459676921
0.00746478792279959,-0.00517354207113385,-0.00721767218783498
-0.00318785547278821,0.0150664821267128,-0.00828293617814779
-0.00957944244146347,-0.00943459942936897,-0.00402187928557396
0.00213846634142101,0.00547910248860717,0.00130444311071187
0.00959531776607037,-0.0158261861652136,0.000239178392803296
-0.00638364860787988,0.00441383803263307,0.0258055236190557
0.00746478792279959,-0.00623880652710795,-0.0157397873699665
0.00213846634142101,-0.00304301315918565,-0.00402187928557396
0.0149216381832957,-0.00410827761515975,0.0194139368832111
-0.0138404993340373,0.0108054233714938,-0.00721767218783498
-0.00851417798548937,0.00654436554759741,0.00343497144058347
-0.00212259124964476,0.00760963000357151,-0.0178703162819147
0.00107320188544691,-0.00943459942936897,0.0172834098339081
0.00639952393248677,-0.00517354207113385,0.000239178392803296
-0.0149057637900114,0.000152780135977082,-0.0125439940020442
0.00426899502053857,-0.00410827761515975,-0.0242619030177593
0.00107320188544691,-0.00623880652710795,0.0247402582317591
-0.00105732679367065,-0.00197774893604219,0.0226097293198109
-0.00638364860787988,-0.000912484538275749,0.011957086622715
-0.0127752348780632,0.000152780135977082,-0.00189135037362576
0.00426899502053857,0.00547910248860717,0.00130444311071187
0.00213846634142101,-0.0104998638853431,0.00450023543089628
-0.00105732679367065,0.0225233305245638,-0.0114787295460701
-0.00531838415190578,0.0161317475140095,-0.00402187928557396
0.0149216381832957,-0.000912484538275749,-0.0157397873699665
0.00426899502053857,0.00867489445954561,0.00343497144058347
-0.0181015580892563,-0.00197774893604219,0.0204792004078627
0.00639952393248677,-0.0168914496898651,-0.0274576935917139
-0.00638364860787988,0.00228330842219293,0.00663076573982835
-0.00744891306385398,0.0161317475140095,0.00450023543089628
0.0127911092713475,0.00441383803263307,-0.0370450727641582
-0.0223626140505075,0.00121804408263415,0.0151528809219599
0.0245090182870626,-0.00410827761515975,-0.0146745229139924
0.00213846634142101,-0.0104998638853431,0.011957086622715
0.00426899502053857,-0.00730407098308206,-0.0114787295460701
-0.00744891306385398,-0.00197774893604219,-0.00828293617814779
0.00213846634142101,0.0108054233714938,0.0108918221667409
-0.010644705966115,0.00654436554759741,0.0108918221667409
-0.010644705966115,-0.00410827761515975,-0.00828293617814779
7.93753315520007E-06,0.00654436554759741,0.0130223510786891
-0.010644705966115,0.00547910248860717,-0.0136092584580183
-0.0127752348780632,0.00334857287816703,0.000239178392803296
0.0106605822220445,-0.0104998638853431,0.00982655771076679
-0.00744891306385398,0.00334857287816703,-0.00615240773186088
0.00320373079739511,-0.00517354207113385,0.0162181463092566
0.00853005237877369,0.00760963000357151,0.00769602879881859
-0.00318785547278821,-0.00517354207113385,-0.0189355816692114
-0.0117099704220891,-0.00836933497339487,0.00343497144058347
-0.00531838415190578,-0.0136956572532654,0.00450023543089628
-0.0255584064871073,-0.00517354207113385,0.00982655771076679
0.00853005237877369,0.000152780135977082,-0.00721767218783498
-0.0159710273146629,-0.0136956572532654,0.00982655771076679
7.93753315520007E-06,0.00228330842219293,0.00236970698460937
0.0117258466780186,0.0203928016126156,-0.00508714327588677
-0.0138404993340373,-0.0115651283413172,0.00236970698460937
0.0138563737273216,-0.00410827761515975,0.0108918221667409
-0.00212259124964476,0.000152780135977082,0.0140876164659858
-0.00851417798548937,0.0118706878274679,-0.0285229589790106
0.00107320188544691,-0.00517354207113385,0.00663076573982835
0.00213846634142101,-0.000912484538275749,0.00876129325479269
-0.00105732679367065,0.000152780135977082,-0.000826086034066975
-0.0127752348780632,0.00974015891551971,-0.00615240773186088
0.0106605822220445,-0.00304301315918565,-0.00402187928557396
0.00746478792279959,-0.00943459942936897,0.00450023543089628
-0.00531838415190578,-0.00517354207113385,0.00982655771076679
0.0106605822220445,-0.0126303927972913,-0.016805050894618
-0.00531838415190578,-0.00197774893604219,0.00556550128385425
0.00746478792279959,0.00228330842219293,-0.0146745229139924
0.00426899502053857,-0.000912484538275749,0.00450023543089628
0.018117431551218,0.00121804408263415,-0.0178703162819147
-0.0159710273146629,0.000152780135977082,0.011957086622715
-0.0255584064871073,0.00228330842219293,0.0130223510786891
0.0138563737273216,-0.0136956572532654,0.00982655771076679
0.00213846634142101,-0.00517354207113385,-0.000826086034066975
0.00213846634142101,-0.0168914496898651,0.00982655771076679
-0.00638364860787988,0.00121804408263415,-0.0146745229139924
0.00533425947651267,-0.000912484538275749,0.0140876164659858
-0.00425312016159296,-0.000912484538275749,0.0151528809219599
-0.00851417798548937,-0.00623880652710795,-0.0221313741058111
0.0159869026392698,0.00760963000357151,0.011957086622715
-0.0223626140505075,-0.000912484538275749,-0.0093482006341219
0.0117258466780186,-0.000912484538275749,0.0215444657951593
-0.00957944244146347,-0.00517354207113385,-0.00721767218783498
0.00533425947651267,-0.00197774893604219,0.00130444311071187
0.00853005237877369,-0.00304301315918565,-0.00721767218783498
-0.00105732679367065,0.00547910248860717,-0.00828293617814779
0.00426899502053857,-0.00410827761515975,-0.0263924300670624
-0.00638364860787988,0.0225233305245638,0.027936052531004
0.00533425947651267,-0.0136956572532654,0.00343497144058347
0.00639952393248677,-0.00943459942936897,-0.0125439940020442
-0.0117099704220891,-0.00517354207113385,0.00982655771076679
0.00426899502053857,0.00760963000357151,-0.00295661459676921
0.0117258466780186,-0.00517354207113385,0.0108918221667409
-0.00425312016159296,0.00441383803263307,0.011957086622715
-0.00105732679367065,0.00974015891551971,0.00769602879881859
-0.0255584064871073,0.0225233305245638,0.00450023543089628
0.00853005237877369,-0.0115651283413172,-0.00828293617814779
-0.00425312016159296,0.00760963000357151,0.0268707871437073
0.00213846634142101,-0.0115651283413172,-0.0114787295460701
-0.00212259124964476,0.000152780135977082,-0.00508714327588677
-0.00212259124964476,-0.00410827761515975,0.00556550128385425
7.93753315520007E-06,0.00547910248860717,0.000239178392803296
0.0170521680265665,0.0129359532147646,0.00769602879881859
-0.0212973486632109,-0.0115651283413172,-0.00615240773186088
0.0149216381832957,-0.0115651283413172,-0.0093482006341219
0.00959531776607037,-0.00517354207113385,0.0140876164659858
0.00426899502053857,0.00121804408263415,0.0215444657951593
-0.0191668216139078,0.00760963000357151,0.000239178392803296
0.00320373079739511,0.00441383803263307,0.00663076573982835
-0.00212259124964476,0.0129359532147646,-0.00615240773186088
0.00320373079739511,0.00441383803263307,-0.0157397873699665
-0.00318785547278821,-0.0179567132145166,0.00556550128385425
0.00213846634142101,-0.00836933497339487,0.0172834098339081
0.0138563737273216,0.00867489445954561,-0.010413465090096
-0.0170362927019596,0.00760963000357151,0.000239178392803296
-0.010644705966115,-0.0136956572532654,-0.0136092584580183
-0.0170362927019596,0.00334857287816703,-0.00508714327588677
0.00853005237877369,0.00760963000357151,-0.0242619030177593
-0.00851417798548937,-0.00517354207113385,0.0194139368832111
0.00533425947651267,-0.00623880652710795,-0.0221313741058111
0.00959531776607037,0.00441383803263307,0.00343497144058347
-0.0181015580892563,0.0118706878274679,0.00236970698460937
0.00426899502053857,-0.0104998638853431,-0.010413465090096
-0.00212259124964476,0.0171970091760159,0.0108918221667409
7.93753315520007E-06,-0.00304301315918565,0.00236970698460937
-0.00425312016159296,0.00867489445954561,-0.00295661459676921
-0.010644705966115,-0.00410827761515975,0.00663076573982835
-0.010644705966115,-0.0136956572532654,-0.00402187928557396
0.00533425947651267,-0.00197774893604219,-0.0125439940020442
-0.00318785547278821,-0.00410827761515975,0.0140876164659858
0.0149216381832957,0.00121804408263415,0.00343497144058347
-0.0117099704220891,-0.00517354207113385,-0.00828293617814779
-0.00105732679367065,-0.00304301315918565,0.011957086622715
0.00639952393248677,-0.0104998638853431,0.00130444311071187
-0.00744891306385398,0.00654436554759741,-0.00828293617814779
0.00107320188544691,-0.0136956572532654,0.000239178392803296
-0.0181015580892563,0.0161317475140095,0.0183486714959145
0.0170521680265665,-0.00730407098308206,-0.0114787295460701
-0.00318785547278821,0.00654436554759741,-0.0093482006341219
0.0117258466780186,-0.0168914496898651,-0.00508714327588677
-0.0159710273146629,0.0161317475140095,0.0162181463092566
0.00213846634142101,-0.0158261861652136,-0.0114787295460701
-0.00212259124964476,0.00974015891551971,0.0236749947071075
-0.026623671874404,-0.00943459942936897,0.00982655771076679
0.0106605822220445,0.024653859436512,-0.0136092584580183
-0.00851417798548937,0.00654436554759741,0.0204792004078627
0.00426899502053857,-0.0179567132145166,-0.00402187928557396
-0.00531838415190578,-0.00197774893604219,-0.00828293617814779
0.00639952393248677,-0.00410827761515975,0.00663076573982835
0.00107320188544691,0.00441383803263307,-0.0178703162819147
0.0117258466780186,0.00760963000357151,-0.0125439940020442
-0.00957944244146347,-0.00730407098308206,0.000239178392803296
0.00426899502053857,0.00121804408263415,-0.000826086034066975
0.00639952393248677,-0.00517354207113385,0.00343497144058347
-0.00318785547278821,0.00867489445954561,-0.000826086034066975
0.0106605822220445,-0.0115651283413172,-0.0157397873699665
0.00746478792279959,-0.00410827761515975,-0.00828293617814779
-0.00318785547278821,-0.00517354207113385,-0.00402187928557396
7.93753315520007E-06,-0.0168914496898651,0.00343497144058347
7.93753315520007E-06,0.000152780135977082,0.0300665814429522
-0.00531838415190578,-0.00410827761515975,-0.00828293617814779
-0.0117099704220891,0.000152780135977082,0.00556550128385425
0.018117431551218,-0.0190219767391682,-0.010413465090096
0.00639952393248677,-0.000912484538275749,0.0140876164659858
0.00213846634142101,0.0161317475140095,0.00130444311071187
-0.00957944244146347,-0.0158261861652136,0.00130444311071187
0.00533425947651267,-0.00836933497339487,-0.0125439940020442
0.00426899502053857,0.0118706878274679,0.0108918221667409
-0.010644705966115,-0.00197774893604219,-0.00615240773186088
0.00853005237877369,-0.00730407098308206,0.0162181463092566
-0.00425312016159296,-0.00836933497339487,-0.0263924300670624
0.00426899502053857,0.00760963000357151,0.00556550128385425
0.0170521680265665,0.00867489445954561,-0.00402187928557396
-0.00105732679367065,-0.00410827761515975,-0.0263924300670624
-0.00212259124964476,-0.00836933497339487,0.0268707871437073
0.00107320188544691,0.00760963000357151,-0.0200008451938629
0.00320373079739511,0.00760963000357151,0.0215444657951593
0.00320373079739511,0.00334857287816703,-0.0093482006341219
0.0106605822220445,0.0140012176707387,-0.010413465090096
0.00107320188544691,-0.00410827761515975,0.00450023543089628
-0.00957944244146347,0.00547910248860717,0.00450023543089628
0.00533425947651267,0.0108054233714938,0.000239178392803296
-0.00744891306385398,-0.00410827761515975,-0.0221313741058111
0.00213846634142101,-0.00304301315918565,-0.000826086034066975
-0.00318785547278821,-0.00517354207113385,-0.000826086034066975
-0.0159710273146629,-0.000912484538275749,0.00236970698460937
-0.00105732679367065,0.000152780135977082,0.00343497144058347
-0.00744891306385398,0.00441383803263307,-0.00615240773186088
-0.00425312016159296,-0.00410827761515975,0.00876129325479269
-0.00638364860787988,-0.00836933497339487,-0.016805050894618
0.00107320188544691,0.00441383803263307,0.00236970698460937
0.00959531776607037,-0.0147609217092395,0.0130223510786891
-0.00212259124964476,0.0203928016126156,-0.0157397873699665
0.00107320188544691,-0.0136956572532654,0.00663076573982835
-0.00638364860787988,0.00760963000357151,-0.00508714327588677
-0.00531838415190578,0.00441383803263307,0.00982655771076679
0.0127911092713475,-0.00197774893604219,-0.0125439940020442
0.00320373079739511,-0.00623880652710795,0.00450023543089628
-0.00744891306385398,-0.0104998638853431,-0.00189135037362576
-0.0138404993340373,0.000152780135977082,0.0108918221667409
0.0170521680265665,0.00760963000357151,-0.00295661459676921
-0.00425312016159296,0.00228330842219293,0.00876129325479269
-0.00957944244146347,0.00228330842219293,0.0130223510786891
7.93753315520007E-06,-0.00517354207113385,-0.0114787295460701
-0.0117099704220891,0.0129359532147646,0.0353929027915001
0.0149216381832957,-0.0147609217092395,-0.025327168405056
0.00426899502053857,-0.00623880652710795,0.00450023543089628
-0.00851417798548937,0.00867489445954561,0.00130444311071187
0.00746478792279959,0.000152780135977082,-0.000826086034066975
0.00213846634142101,-0.0190219767391682,-0.00402187928557396
-0.00105732679367065,0.0150664821267128,0.00663076573982835
-0.00318785547278821,-0.0179567132145166,0.00236970698460937
-0.00425312016159296,-0.00730407098308206,0.00343497144058347
-0.0138404993340373,0.0129359532147646,0.0151528809219599
0.0127911092713475,-0.0168914496898651,-0.016805050894618
-0.0127752348780632,0.0108054233714938,0.00343497144058347
-0.00318785547278821,-0.00197774893604219,0.00876129325479269
-0.00318785547278821,-0.00836933497339487,-0.0221313741058111
0.00533425947651267,-0.00730407098308206,-0.0146745229139924
-0.010644705966115,0.00121804408263415,0.0194139368832111
-0.00212259124964476,-0.00943459942936897,-0.000826086034066975
0.00320373079739511,0.00654436554759741,0.0204792004078627
-0.0127752348780632,-0.00197774893604219,0.00343497144058347
0.00320373079739511,-0.000912484538275749,0.00130444311071187
0.018117431551218,0.0118706878274679,0.000239178392803296
-0.00744891306385398,-0.0158261861652136,-0.00721767218783498
0.00533425947651267,0.00334857287816703,-0.00508714327588677
-0.00744891306385398,-0.00943459942936897,0.00343497144058347
0.0266395471990108,-0.00943459942936897,-0.00615240773186088
-0.0117099704220891,0.00228330842219293,0.0204792004078627
0.00639952393248677,0.000152780135977082,0.00236970698460937
-0.00212259124964476,-0.00304301315918565,-0.00828293617814779
-0.00212259124964476,-0.00623880652710795,0.0151528809219599
-0.00212259124964476,0.00228330842219293,0.00663076573982835
-0.00318785547278821,0.00974015891551971,0.0247402582317591
0.0127911092713475,-0.00836933497339487,-0.00402187928557396
0.00426899502053857,0.00974015891551971,-0.00295661459676921
-0.010644705966115,0.00441383803263307,0.00236970698460937
-0.00318785547278821,-0.0158261861652136,0.00450023543089628
-0.00105732679367065,0.0129359532147646,0.011957086622715
0.00959531776607037,0.00441383803263307,0.0140876164659858
-0.0149057637900114,-0.00517354207113385,0.00236970698460937
0.00959531776607037,-0.000912484538275749,-0.00295661459676921
-0.0127752348780632,0.0193275380879641,0.00130444311071187
0.00426899502053857,-0.0168914496898651,0.00982655771076679
-0.00638364860787988,0.0108054233714938,-0.0200008451938629
7.93753315520007E-06,-0.0115651283413172,-0.00508714327588677
0.0106605822220445,0.0193275380879641,-0.016805050894618
-0.00212259124964476,-0.00197774893604219,-0.00615240773186088
-0.00851417798548937,-0.00197774893604219,-0.0136092584580183
-0.00531838415190578,-0.00836933497339487,-0.0125439940020442
-0.00105732679367065,0.0108054233714938,-0.010413465090096
-0.00318785547278821,0.00547910248860717,0.0130223510786891
0.00853005237877369,-0.00517354207113385,-0.0210661105811596
0.00639952393248677,0.00441383803263307,-0.0114787295460701
-0.00212259124964476,0.00441383803263307,0.0183486714959145
0.00426899502053857,0.00334857287816703,0.00130444311071187
0.00426899502053857,-0.00517354207113385,0.00556550128385425
-0.0159710273146629,0.00228330842219293,0.00130444311071187
0.00853005237877369,0.0171970091760159,0.0204792004078627
-0.00318785547278821,0.000152780135977082,-0.00402187928557396
7.93753315520007E-06,0.0140012176707387,0.00556550128385425
7.93753315520007E-06,-0.0179567132145166,0.00236970698460937
-0.00212259124964476,0.00334857287816703,-0.0114787295460701
-0.00638364860787988,-0.0147609217092395,0.00236970698460937
0.0106605822220445,-0.00197774893604219,-0.0136092584580183
7.93753315520007E-06,0.00334857287816703,-0.00295661459676921
-0.0181015580892563,-0.00197774893604219,0.0151528809219599
0.00213846634142101,0.00441383803263307,-0.000826086034066975
-0.00425312016159296,0.00334857287816703,0.011957086622715
-0.0170362927019596,0.0150664821267128,0.00450023543089628
0.00746478792279959,-0.0126303927972913,-0.0093482006341219
0.00746478792279959,0.00441383803263307,-0.00721767218783498
-0.00851417798548937,-0.00197774893604219,0.0108918221667409
0.00426899502053857,-0.000912484538275749,-0.0306534878909588
-0.00425312016159296,0.0129359532147646,0.00236970698460937
0.00320373079739511,-0.000912484538275749,0.00343497144058347
0.00213846634142101,-0.00623880652710795,-0.0136092584580183
0.00107320188544691,0.00334857287816703,-0.00721767218783498
-0.010644705966115,-0.00197774893604219,0.0183486714959145
0.00107320188544691,0.0129359532147646,-0.00828293617814779
0.0117258466780186,-0.0147609217092395,-0.00295661459676921
-0.0149057637900114,0.00867489445954561,0.00876129325479269
-0.010644705966115,0.0140012176707387,-0.00402187928557396
0.00426899502053857,0.00121804408263415,0.000239178392803296
-0.00105732679367065,-0.00410827761515975,-0.00402187928557396
0.00320373079739511,-0.00197774893604219,0.00130444311071187
7.93753315520007E-06,-0.0147609217092395,0.011957086622715
-0.00105732679367065,-0.00943459942936897,-0.0338492803275585
-0.00425312016159296,0.00867489445954561,0.0353929027915001
0.00107320188544691,-0.00730407098308206,-0.00721767218783498
0.00959531776607037,0.00228330842219293,-0.0125439940020442
-0.0170362927019596,-0.00410827761515975,-0.00508714327588677
0.0106605822220445,-0.00197774893604219,0.00982655771076679
0.00533425947651267,-0.00304301315918565,-0.0136092584580183
0.00107320188544691,0.00654436554759741,-0.00508714327588677
-0.00744891306385398,-0.00304301315918565,-0.00508714327588677
7.93753315520007E-06,-0.0104998638853431,-0.0093482006341219
0.00426899502053857,0.00760963000357151,-0.025327168405056
-0.00638364860787988,0.00334857287816703,-0.00402187928557396
0.0106605822220445,-0.00623880652710795,-0.00721767218783498
0.00107320188544691,-0.0168914496898651,0.011957086622715
-0.00744891306385398,0.0140012176707387,0.00450023543089628
0.00107320188544691,0.0289149172604084,0.00343497144058347
7.93753315520007E-06,0.00228330842219293,0.00876129325479269
0.0202479623258114,-0.00836933497339487,0.000239178392803296
-0.00851417798548937,-0.00623880652710795,-0.00402187928557396
-0.010644705966115,-0.00304301315918565,0.00663076573982835
0.00639952393248677,-0.00943459942936897,-0.0178703162819147
-0.00851417798548937,0.000152780135977082,0.0226097293198109
0.00426899502053857,-0.0115651283413172,-0.00402187928557396
-0.00105732679367065,0.00760963000357151,0.027936052531004
-0.00957944244146347,-0.00730407098308206,-0.0274576935917139
0.00639952393248677,0.00654436554759741,0.00343497144058347
0.00213846634142101,0.0108054233714938,0.00982655771076679
-0.010644705966115,-0.0115651283413172,-0.0093482006341219
0.00320373079739511,-0.00517354207113385,-0.00295661459676921
0.0149216381832957,-0.000912484538275749,-0.0157397873699665
-0.00105732679367065,0.00334857287816703,0.0194139368832111
-0.00957944244146347,-0.00943459942936897,-0.0125439940020442
-0.00318785547278821,0.000152780135977082,0.0130223510786891
-0.00851417798548937,0.00654436554759741,0.00982655771076679
-0.00318785547278821,0.0182622727006674,-0.0125439940020442
7.93753315520007E-06,-0.0190219767391682,0.0172834098339081
-0.00105732679367065,-0.00623880652710795,-0.0114787295460701
-0.00212259124964476,0.0118706878274679,0.011957086622715
-0.00318785547278821,0.0140012176707387,0.011957086622715
0.00107320188544691,-0.0126303927972913,-0.000826086034066975
-0.00851417798548937,0.0150664821267128,-0.00615240773186088
-0.00531838415190578,-0.00197774893604219,0.00876129325479269
0.00853005237877369,0.00441383803263307,-0.00828293617814779
-0.0223626140505075,0.0214580669999123,0.0130223510786891
0.0106605822220445,0.00228330842219293,0.00130444311071187
0.0117258466780186,0.00974015891551971,0.00236970698460937
-0.00425312016159296,-0.00410827761515975,-0.0327840149402618
-0.0138404993340373,0.00547910248860717,0.0268707871437073
-0.00105732679367065,-0.000912484538275749,-0.0231966394931078
0.00853005237877369,0.00228330842219293,0.00556550128385425
0.0138563737273216,0.00121804408263415,0.00663076573982835
0.00533425947651267,0.00441383803263307,0.00450023543089628
-0.00957944244146347,-0.00623880652710795,0.0130223510786891
-0.0181015580892563,-0.00410827761515975,-0.00828293617814779
0.00746478792279959,0.00760963000357151,-0.00402187928557396
-0.0127752348780632,-0.00304301315918565,0.0226097293198109
0.00853005237877369,0.00121804408263415,-0.0200008451938629
0.00213846634142101,0.00867489445954561,0.00343497144058347
-0.00318785547278821,0.00121804408263415,0.00343497144058347
-0.00212259124964476,-0.00623880652710795,-0.010413465090096
0.00320373079739511,0.0182622727006674,-0.00615240773186088
-0.010644705966115,-0.00623880652710795,0.0268707871437073
-0.00531838415190578,0.0108054233714938,-0.00508714327588677
-0.0127752348780632,0.00334857287816703,0.0215444657951593
7.93753315520007E-06,0.000152780135977082,0.00982655771076679
0.00320373079739511,-0.0126303927972913,-0.000826086034066975
0.0127911092713475,0.00760963000357151,-0.0093482006341219
0.00426899502053857,0.00121804408263415,-0.000826086034066975
-0.00744891306385398,0.00654436554759741,0.00236970698460937
-0.0149057637900114,0.00654436554759741,0.00982655771076679
0.0149216381832957,-0.00517354207113385,-0.0125439940020442
-0.00212259124964476,-0.00517354207113385,-0.0221313741058111
0.00107320188544691,0.000152780135977082,-0.010413465090096
-0.0117099704220891,0.0214580669999123,0.0172834098339081
-0.00212259124964476,-0.0200872421264648,-0.0178703162819147
0.00533425947651267,-0.00730407098308206,-0.0221313741058111
0.00639952393248677,-0.00304301315918565,0.011957086622715
-0.0212973486632109,-0.00197774893604219,-0.000826086034066975
0.00746478792279959,0.00654436554759741,0.0172834098339081
-0.010644705966115,0.00228330842219293,-0.00828293617814779
-0.0170362927019596,-0.00304301315918565,0.00982655771076679
-0.00851417798548937,0.0161317475140095,0.0151528809219599
0.00320373079739511,-0.0115651283413172,0.00450023543089628
0.00853005237877369,0.00867489445954561,0.00556550128385425
-0.00957944244146347,-0.000912484538275749,0.000239178392803296
0.00213846634142101,0.0182622727006674,0.0140876164659858
0.00533425947651267,-0.0115651283413172,0.00130444311071187
-0.00105732679367065,0.00867489445954561,-0.0210661105811596
0.00213846634142101,0.000152780135977082,-0.000826086034066975
0.00533425947651267,0.00121804408263415,-0.0125439940020442
-0.00957944244146347,-0.0168914496898651,-0.0125439940020442
-0.00425312016159296,0.00974015891551971,-0.00615240773186088
0.00533425947651267,0.0108054233714938,0.0204792004078627
-0.00212259124964476,0.0150664821267128,0.000239178392803296
0.0170521680265665,-0.0126303927972913,-0.00189135037362576
0.00639952393248677,-0.0200872421264648,-0.0178703162819147
7.93753315520007E-06,0.00867489445954561,0.011957086622715
0.00107320188544691,0.00760963000357151,-0.000826086034066975
-0.00531838415190578,-0.0147609217092395,0.00236970698460937
0.0127911092713475,0.00441383803263307,-0.0093482006341219
-0.00425312016159296,-0.00517354207113385,-0.0231966394931078
0.0127911092713475,-0.00304301315918565,-0.0093482006341219
-0.0117099704220891,0.00760963000357151,0.00343497144058347
0.00213846634142101,-0.000912484538275749,0.00876129325479269
0.0149216381832957,-0.000912484538275749,-0.0178703162819147
0.00533425947651267,-0.0286093577742577,-0.00402187928557396
0.0138563737273216,-0.00730407098308206,-0.0157397873699665
-0.0223626140505075,0.00654436554759741,0.00450023543089628
0.00959531776607037,-0.00304301315918565,-0.0136092584580183
-0.0191668216139078,0.000152780135977082,0.00663076573982835
-0.00744891306385398,0.0118706878274679,-0.0189355816692114
7.93753315520007E-06,0.00441383803263307,0.0151528809219599
-0.0244931429624557,-0.00304301315918565,-0.00721767218783498
7.93753315520007E-06,-0.000912484538275749,-0.0210661105811596
7.93753315520007E-06,0.00547910248860717,0.00876129325479269
-0.010644705966115,0.000152780135977082,-0.00189135037362576
-0.00212259124964476,-0.00517354207113385,-0.0146745229139924
0.00853005237877369,0.0140012176707387,0.00556550128385425
-0.00425312016159296,0.0203928016126156,0.0162181463092566
-0.010644705966115,-0.00410827761515975,-0.000826086034066975
-0.00318785547278821,0.00974015891551971,-0.00189135037362576
7.93753315520007E-06,0.00228330842219293,-0.0093482006341219
-0.00851417798548937,-0.00730407098308206,0.00769602879881859
0.00639952393248677,-0.0126303927972913,0.00236970698460937
-0.00744891306385398,-0.000912484538275749,0.0236749947071075
0.00533425947651267,-0.0126303927972913,-0.0210661105811596
0.0127911092713475,-0.00197774893604219,0.0140876164659858
-0.0223626140505075,0.00121804408263415,-0.00295661459676921
0.0138563737273216,-0.000912484538275749,0.00450023543089628
-0.00638364860787988,-0.00623880652710795,0.0130223510786891
-0.0159710273146629,0.0214580669999123,0.0204792004078627
0.00746478792279959,-0.0147609217092395,-0.0221313741058111
0.00639952393248677,0.0182622727006674,0.00769602879881859
0.00426899502053857,0.0108054233714938,0.00663076573982835
0.00426899502053857,-0.0115651283413172,-0.0189355816692114
0.00853005237877369,-0.0158261861652136,-0.0114787295460701
-0.0159710273146629,-0.000912484538275749,-0.00828293617814779
-0.0127752348780632,0.00121804408263415,-0.00721767218783498
0.00426899502053857,-0.0179567132145166,0.0130223510786891
-0.00425312016159296,0.00441383803263307,0.00450023543089628
-0.0159710273146629,0.00121804408263415,-0.00295661459676921
0.00959531776607037,0.0193275380879641,0.00450023543089628
0.00107320188544691,-0.00836933497339487,-0.00508714327588677
0.00853005237877369,-0.00517354207113385,-0.00508714327588677
-0.0138404993340373,-0.00197774893604219,0.000239178392803296
0.00213846634142101,0.0118706878274679,0.00876129325479269
0.00426899502053857,-0.0179567132145166,-0.0157397873699665
-0.00638364860787988,0.00121804408263415,0.00769602879881859
-0.00105732679367065,0.000152780135977082,-0.00721767218783498
-0.00638364860787988,0.0118706878274679,0.0130223510786891
-0.010644705966115,0.000152780135977082,0.00876129325479269
-0.00318785547278821,-0.00517354207113385,0.00663076573982835
0.0191826969385147,-0.00623880652710795,-0.0146745229139924
-0.00212259124964476,-0.00623880652710795,0.0108918221667409
0.00853005237877369,-0.00730407098308206,-0.0146745229139924
0.00320373079739511,0.0118706878274679,-0.000826086034066975
-0.00851417798548937,-0.000912484538275749,0.00663076573982835
-0.00318785547278821,-0.00623880652710795,-0.00721767218783498
0.0127911092713475,0.00547910248860717,0.00343497144058347
0.0127911092713475,-0.0190219767391682,-0.00189135037362576
0.00746478792279959,0.00334857287816703,0.0226097293198109
-0.00851417798548937,0.0289149172604084,0.00236970698460937
0.00959531776607037,-0.0115651283413172,-0.00508714327588677
-0.00851417798548937,0.00441383803263307,0.00130444311071187
0.00853005237877369,0.00121804408263415,-0.0146745229139924
-0.00105732679367065,-0.0104998638853431,-0.0178703162819147
-0.0170362927019596,0.00654436554759741,0.0204792004078627
0.00639952393248677,0.00228330842219293,0.00130444311071187
0.00320373079739511,-0.0158261861652136,-0.00828293617814779
-0.00318785547278821,-0.000912484538275749,0.00130444311071187
-0.00212259124964476,0.00228330842219293,0.00769602879881859
-0.0117099704220891,-0.00730407098308206,0.00663076573982835
0.0191826969385147,0.00121804408263415,-0.000826086034066975
0.0149216381832957,-0.0104998638853431,-0.00828293617814779
0.00533425947651267,0.0140012176707387,0.00343497144058347
-0.0127752348780632,0.00334857287816703,0.00663076573982835
-0.00425312016159296,0.0161317475140095,0.00130444311071187
-0.00318785547278821,-0.0158261861652136,0.0183486714959145
7.93753315520007E-06,0.0129359532147646,-0.00189135037362576
-0.00318785547278821,-0.00410827761515975,-0.0231966394931078
-0.00318785547278821,-0.00836933497339487,0.0151528809219599
0.00107320188544691,0.00334857287816703,-0.00828293617814779
-0.0138404993340373,0.00760963000357151,0.00450023543089628
0.0170521680265665,0.00867489445954561,-0.00721767218783498
-0.0138404993340373,0.00228330842219293,-0.000826086034066975
0.0106605822220445,-0.00410827761515975,-0.0178703162819147
-0.00212259124964476,0.00867489445954561,0.00663076573982835
0.00213846634142101,-0.0179567132145166,-0.00828293617814779
-0.00212259124964476,0.0150664821267128,0.00130444311071187
-0.0149057637900114,-0.00623880652710795,0.011957086622715
0.00533425947651267,0.00547910248860717,0.00130444311071187
-0.00744891306385398,-0.0200872421264648,-0.025327168405056
0.00533425947651267,0.00867489445954561,-0.00828293617814779
-0.00212259124964476,-0.00836933497339487,0.0108918221667409
0.00426899502053857,-0.00836933497339487,-0.000826086034066975
-0.00744891306385398,0.000152780135977082,0.011957086622715
-0.00105732679367065,-0.000912484538275749,-0.0157397873699665
7.93753315520007E-06,0.000152780135977082,-0.00508714327588677
0.00533425947651267,-0.00623880652710795,-0.00508714327588677
0.00107320188544691,-0.0264788307249546,-0.0146745229139924
-0.00105732679367065,0.0140012176707387,-0.00615240773186088
-0.00638364860787988,-0.00623880652710795,0.00769602879881859
0.00639952393248677,-0.0104998638853431,-0.00721767218783498
0.00107320188544691,0.00974015891551971,-0.00508714327588677
-0.00105732679367065,0.00547910248860717,-0.00508714327588677
0.0106605822220445,-0.00730407098308206,-0.0114787295460701
0.00213846634142101,0.0225233305245638,-0.0114787295460701
-0.00531838415190578,-0.00623880652710795,0.00663076573982835
-0.00212259124964476,0.00228330842219293,-0.00295661459676921
0.00746478792279959,0.0150664821267128,-0.00828293617814779
0.00213846634142101,-0.0158261861652136,-0.0200008451938629
-0.00318785547278821,0.00547910248860717,0.0300665814429522
0.0191826969385147,-0.00943459942936897,-0.00295661459676921
-0.00425312016159296,-0.0136956572532654,-0.00508714327588677
0.00533425947651267,-0.0115651283413172,0.0130223510786891
0.0117258466780186,0.00867489445954561,-0.00721767218783498
-0.00851417798548937,-0.00304301315918565,-0.0093482006341219
-0.00318785547278821,-0.00197774893604219,0.000239178392803296
0.00533425947651267,-0.00410827761515975,0.00769602879881859
-0.010644705966115,0.00441383803263307,0.0172834098339081
0.0106605822220445,-0.00943459942936897,-0.00828293617814779
-0.0202320870012045,0.0118706878274679,-0.0093482006341219
0.00213846634142101,0.000152780135977082,0.00982655771076679
-0.00105732679367065,0.00867489445954561,0.000239178392803296
0.00746478792279959,-0.00410827761515975,0.011957086622715
0.0106605822220445,-0.00517354207113385,-0.0210661105811596
0.00107320188544691,0.00441383803263307,0.0140876164659858
-0.00531838415190578,0.0161317475140095,-0.000826086034066975
-0.0127752348780632,0.00654436554759741,0.00556550128385425
-0.0181015580892563,-0.00304301315918565,-0.010413465090096
0.00959531776607037,-0.0104998638853431,-0.000826086034066975
-0.00425312016159296,-0.00304301315918565,-0.0200008451938629
-0.00851417798548937,0.00228330842219293,-0.00295661459676921
0.00959531776607037,-0.00304301315918565,-0.00295661459676921
-0.0117099704220891,0.00121804408263415,-0.0125439940020442
0.0202479623258114,0.0171970091760159,-0.00295661459676921
-0.00531838415190578,-0.0168914496898651,0.0140876164659858
-0.010644705966115,0.00334857287816703,-0.0157397873699665
-0.00105732679367065,-0.0147609217092395,0.00769602879881859
0.0106605822220445,0.0193275380879641,-0.0125439940020442
-0.00212259124964476,0.0129359532147646,0.00769602879881859
0.00320373079739511,0.00334857287816703,0.00982655771076679
0.00213846634142101,-0.00730407098308206,0.0172834098339081
-0.00318785547278821,0.00654436554759741,-0.0093482006341219
0.00213846634142101,0.00441383803263307,-0.00721767218783498
0.00107320188544691,0.0214580669999123,-0.00615240773186088
0.00746478792279959,-0.022217771038413,0.00343497144058347
7.93753315520007E-06,0.024653859436512,-0.00189135037362576
-0.00957944244146347,0.000152780135977082,0.0108918221667409
0.00533425947651267,0.00441383803263307,-0.00721767218783498
0.00320373079739511,-0.00410827761515975,-0.0093482006341219
-0.00105732679367065,-0.00517354207113385,-0.0221313741058111
7.93753315520007E-06,0.00334857287816703,0.0204792004078627
-0.00105732679367065,0.0214580669999123,-0.0157397873699665
0.00213846634142101,0.00228330842219293,0.0108918221667409
-0.00105732679367065,-0.00943459942936897,-0.0210661105811596
0.00639952393248677,0.00547910248860717,-0.00189135037362576
0.00107320188544691,0.00867489445954561,0.0215444657951593
0.00533425947651267,-0.00197774893604219,0.00982655771076679
0.00533425947651267,-0.00730407098308206,-0.00828293617814779
-0.0149057637900114,0.00228330842219293,0.00450023543089628
0.0138563737273216,0.00441383803263307,0.00343497144058347
-0.00425312016159296,-0.0200872421264648,0.00769602879881859
0.00639952393248677,-0.000912484538275749,-0.00828293617814779
-0.00744891306385398,0.00334857287816703,0.0108918221667409
0.00107320188544691,0.00121804408263415,-0.0189355816692114
-0.00531838415190578,0.00760963000357151,0.0140876164659858
0.00107320188544691,0.00654436554759741,-0.00615240773186088
0.00533425947651267,-0.00517354207113385,-0.0093482006341219
-0.0127752348780632,0.00654436554759741,0.00663076573982835
-0.0138404993340373,-0.00517354207113385,0.011957086622715
0.00533425947651267,0.000152780135977082,-0.00402187928557396
-0.00638364860787988,-0.00304301315918565,0.00236970698460937
-0.00744891306385398,0.00121804408263415,-0.00721767218783498
-0.0117099704220891,0.00334857287816703,-0.00402187928557396
7.93753315520007E-06,-0.00304301315918565,0.00343497144058347
-0.00212259124964476,-0.00304301315918565,0.0140876164659858
-0.00212259124964476,0.00441383803263307,0.0108918221667409
0.00533425947651267,-0.00197774893604219,-0.0093482006341219
-0.0159710273146629,-0.00197774893604219,-0.0114787295460701
0.0149216381832957,0.00867489445954561,0.00876129325479269
-0.0127752348780632,-0.00623880652710795,-0.0125439940020442
0.0138563737273216,-0.0158261861652136,-0.00828293617814779
-0.0287542007863522,0.00547910248860717,0.0130223510786891
0.00533425947651267,0.00121804408263415,-0.00828293617814779
-0.010644705966115,-0.00410827761515975,0.00556550128385425
0.00213846634142101,0.00228330842219293,0.000239178392803296
-0.00105732679367065,0.00441383803263307,-0.00402187928557396
0.00746478792279959,0.00441383803263307,-0.00295661459676921
-0.00105732679367065,-0.00836933497339487,-0.00721767218783498
0.0117258466780186,-0.0168914496898651,0.00130444311071187
-0.010644705966115,0.000152780135977082,0.011957086622715
0.00320373079739511,0.0289149172604084,0.0194139368832111
-0.00851417798548937,0.00760963000357151,-0.00508714327588677
-0.00318785547278821,-0.0200872421264648,-0.00615240773186088
-0.0117099704220891,-0.00517354207113385,-0.00295661459676921
0.00320373079739511,0.00121804408263415,-0.00508714327588677
-0.0149057637900114,0.00228330842219293,-0.00721767218783498
0.00533425947651267,0.0129359532147646,-0.010413465090096
0.0117258466780186,-0.00730407098308206,0.00130444311071187
0.00426899502053857,-0.0158261861652136,0.00663076573982835
7.93753315520007E-06,-0.00730407098308206,-0.0136092584580183
-0.00105732679367065,0.00760963000357151,0.00982655771076679
0.00213846634142101,-0.00730407098308206,-0.0189355816692114
0.00426899502053857,0.00334857287816703,0.0321971103549004
-0.00638364860787988,0.0182622727006674,0.000239178392803296
0.00107320188544691,-0.0104998638853431,0.0215444657951593
-0.00851417798548937,0.00334857287816703,0.00982655771076679
0.0117258466780186,0.00547910248860717,-0.00721767218783498
0.00107320188544691,0.00121804408263415,0.00450023543089628
-0.00744891306385398,0.00974015891551971,-0.00402187928557396
0.0117258466780186,-0.00623880652710795,-0.0125439940020442
-0.00318785547278821,0.0129359532147646,0.0236749947071075
0.00107320188544691,-0.00730407098308206,0.0108918221667409
0.0117258466780186,0.00121804408263415,-0.0125439940020442
-0.00744891306385398,0.00441383803263307,-0.00615240773186088
7.93753315520007E-06,0.000152780135977082,0.0258055236190557
7.93753315520007E-06,-0.00517354207113385,-0.0200008451938629
0.00639952393248677,0.00760963000357151,0.00769602879881859
-0.00425312016159296,0.0108054233714938,-0.00508714327588677
0.00320373079739511,-0.0158261861652136,0.00876129325479269
-0.00318785547278821,0.00334857287816703,0.00556550128385425
0.00959531776607037,0.00547910248860717,-0.00721767218783498
0.00213846634142101,-0.00197774893604219,0.0162181463092566
-0.00531838415190578,0.000152780135977082,-0.0093482006341219
0.0106605822220445,0.00441383803263307,0.0130223510786891
0.00746478792279959,-0.0115651283413172,0.0183486714959145
7.93753315520007E-06,0.0171970091760159,0.00236970698460937
-0.00105732679367065,0.00974015891551971,-0.0114787295460701
0.00213846634142101,-0.00623880652710795,-0.00508714327588677
0.00320373079739511,-0.00304301315918565,0.00450023543089628
0.00426899502053857,-0.00410827761515975,0.00876129325479269
0.00320373079739511,0.00121804408263415,-0.00189135037362576
-0.00105732679367065,0.00547910248860717,-0.00615240773186088
-0.00105732679367065,0.0171970091760159,0.0140876164659858
0.0213132258504629,-0.00836933497339487,-0.0157397873699665
-0.00957944244146347,0.00441383803263307,0.011957086622715
0.00320373079739511,0.00121804408263415,-0.000826086034066975
-0.00105732679367065,0.0182622727006674,0.00130444311071187
0.00853005237877369,-0.0264788307249546,0.000239178392803296
-0.00105732679367065,0.0150664821267128,-0.0146745229139924
-0.00105732679367065,-0.00197774893604219,0.00663076573982835
-0.0149057637900114,0.00547910248860717,0.0194139368832111
0.00853005237877369,-0.00410827761515975,0.00769602879881859
-0.00318785547278821,0.0257191248238087,-0.010413465090096
0.00213846634142101,0.0129359532147646,0.00876129325479269
-0.00851417798548937,-0.0158261861652136,-0.0093482006341219
-0.00957944244146347,0.00654436554759741,-0.00721767218783498
0.00426899502053857,-0.0126303927972913,0.00130444311071187
-0.00105732679367065,-0.00410827761515975,0.00982655771076679
0.0106605822220445,-0.00410827761515975,0.00556550128385425
-0.00531838415190578,0.0150664821267128,0.0183486714959145
0.00213846634142101,-0.00197774893604219,-0.00615240773186088
0.00107320188544691,0.0182622727006674,-0.00615240773186088
0.0117258466780186,-0.027544092386961,-0.00615240773186088
-0.00318785547278821,0.00441383803263307,0.00982655771076679
-0.00851417798548937,0.0118706878274679,-0.00402187928557396
0.00107320188544691,-0.00197774893604219,-0.00721767218783498
-0.00105732679367065,-0.0136956572532654,-0.000826086034066975
0.00320373079739511,-0.000912484538275749,-0.00295661459676921
-0.00744891306385398,0.0129359532147646,0.0162181463092566
-0.00744891306385398,0.00228330842219293,0.0130223510786891
0.00533425947651267,0.00441383803263307,0.00236970698460937
0.00107320188544691,-0.0168914496898651,-0.016805050894618
0.0170521680265665,0.00228330842219293,0.0194139368832111
-0.00957944244146347,-0.0115651283413172,0.000239178392803296
0.00213846634142101,-0.00410827761515975,-0.000826086034066975
-0.00638364860787988,-0.00197774893604219,-0.0200008451938629
-0.00851417798548937,-0.0104998638853431,0.00130444311071187
0.00639952393248677,-0.0158261861652136,0.00130444311071187
7.93753315520007E-06,0.000152780135977082,0.0268707871437073
0.0117258466780186,0.0278496537357569,0.00556550128385425
-0.00744891306385398,-0.0158261861652136,0.0140876164659858
0.00107320188544691,0.00974015891551971,0.00769602879881859
-0.00531838415190578,-0.00410827761515975,-0.00508714327588677
0.00853005237877369,-0.00623880652710795,-0.00508714327588677
0.00107320188544691,0.00441383803263307,0.0130223510786891
-0.00212259124964476,0.00228330842219293,-0.0114787295460701
0.00213846634142101,-0.000912484538275749,0.0215444657951593
0.0127911092713475,-0.0264788307249546,-0.000826086034066975
-0.00105732679367065,0.00547910248860717,0.00769602879881859
0.00107320188544691,0.00121804408263415,-0.00828293617814779
-0.0191668216139078,-0.00410827761515975,0.000239178392803296
0.00213846634142101,0.00334857287816703,-0.00402187928557396
0.00320373079739511,0.000152780135977082,-0.0178703162819147
0.0138563737273216,-0.00836933497339487,0.0204792004078627
-0.00105732679367065,-0.00517354207113385,0.0108918221667409
0.00746478792279959,-0.00730407098308206,-0.00615240773186088
-0.00851417798548937,0.00547910248860717,-0.00508714327588677
-0.00105732679367065,0.00760963000357151,-0.000826086034066975
-0.00957944244146347,-0.00197774893604219,-0.00615240773186088
7.93753315520007E-06,-0.00197774893604219,0.00769602879881859
0.00107320188544691,0.0108054233714938,-0.0125439940020442
-0.00318785547278821,-0.00623880652710795,-0.00402187928557396
-0.00531838415190578,0.00121804408263415,-0.00828293617814779
0.00426899502053857,-0.0158261861652136,-0.0210661105811596
-0.00425312016159296,0.0129359532147646,0.0321971103549004
-0.00425312016159296,-0.00836933497339487,-0.0189355816692114
-0.00105732679367065,0.00441383803263307,0.00236970698460937
0.0106605822220445,-0.0147609217092395,-0.010413465090096
-0.00105732679367065,0.00867489445954561,0.00663076573982835
0.00533425947651267,0.0108054233714938,-0.000826086034066975
0.00320373079739511,-0.0136956572532654,0.0140876164659858
-0.00744891306385398,0.0108054233714938,-0.0093482006341219
-0.00318785547278821,-0.00943459942936897,0.00769602879881859
-0.00744891306385398,-0.0136956572532654,0.000239178392803296
-0.010644705966115,0.0129359532147646,0.011957086622715
-0.00744891306385398,0.00334857287816703,-0.00402187928557396
-0.00105732679367065,-0.00623880652710795,0.00663076573982835
-0.00851417798548937,0.00867489445954561,0.000239178392803296
0.00107320188544691,0.00547910248860717,0.0194139368832111
0.00533425947651267,0.00121804408263415,-0.00295661459676921
0.0106605822220445,0.00654436554759741,-0.00508714327588677
-0.00744891306385398,-0.000912484538275749,-0.0093482006341219
-0.00425312016159296,0.00547910248860717,0.00769602879881859
0.0117258466780186,-0.0136956572532654,-0.0231966394931078
7.93753315520007E-06,0.00441383803263307,0.00663076573982835
-0.00638364860787988,-0.00623880652710795,0.00982655771076679
-0.00212259124964476,-0.00836933497339487,-0.0200008451938629
0.00533425947651267,0.000152780135977082,0.000239178392803296
-0.00318785547278821,-0.00197774893604219,-0.00615240773186088
0.00107320188544691,0.00121804408263415,-0.010413465090096
0.00426899502053857,-0.00410827761515975,-0.00615240773186088
-0.0127752348780632,-0.000912484538275749,-0.00828293617814779
-0.00318785547278821,0.0225233305245638,0.00450023543089628
-0.00638364860787988,-0.00836933497339487,-0.00828293617814779
0.00533425947651267,-0.00197774893604219,-0.00402187928557396
-0.00318785547278821,0.000152780135977082,0.011957086622715
-0.00851417798548937,-0.00197774893604219,0.00556550128385425
0.00426899502053857,-0.00836933497339487,-0.000826086034066975
7.93753315520007E-06,0.00974015891551971,0.00236970698460937
7.93753315520007E-06,0.000152780135977082,-0.000826086034066975
0.00320373079739511,-0.00517354207113385,-0.0221313741058111
-0.00212259124964476,0.00228330842219293,-0.00508714327588677
0.00107320188544691,0.00334857287816703,-0.00828293617814779
-0.00851417798548937,0.00121804408263415,0.00876129325479269
-0.0127752348780632,0.00441383803263307,-0.0146745229139924
0.00426899502053857,0.00228330842219293,0.0151528809219599
0.00107320188544691,-0.00197774893604219,0.00769602879881859
0.00320373079739511,0.00760963000357151,-0.0136092584580183
0.0106605822220445,-0.0136956572532654,0.00663076573982835
-0.00105732679367065,0.000152780135977082,-0.00189135037362576
-0.00212259124964476,0.0129359532147646,0.00556550128385425
-0.00212259124964476,0.00867489445954561,-0.00189135037362576
-0.0149057637900114,0.0129359532147646,-0.00402187928557396
0.00853005237877369,-0.0286093577742577,-0.00721767218783498
-0.00212259124964476,-0.00943459942936897,0.00130444311071187
-0.00531838415190578,0.00867489445954561,0.00236970698460937
-0.00105732679367065,-0.00517354207113385,-0.00295661459676921
-0.00531838415190578,0.0171970091760159,-0.00615240773186088
0.00107320188544691,-0.0168914496898651,0.00663076573982835
7.93753315520007E-06,-0.0126303927972913,-0.0136092584580183
-0.00425312016159296,0.0129359532147646,-0.00189135037362576
0.018117431551218,-0.0158261861652136,-0.0178703162819147
-0.010644705966115,0.00974015891551971,0.00556550128385425
0.00426899502053857,-0.0115651283413172,-0.010413465090096
-0.00425312016159296,-0.00623880652710795,0.0247402582317591
0.00107320188544691,-0.00836933497339487,-0.00189135037362576
0.00213846634142101,-0.00197774893604219,-0.00402187928557396
0.00426899502053857,-0.00730407098308206,-0.00189135037362576
0.00213846634142101,0.000152780135977082,-0.0136092584580183
0.00426899502053857,0.0118706878274679,0.0172834098339081
-0.00851417798548937,0.00867489445954561,-0.010413465090096
0.00213846634142101,0.0140012176707387,0.0130223510786891
-0.0117099704220891,-0.00836933497339487,0.00769602879881859
-0.00425312016159296,0.000152780135977082,0.00450023543089628
0.00533425947651267,-0.000912484538275749,-0.000826086034066975
0.00213846634142101,-0.0158261861652136,0.00236970698460937
-0.00638364860787988,0.0140012176707387,0.00236970698460937
0.018117431551218,-0.00304301315918565,-0.0221313741058111
-0.00744891306385398,-0.0136956572532654,0.00130444311071187
-0.00212259124964476,0.00974015891551971,-0.010413465090096
0.00853005237877369,-0.0168914496898651,0.00769602879881859
0.0138563737273216,0.00441383803263307,0.00769602879881859
-0.00957944244146347,-0.00836933497339487,0.00876129325479269
0.00639952393248677,0.0108054233714938,-0.0221313741058111
-0.00425312016159296,0.00228330842219293,0.011957086622715
0.00533425947651267,0.0171970091760159,-0.00508714327588677
-0.00105732679367065,-0.00943459942936897,0.0194139368832111
0.00426899502053857,-0.00517354207113385,0.00769602879881859
-0.00425312016159296,0.00121804408263415,-0.00189135037362576
0.0170521680265665,0.00121804408263415,0.00769602879881859
-0.00531838415190578,-0.00730407098308206,0.0151528809219599
-0.00425312016159296,-0.00730407098308206,-0.00615240773186088
0.00853005237877369,0.0182622727006674,-0.00615240773186088
0.00639952393248677,-0.00943459942936897,-0.0136092584580183
0.00426899502053857,0.00867489445954561,0.00236970698460937
-0.00318785547278821,0.0118706878274679,0.011957086622715
0.00213846634142101,0.00974015891551971,0.00663076573982835
-0.00425312016159296,-0.00410827761515975,0.00663076573982835
-0.00212259124964476,-0.0126303927972913,0.00450023543089628
-0.00425312016159296,0.0108054233714938,-0.00402187928557396
-0.00105732679367065,-0.0115651283413172,0.00663076573982835
-0.00318785547278821,0.00334857287816703,0.00982655771076679
-0.010644705966115,0.00654436554759741,-0.000826086034066975
0.0127911092713475,-0.00304301315918565,-0.010413465090096
-0.010644705966115,-0.00836933497339487,0.00450023543089628
0.0170521680265665,0.00547910248860717,-0.0114787295460701
-0.010644705966115,-0.00410827761515975,-0.00508714327588677
0.0170521680265665,-0.0179567132145166,0.00556550128385425
0.00746478792279959,0.00121804408263415,0.000239178392803296
0.00959531776607037,0.00441383803263307,-0.00508714327588677
-0.0127752348780632,0.00228330842219293,0.00130444311071187
0.00320373079739511,0.00547910248860717,0.00343497144058347
-0.00318785547278821,-0.000912484538275749,-0.0242619030177593
0.0106605822220445,0.00760963000357151,0.00556550128385425
-0.00425312016159296,-0.00410827761515975,0.00769602879881859
0.00320373079739511,0.00228330842219293,-0.00721767218783498
0.0106605822220445,0.0108054233714938,0.00343497144058347
0.00959531776607037,-0.00410827761515975,-0.0093482006341219
-0.00105732679367065,0.00760963000357151,0.00450023543089628
-0.00957944244146347,0.0108054233714938,0.000239178392803296
-0.00105732679367065,-0.00836933497339487,0.00236970698460937
0.00959531776607037,-0.00410827761515975,0.011957086622715
7.93753315520007E-06,0.00760963000357151,0.00450023543089628
0.00320373079739511,0.00121804408263415,-0.0114787295460701
0.00533425947651267,0.00228330842219293,0.00343497144058347
-0.00744891306385398,-0.00304301315918565,-0.0221313741058111
-0.00744891306385398,0.00441383803263307,0.00982655771076679
-0.00531838415190578,0.00974015891551971,0.00663076573982835
-0.00105732679367065,-0.00304301315918565,-0.0157397873699665
-0.00212259124964476,0.00760963000357151,0.00663076573982835
0.00107320188544691,-0.00517354207113385,-0.00721767218783498
0.00853005237877369,-0.00730407098308206,0.00236970698460937
0.00746478792279959,0.00441383803263307,-0.0093482006341219
0.00107320188544691,0.00867489445954561,0.000239178392803296
-0.00638364860787988,-0.0104998638853431,-0.00295661459676921
0.00853005237877369,0.00334857287816703,0.011957086622715
-0.00318785547278821,0.00334857287816703,-0.0157397873699665
-0.00318785547278821,-0.0104998638853431,0.0140876164659858
0.0149216381832957,0.0182622727006674,-0.00828293617814779
0.00320373079739511,0.00654436554759741,0.0183486714959145
-0.00531838415190578,0.00228330842219293,-0.00295661459676921
0.0127911092713475,-0.00517354207113385,-0.00615240773186088
-0.00212259124964476,-0.00836933497339487,-0.010413465090096
0.00746478792279959,0.00334857287816703,0.00450023543089628
-0.0117099704220891,-0.000912484538275749,-0.00189135037362576
0.0117258466780186,-0.00304301315918565,-0.0231966394931078
0.00533425947651267,0.00654436554759741,0.0108918221667409
0.00746478792279959,0.000152780135977082,0.0215444657951593
-0.00212259124964476,0.00654436554759741,0.00236970698460937
0.00533425947651267,-0.000912484538275749,0.00663076573982835
-0.00957944244146347,-0.00730407098308206,0.00343497144058347
0.00533425947651267,-0.00410827761515975,0.00450023543089628
-0.00425312016159296,0.0193275380879641,0.0108918221667409
-0.00425312016159296,-0.00517354207113385,-0.00402187928557396
0.00533425947651267,0.000152780135977082,0.0108918221667409
0.0159869026392698,0.00760963000357151,-0.00721767218783498
-0.00744891306385398,0.00121804408263415,0.0172834098339081
-0.00638364860787988,0.00654436554759741,0.0130223510786891
-0.00212259124964476,0.00760963000357151,0.00769602879881859
-0.00105732679367065,-0.00730407098308206,-0.0200008451938629
0.00639952393248677,0.00547910248860717,0.0130223510786891
-0.0149057637900114,-0.00410827761515975,0.00769602879881859
-0.0117099704220891,0.0129359532147646,0.0130223510786891
0.00213846634142101,0.00760963000357151,-0.00721767218783498
0.00533425947651267,-0.00836933497339487,0.00556550128385425
0.00959531776607037,-0.0104998638853431,0.00556550128385425
-0.00105732679367065,-0.00410827761515975,-0.0157397873699665
-0.00851417798548937,-0.0147609217092395,0.00769602879881859
-0.00105732679367065,0.0193275380879641,-0.0093482006341219
-0.010644705966115,0.0129359532147646,0.0108918221667409
0.00639952393248677,0.00334857287816703,-0.0306534878909588
0.00213846634142101,-0.0126303927972913,-0.00721767218783498
-0.00318785547278821,-0.00197774893604219,-0.000826086034066975
-0.00744891306385398,-0.0147609217092395,-0.0200008451938629
0.00320373079739511,0.0182622727006674,-0.000826086034066975
0.00959531776607037,0.00441383803263307,0.00663076573982835
-0.00318785547278821,0.00228330842219293,-0.000826086034066975
0.00959531776607037,-0.00517354207113385,-0.0125439940020442
-0.00105732679367065,-0.000912484538275749,-0.00508714327588677
-0.00638364860787988,-0.00410827761515975,-0.00508714327588677
0.00746478792279959,0.00974015891551971,0.00663076573982835
-0.00318785547278821,-0.0126303927972913,0.0151528809219599
-0.00425312016159296,0.00441383803263307,-0.00402187928557396
0.00426899502053857,-0.00517354207113385,0.0151528809219599
0.00533425947651267,-0.00943459942936897,0.0162181463092566
0.00746478792279959,0.0161317475140095,0.000239178392803296
-0.0138404993340373,-0.00410827761515975,-0.0263924300670624
0.00320373079739511,0.00760963000357151,0.00876129325479269
0.00746478792279959,-0.00836933497339487,0.0108918221667409
7.93753315520007E-06,-0.00836933497339487,0.00343497144058347
0.00107320188544691,-0.00836933497339487,-0.000826086034066975
0.00746478792279959,0.00654436554759741,0.00663076573982835
-0.00957944244146347,-0.0168914496898651,-0.0157397873699665
7.93753315520007E-06,0.00441383803263307,0.000239178392803296
-0.00318785547278821,-0.000912484538275749,-0.0114787295460701
-0.00531838415190578,-0.00836933497339487,-0.00508714327588677
-0.0117099704220891,-0.00623880652710795,-0.010413465090096
0.0138563737273216,-0.0200872421264648,-0.0114787295460701
-0.0117099704220891,-0.00623880652710795,-0.00828293617814779
-0.00318785547278821,-0.0200872421264648,-0.00295661459676921
0.0266395471990108,0.00121804408263415,-0.0189355816692114
0.00107320188544691,-0.0126303927972913,-0.00295661459676921
0.00213846634142101,-0.00517354207113385,0.011957086622715
0.00107320188544691,0.00760963000357151,-0.010413465090096
7.93753315520007E-06,0.00974015891551971,-0.00721767218783498
-0.00531838415190578,-0.00730407098308206,0.0172834098339081
0.00959531776607037,-0.000912484538275749,-0.0295882225036621
-0.00105732679367065,0.000152780135977082,0.0183486714959145
-0.00212259124964476,-0.00304301315918565,-0.00615240773186088
0.00533425947651267,-0.00517354207113385,-0.0189355816692114
-0.00638364860787988,-0.00410827761515975,-0.00402187928557396
0.00320373079739511,-0.00623880652710795,-0.00295661459676921
-0.0127752348780632,0.0214580669999123,0.0151528809219599
-0.00851417798548937,-0.0168914496898651,0.00663076573982835
-0.00318785547278821,0.00654436554759741,-0.00295661459676921
-0.00851417798548937,0.00334857287816703,0.00343497144058347
0.0159869026392698,-0.00410827761515975,-0.0136092584580183
0.00533425947651267,0.0140012176707387,0.00663076573982835
-0.0127752348780632,-0.00197774893604219,-0.0136092584580183
0.00426899502053857,-0.00410827761515975,0.00556550128385425
0.00746478792279959,-0.00623880652710795,0.00343497144058347
0.0149216381832957,0.0150664821267128,-0.00189135037362576
-0.010644705966115,-0.00730407098308206,-0.00615240773186088
-0.00105732679367065,-0.00943459942936897,-0.00615240773186088
0.0117258466780186,0.00441383803263307,-0.00721767218783498
0.00213846634142101,0.0161317475140095,-0.0210661105811596
-0.00531838415190578,0.00441383803263307,0.00769602879881859
-0.0138404993340373,-0.0115651283413172,0.0140876164659858
0.00746478792279959,-0.00197774893604219,0.000239178392803296
0.00213846634142101,0.00121804408263415,-0.00508714327588677
-0.0212973486632109,0.00334857287816703,-0.010413465090096
-0.00425312016159296,0.0267843883484602,0.0162181463092566
7.93753315520007E-06,-0.0179567132145166,-0.00189135037362576
-0.00744891306385398,-0.00730407098308206,0.00236970698460937
-0.0181015580892563,-0.000912484538275749,0.00236970698460937
-0.00425312016159296,-0.00623880652710795,0.00663076573982835
-0.00425312016159296,-0.00517354207113385,-0.00402187928557396
-0.00744891306385398,0.0225233305245638,0.027936052531004
0.0117258466780186,-0.00197774893604219,-0.0221313741058111
0.00213846634142101,-0.00623880652710795,0.000239178392803296
-0.0170362927019596,-0.00730407098308206,0.00343497144058347
0.0106605822220445,-0.0147609217092395,-0.00402187928557396
0.00213846634142101,0.00441383803263307,0.0311318468302488
-0.00212259124964476,-0.0136956572532654,-0.00615240773186088
0.0127911092713475,0.0118706878274679,-0.0125439940020442
-0.0149057637900114,0.00760963000357151,0.0215444657951593
0.0202479623258114,0.00547910248860717,-0.000826086034066975
-0.00318785547278821,-0.0115651283413172,0.0183486714959145
-0.00957944244146347,0.00334857287816703,0.00343497144058347
0.00107320188544691,-0.00304301315918565,-0.016805050894618
-0.0117099704220891,0.0193275380879641,0.0204792004078627
-0.00318785547278821,-0.0147609217092395,0.00982655771076679
0.00107320188544691,-0.00730407098308206,-0.00402187928557396
0.0106605822220445,-0.00197774893604219,-0.00189135037362576
0.00107320188544691,0.00441383803263307,0.000239178392803296
-0.00851417798548937,-0.00836933497339487,0.00450023543089628
7.93753315520007E-06,0.00547910248860717,0.00556550128385425
-0.00851417798548937,0.00228330842219293,0.0172834098339081
-0.0149057637900114,0.00334857287816703,-0.00615240773186088
0.0170521680265665,-0.00623880652710795,0.0140876164659858
-0.0117099704220891,0.00867489445954561,-0.000826086034066975
-0.00744891306385398,-0.00730407098308206,-0.0200008451938629
0.0149216381832957,-0.0126303927972913,0.000239178392803296
-0.00425312016159296,0.00228330842219293,0.0108918221667409
-0.00318785547278821,-0.00623880652710795,-0.0125439940020442
0.00639952393248677,0.000152780135977082,-0.00189135037362576
-0.00425312016159296,-0.00517354207113385,-0.00402187928557396
-0.0191668216139078,0.0108054233714938,0.0130223510786891
0.00533425947651267,-0.00623880652710795,-0.0200008451938629
-0.00212259124964476,0.00334857287816703,-0.00508714327588677
-0.00531838415190578,-0.0190219767391682,-0.010413465090096
-0.00105732679367065,0.00760963000357151,-0.0189355816692114
0.00639952393248677,-0.0190219767391682,-0.00721767218783498
0.00107320188544691,-0.00943459942936897,0.0215444657951593
-0.0159710273146629,0.00547910248860717,0.0140876164659858
0.018117431551218,0.00228330842219293,-0.0231966394931078
-0.00957944244146347,-0.00943459942936897,0.00450023543089628
7.93753315520007E-06,-0.0115651283413172,0.000239178392803296
-0.00105732679367065,0.00547910248860717,-0.00721767218783498
-0.00212259124964476,-0.00517354207113385,-0.00508714327588677
-0.00638364860787988,0.00334857287816703,0.00130444311071187
0.0138563737273216,-0.00623880652710795,-0.0125439940020442
-0.00957944244146347,-0.00304301315918565,-0.00402187928557396
-0.00105732679367065,0.00228330842219293,0.0311318468302488
0.00320373079739511,-0.000912484538275749,0.00663076573982835
-0.00212259124964476,0.00334857287816703,0.00556550128385425
-0.0181015580892563,-0.000912484538275749,0.00982655771076679
-0.00105732679367065,0.00974015891551971,0.0183486714959145
0.00320373079739511,-0.00623880652710795,-0.000826086034066975
-0.00318785547278821,0.0118706878274679,-0.0157397873699665
-0.0117099704220891,0.00867489445954561,0.00343497144058347
0.00213846634142101,-0.0179567132145166,0.0236749947071075
7.93753315520007E-06,-0.0104998638853431,0.000239178392803296
0.00746478792279959,0.0118706878274679,0.011957086622715
-0.00638364860787988,0.000152780135977082,-0.00828293617814779
0.0159869026392698,-0.00304301315918565,0.000239178392803296
-0.00531838415190578,0.000152780135977082,0.00236970698460937
-0.00744891306385398,-0.00304301315918565,-0.00189135037362576
-0.00318785547278821,0.00441383803263307,0.0108918221667409
-0.010644705966115,-0.00943459942936897,-0.0157397873699665
0.0106605822220445,0.00760963000357151,0.00343497144058347
-0.0138404993340373,-0.00197774893604219,-0.000826086034066975
-0.00318785547278821,0.00760963000357151,-0.00189135037362576
0.00746478792279959,0.000152780135977082,0.0226097293198109
-0.00105732679367065,-0.000912484538275749,0.00343497144058347
-0.00105732679367065,0.0182622727006674,-0.00402187928557396
0.00426899502053857,-0.00410827761515975,0.0172834098339081
0.00639952393248677,0.00760963000357151,-0.00615240773186088
7.93753315520007E-06,-0.0190219767391682,-0.0210661105811596
-0.00638364860787988,0.00228330842219293,0.00663076573982835
-0.00531838415190578,-0.00517354207113385,0.00982655771076679
7.93753315520007E-06,0.00760963000357151,0.00769602879881859
-0.00851417798548937,0.00867489445954561,0.00236970698460937
-0.00318785547278821,-0.0136956572532654,0.0140876164659858
0.0127911092713475,-0.0179567132145166,-0.0200008451938629
0.00320373079739511,0.0182622727006674,-0.00189135037362576
-0.00212259124964476,0.00441383803263307,0.0140876164659858
-0.010644705966115,0.00547910248860717,-0.000826086034066975
-0.00531838415190578,0.00654436554759741,0.00982655771076679
-0.00318785547278821,0.000152780135977082,0.011957086622715
0.00107320188544691,-0.00730407098308206,-0.0391756072640419
-0.00638364860787988,0.0214580669999123,-0.00402187928557396
0.00213846634142101,0.0140012176707387,0.00556550128385425
-0.0138404993340373,0.00441383803263307,0.0194139368832111
0.0149216381832957,0.00121804408263415,-0.0210661105811596
-0.00744891306385398,-0.00623880652710795,0.00556550128385425
-0.00744891306385398,-0.00836933497339487,0.00343497144058347
-0.00318785547278821,0.00228330842219293,-0.0093482006341219
0.00639952393248677,0.0108054233714938,-0.00828293617814779
-0.0138404993340373,0.00121804408263415,0.00769602879881859
-0.00425312016159296,0.0214580669999123,-0.00295661459676921
-0.0149057637900114,-0.00623880652710795,0.011957086622715
0.0127911092713475,0.00334857287816703,-0.00828293617814779
-0.00638364860787988,-0.000912484538275749,0.0215444657951593
-0.00638364860787988,-0.00623880652710795,-0.00402187928557396
-0.00531838415190578,0.00228330842219293,-0.0146745229139924
0.00213846634142101,0.00974015891551971,0.0172834098339081
0.00107320188544691,-0.00197774893604219,0.0130223510786891
-0.010644705966115,0.0108054233714938,-0.000826086034066975
0.00107320188544691,-0.0126303927972913,-0.0093482006341219
-0.00212259124964476,-0.00836933497339487,0.00130444311071187
0.00746478792279959,0.00974015891551971,0.00450023543089628
-0.0138404993340373,0.00867489445954561,0.0108918221667409
-0.0127752348780632,0.00974015891551971,0.0162181463092566
0.00853005237877369,0.00760963000357151,0.011957086622715
0.00426899502053857,-0.0136956572532654,-0.0200008451938629
-0.00318785547278821,0.0182622727006674,-0.00615240773186088
7.93753315520007E-06,-0.00836933497339487,0.0151528809219599
-0.00531838415190578,-0.00517354207113385,-0.0136092584580183
-0.010644705966115,-0.000912484538275749,0.0183486714959145
7.93753315520007E-06,-0.00197774893604219,0.000239178392803296
-0.00105732679367065,-0.00304301315918565,-0.0114787295460701
-0.00212259124964476,-0.0168914496898651,0.011957086622715
-0.00105732679367065,0.0193275380879641,-0.00508714327588677
0.018117431551218,-0.00730407098308206,-0.00295661459676921
-0.00318785547278821,-0.00410827761515975,0.00343497144058347
-0.00318785547278821,-0.00410827761515975,0.011957086622715
-0.00425312016159296,0.0257191248238087,-0.0231966394931078
0.00107320188544691,-0.00730407098308206,0.00769602879881859
-0.00957944244146347,0.0108054233714938,-0.000826086034066975
0.0127911092713475,0.00441383803263307,-0.000826086034066975
0.00533425947651267,0.00121804408263415,0.00236970698460937
0.00213846634142101,-0.00304301315918565,0.00876129325479269
-0.00638364860787988,-0.00623880652710795,0.00876129325479269
-0.00425312016159296,0.0161317475140095,0.00876129325479269
-0.00212259124964476,0.0129359532147646,-0.00615240773186088
-0.0159710273146629,-0.0147609217092395,0.00236970698460937
0.00426899502053857,-0.00517354207113385,0.011957086622715
-0.0159710273146629,0.000152780135977082,-0.010413465090096
0.00853005237877369,0.0118706878274679,0.00450023543089628
0.0117258466780186,-0.00943459942936897,-0.00828293617814779
0.00320373079739511,0.0150664821267128,-0.00295661459676921
0.00213846634142101,-0.00943459942936897,-0.00828293617814779
-0.00212259124964476,0.0129359532147646,0.000239178392803296
0.00959531776607037,-0.00730407098308206,-0.0146745229139924
0.00533425947651267,-0.00410827761515975,0.00663076573982835
0.00107320188544691,-0.00304301315918565,-0.0189355816692114
0.00107320188544691,-0.00517354207113385,0.0226097293198109
-0.00851417798548937,0.0108054233714938,-0.0093482006341219
-0.00851417798548937,0.00867489445954561,-0.00508714327588677
0.00746478792279959,0.00547910248860717,0.0108918221667409
-0.0191668216139078,-0.00623880652710795,-0.010413465090096
0.00639952393248677,0.000152780135977082,0.0321971103549004
0.00426899502053857,0.00760963000357151,-0.00721767218783498
-0.00744891306385398,0.00867489445954561,0.0151528809219599
-0.00638364860787988,-0.00623880652710795,-0.0125439940020442
-0.00212259124964476,0.00121804408263415,0.00450023543089628
-0.00531838415190578,0.00121804408263415,0.0151528809219599
0.00107320188544691,-0.0115651283413172,-0.0189355816692114
-0.00105732679367065,0.0108054233714938,-0.00828293617814779
-0.00638364860787988,0.00867489445954561,-0.0146745229139924
0.0117258466780186,-0.00410827761515975,0.000239178392803296
0.0213132258504629,-0.00197774893604219,-0.00721767218783498
-0.00212259124964476,0.00760963000357151,-0.010413465090096
0.00746478792279959,0.000152780135977082,0.000239178392803296
-0.00212259124964476,0.0161317475140095,-0.010413465090096
-0.0117099704220891,-0.00836933497339487,0.000239178392803296
-0.00957944244146347,-0.00836933497339487,-0.00828293617814779
0.00320373079739511,0.0171970091760159,-0.000826086034066975
-0.00851417798548937,0.000152780135977082,-0.00402187928557396
0.00639952393248677,0.00974015891551971,0.0130223510786891
-0.0159710273146629,-0.00410827761515975,0.0172834098339081
-0.0149057637900114,0.00654436554759741,-0.0221313741058111
0.00853005237877369,-0.000912484538275749,-0.0146745229139924
-0.00212259124964476,0.00334857287816703,0.00982655771076679
-0.0149057637900114,-0.00623880652710795,-0.0263924300670624
0.00746478792279959,0.00121804408263415,-0.00615240773186088
-0.0181015580892563,0.00867489445954561,0.0183486714959145
0.00533425947651267,0.00334857287816703,-0.0210661105811596
-0.00105732679367065,0.00441383803263307,0.00663076573982835
-0.00425312016159296,0.0150664821267128,-0.000826086034066975
0.00959531776607037,0.00228330842219293,0.00236970698460937
-0.00531838415190578,-0.0179567132145166,0.00663076573982835
-0.00105732679367065,0.0225233305245638,-0.000826086034066975
0.00320373079739511,-0.00730407098308206,0.0130223510786891
7.93753315520007E-06,-0.0211525056511164,-0.010413465090096
0.00853005237877369,0.0193275380879641,0.00450023543089628
-0.00851417798548937,-0.00197774893604219,0.0108918221667409
-0.00318785547278821,0.00654436554759741,0.00236970698460937
-0.00318785547278821,-0.0126303927972913,-0.0093482006341219
0.00320373079739511,0.00228330842219293,-0.0146745229139924
0.00533425947651267,-0.0115651283413172,0.00450023543089628
-0.00638364860787988,0.00334857287816703,0.00450023543089628
-0.00105732679367065,0.0118706878274679,-0.000826086034066975
-0.00318785547278821,-0.0168914496898651,0.00236970698460937
0.023443752899766,0.0161317475140095,-0.016805050894618
-0.0212973486632109,-0.00517354207113385,0.0194139368832111
0.0106605822220445,0.00974015891551971,0.011957086622715
0.0127911092713475,0.00228330842219293,-0.00508714327588677
-0.00638364860787988,0.00334857287816703,0.0300665814429522
0.0159869026392698,0.00334857287816703,-0.00508714327588677
0.0127911092713475,-0.0147609217092395,0.00130444311071187
-0.00105732679367065,0.00334857287816703,-0.00615240773186088
-0.00851417798548937,0.000152780135977082,-0.00402187928557396
0.00107320188544691,0.00867489445954561,0.00556550128385425
0.00853005237877369,-0.00836933497339487,0.00343497144058347
-0.010644705966115,-0.0147609217092395,0.00663076573982835
0.00639952393248677,0.00228330842219293,-0.0221313741058111
-0.00851417798548937,0.0108054233714938,-0.000826086034066975
-0.00105732679367065,-0.0126303927972913,0.00343497144058347
0.00533425947651267,0.00547910248860717,-0.000826086034066975
-0.00425312016159296,0.0118706878274679,-0.00402187928557396
0.00213846634142101,-0.0147609217092395,-0.0093482006341219
-0.00425312016159296,-0.0104998638853431,-0.00721767218783498
-0.00425312016159296,0.0214580669999123,-0.00402187928557396
-0.00425312016159296,-0.00836933497339487,0.00982655771076679
-0.00212259124964476,-0.00304301315918565,0.00556550128385425
0.00639952393248677,-0.00304301315918565,-0.0221313741058111
-0.0138404993340373,-0.00410827761515975,0.0268707871437073
-0.0191668216139078,0.00441383803263307,-0.0114787295460701
0.0255742818117142,0.0118706878274679,0.00982655771076679
0.0106605822220445,0.00121804408263415,-0.00721767218783498
0.00426899502053857,0.0140012176707387,0.00769602879881859
-0.0149057637900114,0.00334857287816703,0.0183486714959145
7.93753315520007E-06,-0.0147609217092395,-0.0210661105811596
0.00639952393248677,0.00867489445954561,0.00982655771076679
-0.0170362927019596,0.00228330842219293,0.0172834098339081
0.00639952393248677,-0.00943459942936897,0.00876129325479269
-0.0159710273146629,0.00334857287816703,0.000239178392803296
0.0159869026392698,0.00974015891551971,0.00450023543089628
-0.00851417798548937,-0.00517354207113385,0.00236970698460937
-0.00212259124964476,-0.0136956572532654,-0.00295661459676921
0.00853005237877369,0.0140012176707387,-0.00508714327588677
-0.00212259124964476,0.00441383803263307,0.00556550128385425
-0.00638364860787988,-0.000912484538275749,0.0108918221667409
-0.00957944244146347,-0.00730407098308206,0.0108918221667409
-0.00531838415190578,0.000152780135977082,-0.0200008451938629
-0.0159710273146629,0.00760963000357151,-0.010413465090096
7.93753315520007E-06,-0.00410827761515975,0.0321971103549004
-0.00105732679367065,0.0150664821267128,0.000239178392803296
0.00639952393248677,-0.0243483018130064,-0.0157397873699665
-0.00531838415190578,0.00121804408263415,-0.00828293617814779
-0.00638364860787988,-0.00304301315918565,0.011957086622715
-0.0170362927019596,0.00441383803263307,0.0215444657951593
0.0127911092713475,0.000152780135977082,-0.00828293617814779
0.00320373079739511,0.00867489445954561,0.00343497144058347
0.00107320188544691,-0.0126303927972913,-0.0178703162819147
-0.00531838415190578,-0.000912484538275749,0.0194139368832111
0.00426899502053857,0.00760963000357151,-0.000826086034066975
-0.00105732679367065,-0.00623880652710795,-0.0093482006341219
-0.00744891306385398,-0.00730407098308206,-0.0114787295460701
0.00746478792279959,-0.00836933497339487,-0.00828293617814779
-0.0117099704220891,0.0150664821267128,0.0321971103549004
0.00746478792279959,-0.0136956572532654,-0.0157397873699665
0.00320373079739511,0.0129359532147646,-0.00402187928557396
-0.00531838415190578,-0.00197774893604219,0.0140876164659858
-0.010644705966115,0.000152780135977082,-0.0125439940020442
0.00213846634142101,-0.00623880652710795,-0.00189135037362576
0.00107320188544691,0.00441383803263307,0.011957086622715
-0.00744891306385398,0.00867489445954561,0.00663076573982835
-0.00212259124964476,0.00228330842219293,0.00343497144058347
0.0191826969385147,-0.00517354207113385,0.00769602879881859
-0.0202320870012045,0.000152780135977082,0.011957086622715
0.00533425947651267,-0.00517354207113385,-0.0146745229139924
-0.00744891306385398,0.00547910248860717,0.00663076573982835
0.00746478792279959,0.00974015891551971,0.00236970698460937
0.00213846634142101,-0.0136956572532654,-0.00508714327588677
-0.00212259124964476,0.00441383803263307,0.0108918221667409
-0.00744891306385398,0.0150664821267128,0.0172834098339081
-0.00744891306385398,-0.00730407098308206,-0.00402187928557396
-0.0117099704220891,0.0140012176707387,0.00343497144058347
-0.00105732679367065,0.0299801845103502,-0.00828293617814779
-0.00318785547278821,-0.0158261861652136,-0.0114787295460701
0.0138563737273216,0.00547910248860717,0.00450023543089628
0.00320373079739511,0.00867489445954561,0.000239178392803296
0.00639952393248677,-0.00304301315918565,-0.010413465090096
0.00320373079739511,-0.0104998638853431,0.00982655771076679
-0.00105732679367065,-0.0104998638853431,0.000239178392803296
-0.010644705966115,-0.00410827761515975,0.00450023543089628
-0.00318785547278821,0.0108054233714938,-0.0125439940020442
-0.00318785547278821,-0.0179567132145166,0.011957086622715
0.00853005237877369,0.00867489445954561,0.000239178392803296
-0.00531838415190578,-0.00517354207113385,-0.00828293617814779
-0.00425312016159296,-0.00730407098308206,0.027936052531004
0.00533425947651267,-0.00410827761515975,-0.00721767218783498
0.00639952393248677,0.00974015891551971,-0.00615240773186088
0.00533425947651267,0.00441383803263307,0.0194139368832111
-0.00105732679367065,0.00547910248860717,0.00343497144058347
0.00426899502053857,-0.0126303927972913,-0.00295661459676921
-0.010644705966115,0.0171970091760159,-0.0178703162819147
0.0298353396356106,-0.00517354207113385,-0.00828293617814779
-0.0234278775751591,0.00228330842219293,0.00982655771076679
-0.00105732679367065,0.00121804408263415,-0.00721767218783498
0.0138563737273216,-0.00304301315918565,-0.0114787295460701
-0.0117099704220891,-0.00304301315918565,0.00982655771076679
0.00746478792279959,0.00867489445954561,-0.0114787295460701
-0.00425312016159296,-0.000912484538275749,0.00982655771076679
-0.00638364860787988,-0.000912484538275749,0.011957086622715
-0.00425312016159296,0.00228330842219293,0.00663076573982835
0.0159869026392698,0.0108054233714938,0.00450023543089628
-0.00531838415190578,-0.00304301315918565,-0.0178703162819147
7.93753315520007E-06,-0.000912484538275749,0.00663076573982835
0.00533425947651267,0.00334857287816703,0.00450023543089628
-0.00638364860787988,-0.00197774893604219,0.00343497144058347
0.00639952393248677,0.00228330842219293,-0.00828293617814779
-0.00531838415190578,-0.0115651283413172,-0.0093482006341219
0.0106605822220445,0.00974015891551971,0.00556550128385425
-0.00957944244146347,-0.000912484538275749,0.0236749947071075
0.00959531776607037,0.024653859436512,0.0204792004078627
0.00320373079739511,-0.0126303927972913,0.00450023543089628
-0.00957944244146347,-0.00730407098308206,-0.010413465090096
0.0106605822220445,0.0140012176707387,0.0140876164659858
7.93753315520007E-06,-0.0126303927972913,0.00343497144058347
-0.00105732679367065,0.000152780135977082,0.0140876164659858
0.00320373079739511,-0.00197774893604219,-0.00721767218783498
0.0117258466780186,-0.0115651283413172,-0.0136092584580183
-0.00318785547278821,0.000152780135977082,0.00982655771076679
-0.00638364860787988,0.00760963000357151,-0.00615240773186088
-0.00638364860787988,-0.0136956572532654,0.00663076573982835
0.0127911092713475,0.0161317475140095,-0.010413465090096
0.00639952393248677,0.00760963000357151,0.00663076573982835
-0.010644705966115,0.00334857287816703,0.00663076573982835
-0.00851417798548937,-0.00517354207113385,0.000239178392803296
7.93753315520007E-06,-0.0168914496898651,0.00450023543089628
-0.00318785547278821,0.00334857287816703,-0.0125439940020442
0.00107320188544691,0.00654436554759741,0.00769602879881859
7.93753315520007E-06,0.00228330842219293,-0.0093482006341219
-0.0191668216139078,-0.00623880652710795,0.00663076573982835
0.00959531776607037,0.00121804408263415,-0.016805050894618
-0.00531838415190578,-0.00410827761515975,0.011957086622715
-0.00531838415190578,0.00547910248860717,-0.00615240773186088
0.00426899502053857,-0.0147609217092395,0.0140876164659858
-0.010644705966115,0.0108054233714938,0.00876129325479269
0.00959531776607037,0.0161317475140095,-0.0157397873699665
0.00213846634142101,0.00547910248860717,-0.00721767218783498
-0.00638364860787988,-0.00517354207113385,0.00343497144058347
0.0127911092713475,-0.00730407098308206,-0.0221313741058111
-0.00425312016159296,-0.00410827761515975,0.00343497144058347
0.00426899502053857,0.00228330842219293,0.033262375742197
0.00426899502053857,0.00228330842219293,-0.000826086034066975
-0.00318785547278821,0.00441383803263307,0.000239178392803296
-0.00957944244146347,-0.00836933497339487,-0.000826086034066975
-0.00425312016159296,0.00334857287816703,0.0204792004078627
-0.00957944244146347,0.00441383803263307,0.0194139368832111
0.0202479623258114,-0.0104998638853431,-0.0157397873699665
0.00746478792279959,-0.0158261861652136,-0.00295661459676921
0.00639952393248677,0.00228330842219293,0.00450023543089628
-0.00957944244146347,0.00760963000357151,-0.0157397873699665
0.0117258466780186,0.0129359532147646,0.0151528809219599
0.00213846634142101,-0.00623880652710795,-0.0146745229139924
0.0106605822220445,-0.0115651283413172,0.00343497144058347
-0.0127752348780632,0.00334857287816703,-0.000826086034066975
-0.00957944244146347,-0.00304301315918565,-0.0189355816692114
0.00746478792279959,-0.00943459942936897,0.00450023543089628
0.00213846634142101,0.0171970091760159,0.00556550128385425
-0.00638364860787988,-0.00943459942936897,0.000239178392803296
-0.00744891306385398,-0.0104998638853431,-0.00189135037362576
0.00426899502053857,-0.00304301315918565,-0.0093482006341219
0.0106605822220445,0.00654436554759741,-0.0125439940020442
0.0117258466780186,-0.00836933497339487,-0.000826086034066975
-0.010644705966115,0.00547910248860717,0.00343497144058347
-0.00425312016159296,0.00121804408263415,-0.00615240773186088
-0.00105732679367065,0.000152780135977082,-0.000826086034066975
0.018117431551218,-0.0126303927972913,0.00130444311071187
-0.00744891306385398,-0.00517354207113385,0.00236970698460937
0.00213846634142101,0.00654436554759741,0.00236970698460937
0.00853005237877369,-0.0115651283413172,0.0162181463092566
0.0127911092713475,0.0118706878274679,-0.000826086034066975
-0.00957944244146347,0.0161317475140095,-0.0242619030177593
0.00853005237877369,0.000152780135977082,0.00663076573982835
0.00320373079739511,0.00334857287816703,0.00450023543089628
-0.00744891306385398,0.00547910248860717,-0.0200008451938629
-0.00105732679367065,0.000152780135977082,0.0108918221667409
0.00853005237877369,-0.0115651283413172,-0.00721767218783498
-0.0149057637900114,-0.0158261861652136,0.0108918221667409
7.93753315520007E-06,-0.000912484538275749,-0.00721767218783498
-0.00212259124964476,-0.000912484538275749,0.0140876164659858
0.00959531776607037,0.00334857287816703,-0.00721767218783498
-0.00212259124964476,-0.0126303927972913,0.00663076573982835
-0.00105732679367065,0.0118706878274679,0.00769602879881859
-0.00638364860787988,0.0161317475140095,-0.0157397873699665
0.0106605822220445,-0.00197774893604219,-0.000826086034066975
-0.00744891306385398,-0.00304301315918565,0.00876129325479269
0.00320373079739511,-0.00730407098308206,-0.0178703162819147
0.00320373079739511,0.0278496537357569,-0.0093482006341219
-0.00744891306385398,-0.0307398866862059,-0.00295661459676921
-0.00531838415190578,0.00654436554759741,-0.00721767218783498
-0.00638364860787988,-0.00410827761515975,0.00236970698460937
-0.0191668216139078,-0.00197774893604219,-0.0093482006341219
0.00959531776607037,-0.00304301315918565,0.000239178392803296
0.0159869026392698,-0.000912484538275749,-0.00615240773186088
-0.00105732679367065,0.024653859436512,0.011957086622715
-0.00212259124964476,0.0129359532147646,-0.0125439940020442
0.00213846634142101,-0.00517354207113385,-0.00828293617814779
0.00533425947651267,-0.00623880652710795,-0.00828293617814779
0.00959531776607037,0.00974015891551971,0.00556550128385425
0.00746478792279959,-0.00623880652710795,0.0108918221667409
-0.00531838415190578,-0.000912484538275749,-0.016805050894618
-0.010644705966115,0.0140012176707387,0.00663076573982835
-0.00318785547278821,0.00654436554759741,0.00982655771076679
-0.00957944244146347,0.00334857287816703,-0.00402187928557396
0.00746478792279959,0.0182622727006674,-0.0178703162819147
7.93753315520007E-06,0.000152780135977082,-0.00402187928557396
-0.00105732679367065,-0.0190219767391682,0.0226097293198109
0.00320373079739511,0.0193275380879641,0.00450023543089628
-0.0170362927019596,0.00228330842219293,-0.00189135037362576
-0.0244931429624557,0.0161317475140095,-0.00189135037362576
-0.00212259124964476,0.00121804408263415,-0.010413465090096
-0.00425312016159296,0.000152780135977082,-0.000826086034066975
0.0191826969385147,-0.0211525056511164,-0.00615240773186088
-0.00851417798548937,-0.00304301315918565,-0.0125439940020442
0.00533425947651267,0.0161317475140095,0.0321971103549004
-0.00425312016159296,-0.0147609217092395,-0.0136092584580183
0.00853005237877369,-0.00730407098308206,-0.000826086034066975
-0.00638364860787988,0.00334857287816703,-0.00721767218783498
0.0170521680265665,-0.000912484538275749,-0.0146745229139924
0.00107320188544691,0.00121804408263415,-0.00615240773186088
-0.010644705966115,0.00228330842219293,0.00130444311071187
0.00533425947651267,0.0161317475140095,-0.00295661459676921
-0.00957944244146347,-0.0168914496898651,-0.000826086034066975
0.00426899502053857,0.00121804408263415,-0.0210661105811596
-0.0149057637900114,0.00547910248860717,0.00769602879881859
0.00639952393248677,0.00547910248860717,-0.000826086034066975
0.00213846634142101,-0.00836933497339487,0.0162181463092566
-0.0181015580892563,-0.000912484538275749,-0.00828293617814779
0.00746478792279959,-0.0115651283413172,-0.00402187928557396
-0.0117099704220891,0.0129359532147646,0.00343497144058347
0.0117258466780186,-0.000912484538275749,0.0140876164659858
-0.00744891306385398,0.00547910248860717,0.00876129325479269
0.0138563737273216,0.00228330842219293,-0.00189135037362576
0.00320373079739511,0.00228330842219293,-0.00508714327588677
-0.010644705966115,0.00441383803263307,0.0407192222774029
-0.00425312016159296,-0.0136956572532654,-0.0221313741058111
0.00213846634142101,-0.00304301315918565,-0.00828293617814779
-0.00638364860787988,0.00334857287816703,0.00663076573982835
7.93753315520007E-06,0.0140012176707387,0.0108918221667409
0.00213846634142101,0.00867489445954561,-0.0231966394931078
-0.00425312016159296,-0.00943459942936897,0.00556550128385425
-0.00318785547278821,-0.00304301315918565,0.011957086622715
-0.0117099704220891,-0.00197774893604219,-0.000826086034066975
0.00533425947651267,-0.000912484538275749,0.00769602879881859
-0.00318785547278821,0.00547910248860717,-0.0189355816692114
-0.00638364860787988,0.0140012176707387,0.00236970698460937
0.00639952393248677,-0.0136956572532654,-0.00189135037362576
-0.00531838415190578,0.0171970091760159,0.000239178392803296
-0.00638364860787988,-0.0104998638853431,-0.000826086034066975
-0.00212259124964476,0.00121804408263415,-0.00295661459676921
0.0170521680265665,-0.00836933497339487,-0.0136092584580183
0.00853005237877369,-0.022217771038413,-0.00295661459676921
7.93753315520007E-06,0.00228330842219293,-0.00189135037362576
-0.010644705966115,0.00760963000357151,-0.00508714327588677
7.93753315520007E-06,-0.0168914496898651,-0.00295661459676921
0.0127911092713475,0.0214580669999123,0.00982655771076679
0.00320373079739511,0.00334857287816703,-0.00721767218783498
0.0213132258504629,-0.0190219767391682,0.000239178392803296
-0.00531838415190578,-0.022217771038413,0.00450023543089628
0.00746478792279959,0.0182622727006674,0.00769602879881859
0.00853005237877369,-0.00623880652710795,-0.010413465090096
-0.00744891306385398,0.0171970091760159,0.00876129325479269
0.00320373079739511,-0.00517354207113385,0.0215444657951593
0.00107320188544691,0.00760963000357151,-0.0200008451938629
-0.00531838415190578,-0.00943459942936897,0.0130223510786891
0.00213846634142101,-0.0168914496898651,0.00130444311071187
-0.00531838415190578,0.00441383803263307,0.00130444311071187
0.00320373079739511,-0.00410827761515975,-0.000826086034066975
0.00746478792279959,0.00974015891551971,0.000239178392803296
0.00426899502053857,-0.00410827761515975,0.00769602879881859
-0.010644705966115,-0.0190219767391682,-0.000826086034066975
0.0202479623258114,0.00121804408263415,-0.00508714327588677
-0.010644705966115,0.000152780135977082,0.00876129325479269
0.018117431551218,-0.0243483018130064,-0.00295661459676921
-0.00425312016159296,0.00121804408263415,0.00130444311071187
0.00639952393248677,0.0108054233714938,-0.0210661105811596
0.00107320188544691,-0.00304301315918565,-0.0125439940020442
-0.00531838415190578,0.000152780135977082,0.00663076573982835
0.00533425947651267,0.00228330842219293,-0.0178703162819147
0.00213846634142101,0.00867489445954561,0.0215444657951593
-0.00212259124964476,-0.00197774893604219,-0.00295661459676921
7.93753315520007E-06,0.000152780135977082,-0.0093482006341219
0.00959531776607037,0.0118706878274679,-0.00721767218783498
0.00320373079739511,-0.0104998638853431,-0.00828293617814779
0.00533425947651267,-0.00304301315918565,0.0108918221667409
-0.00851417798548937,-0.00517354207113385,0.00982655771076679
0.00107320188544691,-0.000912484538275749,0.00450023543089628
-0.0149057637900114,0.00121804408263415,0.00343497144058347
0.0149216381832957,-0.0104998638853431,0.0183486714959145
-0.00212259124964476,-0.00197774893604219,-0.00402187928557396
-0.00851417798548937,-0.0115651283413172,-0.00402187928557396
0.0159869026392698,0.00334857287816703,0.0108918221667409
-0.00425312016159296,-0.0211525056511164,-0.0263924300670624
7.93753315520007E-06,0.00228330842219293,-0.010413465090096
0.00533425947651267,0.00228330842219293,-0.00615240773186088
-0.00212259124964476,-0.00410827761515975,-0.00295661459676921
0.00320373079739511,-0.0115651283413172,-0.010413465090096
0.0106605822220445,-0.00730407098308206,0.000239178392803296
-0.00957944244146347,0.0214580669999123,-0.00189135037362576
-0.00105732679367065,-0.0286093577742577,-0.00189135037362576
-0.00105732679367065,0.0161317475140095,-0.00828293617814779
0.00746478792279959,-0.00730407098308206,0.0130223510786891
-0.00744891306385398,-0.0232830382883549,-0.0221313741058111
0.0138563737273216,-0.00623880652710795,0.0226097293198109
0.023443752899766,0.00121804408263415,-0.000826086034066975
-0.010644705966115,0.00654436554759741,-0.0178703162819147
0.00426899502053857,-0.00410827761515975,-0.00828293617814779
-0.0170362927019596,0.00228330842219293,-0.000826086034066975
0.00213846634142101,0.00654436554759741,0.0183486714959145
0.00533425947651267,0.00760963000357151,-0.00295661459676921
-0.00638364860787988,-0.00304301315918565,-0.00828293617814779
0.00959531776607037,-0.00197774893604219,-0.00721767218783498
-0.0170362927019596,0.00974015891551971,0.0268707871437073
-0.00212259124964476,-0.00304301315918565,-0.00295661459676921
0.00853005237877369,0.000152780135977082,-0.000826086034066975
-0.0117099704220891,0.00334857287816703,0.00663076573982835
0.0138563737273216,-0.0136956572532654,-0.00508714327588677
-0.0202320870012045,0.00547910248860717,-0.00721767218783498
0.00746478792279959,0.0140012176707387,0.0151528809219599
0.0117258466780186,-0.0158261861652136,-0.0125439940020442
-0.0138404993340373,0.00547910248860717,-0.0189355816692114
0.0149216381832957,-0.0147609217092395,-0.016805050894618
-0.00318785547278821,0.00867489445954561,-0.00508714327588677
-0.00105732679367065,-0.00730407098308206,0.00769602879881859
0.00107320188544691,0.00760963000357151,-0.0125439940020442
0.00107320188544691,-0.00304301315918565,-0.0178703162819147
-0.010644705966115,-0.00730407098308206,-0.00508714327588677
-0.00957944244146347,0.00228330842219293,0.00876129325479269
-0.00105732679367065,-0.0179567132145166,-0.0231966394931078
-0.00425312016159296,0.0108054233714938,0.0236749947071075
-0.0117099704220891,-0.00730407098308206,0.00663076573982835
0.018117431551218,-0.00836933497339487,0.0151528809219599
-0.00957944244146347,-0.00304301315918565,-0.0136092584580183
-0.0117099704220891,0.0140012176707387,0.0247402582317591
0.00320373079739511,-0.00943459942936897,0.0151528809219599
-0.00105732679367065,0.000152780135977082,-0.00721767218783498
-0.00851417798548937,0.00441383803263307,-0.0146745229139924
-0.00212259124964476,-0.00304301315918565,0.00769602879881859
0.00853005237877369,0.00334857287816703,-0.00402187928557396
-0.00425312016159296,-0.00517354207113385,0.00343497144058347
0.00320373079739511,0.00334857287816703,-0.0093482006341219
0.00320373079739511,-0.0115651283413172,-0.010413465090096
-0.00318785547278821,0.00121804408263415,0.0172834098339081
0.00107320188544691,0.0161317475140095,0.00769602879881859
-0.00212259124964476,-0.00836933497339487,0.00236970698460937
-0.00212259124964476,-0.0136956572532654,-0.0125439940020442
0.00639952393248677,-0.00836933497339487,0.00343497144058347
-0.00425312016159296,-0.00197774893604219,-0.0125439940020442
-0.0127752348780632,0.00760963000357151,0.0204792004078627
0.00320373079739511,0.00334857287816703,0.0151528809219599
0.00533425947651267,-0.00623880652710795,-0.0200008451938629
-0.00105732679367065,-0.00410827761515975,0.00236970698460937
-0.00425312016159296,0.000152780135977082,0.00769602879881859
-0.00425312016159296,0.00441383803263307,-0.0136092584580183
0.00853005237877369,-0.00836933497339487,-0.00295661459676921
-0.0149057637900114,0.00334857287816703,-0.0114787295460701
0.00107320188544691,-0.000912484538275749,-0.00508714327588677
0.00107320188544691,-0.0232830382883549,-0.000826086034066975
0.00639952393248677,0.0182622727006674,0.00876129325479269
0.00426899502053857,0.0171970091760159,-0.00615240773186088
-0.00425312016159296,-0.000912484538275749,-0.00295661459676921
0.00853005237877369,-0.0147609217092395,-0.0285229589790106
0.00959531776607037,-0.0126303927972913,0.00450023543089628
0.00533425947651267,0.00654436554759741,0.00236970698460937
0.00639952393248677,0.0108054233714938,0.00663076573982835
-0.00957944244146347,-0.00304301315918565,0.00769602879881859
0.00959531776607037,-0.0158261861652136,-0.0146745229139924
-0.0117099704220891,0.0193275380879641,0.0162181463092566
0.023443752899766,-0.0147609217092395,-0.0114787295460701
0.00213846634142101,0.00228330842219293,-0.00295661459676921
0.0170521680265665,-0.00304301315918565,0.00876129325479269
0.0106605822220445,-0.00623880652710795,-0.00189135037362576
-0.0202320870012045,-0.000912484538275749,0.011957086622715
0.00107320188544691,-0.00410827761515975,-0.00402187928557396
0.00426899502053857,-0.0136956572532654,0.00450023543089628
0.00639952393248677,0.00547910248860717,-0.0125439940020442
0.00746478792279959,-0.00836933497339487,-0.000826086034066975
-0.00531838415190578,-0.00517354207113385,-0.0125439940020442
-0.00638364860787988,-0.00517354207113385,-0.0157397873699665
0.00746478792279959,-0.00730407098308206,0.00663076573982835
-0.00638364860787988,-0.00517354207113385,-0.00615240773186088
0.00746478792279959,0.0140012176707387,0.00663076573982835
0.00533425947651267,-0.00517354207113385,0.00556550128385425
-0.010644705966115,-0.0126303927972913,-0.000826086034066975
0.00320373079739511,-0.00623880652710795,-0.0114787295460701
0.00426899502053857,-0.000912484538275749,-0.00189135037362576
-0.00105732679367065,-0.0104998638853431,-0.0114787295460701
-0.0127752348780632,-0.00304301315918565,0.00556550128385425
0.0245090182870626,0.00760963000357151,0.00876129325479269
0.0159869026392698,-0.00623880652710795,0.00130444311071187
-0.010644705966115,0.00547910248860717,-0.00615240773186088
0.00107320188544691,-0.0147609217092395,-0.0114787295460701
-0.00105732679367065,-0.0147609217092395,-0.00508714327588677
0.00639952393248677,0.00654436554759741,-0.0136092584580183
-0.00212259124964476,-0.00410827761515975,-0.0178703162819147
-0.00851417798548937,-0.00197774893604219,0.011957086622715
0.00320373079739511,-0.00623880652710795,-0.00402187928557396
0.00959531776607037,0.00334857287816703,-0.000826086034066975
-0.010644705966115,0.00121804408263415,0.00982655771076679
0.00213846634142101,-0.00410827761515975,0.00343497144058347
-0.00105732679367065,0.00334857287816703,-0.0146745229139924
0.00107320188544691,0.00974015891551971,0.00556550128385425
-0.00212259124964476,-0.000912484538275749,-0.0136092584580183
0.00426899502053857,-0.00197774893604219,0.0226097293198109
-0.0138404993340373,0.00760963000357151,-0.00402187928557396
-0.00212259124964476,-0.00730407098308206,0.000239178392803296
-0.00212259124964476,-0.00197774893604219,0.0130223510786891
0.0170521680265665,-0.000912484538275749,0.00130444311071187
0.00426899502053857,-0.00836933497339487,0.000239178392803296
-0.00105732679367065,0.00228330842219293,0.0194139368832111
0.0117258466780186,0.00334857287816703,0.00876129325479269
-0.0117099704220891,0.00121804408263415,-0.0114787295460701
0.00107320188544691,-0.00517354207113385,0.000239178392803296
-0.0170362927019596,-0.0211525056511164,-0.00402187928557396
0.0117258466780186,0.00334857287816703,0.00130444311071187
0.0127911092713475,-0.0104998638853431,-0.00508714327588677
-0.0138404993340373,-0.00197774893604219,-0.000826086034066975
0.0191826969385147,0.00121804408263415,-0.0221313741058111
-0.0202320870012045,-0.0126303927972913,-0.00615240773186088
0.00639952393248677,0.0118706878274679,0.0130223510786891
-0.00531838415190578,-0.0126303927972913,-0.0136092584580183
0.00107320188544691,-0.00197774893604219,-0.000826086034066975
0.0127911092713475,-0.0115651283413172,-0.00189135037362576
0.00320373079739511,0.00441383803263307,-0.00721767218783498
0.00959531776607037,0.00867489445954561,-0.00508714327588677
0.00853005237877369,0.00121804408263415,0.0183486714959145
-0.00318785547278821,0.00867489445954561,-0.0114787295460701
-0.0149057637900114,0.00121804408263415,0.00130444311071187
0.0138563737273216,-0.0179567132145166,0.00343497144058347
7.93753315520007E-06,0.0257191248238087,-0.0136092584580183
-0.0159710273146629,0.00974015891551971,-0.00189135037362576
-0.00212259124964476,-0.000912484538275749,-0.00295661459676921
0.00639952393248677,-0.00517354207113385,-0.0189355816692114
0.0138563737273216,-0.00623880652710795,0.000239178392803296
0.0106605822220445,0.00760963000357151,-0.00189135037362576
7.93753315520007E-06,-0.000912484538275749,-0.0146745229139924
0.00107320188544691,0.00867489445954561,0.00769602879881859
-0.0170362927019596,-0.0232830382883549,0.00130444311071187
0.0202479623258114,0.0214580669999123,-0.00189135037362576
-0.010644705966115,-0.0136956572532654,0.011957086622715
-0.0127752348780632,0.0321107134222984,-0.0125439940020442
-0.00425312016159296,-0.0190219767391682,0.011957086622715
-0.0159710273146629,0.00654436554759741,0.00663076573982835
0.0117258466780186,0.00654436554759741,-0.016805050894618
0.00533425947651267,0.00547910248860717,0.000239178392803296
0.0170521680265665,-0.000912484538275749,0.0151528809219599
0.00533425947651267,-0.0115651283413172,-0.0200008451938629
-0.00851417798548937,-0.00943459942936897,-0.0285229589790106
0.00107320188544691,-0.00304301315918565,0.0172834098339081
-0.010644705966115,0.00654436554759741,0.00343497144058347
0.0159869026392698,-0.00943459942936897,0.0108918221667409
-0.00638364860787988,0.00121804408263415,-0.00402187928557396
-0.0138404993340373,-0.00517354207113385,-0.00295661459676921
0.0149216381832957,0.00334857287816703,-0.0125439940020442
-0.00105732679367065,-0.00304301315918565,0.00769602879881859
-0.00105732679367065,0.00760963000357151,0.00663076573982835
-0.00531838415190578,0.00974015891551971,-0.010413465090096
-0.00531838415190578,-0.00517354207113385,0.0204792004078627
0.00320373079739511,-0.00623880652710795,-0.0210661105811596
0.00426899502053857,-0.000912484538275749,0.00769602879881859
-0.00212259124964476,0.0108054233714938,0.00236970698460937
-0.0117099704220891,-0.0147609217092395,-0.00402187928557396
-0.00212259124964476,0.0118706878274679,0.00982655771076679
0.00320373079739511,-0.00410827761515975,-0.000826086034066975
0.00639952393248677,-0.00410827761515975,-0.0221313741058111
-0.00105732679367065,0.0108054233714938,0.0343276411294937
-0.00744891306385398,-0.00836933497339487,-0.0221313741058111
-0.00105732679367065,-0.00517354207113385,0.0130223510786891
0.00107320188544691,0.0193275380879641,0.00130444311071187
-0.00638364860787988,-0.00304301315918565,0.00663076573982835
0.018117431551218,0.00547910248860717,-0.00189135037362576
-0.00425312016159296,-0.00410827761515975,0.00236970698460937
-0.00318785547278821,0.00121804408263415,0.00450023543089628
-0.00425312016159296,0.00228330842219293,0.00876129325479269
-0.00105732679367065,0.00654436554759741,-0.00295661459676921
0.00320373079739511,0.00867489445954561,0.0151528809219599
-0.00212259124964476,-0.00410827761515975,-0.00721767218783498
-0.00531838415190578,-0.00197774893604219,-0.00402187928557396
-0.0127752348780632,0.00654436554759741,0.011957086622715
0.00746478792279959,-0.000912484538275749,-0.00615240773186088
-0.00425312016159296,0.00334857287816703,0.00663076573982835
0.00107320188544691,0.00228330842219293,-0.00402187928557396
7.93753315520007E-06,0.00121804408263415,0.00876129325479269
-0.0117099704220891,0.00228330842219293,0.0130223510786891
0.00107320188544691,0.0171970091760159,-0.00615240773186088
-0.00425312016159296,-0.00730407098308206,-0.00295661459676921
7.93753315520007E-06,-0.00836933497339487,0.00130444311071187
-0.00957944244146347,0.0150664821267128,0.0151528809219599
0.00107320188544691,0.0129359532147646,-0.00508714327588677
0.00107320188544691,-0.00197774893604219,0.00450023543089628
0.00320373079739511,0.00441383803263307,0.00450023543089628
0.00213846634142101,-0.00836933497339487,-0.0295882225036621
0.0138563737273216,0.00760963000357151,0.00663076573982835
0.00107320188544691,0.00974015891551971,0.00876129325479269
-0.00212259124964476,0.00974015891551971,0.0130223510786891
0.00533425947651267,-0.00836933497339487,-0.0136092584580183
-0.0138404993340373,0.00974015891551971,0.00556550128385425
-0.0181015580892563,0.0140012176707387,0.00663076573982835
0.0127911092713475,0.00121804408263415,0.00236970698460937
-0.0149057637900114,-0.0126303927972913,0.00130444311071187
0.00320373079739511,0.00760963000357151,-0.0093482006341219
-0.0181015580892563,-0.00304301315918565,0.0130223510786891
0.00746478792279959,0.00547910248860717,-0.016805050894618
-0.00105732679367065,0.0161317475140095,0.0194139368832111
-0.0117099704220891,-0.0136956572532654,-0.0114787295460701
-0.00105732679367065,-0.00943459942936897,-0.0157397873699665
0.00533425947651267,0.00441383803263307,0.0268707871437073
7.93753315520007E-06,0.00441383803263307,-0.0263924300670624
-0.00744891306385398,-0.0147609217092395,0.00450023543089628
0.00853005237877369,-0.00410827761515975,-0.00295661459676921
0.00959531776607037,0.00228330842219293,-0.010413465090096
0.00213846634142101,0.00867489445954561,-0.00402187928557396
-0.00638364860787988,-0.00623880652710795,0.00343497144058347
0.0117258466780186,0.00974015891551971,-0.00828293617814779
-0.0202320870012045,0.000152780135977082,0.0353929027915001
0.00426899502053857,-0.00410827761515975,-0.0274576935917139
-0.00638364860787988,-0.00517354207113385,-0.00295661459676921
-0.0117099704220891,0.00441383803263307,-0.00189135037362576
0.00959531776607037,0.00228330842219293,0.00130444311071187
0.00639952393248677,-0.0158261861652136,-0.010413465090096
-0.00212259124964476,0.00441383803263307,0.00130444311071187
0.0138563737273216,0.00974015891551971,0.0204792004078627
-0.00105732679367065,-0.00197774893604219,-0.0125439940020442
7.93753315520007E-06,0.00228330842219293,-0.00615240773186088
-0.00105732679367065,0.00121804408263415,-0.00295661459676921
7.93753315520007E-06,0.00654436554759741,0.0226097293198109
-0.00425312016159296,-0.00943459942936897,-0.00295661459676921
0.00853005237877369,-0.0179567132145166,-0.0200008451938629
-0.00212259124964476,-0.00730407098308206,-0.0157397873699665
-0.00638364860787988,0.0118706878274679,0.0140876164659858
-0.010644705966115,0.00547910248860717,-0.00508714327588677
0.00853005237877369,-0.00943459942936897,0.00343497144058347
0.0255742818117142,-0.0211525056511164,-0.0146745229139924
-0.0127752348780632,-0.000912484538275749,0.00982655771076679
0.0149216381832957,0.00547910248860717,0.00343497144058347
-0.0159710273146629,-0.0115651283413172,-0.0210661105811596
0.0106605822220445,0.00334857287816703,0.00130444311071187
-0.0117099704220891,0.0150664821267128,0.0183486714959145
0.00320373079739511,-0.00410827761515975,-0.0093482006341219
0.00426899502053857,-0.000912484538275749,-0.00189135037362576
0.00320373079739511,-0.00304301315918565,-0.000826086034066975
-0.00957944244146347,0.0150664821267128,0.0162181463092566
0.0159869026392698,-0.000912484538275749,-0.00615240773186088
0.00639952393248677,-0.0115651283413172,-0.0274576935917139
-0.0138404993340373,0.00121804408263415,-0.00295661459676921
0.018117431551218,0.00228330842219293,0.0151528809219599
7.93753315520007E-06,-0.0147609217092395,-0.0136092584580183
0.00213846634142101,0.0171970091760159,0.0151528809219599
-0.00425312016159296,-0.0115651283413172,0.0204792004078627
-0.00744891306385398,0.00334857287816703,-0.0114787295460701
-0.00425312016159296,0.00547910248860717,0.00556550128385425
0.0117258466780186,-0.0232830382883549,-0.0125439940020442
0.00107320188544691,-0.00410827761515975,-0.010413465090096
0.0149216381832957,-0.00730407098308206,-0.025327168405056
-0.0223626140505075,0.000152780135977082,0.0130223510786891
-0.00425312016159296,-0.000912484538275749,-0.0210661105811596
0.00213846634142101,-0.00304301315918565,0.00450023543089628
-0.00105732679367065,0.0118706878274679,0.0130223510786891
0.00320373079739511,-0.0115651283413172,0.00236970698460937
-0.0149057637900114,-0.00410827761515975,-0.00189135037362576
-0.00212259124964476,0.0161317475140095,0.011957086622715
0.0170521680265665,-0.00730407098308206,0.00130444311071187
-0.00425312016159296,0.00547910248860717,0.0151528809219599
-0.00212259124964476,0.00654436554759741,-0.0136092584580183
-0.00957944244146347,-0.000912484538275749,0.00130444311071187
-0.00318785547278821,0.00121804408263415,0.00982655771076679
-0.00744891306385398,0.0140012176707387,-0.0125439940020442
-0.0117099704220891,0.00547910248860717,0.011957086622715
-0.0159710273146629,0.0171970091760159,0.00556550128385425
-0.00212259124964476,0.00547910248860717,-0.0200008451938629
0.00639952393248677,0.00547910248860717,-0.00721767218783498
-0.0159710273146629,-0.0147609217092395,0.000239178392803296
7.93753315520007E-06,0.00121804408263415,0.00236970698460937
7.93753315520007E-06,0.00760963000357151,0.000239178392803296
-0.00425312016159296,0.00334857287816703,0.00130444311071187
0.00853005237877369,-0.0115651283413172,-0.00615240773186088
7.93753315520007E-06,0.0108054233714938,-0.00615240773186088
0.00426899502053857,-0.00304301315918565,0.00663076573982835
0.00213846634142101,-0.00836933497339487,0.00556550128385425
-0.0191668216139078,-0.0104998638853431,0.0247402582317591
0.0213132258504629,0.0182622727006674,0.00343497144058347
-0.0191668216139078,-0.0264788307249546,-0.00402187928557396
-0.00531838415190578,0.0150664821267128,0.00663076573982835
0.00107320188544691,0.000152780135977082,0.0130223510786891
-0.00957944244146347,0.000152780135977082,0.00236970698460937
-0.00318785547278821,-0.00197774893604219,-0.00828293617814779
-0.00531838415190578,-0.00517354207113385,0.0140876164659858
0.00746478792279959,-0.00410827761515975,-0.00189135037362576
-0.0117099704220891,0.00760963000357151,-0.000826086034066975
0.0149216381832957,0.0118706878274679,-0.0210661105811596
0.00426899502053857,-0.0104998638853431,-0.0210661105811596
0.0106605822220445,0.00334857287816703,-0.00615240773186088
-0.0170362927019596,-0.00517354207113385,-0.00402187928557396
-0.0127752348780632,0.00974015891551971,-0.00721767218783498
0.00746478792279959,-0.00517354207113385,-0.000826086034066975
-0.00105732679367065,-0.00197774893604219,-0.0093482006341219
0.00320373079739511,0.00228330842219293,0.0140876164659858
-0.0212973486632109,-0.00197774893604219,0.00236970698460937
0.00639952393248677,0.00441383803263307,0.00130444311071187
-0.00638364860787988,0.00654436554759741,0.00663076573982835
0.00959531776607037,-0.00836933497339487,-0.0242619030177593
-0.00531838415190578,-0.00730407098308206,-0.0178703162819147
0.00746478792279959,0.00974015891551971,-0.010413465090096
-0.00318785547278821,0.00867489445954561,0.0151528809219599
-0.00638364860787988,-0.00517354207113385,-0.0263924300670624
0.00639952393248677,-0.0104998638853431,-0.00295661459676921
0.0138563737273216,0.00228330842219293,-0.0114787295460701
-0.0159710273146629,-0.0211525056511164,0.0140876164659858
0.00853005237877369,0.0161317475140095,0.000239178392803296
-0.00212259124964476,0.00867489445954561,-0.00189135037362576
-0.00212259124964476,0.00334857287816703,-0.0125439940020442
-0.00105732679367065,-0.022217771038413,-0.00189135037362576
-0.00425312016159296,-0.000912484538275749,-0.0093482006341219
-0.0223626140505075,-0.00623880652710795,0.0130223510786891
-0.0127752348780632,0.00547910248860717,-0.00721767218783498
0.0117258466780186,0.00654436554759741,-0.00295661459676921
0.00320373079739511,0.00760963000357151,0.00982655771076679
-0.00318785547278821,-0.00410827761515975,0.00769602879881859
-0.00212259124964476,-0.00943459942936897,-0.0231966394931078
-0.00425312016159296,-0.0126303927972913,0.00769602879881859
-0.00105732679367065,0.000152780135977082,0.00450023543089628
-0.00318785547278821,-0.00517354207113385,-0.0242619030177593
0.0117258466780186,0.0171970091760159,0.00663076573982835
-0.00425312016159296,-0.0126303927972913,-0.00402187928557396
7.93753315520007E-06,0.00228330842219293,0.0162181463092566
0.0213132258504629,-0.0200872421264648,-0.00615240773186088
-0.0149057637900114,0.0129359532147646,0.00556550128385425
-0.00851417798548937,0.00334857287816703,-0.010413465090096
-0.00212259124964476,-0.0104998638853431,0.0215444657951593
0.00213846634142101,0.0108054233714938,0.00130444311071187
0.00533425947651267,-0.00730407098308206,-0.0136092584580183
-0.00318785547278821,-0.00836933497339487,0.00663076573982835
0.00746478792279959,0.0140012176707387,0.0108918221667409
-0.010644705966115,0.00121804408263415,0.00769602879881859
0.0106605822220445,-0.0200872421264648,-0.0231966394931078
-0.00744891306385398,0.0214580669999123,-0.00828293617814779
0.00853005237877369,0.00867489445954561,0.00130444311071187
0.00959531776607037,-0.00623880652710795,0.00876129325479269
-0.00638364860787988,0.00867489445954561,0.00982655771076679
-0.0149057637900114,-0.00623880652710795,0.00876129325479269
0.00320373079739511,0.0171970091760159,-0.00402187928557396
7.93753315520007E-06,-0.00304301315918565,0.00982655771076679
0.00426899502053857,-0.0136956572532654,-0.016805050894618
0.00426899502053857,0.0129359532147646,0.00450023543089628
-0.00425312016159296,-0.00304301315918565,-0.0157397873699665
0.00426899502053857,0.00974015891551971,0.00876129325479269
0.00746478792279959,-0.00304301315918565,-0.0189355816692114
-0.00638364860787988,0.0150664821267128,0.00556550128385425
-0.00105732679367065,0.0150664821267128,0.00130444311071187
0.00426899502053857,0.00867489445954561,0.0130223510786891
-0.00105732679367065,0.00441383803263307,-0.0178703162819147
0.00213846634142101,0.00760963000357151,-0.016805050894618
0.00959531776607037,-0.00943459942936897,0.0194139368832111
0.00107320188544691,-0.0115651283413172,-0.0125439940020442
7.93753315520007E-06,-0.00304301315918565,0.0204792004078627
0.00320373079739511,-0.000912484538275749,0.00236970698460937
0.00426899502053857,-0.00623880652710795,0.000239178392803296
-0.00425312016159296,0.0257191248238087,0.00236970698460937
7.93753315520007E-06,-0.00943459942936897,-0.000826086034066975
7.93753315520007E-06,0.0140012176707387,0.00343497144058347
0.00107320188544691,0.00441383803263307,-0.0114787295460701
-0.00212259124964476,0.00441383803263307,-0.0189355816692114
0.00213846634142101,0.0129359532147646,0.0130223510786891
-0.010644705966115,-0.0179567132145166,-0.000826086034066975
-0.00105732679367065,0.00867489445954561,-0.000826086034066975
-0.00531838415190578,-0.00197774893604219,0.00236970698460937
-0.00318785547278821,-0.00197774893604219,0.00556550128385425
0.0170521680265665,0.00547910248860717,-0.010413465090096
0.00426899502053857,0.0140012176707387,0.0108918221667409
0.00639952393248677,0.00654436554759741,0.00982655771076679
-0.00744891306385398,-0.000912484538275749,0.011957086622715
-0.00105732679367065,-0.00836933497339487,-0.016805050894618
-0.00425312016159296,-0.00410827761515975,0.0108918221667409
0.00853005237877369,-0.00304301315918565,-0.0189355816692114
0.00107320188544691,0.00654436554759741,0.0226097293198109
0.0106605822220445,0.000152780135977082,0.00876129325479269
0.0170521680265665,0.00974015891551971,-0.000826086034066975
-0.0138404993340373,-0.0200872421264648,0.0172834098339081
0.00533425947651267,-0.00197774893604219,-0.0114787295460701
0.00533425947651267,-0.00304301315918565,-0.0125439940020442
0.00426899502053857,-0.00517354207113385,-0.00295661459676921
-0.0181015580892563,-0.0136956572532654,-0.0231966394931078
0.0127911092713475,-0.00410827761515975,0.00236970698460937
-0.0170362927019596,-0.00623880652710795,0.0130223510786891
-0.0170362927019596,0.000152780135977082,-0.00721767218783498
0.00533425947651267,-0.0126303927972913,-0.010413465090096
0.00639952393248677,0.00760963000357151,0.0140876164659858
0.00746478792279959,-0.0136956572532654,-0.000826086034066975
-0.00744891306385398,0.00654436554759741,0.0204792004078627
7.93753315520007E-06,-0.00517354207113385,0.00450023543089628
0.00639952393248677,-0.0147609217092395,-0.00402187928557396
-0.00957944244146347,0.0140012176707387,0.00450023543089628
-0.00212259124964476,-0.00304301315918565,-0.00402187928557396
-0.00425312016159296,0.00760963000357151,-0.00508714327588677
-0.00318785547278821,-0.000912484538275749,-0.00828293617814779
0.0138563737273216,-0.0179567132145166,-0.00402187928557396
-0.010644705966115,0.0182622727006674,0.00343497144058347
7.93753315520007E-06,-0.0104998638853431,-0.00721767218783498
0.0138563737273216,0.0140012176707387,-0.0157397873699665
-0.0149057637900114,-0.0126303927972913,0.00982655771076679
0.00639952393248677,0.00121804408263415,0.0108918221667409
0.00853005237877369,0.00654436554759741,0.00450023543089628
7.93753315520007E-06,0.00760963000357151,0.0172834098339081
0.00213846634142101,0.000152780135977082,0.00556550128385425
-0.0170362927019596,0.000152780135977082,0.000239178392803296
-0.00212259124964476,-0.00517354207113385,-0.00189135037362576
-0.00212259124964476,0.000152780135977082,-0.00828293617814779
-0.010644705966115,-0.00304301315918565,-0.000826086034066975
-0.00105732679367065,-0.00943459942936897,-0.0178703162819147
0.0202479623258114,-0.000912484538275749,-0.010413465090096
-0.0138404993340373,-0.000912484538275749,0.0375234335660934
-0.00744891306385398,0.0118706878274679,0.00556550128385425
-0.00105732679367065,-0.000912484538275749,-0.025327168405056
0.00320373079739511,-0.0158261861652136,0.00130444311071187
0.00107320188544691,0.0182622727006674,-0.00402187928557396
-0.0138404993340373,0.0140012176707387,0.00450023543089628
0.00213846634142101,0.00334857287816703,0.00876129325479269
-0.00425312016159296,0.0171970091760159,0.00236970698460937
-0.00212259124964476,-0.0136956572532654,-0.0221313741058111
-0.00851417798548937,0.00547910248860717,0.0204792004078627
-0.0117099704220891,0.00228330842219293,0.00769602879881859
0.00959531776607037,0.00334857287816703,-0.00508714327588677
-0.0149057637900114,0.00547910248860717,0.00236970698460937
-0.00318785547278821,-0.0168914496898651,0.00556550128385425
0.00107320188544691,-0.00197774893604219,0.00663076573982835
0.00533425947651267,-0.00197774893604219,0.00663076573982835
-0.00638364860787988,-0.00410827761515975,0.00130444311071187
-0.00105732679367065,-0.00836933497339487,0.0130223510786891
-0.00425312016159296,-0.00410827761515975,-0.00189135037362576
0.00426899502053857,-0.0158261861652136,-0.00189135037362576
0.00746478792279959,0.0118706878274679,-0.00508714327588677
-0.00105732679367065,0.00121804408263415,-0.00615240773186088
0.00107320188544691,-0.00197774893604219,0.00236970698460937
0.0138563737273216,0.00121804408263415,-0.010413465090096
-0.00531838415190578,0.00654436554759741,0.00130444311071187
-0.00212259124964476,0.00547910248860717,0.00769602879881859
-0.00318785547278821,-0.00197774893604219,-0.00189135037362576
-0.00105732679367065,0.0108054233714938,-0.0136092584580183
-0.00105732679367065,0.00228330842219293,0.00236970698460937
-0.00638364860787988,0.00654436554759741,0.0215444657951593
7.93753315520007E-06,-0.00623880652710795,-0.0114787295460701
0.00426899502053857,0.00121804408263415,-0.00615240773186088
0.0159869026392698,0.0161317475140095,0.00663076573982835
0.00320373079739511,-0.00623880652710795,-0.00508714327588677
-0.0159710273146629,0.0108054233714938,-0.00508714327588677
-0.00851417798548937,-0.00730407098308206,-0.0231966394931078
-0.010644705966115,0.000152780135977082,-0.00508714327588677
0.0191826969385147,0.00760963000357151,-0.00189135037362576
-0.00105732679367065,-0.0168914496898651,-0.0114787295460701
0.00533425947651267,0.00441383803263307,0.000239178392803296
0.00107320188544691,0.00441383803263307,0.00236970698460937
-0.010644705966115,-0.00410827761515975,-0.00402187928557396
0.00533425947651267,0.00334857287816703,-0.0285229589790106
-0.00425312016159296,-0.00197774893604219,0.0162181463092566
0.0138563737273216,-0.0115651283413172,0.000239178392803296
0.00320373079739511,0.00121804408263415,0.00343497144058347
-0.0170362927019596,0.00654436554759741,-0.00508714327588677
-0.00638364860787988,-0.0104998638853431,0.0140876164659858
-0.00425312016159296,0.00654436554759741,0.00556550128385425
0.00213846634142101,-0.0147609217092395,-0.00615240773186088
0.0106605822220445,-0.0126303927972913,-0.010413465090096
0.00639952393248677,-0.000912484538275749,0.0130223510786891
-0.00318785547278821,0.00334857287816703,-0.016805050894618
0.00426899502053857,-0.00730407098308206,0.0108918221667409
0.00639952393248677,0.00121804408263415,0.011957086622715
7.93753315520007E-06,0.000152780135977082,0.00236970698460937
0.00320373079739511,-0.00730407098308206,-0.0242619030177593
-0.0181015580892563,0.00121804408263415,0.00876129325479269
0.0117258466780186,0.0118706878274679,0.00769602879881859
0.0127911092713475,0.00121804408263415,-0.00189135037362576
0.00746478792279959,-0.00197774893604219,-0.0114787295460701
0.00639952393248677,0.00228330842219293,0.0194139368832111
-0.00105732679367065,-0.000912484538275749,-0.00615240773186088
-0.0149057637900114,-0.00943459942936897,0.00236970698460937
0.0106605822220445,-0.00304301315918565,-0.0136092584580183
0.00426899502053857,-0.00517354207113385,0.000239178392803296
-0.00744891306385398,-0.00304301315918565,-0.0125439940020442
-0.00425312016159296,0.00867489445954561,0.00450023543089628
0.00746478792279959,-0.0115651283413172,0.00982655771076679
0.00746478792279959,0.00121804408263415,0.00450023543089628
-0.00212259124964476,-0.0104998638853431,-0.0146745229139924
-0.00425312016159296,0.00654436554759741,0.0226097293198109
0.00639952393248677,-0.000912484538275749,-0.010413465090096
-0.00957944244146347,0.00121804408263415,-0.00508714327588677
0.00533425947651267,0.0118706878274679,0.011957086622715
-0.00744891306385398,-0.00410827761515975,0.011957086622715
-0.00425312016159296,-0.00197774893604219,-0.0178703162819147
0.0106605822220445,-0.00623880652710795,-0.00508714327588677
-0.00744891306385398,-0.0147609217092395,0.0183486714959145
-0.00744891306385398,0.00228330842219293,-0.016805050894618
0.0138563737273216,0.00334857287816703,-0.0146745229139924
-0.0117099704220891,0.000152780135977082,0.00769602879881859
-0.0117099704220891,0.000152780135977082,0.0162181463092566
0.00533425947651267,0.000152780135977082,0.011957086622715
-0.00212259124964476,-0.00197774893604219,0.0140876164659858
0.00853005237877369,-0.00943459942936897,0.00450023543089628
-0.00744891306385398,-0.00730407098308206,-0.00828293617814779
-0.0149057637900114,0.00121804408263415,0.0172834098339081
-0.00425312016159296,-0.0104998638853431,-0.00189135037362576
-0.00105732679367065,-0.00304301315918565,-0.00508714327588677
-0.00851417798548937,-0.00836933497339487,0.00769602879881859
-0.0181015580892563,-0.0136956572532654,0.00556550128385425
-0.00212259124964476,-0.0136956572532654,0.00130444311071187
-0.00531838415190578,-0.00517354207113385,0.0162181463092566
0.0149216381832957,-0.00197774893604219,-0.00402187928557396
7.93753315520007E-06,-0.00517354207113385,0.00236970698460937
0.00959531776607037,-0.00410827761515975,0.011957086622715
0.0127911092713475,-0.0136956572532654,-0.010413465090096
0.00639952393248677,0.00547910248860717,0.00236970698460937
7.93753315520007E-06,-0.0126303927972913,-0.010413465090096
-0.00318785547278821,0.00867489445954561,-0.0093482006341219
-0.00105732679367065,-0.00730407098308206,0.0130223510786891
0.00853005237877369,0.00121804408263415,0.0108918221667409
-0.00212259124964476,-0.0126303927972913,-0.0157397873699665
-0.0223626140505075,-0.00517354207113385,-0.0210661105811596
0.00959531776607037,-0.0147609217092395,-0.00721767218783498
0.0106605822220445,-0.00197774893604219,0.00236970698460937
-0.0127752348780632,0.00121804408263415,0.00769602879881859
0.00639952393248677,-0.00943459942936897,-0.00721767218783498
-0.00744891306385398,0.00547910248860717,0.00663076573982835
0.0117258466780186,0.0129359532147646,0.00343497144058347
0.00320373079739511,-0.000912484538275749,-0.016805050894618
-0.00105732679367065,-0.0115651283413172,-0.00189135037362576
0.0138563737273216,-0.00197774893604219,0.00236970698460937
7.93753315520007E-06,0.0193275380879641,-0.00295661459676921
-0.0117099704220891,0.00334857287816703,0.0204792004078627
-0.010644705966115,-0.00836933497339487,0.00343497144058347
0.0159869026392698,0.00121804408263415,-0.00828293617814779
-0.0138404993340373,-0.00623880652710795,0.0130223510786891
0.018117431551218,0.0257191248238087,0.00450023543089628
-0.010644705966115,-0.0136956572532654,-0.0189355816692114
-0.00425312016159296,0.00867489445954561,-0.00615240773186088
0.00213846634142101,-0.00517354207113385,0.00556550128385425
0.00213846634142101,0.00228330842219293,-0.000826086034066975
7.93753315520007E-06,-0.0403272658586502,0.00663076573982835
0.00107320188544691,0.00760963000357151,-0.0157397873699665
0.00320373079739511,-0.0115651283413172,-0.0146745229139924
7.93753315520007E-06,-0.0126303927972913,-0.00402187928557396
0.00533425947651267,0.00334857287816703,0.011957086622715
-0.0127752348780632,0.00654436554759741,-0.0114787295460701
7.93753315520007E-06,0.00334857287816703,0.00769602879881859
-0.00744891306385398,-0.00836933497339487,-0.0136092584580183
-0.00744891306385398,0.00334857287816703,0.0140876164659858
-0.00851417798548937,-0.000912484538275749,0.0130223510786891
0.0106605822220445,0.00441383803263307,0.011957086622715
-0.00318785547278821,0.00121804408263415,-0.0221313741058111
-0.00638364860787988,-0.00197774893604219,-0.000826086034066975
-0.0170362927019596,-0.00410827761515975,0.00236970698460937
0.00639952393248677,0.00441383803263307,-0.00615240773186088
0.00639952393248677,0.0118706878274679,0.00769602879881859
-0.0127752348780632,-0.0158261861652136,-0.00828293617814779
0.00639952393248677,-0.00410827761515975,-0.0125439940020442
-0.00638364860787988,0.0150664821267128,0.00556550128385425
0.00959531776607037,-0.0126303927972913,-0.000826086034066975
-0.00851417798548937,-0.00517354207113385,-0.00721767218783498
-0.0170362927019596,-0.00517354207113385,-0.0146745229139924
-0.00318785547278821,0.00334857287816703,0.000239178392803296
-0.00531838415190578,0.000152780135977082,-0.00189135037362576
0.00639952393248677,-0.000912484538275749,-0.00295661459676921
-0.0159710273146629,0.0129359532147646,0.00769602879881859
-0.00318785547278821,0.000152780135977082,0.0140876164659858
0.00107320188544691,-0.0126303927972913,-0.00828293617814779
-0.0117099704220891,-0.00836933497339487,0.0172834098339081
0.00533425947651267,0.00441383803263307,-0.00402187928557396
0.00320373079739511,-0.00410827761515975,0.011957086622715
0.00746478792279959,-0.0115651283413172,-0.025327168405056
-0.0127752348780632,-0.00517354207113385,0.00663076573982835
0.00320373079739511,0.00654436554759741,0.00343497144058347
0.00533425947651267,-0.000912484538275749,0.00130444311071187
0.00639952393248677,-0.0158261861652136,-0.0114787295460701
0.00746478792279959,0.00760963000357151,-0.00508714327588677
-0.010644705966115,-0.000912484538275749,0.0162181463092566
0.00746478792279959,-0.0243483018130064,-0.00295661459676921
-0.00318785547278821,0.000152780135977082,-0.0114787295460701
-0.00957944244146347,0.00121804408263415,0.000239178392803296
0.00959531776607037,0.00760963000357151,-0.0146745229139924
-0.00425312016159296,0.00334857287816703,0.00343497144058347
-0.00638364860787988,-0.00623880652710795,-0.00189135037362576
-0.00212259124964476,-0.00197774893604219,0.0183486714959145
0.0159869026392698,-0.0264788307249546,-0.0157397873699665
-0.00744891306385398,0.0150664821267128,0.00236970698460937
-0.00212259124964476,0.00334857287816703,0.0311318468302488
-0.00851417798548937,-0.00517354207113385,0.00343497144058347
-0.00744891306385398,-0.00517354207113385,0.00876129325479269
0.00107320188544691,0.0140012176707387,-0.00615240773186088
-0.0127752348780632,-0.0147609217092395,-0.00402187928557396
0.0127911092713475,0.00228330842219293,0.00876129325479269
-0.0202320870012045,0.00334857287816703,0.00876129325479269
0.00959531776607037,-0.00730407098308206,-0.0200008451938629
-0.010644705966115,0.00654436554759741,-0.00721767218783498
0.00213846634142101,-0.00517354207113385,-0.00508714327588677
0.00426899502053857,-0.0211525056511164,0.00130444311071187
-0.0149057637900114,0.00228330842219293,-0.00828293617814779
0.00320373079739511,-0.00517354207113385,-0.0114787295460701
0.00639952393248677,0.000152780135977082,0.00130444311071187
-0.00105732679367065,-0.00304301315918565,0.0140876164659858
-0.00318785547278821,0.00441383803263307,-0.0178703162819147
-0.00105732679367065,-0.00623880652710795,0.00982655771076679
-0.00318785547278821,-0.00517354207113385,-0.010413465090096
-0.00638364860787988,-0.00197774893604219,0.00343497144058347
0.00426899502053857,-0.000912484538275749,-0.0136092584580183
-0.00105732679367065,0.00974015891551971,0.00236970698460937
-0.00957944244146347,-0.0104998638853431,0.00236970698460937
7.93753315520007E-06,-0.00197774893604219,-0.0157397873699665
0.0106605822220445,0.00760963000357151,-0.00189135037362576
0.0106605822220445,-0.00730407098308206,-0.0263924300670624
-0.00957944244146347,0.00867489445954561,0.0194139368832111
0.00320373079739511,0.00334857287816703,-0.0136092584580183
0.00533425947651267,-0.00730407098308206,-0.010413465090096
-0.00105732679367065,-0.0136956572532654,-0.016805050894618
-0.010644705966115,0.0118706878274679,0.011957086622715
-0.00531838415190578,-0.000912484538275749,0.00556550128385425
0.00533425947651267,0.0129359532147646,0.00876129325479269
0.0106605822220445,-0.0190219767391682,-0.0114787295460701
0.00746478792279959,0.0118706878274679,0.000239178392803296
-0.00212259124964476,-0.0211525056511164,0.000239178392803296
-0.0138404993340373,0.0129359532147646,0.011957086622715
0.00746478792279959,-0.0179567132145166,-0.00721767218783498
0.00533425947651267,0.024653859436512,-0.00508714327588677
0.0106605822220445,0.00121804408263415,-0.000826086034066975
0.00426899502053857,-0.00836933497339487,-0.00828293617814779
0.00853005237877369,0.0108054233714938,0.00982655771076679
0.00320373079739511,-0.00304301315918565,-0.00402187928557396
0.0223784912377596,-0.00517354207113385,-0.00189135037362576
-0.00851417798548937,0.00654436554759741,0.0215444657951593
-0.00744891306385398,0.00547910248860717,-0.00295661459676921
0.0191826969385147,-0.022217771038413,-0.0306534878909588
0.0106605822220445,0.000152780135977082,0.00982655771076679
-0.0159710273146629,-0.00943459942936897,0.00130444311071187
0.0191826969385147,0.00867489445954561,0.00769602879881859
0.0127911092713475,-0.00730407098308206,-0.0231966394931078
0.00320373079739511,0.00121804408263415,0.00982655771076679
0.00320373079739511,-0.0104998638853431,-0.00721767218783498
0.0159869026392698,0.00547910248860717,-0.0125439940020442
0.00639952393248677,-0.00623880652710795,0.00876129325479269
-0.00851417798548937,-0.000912484538275749,-0.00189135037362576
0.00426899502053857,0.00974015891551971,0.0162181463092566
-0.00744891306385398,0.00654436554759741,0.00343497144058347
0.0138563737273216,0.000152780135977082,-0.00402187928557396
-0.0149057637900114,0.00654436554759741,0.0183486714959145
-0.00425312016159296,-0.00410827761515975,-0.00721767218783498
-0.00318785547278821,0.0118706878274679,0.0172834098339081
0.0170521680265665,-0.0136956572532654,0.000239178392803296
-0.00425312016159296,-0.00197774893604219,-0.010413465090096
0.00213846634142101,-0.00836933497339487,0.0140876164659858
-0.00318785547278821,0.00760963000357151,-0.010413465090096
-0.00212259124964476,-0.0179567132145166,0.00343497144058347
0.018117431551218,0.00334857287816703,0.00556550128385425
0.00107320188544691,0.00547910248860717,0.00450023543089628
-0.00638364860787988,0.0140012176707387,0.0140876164659858
0.018117431551218,-0.0168914496898651,-0.0146745229139924
-0.00531838415190578,0.00654436554759741,0.000239178392803296
0.00426899502053857,-0.00730407098308206,-0.000826086034066975
-0.00744891306385398,-0.00623880652710795,-0.00295661459676921
0.00107320188544691,0.00974015891551971,0.00556550128385425
-0.0149057637900114,0.00867489445954561,0.0140876164659858
-0.0117099704220891,0.00228330842219293,-0.010413465090096
0.00213846634142101,-0.0136956572532654,0.00982655771076679
-0.0181015580892563,0.00121804408263415,0.00769602879881859
0.0127911092713475,-0.00410827761515975,0.00450023543089628
0.00213846634142101,0.0140012176707387,-0.00295661459676921
-0.00851417798548937,-0.00304301315918565,-0.016805050894618
-0.010644705966115,0.00228330842219293,0.011957086622715
0.00426899502053857,-0.00730407098308206,0.00343497144058347
-0.00851417798548937,-0.00730407098308206,-0.00828293617814779
-0.0170362927019596,0.00867489445954561,0.0236749947071075
0.00107320188544691,-0.0104998638853431,-0.000826086034066975
-0.00744891306385398,-0.00304301315918565,0.0162181463092566
-0.00212259124964476,-0.000912484538275749,0.00343497144058347
0.00426899502053857,0.00121804408263415,-0.0327840149402618
-0.00105732679367065,-0.00304301315918565,0.011957086622715
0.00213846634142101,-0.00304301315918565,0.00769602879881859
0.00639952393248677,-0.00517354207113385,-0.00721767218783498
7.93753315520007E-06,-0.00836933497339487,-0.0200008451938629
0.00853005237877369,-0.00730407098308206,0.011957086622715
-0.00318785547278821,0.00334857287816703,-0.016805050894618
-0.00851417798548937,-0.00836933497339487,0.00876129325479269
0.00639952393248677,-0.00623880652710795,0.00130444311071187
-0.010644705966115,0.00228330842219293,0.00876129325479269
-0.00425312016159296,-0.00517354207113385,0.011957086622715
0.00320373079739511,-0.00197774893604219,0.0108918221667409
0.00746478792279959,0.00441383803263307,0.000239178392803296
0.00533425947651267,0.00334857287816703,0.0258055236190557
0.0117258466780186,-0.0158261861652136,-0.0210661105811596
-0.00744891306385398,0.0140012176707387,0.0130223510786891
-0.0149057637900114,0.00228330842219293,-0.000826086034066975
-0.00318785547278821,-0.00943459942936897,0.00450023543089628
7.93753315520007E-06,0.00228330842219293,-0.025327168405056
0.0138563737273216,0.0203928016126156,-0.000826086034066975
0.00746478792279959,-0.0168914496898651,0.00876129325479269
7.93753315520007E-06,0.0108054233714938,-0.00295661459676921
0.00107320188544691,-0.00943459942936897,-0.0157397873699665
0.00639952393248677,0.000152780135977082,0.00663076573982835
-0.00957944244146347,-0.0104998638853431,-0.00721767218783498
-0.00105732679367065,-0.00943459942936897,0.0151528809219599
-0.00531838415190578,0.00654436554759741,-0.00721767218783498
0.00107320188544691,-0.00197774893604219,0.00343497144058347
0.00533425947651267,-0.00623880652710795,-0.00402187928557396
0.00959531776607037,0.00334857287816703,-0.00295661459676921
0.00426899502053857,-0.00517354207113385,-0.0189355816692114
0.00853005237877369,0.00121804408263415,0.0108918221667409
-0.00425312016159296,-0.0126303927972913,0.00982655771076679
0.00320373079739511,0.00547910248860717,-0.00615240773186088
-0.0117099704220891,-0.00943459942936897,0.0140876164659858
-0.00105732679367065,0.00974015891551971,0.00130444311071187
-0.010644705966115,-0.000912484538275749,-0.00721767218783498
0.0202479623258114,-0.0104998638853431,-0.00189135037362576
0.00533425947651267,-0.0168914496898651,-0.0210661105811596
-0.00851417798548937,-0.000912484538275749,0.00343497144058347
-0.010644705966115,-0.0115651283413172,-0.00828293617814779
0.0170521680265665,0.00334857287816703,0.00450023543089628
0.00320373079739511,0.0108054233714938,0.0140876164659858
0.00107320188544691,-0.00517354207113385,0.00450023543089628
0.0159869026392698,-0.00623880652710795,0.00236970698460937
-0.00531838415190578,-0.0232830382883549,-0.010413465090096
-0.00638364860787988,0.0278496537357569,-0.000826086034066975
0.0170521680265665,-0.00197774893604219,0.00450023543089628
-0.010644705966115,0.00441383803263307,-0.00189135037362576
-0.00851417798548937,0.0140012176707387,-0.00189135037362576
-0.00318785547278821,-0.0190219767391682,-0.00189135037362576
0.0191826969385147,0.00228330842219293,-0.0125439940020442
-0.0181015580892563,-0.00730407098308206,0.00450023543089628
0.00853005237877369,-0.0190219767391682,-0.0306534878909588
0.00213846634142101,0.00441383803263307,0.0140876164659858
0.00533425947651267,0.00974015891551971,0.0108918221667409
-0.00105732679367065,-0.0115651283413172,-0.0136092584580183
-0.00638364860787988,0.00654436554759741,-0.0114787295460701
0.0159869026392698,0.000152780135977082,0.000239178392803296
-0.00318785547278821,0.00760963000357151,0.00343497144058347
-0.0127752348780632,0.00121804408263415,-0.00828293617814779
0.00746478792279959,-0.00517354207113385,-0.0210661105811596
-0.00105732679367065,0.00654436554759741,0.0151528809219599
-0.00318785547278821,-0.000912484538275749,0.00236970698460937
0.0138563737273216,0.0182622727006674,-0.00189135037362576
-0.00851417798548937,0.0118706878274679,0.00556550128385425
0.00320373079739511,-0.000912484538275749,-0.00615240773186088
-0.00425312016159296,0.00334857287816703,0.0130223510786891
7.93753315520007E-06,0.0129359532147646,0.00663076573982835
-0.00425312016159296,-0.00730407098308206,0.00556550128385425
-0.00318785547278821,0.00974015891551971,-0.0125439940020442
-0.00425312016159296,-0.00730407098308206,0.00450023543089628
0.00533425947651267,0.0118706878274679,0.00982655771076679
-0.00105732679367065,0.00121804408263415,-0.00508714327588677
-0.00212259124964476,-0.00197774893604219,-0.0178703162819147
0.0149216381832957,-0.00410827761515975,-0.00508714327588677
0.00213846634142101,-0.00197774893604219,-0.00402187928557396
-0.0117099704220891,0.0161317475140095,0.00982655771076679
0.00107320188544691,0.00334857287816703,0.00663076573982835
0.00426899502053857,-0.00943459942936897,-0.00189135037362576
-0.0138404993340373,-0.00410827761515975,0.0151528809219599
0.00213846634142101,0.00228330842219293,0.00450023543089628
0.00320373079739511,-0.000912484538275749,-0.025327168405056
-0.00425312016159296,-0.00943459942936897,0.00236970698460937
-0.00212259124964476,-0.00517354207113385,-0.00189135037362576
7.93753315520007E-06,0.00867489445954561,0.0183486714959145
-0.0117099704220891,-0.00730407098308206,-0.00295661459676921
0.00746478792279959,0.000152780135977082,-0.00402187928557396
0.00959531776607037,-0.0115651283413172,0.0108918221667409
-0.00744891306385398,0.0108054233714938,-0.010413465090096
-0.00851417798548937,-0.00197774893604219,-0.00295661459676921
0.00320373079739511,0.00441383803263307,0.00343497144058347
-0.00105732679367065,0.00334857287816703,-0.00508714327588677
0.00746478792279959,-0.0115651283413172,-0.0146745229139924
-0.00638364860787988,0.0214580669999123,-0.00508714327588677
0.00959531776607037,-0.00197774893604219,0.00130444311071187
0.00959531776607037,-0.00943459942936897,-0.00189135037362576
-0.0181015580892563,-0.00410827761515975,-0.010413465090096
0.00746478792279959,0.00334857287816703,0.00556550128385425
-0.00105732679367065,0.00228330842219293,-0.0136092584580183
0.00213846634142101,-0.00943459942936897,0.00556550128385425
0.00639952393248677,-0.000912484538275749,0.00450023543089628
-0.00212259124964476,0.0193275380879641,-0.00189135037362576
-0.00318785547278821,-0.0168914496898651,0.00343497144058347
0.00746478792279959,-0.00197774893604219,0.00130444311071187
0.00213846634142101,-0.00623880652710795,0.0236749947071075
0.00639952393248677,0.0140012176707387,-0.00615240773186088
0.00426899502053857,-0.000912484538275749,-0.0189355816692114
-0.00212259124964476,-0.0115651283413172,0.00769602879881859
-0.00531838415190578,-0.000912484538275749,-0.00189135037362576
0.00533425947651267,0.00547910248860717,0.000239178392803296
0.00320373079739511,0.00441383803263307,0.000239178392803296
-0.00425312016159296,0.00547910248860717,0.0300665814429522
7.93753315520007E-06,0.0108054233714938,-0.0189355816692114
0.00213846634142101,-0.000912484538275749,0.0140876164659858
0.00959531776607037,-0.0136956572532654,-0.00189135037362576
0.0117258466780186,0.00334857287816703,0.00450023543089628
0.00213846634142101,0.0182622727006674,-0.00402187928557396
-0.00318785547278821,-0.00517354207113385,0.00236970698460937
-0.00212259124964476,0.0118706878274679,-0.00189135037362576
0.00746478792279959,-0.00836933497339487,0.00130444311071187
-0.00531838415190578,-0.0126303927972913,0.0130223510786891
0.00853005237877369,0.00228330842219293,0.00556550128385425
0.00320373079739511,-0.0200872421264648,-0.00189135037362576
-0.00638364860787988,-0.00623880652710795,0.00130444311071187
0.00853005237877369,-0.00836933497339487,-0.0210661105811596
-0.0117099704220891,-0.000912484538275749,-0.0093482006341219
0.0138563737273216,-0.00623880652710795,0.00450023543089628
-0.0138404993340373,-0.00836933497339487,0.00450023543089628
-0.00318785547278821,0.00441383803263307,-0.0136092584580183
0.00426899502053857,-0.00730407098308206,0.0183486714959145
-0.010644705966115,-0.00197774893604219,0.00130444311071187
-0.00638364860787988,-0.0104998638853431,0.00450023543089628
-0.0117099704220891,-0.00410827761515975,-0.016805050894618
0.0159869026392698,0.000152780135977082,0.00556550128385425
-0.0127752348780632,0.00441383803263307,-0.0242619030177593
0.0106605822220445,-0.0190219767391682,0.00876129325479269
0.00107320188544691,0.00760963000357151,-0.00508714327588677
7.93753315520007E-06,-0.000912484538275749,-0.010413465090096
-0.010644705966115,0.0161317475140095,0.0290013160556555
0.0159869026392698,-0.027544092386961,-0.0114787295460701
-0.0181015580892563,0.0129359532147646,-0.0093482006341219
-0.00318785547278821,0.00228330842219293,0.0140876164659858
-0.00318785547278821,0.000152780135977082,0.000239178392803296
0.0170521680265665,-0.00730407098308206,-0.0114787295460701
-0.0117099704220891,0.00334857287816703,0.00450023543089628
0.00213846634142101,0.00547910248860717,-0.0114787295460701
0.00107320188544691,-0.00623880652710795,0.00769602879881859
-0.00318785547278821,-0.00623880652710795,0.00343497144058347
0.00959531776607037,-0.0147609217092395,-0.00295661459676921
-0.00638364860787988,0.0161317475140095,0.00982655771076679
-0.00105732679367065,0.000152780135977082,0.000239178392803296
0.0127911092713475,-0.00730407098308206,0.0183486714959145
-0.00318785547278821,0.000152780135977082,-0.0189355816692114
-0.00212259124964476,0.000152780135977082,-0.0125439940020442
0.00533425947651267,-0.000912484538275749,0.0130223510786891
-0.0170362927019596,0.00760963000357151,-0.00189135037362576
0.0149216381832957,-0.0115651283413172,-0.0146745229139924
-0.00318785547278821,-0.00730407098308206,0.00236970698460937
-0.00212259124964476,0.0161317475140095,0.000239178392803296
0.00107320188544691,0.00654436554759741,-0.00508714327588677
0.00107320188544691,-0.0104998638853431,0.00876129325479269
-0.00957944244146347,0.00867489445954561,-0.00828293617814779
0.00746478792279959,-0.00517354207113385,-0.00189135037362576
7.93753315520007E-06,-0.00623880652710795,-0.00402187928557396
-0.00851417798548937,0.00334857287816703,-0.0157397873699665
0.00533425947651267,-0.000912484538275749,0.00450023543089628
0.00107320188544691,-0.00197774893604219,0.00343497144058347
-0.00318785547278821,-0.00197774893604219,-0.000826086034066975
-0.00425312016159296,0.000152780135977082,-0.00508714327588677
-0.00531838415190578,-0.00410827761515975,0.011957086622715
0.0106605822220445,-0.00836933497339487,-0.00189135037362576
0.00107320188544691,0.00121804408263415,0.00876129325479269
0.00426899502053857,-0.00517354207113385,0.0151528809219599
0.0159869026392698,0.00760963000357151,-0.00508714327588677
-0.0276889353990555,-0.00836933497339487,-0.00189135037362576
0.00107320188544691,-0.00517354207113385,0.0172834098339081
-0.0127752348780632,0.00121804408263415,-0.0157397873699665
0.00107320188544691,0.000152780135977082,-0.00189135037362576
0.00959531776607037,-0.000912484538275749,0.0172834098339081
-0.0308847296983004,0.00228330842219293,-0.0146745229139924
0.0223784912377596,0.0108054233714938,0.00236970698460937
-0.0170362927019596,-0.0104998638853431,0.00769602879881859
0.00213846634142101,-0.00304301315918565,-0.00189135037362576
0.00320373079739511,-0.00517354207113385,0.00130444311071187
-0.00531838415190578,-0.00410827761515975,0.0215444657951593
-0.00105732679367065,-0.0126303927972913,-0.0136092584580183
-0.0138404993340373,0.00441383803263307,0.00876129325479269
-0.00105732679367065,0.00547910248860717,0.0108918221667409
0.00853005237877369,-0.00197774893604219,-0.016805050894618
0.00213846634142101,-0.00304301315918565,0.00876129325479269
7.93753315520007E-06,0.00760963000357151,-0.00615240773186088
-0.00744891306385398,0.00760963000357151,0.00663076573982835
-0.00531838415190578,0.00228330842219293,-0.016805050894618
0.00320373079739511,-0.00623880652710795,0.011957086622715
0.00533425947651267,0.00867489445954561,0.00876129325479269
0.00107320188544691,0.00334857287816703,0.00343497144058347
0.00426899502053857,-0.0126303927972913,-0.0114787295460701
-0.0127752348780632,0.00228330842219293,0.0130223510786891
7.93753315520007E-06,0.00654436554759741,-0.000826086034066975
-0.00851417798548937,-0.0158261861652136,-0.00615240773186088
-0.00105732679367065,-0.0200872421264648,0.0375234335660934
-0.0127752348780632,0.0257191248238087,-0.0221313741058111
-0.00851417798548937,0.0140012176707387,-0.0114787295460701
0.0149216381832957,-0.00197774893604219,-0.00295661459676921
-0.00638364860787988,0.00334857287816703,-0.00402187928557396
0.0127911092713475,-0.0264788307249546,-0.0093482006341219
7.93753315520007E-06,0.0140012176707387,-0.00828293617814779
-0.0138404993340373,0.0225233305245638,0.00450023543089628
-0.00318785547278821,0.00334857287816703,0.0183486714959145
0.00533425947651267,-0.00304301315918565,-0.000826086034066975
0.00853005237877369,0.00441383803263307,0.00130444311071187
0.00746478792279959,0.0108054233714938,0.000239178392803296
-0.00851417798548937,-0.0136956572532654,-0.016805050894618
0.00533425947651267,0.0182622727006674,0.011957086622715
0.00959531776607037,-0.0158261861652136,-0.0093482006341219
-0.00212259124964476,-0.0104998638853431,0.0204792004078627
0.00426899502053857,-0.00943459942936897,0.00663076573982835
-0.00957944244146347,0.0193275380879641,0.0162181463092566
0.00320373079739511,-0.00943459942936897,-0.000826086034066975
0.00320373079739511,-0.00410827761515975,-0.0231966394931078
-0.00105732679367065,0.0235885959118605,0.0321971103549004
-0.00212259124964476,-0.0168914496898651,-0.025327168405056
0.00213846634142101,0.00654436554759741,0.0130223510786891
-0.00105732679367065,-0.0115651283413172,0.0108918221667409
-0.00105732679367065,0.0129359532147646,0.00450023543089628
-0.0138404993340373,-0.0307398866862059,0.00236970698460937
7.93753315520007E-06,0.00867489445954561,-0.0157397873699665
0.0149216381832957,-0.0190219767391682,-0.00615240773186088
-0.0149057637900114,0.0129359532147646,0.011957086622715
0.00533425947651267,0.00334857287816703,0.00450023543089628
0.0202479623258114,-0.00943459942936897,0.00236970698460937
-0.0159710273146629,0.0171970091760159,-0.00508714327588677
-0.00531838415190578,0.00654436554759741,0.00663076573982835
0.0149216381832957,0.0129359532147646,-0.010413465090096
-0.0159710273146629,-0.00730407098308206,-0.0136092584580183
-0.00531838415190578,0.00228330842219293,-0.0125439940020442
0.0106605822220445,-0.00410827761515975,0.000239178392803296
0.00107320188544691,-0.0115651283413172,0.00343497144058347
0.00107320188544691,-0.0104998638853431,-0.025327168405056
-0.0117099704220891,0.024653859436512,0.00769602879881859
0.00107320188544691,0.00867489445954561,0.00130444311071187
-0.00531838415190578,0.00654436554759741,0.00982655771076679
0.00320373079739511,0.0235885959118605,0.0183486714959145
0.00639952393248677,-0.00623880652710795,-0.000826086034066975
-0.0117099704220891,0.00654436554759741,0.00876129325479269
0.0138563737273216,-0.00304301315918565,-0.0136092584580183
0.00213846634142101,-0.00197774893604219,0.00769602879881859
-0.00212259124964476,-0.00943459942936897,0.0130223510786891
-0.00425312016159296,-0.00304301315918565,-0.0136092584580183
-0.00212259124964476,-0.00410827761515975,0.00876129325479269
0.00320373079739511,0.00867489445954561,-0.00508714327588677
-0.00105732679367065,-0.0179567132145166,-0.0093482006341219
-0.00744891306385398,0.00441383803263307,-0.00615240773186088
-0.00105732679367065,-0.00304301315918565,0.00343497144058347
0.0149216381832957,-0.00304301315918565,0.00982655771076679
0.00853005237877369,0.00228330842219293,-0.0178703162819147
-0.010644705966115,-0.00410827761515975,0.000239178392803296
-0.00851417798548937,0.00334857287816703,-0.0136092584580183
-0.0127752348780632,0.00654436554759741,0.00343497144058347
0.0149216381832957,0.00654436554759741,-0.0189355816692114
-0.00425312016159296,-0.00410827761515975,0.00876129325479269
-0.00212259124964476,0.00334857287816703,-0.0200008451938629
-0.00425312016159296,-0.00304301315918565,0.00663076573982835
7.93753315520007E-06,0.00974015891551971,0.0268707871437073
0.0149216381832957,-0.00410827761515975,0.00769602879881859
0.00746478792279959,-0.00197774893604219,-0.00508714327588677
0.00853005237877369,-0.00730407098308206,0.00663076573982835
-0.0212973486632109,0.00760963000357151,-0.00721767218783498
-0.00318785547278821,-0.00836933497339487,-0.0157397873699665
-0.00531838415190578,-0.00304301315918565,0.0236749947071075
0.0191826969385147,-0.00623880652710795,-0.0114787295460701
-0.00531838415190578,0.00654436554759741,0.00769602879881859
0.00426899502053857,-0.0158261861652136,-0.00295661459676921
0.00107320188544691,0.00760963000357151,-0.00295661459676921
0.0127911092713475,-0.00623880652710795,0.000239178392803296
-0.00851417798548937,-0.00304301315918565,-0.010413465090096
0.00320373079739511,-0.00836933497339487,-0.00615240773186088
0.00426899502053857,0.000152780135977082,0.0108918221667409
-0.00744891306385398,0.00760963000357151,-0.0093482006341219
-0.00425312016159296,-0.00304301315918565,-0.0146745229139924
0.00213846634142101,-0.00623880652710795,-0.0136092584580183
-0.00957944244146347,-0.000912484538275749,0.027936052531004
-0.00531838415190578,-0.00623880652710795,-0.0125439940020442
0.0106605822220445,0.0118706878274679,-0.00402187928557396
0.00320373079739511,-0.0211525056511164,-0.0327840149402618
-0.00851417798548937,0.0161317475140095,0.00450023543089628
0.00213846634142101,0.00228330842219293,0.00982655771076679
0.00320373079739511,0.00334857287816703,0.00130444311071187
-0.00638364860787988,-0.0104998638853431,0.00236970698460937
-0.00531838415190578,0.0129359532147646,-0.00189135037362576
0.00320373079739511,-0.00730407098308206,-0.00189135037362576
-0.00957944244146347,0.0129359532147646,0.00130444311071187
0.00639952393248677,0.000152780135977082,0.00663076573982835
-0.0117099704220891,-0.00410827761515975,0.00556550128385425
0.0255742818117142,-0.00517354207113385,-0.000826086034066975
-0.00957944244146347,0.00760963000357151,-0.010413465090096
0.00213846634142101,-0.00517354207113385,-0.0210661105811596
-0.00851417798548937,0.0161317475140095,0.0226097293198109
7.93753315520007E-06,-0.0126303927972913,-0.0114787295460701
-0.00531838415190578,0.00228330842219293,0.011957086622715
-0.00318785547278821,0.0161317475140095,-0.000826086034066975
-0.00105732679367065,0.00334857287816703,0.00450023543089628
-0.00318785547278821,0.00760963000357151,0.0204792004078627
7.93753315520007E-06,0.00334857287816703,-0.00402187928557396
0.00639952393248677,-0.00304301315918565,0.0108918221667409
-0.00744891306385398,0.00654436554759741,0.00236970698460937
0.00320373079739511,0.00228330842219293,-0.00508714327588677
7.93753315520007E-06,0.00334857287816703,-0.010413465090096
-0.0138404993340373,0.00121804408263415,0.00769602879881859
-0.00425312016159296,-0.0200872421264648,-0.00402187928557396
0.00107320188544691,0.00654436554759741,0.00556550128385425
-0.0138404993340373,0.00547910248860717,-0.0210661105811596
0.00213846634142101,0.00974015891551971,0.00663076573982835
-0.00212259124964476,0.00228330842219293,-0.0114787295460701
-0.0138404993340373,-0.027544092386961,-0.00615240773186088
-0.00744891306385398,-0.0158261861652136,-0.00402187928557396
0.00853005237877369,0.00974015891551971,-0.00295661459676921
-0.00957944244146347,-0.0179567132145166,-0.00402187928557396
0.00853005237877369,0.00760963000357151,-0.00295661459676921
0.00107320188544691,-0.0104998638853431,0.00769602879881859
-0.00957944244146347,-0.000912484538275749,-0.0146745229139924
0.00107320188544691,-0.00730407098308206,0.0162181463092566
-0.00318785547278821,0.0108054233714938,-0.0231966394931078
0.00213846634142101,0.0108054233714938,0.0140876164659858
0.00533425947651267,-0.0158261861652136,-0.00189135037362576
0.00213846634142101,0.00228330842219293,-0.00508714327588677
-0.00105732679367065,0.00654436554759741,0.00343497144058347
0.00426899502053857,0.00334857287816703,-0.0359798111021519
-0.00638364860787988,0.00228330842219293,0.00556550128385425
-0.00638364860787988,0.000152780135977082,0.00556550128385425
-0.00425312016159296,-0.00943459942936897,-0.00508714327588677
0.00639952393248677,0.00760963000357151,0.00130444311071187
0.00320373079739511,-0.0158261861652136,-0.0146745229139924
-0.00318785547278821,-0.000912484538275749,0.00130444311071187
-0.00425312016159296,0.0150664821267128,0.0162181463092566
-0.00318785547278821,0.00121804408263415,-0.00402187928557396
0.00107320188544691,-0.00304301315918565,0.00556550128385425
-0.0159710273146629,0.00121804408263415,0.00876129325479269
-0.00105732679367065,0.00441383803263307,-0.00615240773186088
0.00320373079739511,0.00441383803263307,-0.00295661459676921
-0.0138404993340373,0.000152780135977082,-0.0093482006341219
-0.00212259124964476,-0.0115651283413172,-0.00615240773186088
-0.00638364860787988,-0.0115651283413172,-0.0114787295460701
0.00107320188544691,0.00228330842219293,0.0183486714959145
-0.00105732679367065,0.000152780135977082,-0.00508714327588677
-0.00638364860787988,0.0118706878274679,-0.00828293617814779
0.00320373079739511,-0.00730407098308206,-0.00721767218783498
-0.0117099704220891,0.00228330842219293,0.000239178392803296
0.00853005237877369,-0.00623880652710795,-0.0157397873699665
-0.00957944244146347,0.00867489445954561,0.0162181463092566
0.0106605822220445,0.00441383803263307,-0.016805050894618
0.00426899502053857,0.000152780135977082,0.0247402582317591
-0.00531838415190578,0.00441383803263307,0.00130444311071187
0.00426899502053857,0.00441383803263307,0.00236970698460937
-0.00851417798548937,0.000152780135977082,-0.0114787295460701
0.00639952393248677,-0.00943459942936897,0.0140876164659858
-0.010644705966115,0.00654436554759741,-0.00189135037362576
7.93753315520007E-06,-0.00410827761515975,0.0108918221667409
-0.00957944244146347,-0.00410827761515975,0.00130444311071187
0.0127911092713475,0.00228330842219293,-0.00402187928557396
-0.0138404993340373,-0.00410827761515975,0.00236970698460937
-0.00638364860787988,0.00228330842219293,0.0140876164659858
0.00533425947651267,0.00547910248860717,0.0108918221667409
0.00320373079739511,-0.0136956572532654,-0.010413465090096
-0.0149057637900114,0.0225233305245638,0.0172834098339081
-0.00318785547278821,-0.00410827761515975,-0.00828293617814779
0.00320373079739511,0.00547910248860717,0.00769602879881859
0.00213846634142101,-0.00943459942936897,-0.0178703162819147
0.018117431551218,0.0118706878274679,0.0162181463092566
-0.0117099704220891,-0.00943459942936897,0.0226097293198109
0.00213846634142101,-0.00410827761515975,-0.0114787295460701
-0.0127752348780632,0.0108054233714938,-0.0114787295460701
0.00107320188544691,0.00441383803263307,0.00982655771076679
-0.00425312016159296,-0.0147609217092395,0.0151528809219599
7.93753315520007E-06,-0.00197774893604219,0.000239178392803296
-0.00851417798548937,-0.00197774893604219,0.00130444311071187
0.0106605822220445,0.00867489445954561,-0.00402187928557396
0.00107320188544691,0.00441383803263307,0.00556550128385425
0.00639952393248677,0.0108054233714938,-0.0125439940020442
-0.00638364860787988,-0.0115651283413172,-0.00721767218783498
-0.0138404993340373,0.00121804408263415,0.000239178392803296
0.00320373079739511,-0.00304301315918565,0.00982655771076679
0.00746478792279959,-0.00304301315918565,-0.0200008451938629
-0.00425312016159296,0.00121804408263415,-0.00721767218783498
0.0106605822220445,0.0140012176707387,0.0151528809219599
0.0159869026392698,-0.0115651283413172,-0.0178703162819147
-0.00318785547278821,-0.00943459942936897,0.00556550128385425
0.00320373079739511,-0.00197774893604219,-0.0146745229139924
-0.00425312016159296,0.00867489445954561,0.0162181463092566
0.00320373079739511,-0.00836933497339487,-0.00402187928557396
0.00746478792279959,-0.00836933497339487,0.0226097293198109
-0.0138404993340373,0.00547910248860717,0.00769602879881859
-0.00638364860787988,-0.00943459942936897,-0.00721767218783498
-0.00531838415190578,0.00974015891551971,0.00236970698460937
-0.00212259124964476,0.000152780135977082,0.000239178392803296
-0.00638364860787988,-0.0147609217092395,0.00982655771076679
0.0149216381832957,-0.00304301315918565,-0.00189135037362576
-0.00957944244146347,-0.0115651283413172,-0.010413465090096
-0.0181015580892563,-0.00410827761515975,0.0172834098339081
0.0117258466780186,-0.00730407098308206,-0.0231966394931078
-0.00638364860787988,0.000152780135977082,0.00343497144058347
-0.00425312016159296,0.0161317475140095,0.000239178392803296
0.00107320188544691,-0.0211525056511164,-0.0146745229139924
-0.00212259124964476,0.00441383803263307,0.0130223510786891
-0.00105732679367065,-0.00623880652710795,-0.000826086034066975
0.00533425947651267,0.00760963000357151,-0.0146745229139924
-0.00638364860787988,0.000152780135977082,0.0194139368832111
-0.0170362927019596,0.00121804408263415,-0.0146745229139924
-0.00212259124964476,0.0140012176707387,0.00236970698460937
0.00107320188544691,-0.00943459942936897,-0.00295661459676921
0.00213846634142101,-0.000912484538275749,0.0194139368832111
-0.0212973486632109,0.0108054233714938,-0.00295661459676921
0.018117431551218,-0.00836933497339487,0.0258055236190557
0.00426899502053857,-0.000912484538275749,-0.0125439940020442
0.00107320188544691,-0.00836933497339487,-0.00402187928557396
-0.00638364860787988,-0.00410827761515975,0.00982655771076679
-0.00425312016159296,-0.00304301315918565,0.000239178392803296
0.0106605822220445,-0.0190219767391682,0.00769602879881859
-0.00957944244146347,0.00654436554759741,-0.00828293617814779
0.00426899502053857,-0.00623880652710795,-0.010413465090096
0.00213846634142101,-0.000912484538275749,0.0140876164659858
-0.00105732679367065,0.00760963000357151,-0.0146745229139924
0.00853005237877369,-0.0147609217092395,0.0215444657951593
-0.00851417798548937,0.0118706878274679,-0.00295661459676921
-0.00212259124964476,0.00441383803263307,-0.00828293617814779
0.00746478792279959,-0.00197774893604219,0.0108918221667409
0.00107320188544691,0.00974015891551971,-0.0231966394931078
-0.00638364860787988,-0.00943459942936897,0.0343276411294937
-0.00531838415190578,0.00547910248860717,0.0162181463092566
-0.00105732679367065,0.000152780135977082,-0.00189135037362576
-0.00212259124964476,0.0129359532147646,-0.0093482006341219
-0.00425312016159296,-0.0190219767391682,-0.00295661459676921
-0.00212259124964476,0.0108054233714938,-0.00508714327588677
0.00107320188544691,0.024653859436512,0.0130223510786891
0.00639952393248677,-0.00730407098308206,-0.0093482006341219
-0.00105732679367065,0.00228330842219293,0.000239178392803296
0.00959531776607037,-0.00304301315918565,-0.00721767218783498
7.93753315520007E-06,0.0129359532147646,0.00876129325479269
-0.00212259124964476,0.00760963000357151,0.0130223510786891
0.00320373079739511,-0.0115651283413172,0.00343497144058347
-0.00105732679367065,0.000152780135977082,-0.00828293617814779
-0.00318785547278821,0.00547910248860717,0.00450023543089628
-0.00957944244146347,-0.00730407098308206,0.00130444311071187
-0.00105732679367065,-0.00410827761515975,-0.00295661459676921
0.0170521680265665,-0.00517354207113385,0.0130223510786891
0.0117258466780186,0.00760963000357151,-0.0125439940020442
-0.0181015580892563,-0.00517354207113385,0.00769602879881859
0.00746478792279959,-0.00730407098308206,0.0108918221667409
-0.00851417798548937,-0.00410827761515975,-0.00508714327588677
0.00959531776607037,0.00334857287816703,-0.00295661459676921
-0.00851417798548937,0.0150664821267128,0.00130444311071187
0.00426899502053857,0.00867489445954561,0.0151528809219599
0.0138563737273216,-0.00304301315918565,-0.00508714327588677
0.0149216381832957,0.000152780135977082,0.000239178392803296
-0.00851417798548937,0.00228330842219293,-0.00828293617814779
-0.00957944244146347,-0.0115651283413172,-0.00828293617814779
7.93753315520007E-06,-0.0126303927972913,0.00876129325479269
-0.00105732679367065,0.0203928016126156,0.00876129325479269
0.00639952393248677,-0.00943459942936897,-0.00189135037362576
-0.00744891306385398,0.0140012176707387,0.0300665814429522
-0.00318785547278821,-0.00836933497339487,0.00876129325479269
-0.0138404993340373,-0.00304301315918565,0.00556550128385425
0.0138563737273216,-0.00410827761515975,0.00982655771076679
7.93753315520007E-06,-0.00197774893604219,-0.00721767218783498
-0.00744891306385398,-0.00730407098308206,0.0108918221667409
-0.00851417798548937,-0.00197774893604219,-0.00295661459676921
-0.00318785547278821,-0.0115651283413172,-0.0125439940020442
-0.00638364860787988,-0.000912484538275749,0.00876129325479269
0.00213846634142101,0.0129359532147646,0.0140876164659858
-0.00212259124964476,0.0108054233714938,-0.00721767218783498
0.00639952393248677,0.00121804408263415,0.011957086622715
-0.0138404993340373,-0.00836933497339487,-0.00295661459676921
-0.0138404993340373,0.000152780135977082,0.00876129325479269
0.0138563737273216,-0.00730407098308206,-0.016805050894618
-0.00105732679367065,0.0118706878274679,0.00556550128385425
-0.00318785547278821,0.00867489445954561,0.00556550128385425
0.00746478792279959,0.00654436554759741,-0.00189135037362576
-0.00318785547278821,-0.00623880652710795,0.000239178392803296
0.0106605822220445,-0.00730407098308206,0.0130223510786891
-0.00851417798548937,-0.0104998638853431,-0.00295661459676921
-0.00744891306385398,-0.00410827761515975,-0.0306534878909588
-0.0181015580892563,0.0171970091760159,0.0215444657951593
0.00426899502053857,0.00121804408263415,0.00450023543089628
-0.00212259124964476,-0.00410827761515975,-0.0285229589790106
-0.010644705966115,0.00760963000357151,0.0108918221667409
0.0117258466780186,-0.00517354207113385,-0.0189355816692114
-0.00318785547278821,0.0108054233714938,-0.00295661459676921
0.00853005237877369,0.00121804408263415,0.00130444311071187
0.00853005237877369,0.00121804408263415,0.00130444311071187
-0.0159710273146629,0.000152780135977082,0.00556550128385425
0.00320373079739511,0.0108054233714938,-0.010413465090096
0.00107320188544691,-0.0200872421264648,0.00343497144058347
0.00426899502053857,-0.0104998638853431,0.00556550128385425
0.00107320188544691,0.0150664821267128,-0.00189135037362576
0.0138563737273216,0.0193275380879641,0.0108918221667409
0.00426899502053857,-0.00623880652710795,0.00236970698460937
-0.00957944244146347,0.0118706878274679,-0.00508714327588677
0.0117258466780186,-0.0115651283413172,0.00663076573982835
-0.00425312016159296,0.0150664821267128,0.0236749947071075
-0.00744891306385398,0.00121804408263415,-0.00615240773186088
-0.00851417798548937,-0.000912484538275749,0.00236970698460937
-0.00638364860787988,0.00228330842219293,0.00556550128385425
7.93753315520007E-06,0.00121804408263415,-0.0263924300670624
0.0117258466780186,-0.0179567132145166,-0.0178703162819147
-0.0149057637900114,-0.0104998638853431,0.00450023543089628
0.00107320188544691,0.00974015891551971,0.00130444311071187
0.00426899502053857,0.00121804408263415,0.00556550128385425
-0.00744891306385398,-0.0104998638853431,-0.00615240773186088
-0.00744891306385398,-0.00943459942936897,0.011957086622715
0.00533425947651267,-0.000912484538275749,0.00556550128385425
-0.00212259124964476,0.00760963000357151,0.00769602879881859
0.00426899502053857,-0.00623880652710795,-0.0136092584580183
0.00533425947651267,-0.00943459942936897,0.00130444311071187
0.00746478792279959,-0.0179567132145166,-0.0114787295460701
-0.0138404993340373,0.00867489445954561,0.011957086622715
-0.00318785547278821,-0.00730407098308206,0.00556550128385425
-0.00425312016159296,0.00334857287816703,-0.0093482006341219
7.93753315520007E-06,0.00654436554759741,0.00343497144058347
0.0106605822220445,-0.00517354207113385,0.011957086622715
-0.0191668216139078,0.0129359532147646,-0.000826086034066975
0.0159869026392698,-0.00943459942936897,0.00769602879881859
0.00533425947651267,0.00121804408263415,-0.00721767218783498
7.93753315520007E-06,-0.00836933497339487,0.00450023543089628
-0.00531838415190578,0.00867489445954561,0.00876129325479269
-0.00957944244146347,-0.00623880652710795,0.00769602879881859
0.00213846634142101,0.0171970091760159,0.00663076573982835
-0.0117099704220891,-0.00197774893604219,-0.0231966394931078
0.00426899502053857,-0.0232830382883549,0.000239178392803296
0.00959531776607037,0.00974015891551971,-0.0146745229139924
-0.00957944244146347,0.00654436554759741,0.00450023543089628
-0.00212259124964476,-0.0232830382883549,-0.00189135037362576
0.00426899502053857,0.0214580669999123,0.0258055236190557
-0.00318785547278821,-0.00623880652710795,-0.0146745229139924
-0.00318785547278821,0.00228330842219293,0.0130223510786891
0.00426899502053857,-0.00623880652710795,0.00130444311071187
0.0117258466780186,0.00334857287816703,-0.000826086034066975
0.00959531776607037,0.000152780135977082,0.00556550128385425
0.00426899502053857,-0.0254135672003031,0.00450023543089628
0.0138563737273216,0.00974015891551971,0.00450023543089628
0.00959531776607037,-0.00410827761515975,-0.00721767218783498
-0.0149057637900114,-0.0115651283413172,0.00450023543089628
0.00320373079739511,0.00334857287816703,0.0108918221667409
0.00746478792279959,-0.00304301315918565,-0.0157397873699665
-0.00744891306385398,-0.0104998638853431,0.0162181463092566
0.00639952393248677,0.0118706878274679,-0.0242619030177593
7.93753315520007E-06,0.00121804408263415,0.00343497144058347
0.00639952393248677,0.0108054233714938,0.00343497144058347
-0.00531838415190578,0.00974015891551971,-0.0136092584580183
0.00959531776607037,-0.00943459942936897,0.00556550128385425
0.00107320188544691,0.0161317475140095,-0.0231966394931078
-0.00851417798548937,-0.0158261861652136,0.00450023543089628
0.00639952393248677,-0.000912484538275749,-0.0295882225036621
0.00959531776607037,0.00228330842219293,0.000239178392803296
-0.00531838415190578,-0.000912484538275749,0.0108918221667409
-0.010644705966115,-0.00410827761515975,-0.00721767218783498
0.00426899502053857,0.00547910248860717,0.0130223510786891
-0.00212259124964476,0.00228330842219293,-0.00828293617814779
0.00746478792279959,0.00547910248860717,-0.010413465090096
-0.00318785547278821,-0.022217771038413,0.000239178392803296
7.93753315520007E-06,0.0150664821267128,-0.0136092584580183
-0.00212259124964476,-0.00730407098308206,0.0108918221667409
-0.0127752348780632,-0.00730407098308206,0.00663076573982835
0.00426899502053857,0.024653859436512,0.000239178392803296
-0.00744891306385398,-0.0104998638853431,-0.010413465090096
-0.010644705966115,-0.00517354207113385,0.00343497144058347
0.00746478792279959,0.00121804408263415,-0.00828293617814779
-0.010644705966115,0.00121804408263415,0.0204792004078627
0.0106605822220445,-0.0168914496898651,0.00236970698460937
-0.00318785547278821,-0.00623880652710795,0.0247402582317591
0.0106605822220445,0.00121804408263415,-0.00295661459676921
-0.00105732679367065,0.0140012176707387,0.00556550128385425
-0.00851417798548937,0.00867489445954561,0.00450023543089628
0.00639952393248677,-0.00197774893604219,0.00343497144058347
0.00320373079739511,-0.00304301315918565,0.011957086622715
-0.0159710273146629,0.00334857287816703,-0.00615240773186088
0.00320373079739511,0.00547910248860717,0.000239178392803296
0.00426899502053857,0.0140012176707387,0.0108918221667409
-0.00212259124964476,-0.00730407098308206,-0.00295661459676921
-0.00531838415190578,-0.00517354207113385,0.00663076573982835
0.0159869026392698,-0.0115651283413172,-0.00189135037362576
-0.00638364860787988,0.024653859436512,0.00556550128385425
0.00853005237877369,-0.0136956572532654,-0.000826086034066975
0.00533425947651267,-0.0179567132145166,-0.000826086034066975
-0.00105732679367065,0.0108054233714938,0.0183486714959145
0.0170521680265665,0.00334857287816703,-0.00295661459676921
0.00213846634142101,0.00228330842219293,0.00663076573982835
-0.0117099704220891,0.00654436554759741,0.0140876164659858
0.00639952393248677,-0.00410827761515975,-0.0210661105811596
-0.00638364860787988,0.000152780135977082,0.000239178392803296
0.0170521680265665,0.00867489445954561,0.000239178392803296
-0.0138404993340373,0.00547910248860717,-0.00508714327588677
0.00853005237877369,-0.00304301315918565,0.011957086622715
0.00213846634142101,-0.0158261861652136,-0.0114787295460701
0.00959531776607037,-0.0136956572532654,0.00236970698460937
7.93753315520007E-06,0.0182622727006674,-0.0136092584580183
-0.00425312016159296,-0.00517354207113385,-0.00295661459676921
0.00213846634142101,-0.0104998638853431,0.00663076573982835
0.00533425947651267,-0.00730407098308206,-0.00508714327588677
0.00533425947651267,0.00867489445954561,-0.00721767218783498
-0.00105732679367065,0.0129359532147646,0.00982655771076679
-0.00318785547278821,0.00121804408263415,0.0151528809219599
-0.00638364860787988,0.0161317475140095,-0.0093482006341219
0.00426899502053857,-0.000912484538275749,0.011957086622715
0.00320373079739511,0.00228330842219293,0.00130444311071187
-0.00638364860787988,-0.00836933497339487,-0.00189135037362576
-0.00318785547278821,0.00867489445954561,0.000239178392803296
-0.00957944244146347,-0.00730407098308206,0.0130223510786891
-0.00638364860787988,-0.00197774893604219,0.0108918221667409
-0.00851417798548937,0.0140012176707387,0.027936052531004
0.00213846634142101,0.00547910248860717,-0.0136092584580183
0.00746478792279959,-0.0158261861652136,0.0130223510786891
-0.00638364860787988,0.00760963000357151,0.00236970698460937
0.00107320188544691,-0.0126303927972913,-0.00508714327588677
-0.0127752348780632,0.0118706878274679,-0.0114787295460701
-0.00105732679367065,-0.00943459942936897,0.00130444311071187
-0.00318785547278821,0.0150664821267128,-0.00402187928557396
-0.0117099704220891,0.00334857287816703,0.00982655771076679
0.0138563737273216,-0.00623880652710795,0.00130444311071187
7.93753315520007E-06,0.00228330842219293,-0.0093482006341219
-0.0138404993340373,0.00547910248860717,0.0108918221667409
-0.00851417798548937,-0.00730407098308206,-0.00295661459676921
0.00746478792279959,0.00121804408263415,-0.00508714327588677
-0.00318785547278821,-0.000912484538275749,-0.00189135037362576
-0.00638364860787988,0.00441383803263307,-0.00615240773186088
0.00639952393248677,-0.0126303927972913,0.00556550128385425
0.00320373079739511,0.00654436554759741,0.00769602879881859
0.00746478792279959,-0.00836933497339487,-0.0114787295460701
7.93753315520007E-06,0.000152780135977082,-0.0093482006341219
-0.00638364860787988,0.00228330842219293,0.011957086622715
-0.0159710273146629,0.0150664821267128,0.0247402582317591
0.00213846634142101,-0.0147609217092395,0.00130444311071187
-0.0138404993340373,0.0182622727006674,-0.00828293617814779
0.00853005237877369,-0.00410827761515975,0.0151528809219599
0.00533425947651267,-0.000912484538275749,-0.0093482006341219
-0.0170362927019596,0.00121804408263415,-0.0093482006341219
0.00107320188544691,-0.0158261861652136,-0.00402187928557396
0.00639952393248677,0.00121804408263415,0.00556550128385425
-0.00318785547278821,-0.00730407098308206,-0.00402187928557396
-0.00851417798548937,-0.00623880652710795,0.00982655771076679
0.0159869026392698,-0.000912484538275749,-0.0125439940020442
-0.0127752348780632,-0.0147609217092395,0.0108918221667409
7.93753315520007E-06,-0.00943459942936897,-0.00402187928557396
-0.0138404993340373,0.0171970091760159,-0.000826086034066975
0.00320373079739511,-0.0168914496898651,0.00663076573982835
-0.00318785547278821,0.00334857287816703,-0.00615240773186088
0.00533425947651267,-0.00517354207113385,-0.010413465090096
-0.00638364860787988,-0.00304301315918565,0.0215444657951593
0.00107320188544691,0.00334857287816703,0.00130444311071187
7.93753315520007E-06,0.0118706878274679,-0.00721767218783498
-0.00425312016159296,-0.00410827761515975,0.00130444311071187
-0.0149057637900114,0.00654436554759741,0.000239178392803296
0.00426899502053857,0.000152780135977082,-0.0114787295460701
-0.00318785547278821,0.00334857287816703,0.0140876164659858
-0.00425312016159296,-0.00410827761515975,-0.0146745229139924
0.00107320188544691,0.0161317475140095,0.00343497144058347
0.018117431551218,-0.00943459942936897,0.0140876164659858
-0.0117099704220891,0.0129359532147646,-0.0285229589790106
-0.00851417798548937,0.00228330842219293,0.011957086622715
7.93753315520007E-06,0.0129359532147646,0.00236970698460937
-0.0149057637900114,-0.00836933497339487,0.00236970698460937
0.0170521680265665,-0.00304301315918565,-0.0178703162819147
7.93753315520007E-06,-0.0104998638853431,0.0140876164659858
7.93753315520007E-06,0.0182622727006674,0.00450023543089628
0.00959531776607037,-0.0115651283413172,-0.000826086034066975
-0.00638364860787988,-0.00943459942936897,-0.000826086034066975
0.00853005237877369,-0.000912484538275749,-0.00189135037362576
-0.00851417798548937,0.0108054233714938,-0.00615240773186088
0.00533425947651267,-0.000912484538275749,0.0321971103549004
0.00533425947651267,0.00654436554759741,-0.0093482006341219
-0.00105732679367065,-0.00304301315918565,0.00556550128385425
-0.00531838415190578,-0.00410827761515975,-0.0221313741058111
7.93753315520007E-06,0.00654436554759741,0.00769602879881859
-0.00212259124964476,-0.0115651283413172,0.00130444311071187
-0.00531838415190578,-0.000912484538275749,-0.010413465090096
0.00426899502053857,-0.00410827761515975,0.00663076573982835
0.0106605822220445,-0.022217771038413,-0.0146745229139924
-0.00105732679367065,0.0118706878274679,0.00236970698460937
0.00639952393248677,-0.00197774893604219,-0.00721767218783498
-0.00744891306385398,-0.00623880652710795,-0.00615240773186088
-0.0170362927019596,-0.00304301315918565,-0.00721767218783498
0.00639952393248677,-0.00304301315918565,0.00450023543089628
-0.00105732679367065,0.0140012176707387,0.0130223510786891
0.00853005237877369,0.00547910248860717,0.00663076573982835
-0.00531838415190578,-0.00410827761515975,-0.00189135037362576
-0.00638364860787988,0.0171970091760159,0.00876129325479269
-0.0117099704220891,0.00441383803263307,0.0215444657951593
-0.00318785547278821,-0.00197774893604219,-0.00721767218783498
0.00533425947651267,-0.0126303927972913,0.00982655771076679
-0.00531838415190578,0.000152780135977082,0.0108918221667409
-0.0159710273146629,0.00547910248860717,-0.0189355816692114
-0.00105732679367065,-0.000912484538275749,0.000239178392803296
0.00320373079739511,0.00228330842219293,0.0194139368832111
-0.00744891306385398,-0.0115651283413172,0.00769602879881859
0.00533425947651267,-0.00410827761515975,-0.010413465090096
-0.00957944244146347,0.00760963000357151,-0.000826086034066975
-0.00851417798548937,-0.000912484538275749,0.0130223510786891
0.00107320188544691,0.0129359532147646,-0.00189135037362576
0.00853005237877369,0.000152780135977082,0.00236970698460937
-0.00318785547278821,-0.0104998638853431,-0.00189135037362576
0.0106605822220445,0.00654436554759741,-0.0093482006341219
-0.0149057637900114,0.0150664821267128,-0.00295661459676921
0.00746478792279959,-0.0147609217092395,-0.000826086034066975
-0.00425312016159296,0.00547910248860717,-0.000826086034066975
0.00107320188544691,0.00547910248860717,-0.0136092584580183
-0.00318785547278821,0.00867489445954561,-0.00508714327588677
0.018117431551218,0.00760963000357151,0.011957086622715
-0.00851417798548937,-0.0126303927972913,0.00769602879881859
0.00959531776607037,-0.00623880652710795,0.0140876164659858
-0.00638364860787988,0.00334857287816703,0.00663076573982835
0.00959531776607037,0.00974015891551971,0.00236970698460937
0.00639952393248677,0.00654436554759741,0.0247402582317591
0.00107320188544691,-0.0104998638853431,-0.0093482006341219
0.0106605822220445,0.0129359532147646,-0.0146745229139924
0.00746478792279959,0.000152780135977082,0.0226097293198109
-0.0138404993340373,-0.0126303927972913,-0.00189135037362576
0.00426899502053857,0.0171970091760159,0.0130223510786891
0.00320373079739511,0.00867489445954561,0.00130444311071187
-0.00212259124964476,0.0108054233714938,-0.0221313741058111
0.00320373079739511,0.00760963000357151,0.0215444657951593
-0.0117099704220891,-0.00410827761515975,-0.0157397873699665
0.0170521680265665,-0.00623880652710795,0.00556550128385425
0.00746478792279959,0.00121804408263415,-0.0125439940020442
0.00853005237877369,0.00228330842219293,0.00876129325479269
-0.00105732679367065,-0.000912484538275749,-0.00295661459676921
0.0149216381832957,-0.00410827761515975,-0.0274576935917139
-0.0191668216139078,-0.0104998638853431,0.0204792004078627
0.00426899502053857,0.00441383803263307,-0.010413465090096
-0.00744891306385398,0.0193275380879641,0.0151528809219599
0.0127911092713475,0.00121804408263415,0.00343497144058347
-0.0138404993340373,0.00547910248860717,0.0151528809219599
0.00959531776607037,-0.00943459942936897,0.00130444311071187
-0.00212259124964476,0.0129359532147646,-0.00402187928557396
0.00533425947651267,0.024653859436512,0.0140876164659858
0.00320373079739511,0.0118706878274679,-0.00295661459676921
0.00746478792279959,-0.0104998638853431,0.00556550128385425
-0.00531838415190578,0.0108054233714938,-0.010413465090096
0.0138563737273216,-0.00836933497339487,-0.00615240773186088
0.00746478792279959,-0.0126303927972913,-0.0093482006341219
-0.0127752348780632,0.00547910248860717,-0.0114787295460701
-0.0117099704220891,0.000152780135977082,0.00236970698460937
-0.00744891306385398,-0.0243483018130064,-0.000826086034066975
0.00639952393248677,0.0150664821267128,-0.00721767218783498
-0.00957944244146347,0.0203928016126156,-0.000826086034066975
0.00853005237877369,-0.0126303927972913,0.00236970698460937
0.00107320188544691,-0.000912484538275749,0.0162181463092566
-0.00425312016159296,-0.00517354207113385,-0.0157397873699665
0.00213846634142101,-0.000912484538275749,-0.00828293617814779
-0.00212259124964476,-0.000912484538275749,0.00982655771076679
0.00320373079739511,0.00228330842219293,-0.00615240773186088
0.018117431551218,-0.0126303927972913,0.00343497144058347
-0.00212259124964476,0.00441383803263307,0.00556550128385425
0.00426899502053857,-0.0190219767391682,-0.0114787295460701
-0.00105732679367065,-0.0158261861652136,-0.0210661105811596
0.00107320188544691,0.00760963000357151,0.00876129325479269
-0.00957944244146347,0.00121804408263415,-0.016805050894618
-0.00531838415190578,-0.0126303927972913,0.0130223510786891
0.0191826969385147,0.00121804408263415,-0.00189135037362576
7.93753315520007E-06,0.00441383803263307,0.0140876164659858
0.0127911092713475,-0.0104998638853431,0.0172834098339081
-0.00425312016159296,-0.00623880652710795,-0.00295661459676921
-0.0127752348780632,0.000152780135977082,-0.00615240773186088
0.0106605822220445,0.0140012176707387,0.0204792004078627
-0.00638364860787988,-0.00304301315918565,-0.00615240773186088
0.00959531776607037,0.00547910248860717,0.0172834098339081
0.0170521680265665,-0.0115651283413172,-0.0200008451938629
-0.00851417798548937,-0.00304301315918565,-0.00189135037362576
-0.0138404993340373,-0.00410827761515975,-0.00615240773186088
-0.00425312016159296,-0.00304301315918565,-0.00828293617814779
0.00426899502053857,0.00334857287816703,0.00663076573982835
-0.0127752348780632,-0.000912484538275749,0.00556550128385425
0.00639952393248677,0.00228330842219293,-0.00189135037362576
-0.00212259124964476,-0.000912484538275749,-0.010413465090096
0.00853005237877369,0.00867489445954561,0.00130444311071187
-0.0127752348780632,0.000152780135977082,-0.00189135037362576
0.0117258466780186,-0.0104998638853431,-0.00508714327588677
0.00320373079739511,0.00547910248860717,-0.010413465090096
-0.00638364860787988,0.00867489445954561,0.00982655771076679
0.00639952393248677,-0.00517354207113385,0.00556550128385425
-0.00212259124964476,-0.00197774893604219,-0.0263924300670624
0.00959531776607037,0.00547910248860717,-0.00295661459676921
0.00639952393248677,-0.022217771038413,0.0140876164659858
-0.00105732679367065,-0.00197774893604219,0.00876129325479269
-0.00105732679367065,0.00547910248860717,0.0130223510786891
-0.00318785547278821,-0.0264788307249546,-0.00828293617814779
0.0117258466780186,0.0140012176707387,0.00556550128385425
-0.00425312016159296,0.0161317475140095,0.000239178392803296
0.00533425947651267,-0.0211525056511164,-0.00828293617814779
0.00213846634142101,-0.00197774893604219,-0.00402187928557396
-0.0191668216139078,0.0129359532147646,0.00769602879881859
-0.00318785547278821,0.00974015891551971,0.00556550128385425
0.00320373079739511,0.00441383803263307,0.00236970698460937
0.00426899502053857,-0.0104998638853431,0.00130444311071187
-0.00531838415190578,-0.00197774893604219,-0.0157397873699665
-0.00105732679367065,-0.00943459942936897,0.00556550128385425
-0.0117099704220891,0.0203928016126156,-0.000826086034066975
0.00533425947651267,-0.000912484538275749,-0.00402187928557396
-0.00851417798548937,0.00760963000357151,0.0108918221667409
-0.00744891306385398,-0.0136956572532654,-0.0146745229139924
0.00959531776607037,0.00974015891551971,0.00130444311071187
0.0106605822220445,0.00760963000357151,-0.00402187928557396
-0.0117099704220891,-0.00304301315918565,-0.00828293617814779
0.0117258466780186,-0.00943459942936897,0.00236970698460937
0.00320373079739511,0.00654436554759741,0.00130444311071187
-0.00638364860787988,-0.0115651283413172,-0.00508714327588677
-0.00425312016159296,-0.00517354207113385,0.0215444657951593
0.00107320188544691,0.00760963000357151,0.0194139368832111
0.00853005237877369,0.0129359532147646,-0.0295882225036621
-0.0117099704220891,-0.00836933497339487,0.0194139368832111
0.0127911092713475,0.00760963000357151,-0.00402187928557396
-0.0117099704220891,-0.00197774893604219,0.0151528809219599
0.00107320188544691,-0.00623880652710795,0.0130223510786891
0.00426899502053857,-0.00943459942936897,0.011957086622715
-0.00425312016159296,0.00228330842219293,0.00130444311071187
-0.00425312016159296,0.00974015891551971,-0.00402187928557396
-0.010644705966115,0.0129359532147646,0.00343497144058347
0.00746478792279959,-0.0147609217092395,-0.00721767218783498
0.00853005237877369,0.00334857287816703,-0.0221313741058111
0.00213846634142101,0.00121804408263415,0.00982655771076679
-0.00851417798548937,-0.022217771038413,-0.000826086034066975
-0.0117099704220891,0.00867489445954561,-0.0125439940020442
0.00107320188544691,0.00654436554759741,-0.0189355816692114
-0.00212259124964476,-0.00730407098308206,0.0162181463092566
-0.0223626140505075,0.0193275380879641,0.00450023543089628
0.00959531776607037,-0.00304301315918565,0.00982655771076679
-0.00318785547278821,0.00121804408263415,0.0183486714959145
-0.00531838415190578,-0.0190219767391682,0.00450023543089628
-0.0223626140505075,0.00441383803263307,0.0140876164659858
0.018117431551218,-0.00517354207113385,-0.0231966394931078
-0.00957944244146347,0.0118706878274679,0.00769602879881859
0.00853005237877369,-0.00304301315918565,0.00130444311071187
0.00107320188544691,-0.00730407098308206,-0.000826086034066975
-0.00425312016159296,0.00974015891551971,-0.00189135037362576
0.00639952393248677,-0.00197774893604219,0.00769602879881859
-0.0138404993340373,-0.00197774893604219,0.00876129325479269
0.00533425947651267,0.00441383803263307,-0.00189135037362576
0.0138563737273216,-0.0179567132145166,-0.0295882225036621
0.00426899502053857,0.0140012176707387,-0.00508714327588677
7.93753315520007E-06,-0.00304301315918565,0.000239178392803296
-0.00318785547278821,0.0203928016126156,0.0204792004078627
-0.00105732679367065,0.00867489445954561,0.0503065995872021
0.00959531776607037,-0.00730407098308206,-0.016805050894618
0.00107320188544691,0.00547910248860717,0.00236970698460937
-0.00531838415190578,-0.0158261861652136,-0.0274576935917139
0.00853005237877369,-0.00517354207113385,0.0130223510786891
0.00426899502053857,0.00228330842219293,-0.0285229589790106
0.00746478792279959,0.00547910248860717,-0.00508714327588677
7.93753315520007E-06,-0.0147609217092395,-0.00402187928557396
0.00426899502053857,0.00654436554759741,-0.0136092584580183
0.00959531776607037,0.00441383803263307,0.0140876164659858
0.00959531776607037,0.00654436554759741,-0.0242619030177593
0.00213846634142101,0.00867489445954561,0.00343497144058347
0.00533425947651267,0.00974015891551971,-0.00508714327588677
-0.0127752348780632,-0.00304301315918565,0.00769602879881859
0.0106605822220445,-0.00197774893604219,-0.00295661459676921
-0.00531838415190578,0.00547910248860717,0.000239178392803296
0.00426899502053857,-0.000912484538275749,-0.00189135037362576
0.0106605822220445,0.0129359532147646,-0.00189135037362576
0.00426899502053857,-0.00197774893604219,-0.010413465090096
0.0149216381832957,-0.00410827761515975,-0.00189135037362576
-0.00638364860787988,-0.00197774893604219,0.00450023543089628
0.00107320188544691,0.00547910248860717,-0.00828293617814779
0.00462799891829491,0.0120799597352743,-0.00604145601391792
-0.00495938025414944,0.0110146952793002,0.0237859468907118
0.0024974700063467,-0.0145516516640782,-0.0103025138378143
0.00462799891829491,0.0120799597352743,-0.00817198492586613
-0.00815517455339432,0.00675363652408123,0.00141539517790079
0.0131501127034426,-0.00709480000659823,-0.0188246294856071
-0.00708990916609764,-0.000703213678207248,0.00141539517790079
0.0152806416153908,-0.00389900663867593,-0.00284566241316497
0.00356273422949016,-0.000703213678207248,-0.00284566241316497
0.00356273422949016,0.0110146952793002,0.00248065916821361
0.00675852736458182,-0.000703213678207248,-0.0113677782937884
-0.0156120248138905,0.0163410175591707,0.00248065916821361
0.0024974700063467,-0.0177474431693554,0.00354592362418771
-0.00282885180786252,0.015275752171874,0.01419856864959
-0.00282885180786252,-0.00283374218270183,0.0248512104153633
-0.00389411649666727,0.00994943082332611,-0.0166940987110138
-0.00069832312874496,0.00994943082332611,0.00993750989437103
0.00782379228621721,-0.0188127066940069,-0.0134983072057366
-0.0102857025340199,0.000362051039701328,-0.00391092710196972
0.00462799891829491,-0.00389900663867593,0.00141539517790079
0.00462799891829491,0.0056883729994297,0.00461118808016181
0.00888905674219132,-0.00709480000659823,0.0056764530017972
0.00462799891829491,0.0120799597352743,-0.0113677782937884
-0.00069832312874496,-0.0134863862767816,0.000350130518199876
-0.0102857025340199,0.00675363652408123,0.0056764530017972
0.017411170527339,0.00781890098005533,-0.00817198492586613
-0.00389411649666727,-0.00176847807597369,-0.00178039819002152
0.017411170527339,0.00249257939867675,0.000350130518199876
-0.0124162314459682,0.00249257939867675,-0.000715133908670396
0.00782379228621721,0.015275752171874,0.0131333032622933
0.00462799891829491,0.000362051039701328,-0.00710672046989203
0.0024974700063467,-0.00602953555062413,0.0056764530017972
-0.0198730826377869,0.015275752171874,0.0120680388063192
0.0152806416153908,0.0046231085434556,-0.00178039819002152
-0.00602464471012354,0.000362051039701328,-0.00604145601391792
0.00675852736458182,-0.0188127066940069,-0.0252162162214518
-0.00495938025414944,-0.0102905938401818,0.00141539517790079
-0.0156120248138905,0.000362051039701328,-0.0134983072057366
0.00995432119816542,-0.0124211218208075,0.0173943620175123
0.00782379228621721,-0.00389900663867593,0.00461118808016181
0.00888905674219132,0.00142731494270265,-0.0166940987110138
0.000366941269021481,-0.000703213678207248,-0.00284566241316497
0.00356273422949016,0.00888416636735201,-0.000715133908670396
0.00995432119816542,-0.0145516516640782,0.0110027743503451
0.00569326290860772,-0.00176847807597369,0.00780698098242283
-0.00176358735188842,0.00994943082332611,-0.00604145601391792
-0.0209383442997932,-0.000703213678207248,0.0067417174577713
0.00888905674219132,-0.000703213678207248,0.00248065916821361
-0.00176358735188842,0.00994943082332611,-0.00284566241316497
-0.00708990916609764,0.0046231085434556,-0.0156288351863623
0.00782379228621721,-0.0134863862767816,0.00780698098242283
-0.00495938025414944,-0.00816006399691105,-0.00391092710196972
-0.00922043900936842,-0.00922532845288515,-0.0241509508341551
0.00675852736458182,0.0195368081331253,0.0067417174577713
-0.00176358735188842,-0.00602953555062413,0.0120680388063192
0.00782379228621721,0.000362051039701328,0.000350130518199876
0.0259332861751318,0.00249257939867675,-0.0124330427497625
0.000366941269021481,-0.00816006399691105,-0.0145635716617107
0.0024974700063467,0.0110146952793002,-0.000715133908670396
-0.0102857025340199,0.00142731494270265,-0.00391092710196972
-0.00176358735188842,0.000362051039701328,-0.00391092710196972
0.000366941269021481,-0.0188127066940069,-0.0113677782937884
-0.00069832312874496,-0.00389900663867593,-0.00178039819002152
-0.00708990916609764,0.00675363652408123,0.0110027743503451
0.0131501127034426,0.00675363652408123,-0.0209551583975554
-0.00282885180786252,-0.00389900663867593,0.0216554179787636
0.00143220566678792,-0.00176847807597369,-0.0103025138378143
-0.00922043900936842,0.00888416636735201,0.0291122682392597
0.00782379228621721,-0.00709480000659823,-0.0316077992320061
-0.00069832312874496,0.000362051039701328,0.00141539517790079
-0.00389411649666727,0.0046231085434556,-0.0103025138378143
-0.00495938025414944,-0.000703213678207248,0.01419856864959
-0.00495938025414944,0.0046231085434556,0.00887224543839693
0.0024974700063467,-0.00496427109465003,-0.00497619155794382
-0.0262646675109863,0.0056883729994297,0.00461118808016181
0.0024974700063467,-0.000703213678207248,0.0056764530017972
0.00569326290860772,0.00781890098005533,-0.0145635716617107
0.017411170527339,0.00888416636735201,-0.0103025138378143
-0.00282885180786252,0.00888416636735201,0.0227206815034151
0.00143220566678792,-0.00283374218270183,0.0056764530017972
0.0131501127034426,0.0046231085434556,-0.00817198492586613
-0.00389411649666727,0.0131452241912484,0.000350130518199876
-0.00495938025414944,-0.0177474431693554,0.00993750989437103
0.000366941269021481,0.00249257939867675,0.02591647580266
-0.0145467603579164,-0.0102905938401818,-0.00497619155794382
-0.00602464471012354,0.00675363652408123,-0.00923724938184023
0.00143220566678792,0.00781890098005533,0.00141539517790079
-0.00602464471012354,-0.00496427109465003,0.00354592362418771
0.00782379228621721,0.0184715446084738,0.0152638331055641
0.00782379228621721,-0.00496427109465003,-0.000715133908670396
0.00143220566678792,-0.00496427109465003,-0.0134983072057366
0.00143220566678792,0.00994943082332611,0.0056764530017972
-0.00176358735188842,0.0046231085434556,0.0216554179787636
-0.00069832312874496,0.0131452241912484,0.00141539517790079
0.00462799891829491,0.00675363652408123,-0.00497619155794382
-0.00815517455339432,0.000362051039701328,0.0056764530017972
0.02806381508708,-0.00389900663867593,-0.0113677782937884
0.00356273422949016,-0.00283374218270183,0.00354592362418771
-0.0102857025340199,-0.0102905938401818,0.00780698098242283
0.00356273422949016,0.00355784385465085,0.0067417174577713
0.000366941269021481,-0.0113558573648334,0.0120680388063192
-0.0113509669899941,0.0056883729994297,-0.00284566241316497
0.0120848501101136,-0.00709480000659823,0.0067417174577713
0.00675852736458182,0.00249257939867675,-0.00923724938184023
0.00356273422949016,0.0046231085434556,0.0237859468907118
0.00675852736458182,-0.0113558573648334,-0.0220204219222069
0.00462799891829491,-0.00283374218270183,0.00248065916821361
-0.0102857025340199,-0.00709480000659823,-0.0188246294856071
-0.0124162314459682,-0.00283374218270183,0.0152638331055641
0.00675852736458182,0.00355784385465085,0.00461118808016181
-0.00069832312874496,-0.00709480000659823,0.00248065916821361
0.017411170527339,-0.00283374218270183,0.0120680388063192
0.00569326290860772,0.00781890098005533,0.00461118808016181
-0.00389411649666727,-0.0177474431693554,-0.0145635716617107
0.0024974700063467,0.00994943082332611,0.0067417174577713
-0.00602464471012354,-0.0134863862767816,0.0110027743503451
-0.00389411649666727,0.0184715446084738,0.00993750989437103
0.0195417013019323,-0.0102905938401818,0.00248065916821361
-0.00389411649666727,-0.00816006399691105,-0.00817198492586613
0.0120848501101136,-0.00816006399691105,-0.0103025138378143
0.00462799891829491,-0.00389900663867593,-0.0103025138378143
0.00569326290860772,0.0046231085434556,0.0216554179787636
0.00356273422949016,0.00994943082332611,0.0173943620175123
-0.0166772902011871,-0.00816006399691105,-0.00178039819002152
0.00356273422949016,0.00355784385465085,0.0056764530017972
0.000366941269021481,0.0131452241912484,-0.0156288351863623
0.00462799891829491,-0.0113558573648334,0.00780698098242283
0.0142153771594167,0.0046231085434556,0.00887224543839693
0.000366941269021481,-0.00176847807597369,-0.0134983072057366
0.00782379228621721,-0.0113558573648334,0.00248065916821361
-0.0102857025340199,0.0142104877158999,-0.00391092710196972
0.0142153771594167,-0.00602953555062413,-0.0188246294856071
-0.00602464471012354,-0.0113558573648334,0.0067417174577713
-0.00069832312874496,0.0131452241912484,-0.00817198492586613
-0.00282885180786252,-0.0102905938401818,0.00461118808016181
0.0024974700063467,0.0110146952793002,-0.00391092710196972
0.00995432119816542,0.00142731494270265,-0.0134983072057366
-0.00069832312874496,0.00355784385465085,-0.00497619155794382
-0.00708990916609764,-0.00283374218270183,0.000350130518199876
0.0120848501101136,-0.00283374218270183,-0.00178039819002152
-0.0134814959019423,0.0046231085434556,-0.000715133908670396
-0.0102857025340199,0.0056883729994297,0.0110027743503451
-0.00708990916609764,-0.00709480000659823,-0.00497619155794382
-0.00282885180786252,0.00355784385465085,-0.00178039819002152
-0.00495938025414944,-0.00922532845288515,-0.00178039819002152
0.0131501127034426,-0.00602953555062413,-0.0134983072057366
-0.0102857025340199,0.00249257939867675,-0.00391092710196972
-0.00708990916609764,0.00249257939867675,0.0067417174577713
0.00462799891829491,0.0184715446084738,-0.00604145601391792
-0.0188078172504902,0.0046231085434556,-0.00284566241316497
0.0152806416153908,-0.000703213678207248,0.0056764530017972
0.000366941269021481,0.00781890098005533,0.0184596236795187
-0.0102857025340199,0.00888416636735201,-0.0166940987110138
0.0259332861751318,0.00142731494270265,-0.00391092710196972
-0.0166772902011871,0.0056883729994297,0.01419856864959
-0.0145467603579164,-0.000703213678207248,0.0173943620175123
0.00143220566678792,0.00781890098005533,-0.000715133908670396
-0.00069832312874496,-0.00709480000659823,0.00887224543839693
-0.00282885180786252,-0.00496427109465003,-0.00497619155794382
-0.0124162314459682,-0.0177474431693554,0.0056764530017972
0.0131501127034426,0.0131452241912484,-0.0103025138378143
-0.0102857025340199,0.0120799597352743,0.0163290966302156
-0.00069832312874496,-0.0198779720813036,-0.00923724938184023
-0.00602464471012354,0.00675363652408123,-0.00284566241316497
0.017411170527339,0.0131452241912484,-0.00391092710196972
-0.00602464471012354,0.0046231085434556,0.0269817393273115
0.00888905674219132,-0.0177474431693554,-0.0166940987110138
-0.00922043900936842,0.0120799597352743,0.0131333032622933
0.0131501127034426,-0.00176847807597369,-0.00497619155794382
-0.0102857025340199,0.0163410175591707,0.0056764530017972
-0.00176358735188842,0.00355784385465085,0.0120680388063192
-0.0145467603579164,-0.00283374218270183,-0.029477272182703
0.0216722302138805,0.00994943082332611,0.00354592362418771
-0.00282885180786252,0.00781890098005533,0.01419856864959
0.0131501127034426,-0.00496427109465003,-0.00604145601391792
-0.00176358735188842,0.00355784385465085,0.0110027743503451
0.00356273422949016,-0.0124211218208075,0.00248065916821361
-0.00495938025414944,-0.00176847807597369,0.0067417174577713
0.0024974700063467,-0.0145516516640782,-0.0305425357073545
-0.0102857025340199,0.0120799597352743,0.00780698098242283
0.0131501127034426,-0.00816006399691105,-0.00604145601391792
-0.00389411649666727,-0.00709480000659823,-0.00497619155794382
0.00995432119816542,0.00675363652408123,0.00887224543839693
-0.0177425537258387,0.00142731494270265,0.00141539517790079
0.00569326290860772,-0.0156169161200523,-0.00923724938184023
0.0131501127034426,0.00675363652408123,-0.0124330427497625
-0.0124162314459682,-0.00602953555062413,-0.00284566241316497
0.0195417013019323,-0.00283374218270183,0.000350130518199876
0.017411170527339,-0.00389900663867593,0.0184596236795187
-0.00922043900936842,0.000362051039701328,-0.0166940987110138
-0.00282885180786252,0.00355784385465085,-0.0241509508341551
0.000366941269021481,-0.0134863862767816,0.0195248890668154
-0.00389411649666727,0.00781890098005533,0.0205901525914669
0.00569326290860772,-0.0177474431693554,-0.00923724938184023
-0.0113509669899941,-0.00496427109465003,0.0131333032622933
0.0120848501101136,0.00249257939867675,0.0056764530017972
-0.00922043900936842,-0.00389900663867593,-0.0230856873095036
0.00569326290860772,-0.0102905938401818,0.0152638331055641
0.017411170527339,-0.0134863862767816,-0.0103025138378143
0.000366941269021481,0.0131452241912484,0.00248065916821361
0.00462799891829491,0.000362051039701328,0.000350130518199876
-0.00389411649666727,-0.00816006399691105,-0.0145635716617107
0.0120848501101136,0.00355784385465085,-0.00604145601391792
-0.00815517455339432,-0.0113558573648334,-0.000715133908670396
0.00462799891829491,0.00781890098005533,-0.00817198492586613
0.00462799891829491,0.00675363652408123,0.00248065916821361
-0.00389411649666727,0.0056883729994297,0.000350130518199876
0.0120848501101136,-0.00389900663867593,0.00887224543839693
0.000366941269021481,0.00675363652408123,0.000350130518199876
-0.00069832312874496,0.000362051039701328,0.0205901525914669
0.00569326290860772,0.00249257939867675,-0.0113677782937884
0.00888905674219132,0.00355784385465085,0.00248065916821361
0.000366941269021481,0.000362051039701328,-0.0166940987110138
0.00675852736458182,-0.00176847807597369,0.0056764530017972
0.0024974700063467,0.00249257939867675,-0.00284566241316497
-0.00282885180786252,0.000362051039701328,-0.0134983072057366
0.0024974700063467,0.000362051039701328,-0.0103025138378143
0.00569326290860772,-0.00496427109465003,0.01419856864959
0.0131501127034426,-0.00496427109465003,-0.0145635716617107
-0.0145467603579164,0.0142104877158999,0.0131333032622933
-0.00708990916609764,0.00355784385465085,0.0120680388063192
-0.00176358735188842,-0.00176847807597369,0.0173943620175123
0.0120848501101136,-0.00602953555062413,-0.00178039819002152
-0.00069832312874496,0.00781890098005533,0.0110027743503451
-0.00922043900936842,-0.00602953555062413,0.0120680388063192
-0.00282885180786252,-0.000703213678207248,0.0067417174577713
0.00569326290860772,0.000362051039701328,0.0195248890668154
-0.00708990916609764,0.0056883729994297,0.0195248890668154
0.000366941269021481,0.0131452241912484,-0.00391092710196972
-0.0156120248138905,0.00249257939867675,-0.0188246294856071
0.0216722302138805,0.00781890098005533,-0.00817198492586613
-0.0145467603579164,0.020602073520422,0.0131333032622933
-0.00176358735188842,-0.0124211218208075,-0.00178039819002152
-0.00282885180786252,-0.0156169161200523,0.00461118808016181
0.00356273422949016,0.00355784385465085,-0.0134983072057366
0.00569326290860772,-0.00176847807597369,0.00780698098242283
-0.00176358735188842,-0.00283374218270183,-0.00923724938184023
0.00888905674219132,0.00249257939867675,0.0163290966302156
0.00569326290860772,-0.00176847807597369,-0.0156288351863623
0.00356273422949016,-0.00709480000659823,-0.0113677782937884
0.00143220566678792,0.00675363652408123,0.0152638331055641
0.00569326290860772,0.00142731494270265,0.00141539517790079
-0.00282885180786252,-0.00389900663867593,-0.00391092710196972
-0.00282885180786252,-0.0113558573648334,0.0067417174577713
-0.00069832312874496,0.015275752171874,0.0067417174577713
0.00782379228621721,-0.0198779720813036,0.000350130518199876
-0.00176358735188842,0.00675363652408123,-0.00817198492586613
0.00569326290860772,0.0120799597352743,0.01419856864959
-0.00495938025414944,0.0056883729994297,0.000350130518199876
0.00143220566678792,0.000362051039701328,-0.00497619155794382
0.020606966689229,-0.0113558573648334,0.00354592362418771
-0.0166772902011871,0.00781890098005533,0.00780698098242283
0.00569326290860772,-0.00602953555062413,-0.000715133908670396
-0.00069832312874496,0.0131452241912484,0.00354592362418771
0.000366941269021481,-0.0252042952924967,0.0131333032622933
-0.00495938025414944,0.00675363652408123,-0.00923724938184023
-0.00495938025414944,-0.00709480000659823,-0.0124330427497625
0.0163459070026875,0.00994943082332611,0.0110027743503451
-0.0177425537258387,-0.00283374218270183,0.0056764530017972
-0.00069832312874496,0.000362051039701328,0.0056764530017972
-0.00069832312874496,0.0120799597352743,-0.0124330427497625
-0.00708990916609764,-0.00922532845288515,0.0110027743503451
0.0024974700063467,0.0174062792211771,-0.00178039819002152
0.0152806416153908,-0.0220085009932518,-0.0103025138378143
-0.00708990916609764,0.00355784385465085,-0.0145635716617107
-0.00389411649666727,0.0184715446084738,-0.000715133908670396
0.02806381508708,-0.00496427109465003,-0.00178039819002152
-0.0113509669899941,0.0056883729994297,-0.0188246294856071
0.0163459070026875,-0.0124211218208075,0.0195248890668154
-0.00815517455339432,0.00781890098005533,0.0056764530017972
-0.00069832312874496,0.00249257939867675,-0.00178039819002152
-0.00389411649666727,-0.0188127066940069,0.0067417174577713
0.00356273422949016,0.0301894545555115,-0.00710672046989203
0.000366941269021481,0.00142731494270265,0.01419856864959
0.000366941269021481,0.0056883729994297,-0.00497619155794382
-0.0156120248138905,0.00355784385465085,-0.000715133908670396
0.0152806416153908,-0.0134863862767816,-0.0113677782937884
-0.00176358735188842,-0.000703213678207248,-0.00923724938184023
-0.0156120248138905,0.0195368081331253,0.0184596236795187
0.00143220566678792,-0.00176847807597369,-0.00817198492586613
-0.00176358735188842,-0.0134863862767816,-0.0145635716617107
0.000366941269021481,0.00355784385465085,-0.00391092710196972
-0.00389411649666727,-0.0124211218208075,0.0067417174577713
-0.00282885180786252,0.00355784385465085,-0.000715133908670396
-0.00495938025414944,0.0046231085434556,0.0120680388063192
0.00888905674219132,-0.00176847807597369,0.01419856864959
-0.00176358735188842,0.00994943082332611,-0.0145635716617107
-0.0102857025340199,-0.0102905938401818,0.00993750989437103
-0.00176358735188842,0.00781890098005533,-0.00391092710196972
0.00356273422949016,-0.00176847807597369,0.0131333032622933
0.00675852736458182,0.0056883729994297,0.00461118808016181
0.00675852736458182,0.00355784385465085,-0.0103025138378143
-0.00069832312874496,-0.00283374218270183,0.00461118808016181
-0.0102857025340199,-0.00709480000659823,-0.0145635716617107
-0.00069832312874496,0.00888416636735201,0.01419856864959
0.00356273422949016,-0.00389900663867593,-0.00284566241316497
0.00569326290860772,0.00142731494270265,0.0056764530017972
-0.00922043900936842,0.0184715446084738,-0.0145635716617107
0.0024974700063467,0.00249257939867675,0.00887224543839693
-0.00069832312874496,-0.0220085009932518,0.000350130518199876
-0.00176358735188842,0.0120799597352743,-0.00497619155794382
0.00782379228621721,0.000362051039701328,0.0110027743503451
-0.00282885180786252,-0.00176847807597369,-0.0188246294856071
0.00143220566678792,0.0056883729994297,-0.00284566241316497
-0.00495938025414944,0.00675363652408123,-0.0198898930102587
0.00782379228621721,0.00781890098005533,-0.00178039819002152
-0.00389411649666727,0.00781890098005533,-0.0113677782937884
-0.00602464471012354,-0.0124211218208075,0.00248065916821361
0.017411170527339,-0.00922532845288515,0.00141539517790079
-0.00922043900936842,-0.00496427109465003,0.00461118808016181
0.0024974700063467,-0.00389900663867593,0.00141539517790079
0.0024974700063467,0.0131452241912484,-0.0230856873095036
0.0024974700063467,0.00249257939867675,-0.00710672046989203
0.0024974700063467,0.00142731494270265,-0.00604145601391792
-0.0113509669899941,0.0174062792211771,0.0131333032622933
-0.0177425537258387,-0.00709480000659823,0.00354592362418771
0.00462799891829491,0.00355784385465085,-0.000715133908670396
-0.0156120248138905,0.0174062792211771,-0.000715133908670396
0.00143220566678792,-0.00709480000659823,0.0120680388063192
0.00782379228621721,0.000362051039701328,0.00461118808016181
-0.00282885180786252,0.00355784385465085,-0.00178039819002152
0.00782379228621721,-0.0166821777820587,-0.00710672046989203
-0.00495938025414944,-0.00709480000659823,0.00461118808016181
-0.0102857025340199,0.00355784385465085,0.0067417174577713
0.0142153771594167,-0.00283374218270183,-0.00178039819002152
-0.00495938025414944,0.0046231085434556,0.000350130518199876
0.0024974700063467,-0.0166821777820587,-0.00178039819002152
0.0120848501101136,0.0046231085434556,-0.0103025138378143
0.0024974700063467,-0.0102905938401818,0.00461118808016181
0.000366941269021481,0.0174062792211771,0.00141539517790079
0.0110195856541395,-0.00816006399691105,-0.0411951839923859
-0.0113509669899941,0.00781890098005533,0.00993750989437103
0.00888905674219132,0.00355784385465085,-0.000715133908670396
-0.00922043900936842,-0.00176847807597369,0.00141539517790079
0.00462799891829491,0.015275752171874,0.0163290966302156
-0.00389411649666727,-0.0145516516640782,-0.00710672046989203
-0.00602464471012354,0.00355784385465085,-0.000715133908670396
-0.00495938025414944,0.0056883729994297,-0.00391092710196972
0.00462799891829491,-0.00389900663867593,-0.000715133908670396
-0.00282885180786252,0.000362051039701328,0.0067417174577713
0.00462799891829491,-0.00709480000659823,0.00248065916821361
0.00143220566678792,-0.00389900663867593,-0.000715133908670396
0.0142153771594167,-0.00709480000659823,0.0056764530017972
-0.00602464471012354,0.015275752171874,0.01419856864959
0.00356273422949016,-0.0220085009932518,0.00993750989437103
-0.0134814959019423,0.0046231085434556,0.0056764530017972
0.0152806416153908,0.0142104877158999,-0.00284566241316497
-0.0188078172504902,0.00355784385465085,-0.00391092710196972
-0.00389411649666727,-0.00816006399691105,-0.00923724938184023
0.0152806416153908,-0.00389900663867593,-0.0230856873095036
-0.0177425537258387,-0.00709480000659823,0.0067417174577713
0.000366941269021481,-0.00816006399691105,0.01419856864959
-0.0134814959019423,0.0120799597352743,-0.00284566241316497
-0.0145467603579164,-0.0166821777820587,-0.0124330427497625
0.0131501127034426,0.0056883729994297,0.0184596236795187
-0.00602464471012354,-0.00709480000659823,-0.0273467432707548
-0.00815517455339432,0.00355784385465085,-0.0177593640983105
0.0152806416153908,-0.0134863862767816,-0.00497619155794382
-0.0102857025340199,-0.00496427109465003,0.0152638331055641
0.0120848501101136,-0.00816006399691105,0.00887224543839693
-0.00815517455339432,0.00781890098005533,0.00887224543839693
0.00143220566678792,-0.000703213678207248,0.0131333032622933
-0.00282885180786252,-0.00389900663867593,0.000350130518199876
-0.0124162314459682,0.00355784385465085,0.00248065916821361
0.00462799891829491,-0.00389900663867593,0.00354592362418771
0.0152806416153908,-0.0198779720813036,0.0067417174577713
-0.0124162314459682,-0.00283374218270183,0.0173943620175123
0.0184764359146357,0.0120799597352743,-0.0113677782937884
-0.0102857025340199,-0.00389900663867593,0.0163290966302156
-0.00602464471012354,0.00142731494270265,-0.00391092710196972
0.00356273422949016,0.000362051039701328,-0.000715133908670396
0.000366941269021481,0.0056883729994297,0.0056764530017972
-0.00282885180786252,0.00142731494270265,-0.0103025138378143
-0.0113509669899941,-0.0124211218208075,0.0184596236795187
0.0152806416153908,-0.00922532845288515,0.00354592362418771
-0.0230688732117414,0.00675363652408123,-0.00604145601391792
-0.00389411649666727,-0.0124211218208075,0.000350130518199876
-0.00815517455339432,0.00249257939867675,-0.0156288351863623
0.00569326290860772,0.015275752171874,0.0184596236795187
0.00356273422949016,0.0046231085434556,0.0152638331055641
-0.00708990916609764,0.000362051039701328,0.00993750989437103
0.00782379228621721,-0.00283374218270183,0.0184596236795187
0.00462799891829491,0.000362051039701328,-0.0166940987110138
-0.00069832312874496,0.00142731494270265,0.00354592362418771
-0.00176358735188842,0.00994943082332611,0.00248065916821361
0.000366941269021481,-0.0113558573648334,-0.0113677782937884
-0.00495938025414944,0.00675363652408123,-0.00497619155794382
0.0110195856541395,-0.00922532845288515,0.0067417174577713
0.0024974700063467,0.0056883729994297,-0.0188246294856071
0.00675852736458182,-0.0134863862767816,0.00141539517790079
-0.00602464471012354,0.0110146952793002,-0.00817198492586613
0.00995432119816542,-0.00389900663867593,-0.0103025138378143
0.00143220566678792,0.00249257939867675,0.00141539517790079
0.000366941269021481,0.00355784385465085,-0.00178039819002152
-0.00389411649666727,0.00994943082332611,-0.000715133908670396
0.00462799891829491,-0.0113558573648334,0.00354592362418771
0.00143220566678792,0.00781890098005533,0.00248065916821361
0.00356273422949016,-0.0241390317678452,0.00141539517790079
0.00569326290860772,0.0163410175591707,0.00248065916821361
-0.00389411649666727,-0.00709480000659823,-0.00604145601391792
-0.0124162314459682,0.00355784385465085,0.00248065916821361
0.000366941269021481,-0.00922532845288515,-0.0113677782937884
-0.00602464471012354,-0.0124211218208075,0.01419856864959
-0.00495938025414944,0.00249257939867675,-0.0103025138378143
0.0152806416153908,0.0131452241912484,0.0056764530017972
0.00356273422949016,-0.00922532845288515,-0.00178039819002152
-0.00389411649666727,-0.00283374218270183,0.00887224543839693
0.0110195856541395,0.0280589237809181,0.0067417174577713
0.00782379228621721,-0.0209432356059551,-0.0113677782937884
-0.0124162314459682,0.00249257939867675,-0.00178039819002152
0.0248680226504803,-0.0188127066940069,-0.00178039819002152
-0.0113509669899941,0.0174062792211771,-0.0188246294856071
-0.00602464471012354,-0.00176847807597369,0.0333733297884464
0.00675852736458182,-0.0177474431693554,-0.0124330427497625
0.00569326290860772,0.0046231085434556,0.00780698098242283
-0.0262646675109863,-0.0102905938401818,-0.00178039819002152
0.0142153771594167,0.000362051039701328,0.0120680388063192
-0.00708990916609764,0.00142731494270265,0.00248065916821361
-0.00176358735188842,0.0046231085434556,-0.000715133908670396
0.000366941269021481,0.00142731494270265,-0.0134983072057366
-0.00602464471012354,0.00142731494270265,0.0173943620175123
0.00888905674219132,0.0142104877158999,-0.0156288351863623
0.00782379228621721,-0.0230737663805485,0.00141539517790079
-0.00282885180786252,0.00249257939867675,-0.0134983072057366
-0.0113509669899941,0.00249257939867675,0.0386996492743492
0.00143220566678792,-0.0134863862767816,-0.0305425357073545
0.000366941269021481,0.0131452241912484,0.0227206815034151
0.00675852736458182,0.00675363652408123,-0.00710672046989203
-0.0124162314459682,-0.00176847807597369,0.00141539517790079
0.0110195856541395,-0.00602953555062413,0.00993750989437103
-0.00602464471012354,0.0110146952793002,-0.00391092710196972
0.0131501127034426,0.00249257939867675,-0.00178039819002152
0.00782379228621721,0.0056883729994297,-0.00391092710196972
0.00995432119816542,-0.00283374218270183,-0.0134983072057366
-0.00069832312874496,0.0163410175591707,0.0120680388063192
-0.0113509669899941,0.00888416636735201,0.0301775336265564
0.00143220566678792,0.00355784385465085,-0.0209551583975554
0.00569326290860772,0.00249257939867675,0.00461118808016181
-0.00389411649666727,0.0046231085434556,0.00461118808016181
0.00143220566678792,0.0046231085434556,0.000350130518199876
-0.0102857025340199,-0.00389900663867593,0.0131333032622933
0.0152806416153908,0.0056883729994297,-0.00923724938184023
-0.00708990916609764,-0.00496427109465003,0.00993750989437103
-0.00176358735188842,0.00675363652408123,0.00887224543839693
0.0024974700063467,-0.0102905938401818,-0.00178039819002152
-0.0113509669899941,0.0184715446084738,0.0227206815034151
0.000366941269021481,-0.00176847807597369,0.00780698098242283
-0.00069832312874496,-0.00709480000659823,-0.00817198492586613
-0.00495938025414944,-0.00389900663867593,0.00141539517790079
0.00462799891829491,-0.0113558573648334,-0.0156288351863623
0.0120848501101136,0.000362051039701328,-0.00817198492586613
-0.00389411649666727,0.00142731494270265,0.0110027743503451
0.017411170527339,-0.00389900663867593,-0.00923724938184023
0.0024974700063467,-0.0188127066940069,-0.0166940987110138
0.00675852736458182,-0.0102905938401818,0.00461118808016181
-0.0102857025340199,0.0248631313443184,-0.0188246294856071
0.00143220566678792,-0.00816006399691105,-0.00391092710196972
0.0120848501101136,-0.00283374218270183,-0.00604145601391792
-0.0134814959019423,-0.00176847807597369,0.0131333032622933
-0.00389411649666727,0.0163410175591707,-0.0156288351863623
-0.00176358735188842,-0.0102905938401818,-0.00604145601391792
0.0024974700063467,-0.00496427109465003,0.0067417174577713
0.00143220566678792,-0.00389900663867593,0.0056764530017972
-0.00602464471012354,-0.00283374218270183,-0.0284120067954063
0.0024974700063467,0.00675363652408123,0.0216554179787636
0.0024974700063467,-0.00602953555062413,-0.00923724938184023
-0.00069832312874496,0.00675363652408123,0.00248065916821361
-0.00708990916609764,-0.0209432356059551,0.0227206815034151
-0.00922043900936842,-0.00176847807597369,0.00354592362418771
-0.0166772902011871,-0.0113558573648334,-0.0124330427497625
-0.00069832312874496,0.00249257939867675,-0.00391092710196972
0.0024974700063467,0.00675363652408123,0.000350130518199876
0.017411170527339,-0.0102905938401818,-0.00923724938184023
0.00888905674219132,-0.00709480000659823,0.00780698098242283
-0.00389411649666727,0.0142104877158999,-0.00391092710196972
0.0024974700063467,-0.00709480000659823,0.0067417174577713
-0.00389411649666727,-0.00816006399691105,-0.00604145601391792
0.00356273422949016,-0.00283374218270183,-0.00604145601391792
0.00569326290860772,0.0056883729994297,0.0152638331055641
-0.00176358735188842,-0.00176847807597369,-0.0230856873095036
-0.0230688732117414,-0.00389900663867593,-0.00391092710196972
0.0216722302138805,-0.00709480000659823,-0.00284566241316497
0.0195417013019323,-0.00602953555062413,-0.000715133908670396
-0.0113509669899941,0.00888416636735201,0.00780698098242283
0.00462799891829491,-0.00602953555062413,0.00354592362418771
0.00995432119816542,0.0142104877158999,-0.00284566241316497
-0.00282885180786252,-0.000703213678207248,-0.00710672046989203
0.00462799891829491,0.00888416636735201,0.00993750989437103
0.00143220566678792,-0.00496427109465003,-0.0177593640983105
-0.00495938025414944,-0.00709480000659823,0.0205901525914669
0.0024974700063467,-0.00816006399691105,-0.0188246294856071
-0.0113509669899941,0.0120799597352743,0.00141539517790079
0.000366941269021481,0.000362051039701328,0.0173943620175123
-0.00495938025414944,-0.000703213678207248,-0.00923724938184023
0.00995432119816542,0.00249257939867675,0.0067417174577713
-0.0113509669899941,-0.00176847807597369,0.00141539517790079
0.00888905674219132,0.00142731494270265,-0.0113677782937884
-0.0145467603579164,0.0056883729994297,0.00354592362418771
-0.00069832312874496,-0.00816006399691105,-0.00497619155794382
0.00995432119816542,0.0046231085434556,0.00461118808016181
0.00143220566678792,0.00249257939867675,-0.00284566241316497
-0.0102857025340199,-0.00283374218270183,-0.0124330427497625
0.00782379228621721,0.00888416636735201,-0.00497619155794382
0.0024974700063467,0.0120799597352743,0.0120680388063192
-0.0145467603579164,-0.00389900663867593,-0.0124330427497625
0.00782379228621721,0.00249257939867675,0.000350130518199876
0.00995432119816542,0.0046231085434556,0.00248065916821361
-0.0134814959019423,0.00994943082332611,0.0237859468907118
0.00462799891829491,-0.00389900663867593,-0.00178039819002152
-0.00176358735188842,0.000362051039701328,-0.00178039819002152
-0.0188078172504902,-0.0166821777820587,-0.0166940987110138
0.0131501127034426,-0.00709480000659823,0.0237859468907118
-0.0102857025340199,0.0237978659570217,0.00461118808016181
-0.00708990916609764,-0.00176847807597369,-0.00817198492586613
0.00782379228621721,0.0120799597352743,0.00461118808016181
0.000366941269021481,-0.0124211218208075,-0.00178039819002152
-0.00602464471012354,0.0056883729994297,0.0056764530017972
0.0184764359146357,0.0056883729994297,-0.00178039819002152
0.000366941269021481,0.00355784385465085,-0.00923724938184023
-0.0113509669899941,-0.00709480000659823,0.00887224543839693
-0.00069832312874496,0.00249257939867675,-0.00178039819002152
-0.00602464471012354,0.015275752171874,-0.00497619155794382
0.0152806416153908,-0.0156169161200523,-0.00497619155794382
-0.00282885180786252,-0.00816006399691105,0.0237859468907118
0.00675852736458182,-0.00176847807597369,-0.0145635716617107
0.00888905674219132,0.0163410175591707,0.0120680388063192
0.00888905674219132,-0.0124211218208075,0.00354592362418771
-0.00708990916609764,-0.00283374218270183,-0.0113677782937884
0.00143220566678792,0.0142104877158999,0.0280470047146082
-0.00282885180786252,-0.000703213678207248,-0.00710672046989203
-0.00495938025414944,-0.00389900663867593,0.0184596236795187
0.000366941269021481,-0.0134863862767816,-0.0252162162214518
0.00569326290860772,0.00994943082332611,0.0152638331055641
-0.00495938025414944,-0.00283374218270183,-0.00604145601391792
0.00675852736458182,0.0046231085434556,0.0120680388063192
0.00569326290860772,-0.00283374218270183,0.0152638331055641
0.0152806416153908,0.00888416636735201,-0.0145635716617107
-0.00922043900936842,-0.00922532845288515,-0.0188246294856071
-0.00176358735188842,-0.00496427109465003,-0.00497619155794382
0.0120848501101136,0.000362051039701328,0.0237859468907118
0.00569326290860772,0.0056883729994297,-0.00710672046989203
0.0142153771594167,0.0056883729994297,0.0152638331055641
-0.0241341385990381,0.00142731494270265,-0.00817198492586613
0.00675852736458182,-0.00709480000659823,0.0152638331055641
-0.00815517455339432,0.000362051039701328,-0.00178039819002152
-0.00176358735188842,-0.0124211218208075,-0.000715133908670396
-0.00176358735188842,0.015275752171874,-0.00497619155794382
-0.00602464471012354,-0.00176847807597369,0.00780698098242283
0.0120848501101136,0.000362051039701328,-0.0145635716617107
-0.0102857025340199,0.00888416636735201,0.01419856864959
0.00569326290860772,-0.00283374218270183,-0.0113677782937884
0.00569326290860772,0.00888416636735201,-0.0166940987110138
-0.00922043900936842,-0.0188127066940069,0.0269817393273115
-0.0177425537258387,0.00249257939867675,-0.0177593640983105
0.0024974700063467,-0.0113558573648334,0.0195248890668154
-0.00176358735188842,0.015275752171874,0.0056764530017972
0.00143220566678792,-0.000703213678207248,0.00461118808016181
-0.00069832312874496,-0.00709480000659823,0.00354592362418771
0.00675852736458182,-0.0113558573648334,0.00248065916821361
-0.00389411649666727,-0.00176847807597369,0.0216554179787636
-0.00069832312874496,0.000362051039701328,-0.0134983072057366
-0.00389411649666727,0.00888416636735201,-0.00497619155794382
0.00356273422949016,0.00675363652408123,0.00248065916821361
-0.00282885180786252,0.00781890098005533,0.00780698098242283
0.000366941269021481,-0.00816006399691105,-0.0188246294856071
-0.0113509669899941,-0.0188127066940069,-0.00817198492586613
-0.00708990916609764,0.00355784385465085,-0.00817198492586613
0.00888905674219132,-0.00602953555062413,-0.00178039819002152
0.00143220566678792,0.00994943082332611,0.00887224543839693
0.00782379228621721,0.0056883729994297,-0.0166940987110138
-0.00815517455339432,0.000362051039701328,0.000350130518199876
0.0024974700063467,0.00249257939867675,0.00887224543839693
-0.0177425537258387,-0.00922532845288515,0.00887224543839693
-0.00069832312874496,-0.00922532845288515,-0.00284566241316497
-0.0113509669899941,-0.00922532845288515,0.0163290966302156
0.00356273422949016,-0.00709480000659823,-0.00497619155794382
-0.00389411649666727,0.00888416636735201,0.0110027743503451
0.0110195856541395,-0.0145516516640782,0.0110027743503451
0.00462799891829491,-0.0166821777820587,0.0067417174577713
-0.0124162314459682,0.00781890098005533,-0.0177593640983105
0.00569326290860772,-0.00389900663867593,0.0110027743503451
-0.0134814959019423,0.0120799597352743,0.0163290966302156
-0.00176358735188842,-0.0102905938401818,0.00461118808016181
-0.0102857025340199,-0.00176847807597369,-0.00923724938184023
0.00462799891829491,0.00781890098005533,0.00141539517790079
0.000366941269021481,0.0195368081331253,0.0110027743503451
0.00569326290860772,0.00355784385465085,-0.000715133908670396
-0.0102857025340199,-0.0113558573648334,0.00354592362418771
-0.00282885180786252,0.0046231085434556,-0.00284566241316497
0.00569326290860772,0.00888416636735201,0.00461118808016181
0.0131501127034426,0.00249257939867675,-0.0230856873095036
-0.00282885180786252,-0.0134863862767816,0.00248065916821361
-0.00389411649666727,0.0110146952793002,-0.000715133908670396
-0.0102857025340199,-0.000703213678207248,0.0056764530017972
0.0142153771594167,0.00994943082332611,-0.0145635716617107
-0.00389411649666727,-0.0209432356059551,-0.0134983072057366
0.000366941269021481,0.00994943082332611,0.0205901525914669
0.00782379228621721,-0.0209432356059551,0.0110027743503451
-0.00815517455339432,0.020602073520422,0.01419856864959
0.0120848501101136,0.00355784385465085,0.00248065916821361
-0.0124162314459682,-0.0166821777820587,0.0056764530017972
0.00569326290860772,0.0046231085434556,-0.00817198492586613
-0.00815517455339432,0.00675363652408123,0.000350130518199876
0.00675852736458182,0.00675363652408123,0.0131333032622933
-0.0113509669899941,0.0142104877158999,-0.0134983072057366
-0.00176358735188842,0.00675363652408123,0.00887224543839693
-0.0102857025340199,0.0056883729994297,-0.00178039819002152
0.0238027572631836,-0.0124211218208075,-0.00604145601391792
-0.0113509669899941,0.00888416636735201,0.000350130518199876
0.000366941269021481,0.00994943082332611,0.00461118808016181
-0.00282885180786252,-0.00283374218270183,-0.0134983072057366
0.00143220566678792,-0.00389900663867593,0.0205901525914669
0.00569326290860772,-0.00389900663867593,-0.00284566241316497
0.00675852736458182,-0.00816006399691105,-0.00604145601391792
-0.0209383442997932,-0.00176847807597369,0.00993750989437103
0.00462799891829491,0.0163410175591707,-0.00923724938184023
-0.00389411649666727,-0.00496427109465003,-0.00817198492586613
0.00782379228621721,0.00355784385465085,-0.00391092710196972
-0.0113509669899941,-0.00922532845288515,-0.00284566241316497
-0.00815517455339432,-0.00283374218270183,-0.0134983072057366
0.00143220566678792,0.0046231085434556,0.0184596236795187
-0.00176358735188842,0.0142104877158999,0.00887224543839693
-0.00069832312874496,-0.00602953555062413,-0.000715133908670396
0.00675852736458182,-0.0134863862767816,-0.0177593640983105
-0.0188078172504902,0.000362051039701328,0.00461118808016181
-0.0113509669899941,0.0163410175591707,-0.00391092710196972
0.0024974700063467,-0.00816006399691105,0.00354592362418771
0.0024974700063467,0.00888416636735201,-0.00178039819002152
-0.00069832312874496,-0.00922532845288515,0.00887224543839693
-0.00389411649666727,0.015275752171874,-0.0198898930102587
-0.00495938025414944,-0.00496427109465003,0.0067417174577713
-0.00176358735188842,0.00781890098005533,-0.00497619155794382
0.00675852736458182,-0.00283374218270183,0.00461118808016181
-0.00176358735188842,0.0131452241912484,-0.00391092710196972
-0.0166772902011871,0.00355784385465085,-0.000715133908670396
-0.0145467603579164,0.00142731494270265,0.00141539517790079
0.0120848501101136,-0.00283374218270183,-0.000715133908670396
0.00143220566678792,-0.00176847807597369,0.0184596236795187
-0.0166772902011871,0.00675363652408123,-0.0134983072057366
0.00782379228621721,-0.00602953555062413,0.0110027743503451
-0.0156120248138905,-0.00922532845288515,-0.0198898930102587
0.00888905674219132,-0.00816006399691105,0.00141539517790079
0.0120848501101136,-0.00816006399691105,0.00887224543839693
-0.00922043900936842,-0.00709480000659823,0.0110027743503451
-0.00708990916609764,0.000362051039701328,-0.0156288351863623
-0.0134814959019423,0.00675363652408123,0.00993750989437103
0.00462799891829491,0.015275752171874,0.00780698098242283
0.0024974700063467,-0.00816006399691105,-0.0316077992320061
0.00143220566678792,-0.00496427109465003,0.0120680388063192
-0.00495938025414944,0.00249257939867675,0.00354592362418771
-0.00389411649666727,-0.00176847807597369,-0.00497619155794382
-0.00602464471012354,-0.00709480000659823,-0.0113677782937884
0.00675852736458182,0.000362051039701328,0.0056764530017972
0.00782379228621721,0.00888416636735201,0.0184596236795187
-0.0102857025340199,-0.00709480000659823,-0.0188246294856071
-0.00389411649666727,0.00249257939867675,0.00141539517790079
0.00356273422949016,-0.0252042952924967,-0.00710672046989203
-0.00389411649666727,0.0131452241912484,0.0163290966302156
0.00569326290860772,-0.00283374218270183,-0.0134983072057366
-0.00815517455339432,-0.0273348223417997,0.000350130518199876
0.0142153771594167,-0.0102905938401818,-0.00284566241316497
-0.00282885180786252,0.020602073520422,0.000350130518199876
0.0024974700063467,0.00142731494270265,0.0205901525914669
-0.00389411649666727,0.015275752171874,-0.00178039819002152
0.000366941269021481,-0.00709480000659823,0.0120680388063192
-0.00922043900936842,0.00994943082332611,0.00461118808016181
0.000366941269021481,0.00675363652408123,0.00141539517790079
0.0024974700063467,-0.0166821777820587,-0.00284566241316497
0.00143220566678792,-0.000703213678207248,0.00248065916821361
0.0024974700063467,0.0142104877158999,0.0248512104153633
-0.0124162314459682,0.00249257939867675,0.0110027743503451
0.0238027572631836,0.00249257939867675,-0.0113677782937884
-0.00176358735188842,0.00781890098005533,0.0163290966302156
0.0024974700063467,-0.00496427109465003,-0.000715133908670396
-0.00069832312874496,0.00249257939867675,-0.00391092710196972
-0.0166772902011871,0.015275752171874,-0.00497619155794382
0.0152806416153908,0.000362051039701328,-0.00391092710196972
-0.00495938025414944,-0.0166821777820587,-0.0113677782937884
0.00356273422949016,0.0110146952793002,0.00461118808016181
-0.00389411649666727,0.0195368081331253,-0.000715133908670396
-0.00602464471012354,-0.00922532845288515,0.00248065916821361
-0.0134814959019423,0.0046231085434556,0.0216554179787636
-0.00282885180786252,-0.00283374218270183,-0.00284566241316497
0.0110195856541395,-0.0188127066940069,-0.00604145601391792
0.0110195856541395,0.000362051039701328,-0.00604145601391792
-0.00602464471012354,-0.00602953555062413,-0.0103025138378143
-0.00922043900936842,0.00142731494270265,0.0056764530017972
-0.0177425537258387,0.0110146952793002,0.00248065916821361
-0.00176358735188842,-0.00283374218270183,0.00461118808016181
0.0110195856541395,0.000362051039701328,-0.00284566241316497
0.00356273422949016,0.000362051039701328,-0.00178039819002152
-0.00069832312874496,0.00249257939867675,0.00248065916821361
0.000366941269021481,-0.0134863862767816,0.00887224543839693
-0.00495938025414944,0.00249257939867675,-0.0273467432707548
0.00462799891829491,0.00994943082332611,0.0110027743503451
0.000366941269021481,0.00142731494270265,0.00993750989437103
-0.0188078172504902,0.000362051039701328,0.0216554179787636
-0.00922043900936842,0.000362051039701328,0.00780698098242283
0.00356273422949016,0.00142731494270265,0.000350130518199876
-0.00495938025414944,0.0269936602562666,0.00993750989437103
-0.00282885180786252,-0.00176847807597369,0.0120680388063192
0.0024974700063467,0.0056883729994297,0.0205901525914669
-0.00282885180786252,0.0056883729994297,0.0056764530017972
-0.00069832312874496,-0.00389900663867593,-0.00284566241316497
-0.0166772902011871,-0.0241390317678452,-0.0134983072057366
0.00675852736458182,0.015275752171874,0.00461118808016181
0.00888905674219132,-0.0124211218208075,-0.0188246294856071
0.00356273422949016,-0.00816006399691105,-0.0113677782937884
-0.00495938025414944,0.0163410175591707,-0.00817198492586613
-0.0113509669899941,0.0046231085434556,0.0131333032622933
0.00569326290860772,-0.0113558573648334,-0.000715133908670396
0.000366941269021481,0.0163410175591707,-0.0103025138378143
-0.00176358735188842,0.00675363652408123,-0.00391092710196972
-0.00602464471012354,0.0174062792211771,-0.00284566241316497
0.000366941269021481,-0.0113558573648334,0.00248065916821361
0.0131501127034426,-0.0124211218208075,-0.00604145601391792
-0.00176358735188842,0.00888416636735201,-0.0177593640983105
-0.0102857025340199,0.015275752171874,0.0227206815034151
0.00569326290860772,0.00249257939867675,-0.00497619155794382
-0.00922043900936842,0.020602073520422,0.000350130518199876
0.0184764359146357,-0.00709480000659823,-0.00391092710196972
-0.0113509669899941,-0.00496427109465003,-0.0124330427497625
-0.00815517455339432,0.0120799597352743,0.0152638331055641
0.0024974700063467,-0.0113558573648334,-0.0177593640983105
0.00569326290860772,0.00781890098005533,0.00141539517790079
0.00356273422949016,0.0280589237809181,0.00887224543839693
0.0152806416153908,0.000362051039701328,-0.0209551583975554
-0.00708990916609764,-0.0102905938401818,0.0163290966302156
0.00143220566678792,0.0046231085434556,0.0344385914504528
0.00569326290860772,0.0046231085434556,-0.0209551583975554
-0.00069832312874496,-0.00389900663867593,-0.00497619155794382
-0.0177425537258387,0.0046231085434556,-0.00710672046989203
0.0163459070026875,0.000362051039701328,0.00248065916821361
-0.00282885180786252,0.0248631313443184,0.00354592362418771
-0.0145467603579164,0.000362051039701328,0.000350130518199876
0.00888905674219132,0.00142731494270265,0.0131333032622933
-0.00069832312874496,-0.00283374218270183,0.00141539517790079
-0.0102857025340199,-0.00389900663867593,0.00461118808016181
0.00356273422949016,0.00781890098005533,0.000350130518199876
-0.0124162314459682,0.0056883729994297,-0.00497619155794382
-0.00069832312874496,0.0120799597352743,-0.0103025138378143
-0.00176358735188842,0.00142731494270265,0.00461118808016181
-0.00176358735188842,0.00142731494270265,0.00780698098242283
0.0110195856541395,0.0174062792211771,-0.00284566241316497
-0.00389411649666727,-0.0102905938401818,-0.0134983072057366
0.0024974700063467,0.00675363652408123,0.00248065916821361
-0.00069832312874496,0.00355784385465085,-0.0124330427497625
-0.00176358735188842,-0.00816006399691105,-0.00178039819002152
0.00143220566678792,-0.00602953555062413,0.0067417174577713
-0.00602464471012354,0.00781890098005533,-0.0145635716617107
0.00569326290860772,-0.00922532845288515,0.00993750989437103
-0.00282885180786252,-0.00389900663867593,-0.00817198492586613
-0.00389411649666727,-0.00496427109465003,-0.00604145601391792
-0.00495938025414944,-0.00283374218270183,-0.00923724938184023
-0.00495938025414944,-0.00283374218270183,-0.0209551583975554
-0.00176358735188842,0.00142731494270265,0.0301775336265564
0.00356273422949016,-0.00816006399691105,-0.0337383300065994
-0.00069832312874496,0.00249257939867675,0.00887224543839693
-0.00389411649666727,-0.00496427109465003,0.00141539517790079
-0.0134814959019423,-0.0102905938401818,-0.0113677782937884
0.000366941269021481,-0.00389900663867593,-0.0198898930102587
0.00462799891829491,0.00888416636735201,0.00354592362418771
-0.00602464471012354,-0.0124211218208075,0.0110027743503451
0.0024974700063467,-0.000703213678207248,-0.00497619155794382
-0.00282885180786252,0.0163410175591707,-0.000715133908670396
0.0120848501101136,0.000362051039701328,-0.00284566241316497
0.000366941269021481,0.0046231085434556,-0.00284566241316497
-0.00922043900936842,0.00994943082332611,-0.0166940987110138
0.000366941269021481,0.000362051039701328,0.00141539517790079
0.00995432119816542,0.00355784385465085,0.00248065916821361
-0.0188078172504902,-0.0124211218208075,0.00887224543839693
0.0110195856541395,0.0174062792211771,-0.00391092710196972
-0.0156120248138905,-0.00709480000659823,0.0056764530017972
0.00143220566678792,0.015275752171874,0.00354592362418771
-0.0124162314459682,0.00249257939867675,-0.00284566241316497
-0.00602464471012354,0.00355784385465085,0.000350130518199876
0.00569326290860772,-0.000703213678207248,0.00993750989437103
-0.00176358735188842,0.0046231085434556,-0.0134983072057366
-0.00282885180786252,0.00249257939867675,0.00248065916821361
0.0163459070026875,0.0131452241912484,0.00141539517790079
-0.0156120248138905,-0.0102905938401818,-0.00178039819002152
0.0163459070026875,0.0056883729994297,0.00141539517790079
-0.00602464471012354,-0.000703213678207248,0.00887224543839693
0.0163459070026875,0.00142731494270265,-0.0145635716617107
-0.0113509669899941,-0.00816006399691105,0.0110027743503451
-0.00069832312874496,0.0174062792211771,-0.0134983072057366
-0.00602464471012354,0.000362051039701328,0.00461118808016181
0.0024974700063467,0.0110146952793002,0.0163290966302156
-0.00815517455339432,-0.00389900663867593,-0.000715133908670396
0.0184764359146357,-0.0113558573648334,-0.0209551583975554
-0.00495938025414944,-0.000703213678207248,-0.00178039819002152
-0.00069832312874496,0.00249257939867675,-0.00497619155794382
-0.00815517455339432,0.0046231085434556,-0.0113677782937884
0.00569326290860772,-0.0124211218208075,0.000350130518199876
0.00995432119816542,0.0056883729994297,0.01419856864959
-0.00495938025414944,0.00142731494270265,-0.00604145601391792
0.00569326290860772,0.0195368081331253,-0.00178039819002152
-0.00922043900936842,-0.0166821777820587,-0.0156288351863623
0.0163459070026875,0.00994943082332611,-0.0113677782937884
-0.00389411649666727,-0.00602953555062413,-0.0166940987110138
-0.00069832312874496,0.0142104877158999,0.00141539517790079
0.00143220566678792,-0.0102905938401818,-0.00710672046989203
-0.0102857025340199,-0.00602953555062413,-0.00178039819002152
0.00888905674219132,-0.0102905938401818,-0.0401299186050892
0.00675852736458182,-0.0134863862767816,0.00780698098242283
0.00675852736458182,0.0046231085434556,-0.00391092710196972
0.000366941269021481,-0.00816006399691105,0.000350130518199876
0.00675852736458182,0.00249257939867675,0.0056764530017972
-0.00815517455339432,0.00994943082332611,-0.000715133908670396
0.00569326290860772,-0.00389900663867593,-0.0220204219222069
-0.0102857025340199,-0.00176847807597369,-0.0188246294856071
0.00356273422949016,0.00142731494270265,-0.0124330427497625
0.0110195856541395,0.00142731494270265,0.0056764530017972
-0.00176358735188842,0.0046231085434556,0.00461118808016181
-0.00602464471012354,-0.00389900663867593,-0.00604145601391792
0.00143220566678792,-0.0198779720813036,0.0205901525914669
-0.00708990916609764,0.00355784385465085,-0.00497619155794382
-0.00389411649666727,0.00781890098005533,-0.0113677782937884
-0.00922043900936842,0.00249257939867675,0.0110027743503451
-0.00069832312874496,0.0056883729994297,0.00354592362418771
0.00356273422949016,-0.00283374218270183,-0.00178039819002152
0.00143220566678792,-0.00816006399691105,0.00461118808016181
0.000366941269021481,0.0184715446084738,0.0110027743503451
-0.00282885180786252,-0.00816006399691105,0.00141539517790079
-0.00815517455339432,-0.0166821777820587,-0.0103025138378143
0.0024974700063467,-0.00283374218270183,0.0120680388063192
-0.0102857025340199,0.00994943082332611,-0.0113677782937884
-0.00389411649666727,-0.0113558573648334,-0.00284566241316497
0.0120848501101136,0.0227326024323702,0.0056764530017972
-0.00602464471012354,-0.0102905938401818,-0.00497619155794382
-0.0198730826377869,0.0046231085434556,-0.0113677782937884
-0.00176358735188842,0.015275752171874,-0.0166940987110138
-0.00495938025414944,0.000362051039701328,0.00461118808016181
-0.0166772902011871,0.0056883729994297,0.0067417174577713
-0.00069832312874496,-0.0145516516640782,-0.00817198492586613
0.000366941269021481,0.015275752171874,0.00461118808016181
-0.00815517455339432,-0.00709480000659823,-0.00604145601391792
-0.00495938025414944,-0.0124211218208075,0.00461118808016181
0.000366941269021481,0.0120799597352743,-0.000715133908670396
0.00143220566678792,0.00675363652408123,-0.00497619155794382
0.00462799891829491,-0.0177474431693554,-0.00923724938184023
0.00462799891829491,-0.0113558573648334,-0.0230856873095036
-0.00815517455339432,0.0269936602562666,0.00248065916821361
0.00888905674219132,-0.0124211218208075,-0.00710672046989203
-0.0156120248138905,0.00781890098005533,0.0333733297884464
0.00782379228621721,0.0120799597352743,0.00141539517790079
-0.00282885180786252,-0.0145516516640782,-0.00710672046989203
0.0110195856541395,-0.00389900663867593,0.00248065916821361
-0.00495938025414944,0.0110146952793002,0.00141539517790079
-0.00176358735188842,-0.0145516516640782,-0.0145635716617107
-0.00282885180786252,0.0110146952793002,0.0173943620175123
0.00995432119816542,0.0110146952793002,0.0056764530017972
0.00782379228621721,0.00888416636735201,-0.00817198492586613
-0.0166772902011871,-0.00602953555062413,0.00780698098242283
0.00888905674219132,-0.0188127066940069,0.0131333032622933
0.00143220566678792,0.0195368081331253,-0.0134983072057366
0.0024974700063467,-0.00496427109465003,0.00993750989437103
0.0024974700063467,0.0142104877158999,0.000350130518199876
0.00143220566678792,-0.00176847807597369,0.00141539517790079
0.0024974700063467,0.00675363652408123,-0.0230856873095036
-0.00815517455339432,-0.00176847807597369,0.0056764530017972
0.0110195856541395,0.00675363652408123,-0.000715133908670396
-0.00176358735188842,-0.0188127066940069,-0.00710672046989203
-0.00389411649666727,0.0142104877158999,0.00248065916821361
-0.0198730826377869,0.0056883729994297,0.0163290966302156
0.00888905674219132,0.0142104877158999,0.0173943620175123
0.00782379228621721,-0.00496427109465003,-0.00284566241316497
-0.0156120248138905,0.00355784385465085,-0.0166940987110138
0.0024974700063467,-0.000703213678207248,-0.00284566241316497
-0.00282885180786252,0.00249257939867675,0.00887224543839693
-0.00922043900936842,-0.00283374218270183,0.00461118808016181
-0.00708990916609764,-0.00283374218270183,0.00461118808016181
0.00995432119816542,-0.0145516516640782,-0.00497619155794382
-0.00602464471012354,-0.0124211218208075,0.000350130518199876
0.0024974700063467,0.0046231085434556,-0.0262814778834581
0.00888905674219132,-0.00816006399691105,0.0110027743503451
0.00356273422949016,0.00888416636735201,-0.0220204219222069
-0.00815517455339432,-0.00922532845288515,-0.00284566241316497
0.0120848501101136,-0.0166821777820587,0.00461118808016181
0.0110195856541395,0.0120799597352743,0.01419856864959
-0.00069832312874496,-0.00922532845288515,-0.00497619155794382
0.00782379228621721,0.00888416636735201,-0.0156288351863623
-0.0134814959019423,0.00675363652408123,-0.0124330427497625
-0.00282885180786252,-0.0156169161200523,0.00780698098242283
0.00143220566678792,0.000362051039701328,0.000350130518199876
0.00143220566678792,-0.0102905938401818,-0.0156288351863623
0.00462799891829491,-0.0209432356059551,-0.00178039819002152
-0.0156120248138905,0.000362051039701328,-0.00817198492586613
0.00143220566678792,0.00781890098005533,0.0205901525914669
-0.0124162314459682,-0.0145516516640782,-0.00178039819002152
0.020606966689229,0.000362051039701328,-0.0177593640983105
-0.00602464471012354,0.0163410175591707,-0.0113677782937884
0.00356273422949016,-0.000703213678207248,-0.00710672046989203
-0.00389411649666727,0.00675363652408123,0.00248065916821361
-0.0113509669899941,-0.00602953555062413,0.00141539517790079
0.0195417013019323,0.0174062792211771,0.0056764530017972
0.00782379228621721,-0.0177474431693554,-0.0145635716617107
0.00569326290860772,-0.00176847807597369,0.00887224543839693
-0.0113509669899941,0.000362051039701328,0.0120680388063192
-0.00495938025414944,0.0184715446084738,0.0163290966302156
-0.00602464471012354,-0.0262695606797934,0.0152638331055641
-0.00495938025414944,-0.00283374218270183,-0.0124330427497625
0.0110195856541395,0.00888416636735201,-0.0103025138378143
-0.0156120248138905,-0.00816006399691105,0.00887224543839693
-0.00389411649666727,0.00355784385465085,-0.000715133908670396
-0.00922043900936842,0.00675363652408123,0.00354592362418771
0.00675852736458182,-0.00816006399691105,-0.0113677782937884
-0.00389411649666727,0.0046231085434556,-0.00817198492586613
-0.00282885180786252,0.000362051039701328,-0.0156288351863623
-0.00176358735188842,0.0227326024323702,0.01419856864959
-0.00069832312874496,0.000362051039701328,0.0110027743503451
-0.0102857025340199,-0.00602953555062413,0.0163290966302156
-0.00176358735188842,0.0110146952793002,0.00354592362418771
-0.00815517455339432,0.00249257939867675,-0.00604145601391792
-0.00069832312874496,-0.0177474431693554,-0.00817198492586613
0.00462799891829491,-0.0156169161200523,-0.0156288351863623
0.00675852736458182,0.000362051039701328,0.00780698098242283
-0.0113509669899941,0.00781890098005533,0.0120680388063192
0.00143220566678792,0.0120799597352743,0.0056764530017972
0.00462799891829491,0.00142731494270265,0.00141539517790079
0.00888905674219132,-0.000703213678207248,-0.0166940987110138
-0.00069832312874496,0.00249257939867675,0.0110027743503451
0.00356273422949016,0.000362051039701328,0.0301775336265564
-0.00495938025414944,-0.00176847807597369,-0.0134983072057366
-0.0145467603579164,0.00994943082332611,0.0120680388063192
-0.00708990916609764,-0.00389900663867593,0.000350130518199876
0.0110195856541395,0.0046231085434556,0.0056764530017972
0.00569326290860772,0.00888416636735201,-0.00284566241316497
-0.00495938025414944,0.0110146952793002,-0.00284566241316497
-0.00495938025414944,-0.00816006399691105,-0.00817198492586613
-0.0145467603579164,-0.00709480000659823,-0.0124330427497625
0.00782379228621721,-0.00602953555062413,0.0056764530017972
0.00462799891829491,-0.00496427109465003,-0.000715133908670396
0.0120848501101136,0.0056883729994297,-0.00923724938184023
-0.00389411649666727,-0.00709480000659823,0.0067417174577713
-0.00815517455339432,-0.00496427109465003,0.00354592362418771
0.0024974700063467,-0.00283374218270183,0.00993750989437103
-0.00282885180786252,0.00355784385465085,0.000350130518199876
0.00462799891829491,-0.0188127066940069,0.00780698098242283
0.00356273422949016,0.00994943082332611,0.000350130518199876
0.00462799891829491,0.00142731494270265,0.00993750989437103
0.000366941269021481,0.0046231085434556,-0.0166940987110138
0.00995432119816542,-0.00176847807597369,0.00887224543839693
-0.00495938025414944,-0.0145516516640782,0.00354592362418771
0.0142153771594167,0.0110146952793002,-0.00284566241316497
0.0024974700063467,-0.00283374218270183,-0.00284566241316497
0.00888905674219132,0.000362051039701328,-0.0134983072057366
0.000366941269021481,-0.0145516516640782,-0.00923724938184023
0.00143220566678792,0.0056883729994297,0.0056764530017972
-0.0145467603579164,0.00888416636735201,0.0195248890668154
-0.00069832312874496,-0.0166821777820587,-0.000715133908670396
0.00462799891829491,0.0163410175591707,-0.0103025138378143
0.00356273422949016,-0.00389900663867593,-0.00284566241316497
0.00888905674219132,0.00781890098005533,0.0163290966302156
-0.00602464471012354,-0.0102905938401818,0.01419856864959
-0.00389411649666727,0.0056883729994297,-0.0113677782937884
-0.0177425537258387,-0.00389900663867593,0.0227206815034151
0.0120848501101136,0.00142731494270265,-0.0188246294856071
0.000366941269021481,0.00781890098005533,-0.00284566241316497
-0.0156120248138905,-0.00176847807597369,0.00141539517790079
-0.00069832312874496,-0.00496427109465003,-0.0134983072057366
0.00995432119816542,-0.00176847807597369,0.00248065916821361
0.00888905674219132,0.00781890098005533,-0.00710672046989203
-0.0124162314459682,-0.00922532845288515,0.0120680388063192
0.00569326290860772,0.00675363652408123,0.00248065916821361
-0.00389411649666727,0.00355784385465085,-0.0124330427497625
0.00569326290860772,0.0110146952793002,0.0120680388063192
-0.00922043900936842,-0.00816006399691105,0.0056764530017972
-0.00069832312874496,0.0163410175591707,0.000350130518199876
-0.0113509669899941,0.00142731494270265,-0.00497619155794382
-0.00495938025414944,-0.00283374218270183,-0.0156288351863623
0.000366941269021481,-0.000703213678207248,-0.0145635716617107
0.0120848501101136,0.00249257939867675,-0.00178039819002152
-0.00495938025414944,-0.0166821777820587,-0.0166940987110138
-0.0102857025340199,0.0056883729994297,0.0131333032622933
-0.00282885180786252,-0.0113558573648334,-0.0262814778834581
0.0131501127034426,0.00781890098005533,-0.00178039819002152
-0.00176358735188842,-0.0166821777820587,0.00141539517790079
0.000366941269021481,-0.0145516516640782,0.00461118808016181
0.00569326290860772,0.0216673370450735,0.00354592362418771
-0.00176358735188842,-0.00816006399691105,-0.00710672046989203
0.0024974700063467,0.0056883729994297,0.0067417174577713
0.00143220566678792,0.000362051039701328,0.0110027743503451
0.00143220566678792,-0.0198779720813036,0.00993750989437103
0.00675852736458182,0.020602073520422,0.00887224543839693
0.00143220566678792,0.000362051039701328,-0.0124330427497625
-0.00815517455339432,-0.00283374218270183,0.0110027743503451
-0.00176358735188842,-0.0145516516640782,-0.00497619155794382
0.00356273422949016,0.0184715446084738,-0.00391092710196972
0.00995432119816542,-0.00922532845288515,0.0120680388063192
-0.00708990916609764,0.00249257939867675,-0.0124330427497625
0.017411170527339,0.00355784385465085,-0.00923724938184023
-0.0166772902011871,-0.00176847807597369,0.01419856864959
0.0131501127034426,0.0046231085434556,0.0173943620175123
-0.0220036096870899,0.015275752171874,-0.000715133908670396
0.00995432119816542,0.0131452241912484,0.0067417174577713
-0.0156120248138905,0.00142731494270265,-0.0124330427497625
0.0142153771594167,-0.0134863862767816,-0.00497619155794382
-0.00282885180786252,0.00142731494270265,0.0280470047146082
-0.00069832312874496,-0.00389900663867593,-0.0177593640983105
-0.00282885180786252,0.020602073520422,0.0110027743503451
-0.00282885180786252,-0.0124211218208075,-0.0113677782937884
-0.00069832312874496,-0.000703213678207248,0.00141539517790079
-0.00495938025414944,-0.000703213678207248,0.00993750989437103
-0.00708990916609764,0.0142104877158999,0.00354592362418771
-0.0113509669899941,0.0195368081331253,0.00887224543839693
-0.00389411649666727,-0.0284000877290964,0.00248065916821361
-0.00282885180786252,0.0195368081331253,-0.0166940987110138
0.000366941269021481,-0.00283374218270183,0.00354592362418771
0.00888905674219132,0.00142731494270265,-0.0156288351863623
0.00143220566678792,0.0046231085434556,0.0195248890668154
-0.00602464471012354,-0.00283374218270183,0.00461118808016181
0.00782379228621721,-0.00602953555062413,-0.0284120067954063
-0.0156120248138905,0.00675363652408123,0.0056764530017972
0.00462799891829491,-0.00389900663867593,0.0205901525914669
0.00356273422949016,-0.000703213678207248,-0.0103025138378143
-0.0124162314459682,0.000362051039701328,0.000350130518199876
0.00675852736458182,-0.0188127066940069,0.00887224543839693
-0.00176358735188842,0.0110146952793002,-0.0113677782937884
0.00888905674219132,0.0280589237809181,0.0248512104153633
-0.0124162314459682,0.00675363652408123,0.00354592362418771
-0.00389411649666727,-0.00816006399691105,-0.00178039819002152
-0.00389411649666727,-0.00602953555062413,0.00887224543839693
-0.00176358735188842,-0.000703213678207248,-0.00178039819002152
-0.00389411649666727,0.0056883729994297,0.00354592362418771
0.00356273422949016,0.0056883729994297,0.00780698098242283
-0.00815517455339432,0.000362051039701328,-0.0241509508341551
-0.00708990916609764,0.000362051039701328,0.00354592362418771
0.00675852736458182,-0.00176847807597369,-0.00178039819002152
-0.00069832312874496,-0.00602953555062413,-0.0166940987110138
0.0131501127034426,0.00994943082332611,0.00993750989437103
-0.00922043900936842,-0.0102905938401818,-0.00604145601391792
0.0024974700063467,0.0110146952793002,0.00141539517790079
-0.00495938025414944,0.00142731494270265,-0.0177593640983105
0.000366941269021481,-0.00389900663867593,0.01419856864959
0.00356273422949016,-0.0220085009932518,0.00887224543839693
-0.0166772902011871,0.0174062792211771,-0.00710672046989203
0.00888905674219132,-0.000703213678207248,0.00780698098242283
-0.00069832312874496,-0.00389900663867593,-0.0103025138378143
0.000366941269021481,-0.0124211218208075,-0.00284566241316497
-0.00602464471012354,-0.00283374218270183,-0.00178039819002152
-0.00815517455339432,-0.0124211218208075,-0.00817198492586613
0.00356273422949016,0.0142104877158999,0.0163290966302156
-0.00389411649666727,-0.0113558573648334,-0.00284566241316497
0.0120848501101136,-0.00816006399691105,0.0237859468907118
-0.00922043900936842,0.0056883729994297,-0.0124330427497625
0.00462799891829491,-0.00709480000659823,0.0173943620175123
-0.00708990916609764,-0.0134863862767816,-0.00178039819002152
0.000366941269021481,-0.000703213678207248,0.00461118808016181
-0.00282885180786252,-0.0156169161200523,-0.00391092710196972
0.000366941269021481,0.0056883729994297,0.00887224543839693
0.000366941269021481,0.00888416636735201,0.00354592362418771
-0.00922043900936842,0.00781890098005533,0.0056764530017972
0.0110195856541395,-0.000703213678207248,0.00141539517790079
-0.00602464471012354,-0.0188127066940069,0.00461118808016181
0.00143220566678792,0.00888416636735201,0.0131333032622933
-0.0124162314459682,0.000362051039701328,-0.0156288351863623
0.0131501127034426,0.00249257939867675,0.00354592362418771
-0.0124162314459682,0.0056883729994297,-0.0156288351863623
0.00675852736458182,-0.0113558573648334,0.0067417174577713
-0.00495938025414944,-0.000703213678207248,0.00141539517790079
-0.00815517455339432,-0.00602953555062413,-0.000715133908670396
0.00569326290860772,-0.000703213678207248,-0.00817198492586613
0.00782379228621721,-0.00816006399691105,0.0131333032622933
0.0248680226504803,-0.0198779720813036,0.0067417174577713
0.00782379228621721,0.0110146952793002,-0.0103025138378143
-0.00389411649666727,0.0142104877158999,-0.00710672046989203
-0.0156120248138905,-0.0102905938401818,-0.00284566241316497
-0.00069832312874496,0.00249257939867675,0.00461118808016181
-0.0124162314459682,0.00249257939867675,-0.00817198492586613
0.00143220566678792,0.00142731494270265,0.0067417174577713
0.00782379228621721,0.00355784385465085,0.0131333032622933
-0.00069832312874496,0.00249257939867675,0.00887224543839693
-0.00176358735188842,-0.0145516516640782,-0.0188246294856071
-0.00176358735188842,0.0056883729994297,0.0120680388063192
-0.00069832312874496,0.00888416636735201,0.00248065916821361
-0.00389411649666727,0.00142731494270265,-0.00391092710196972
0.0142153771594167,-0.0124211218208075,-0.0124330427497625
0.0142153771594167,0.00249257939867675,-0.00817198492586613
-0.00815517455339432,-0.00922532845288515,0.00887224543839693
-0.00069832312874496,0.00249257939867675,0.000350130518199876
-0.00495938025414944,0.000362051039701328,-0.0113677782937884
0.00143220566678792,0.00355784385465085,0.0131333032622933
0.0152806416153908,-0.0124211218208075,0.00248065916821361
-0.00708990916609764,-0.00602953555062413,0.000350130518199876
0.0024974700063467,-0.00922532845288515,-0.000715133908670396
0.00462799891829491,-0.00709480000659823,-0.0103025138378143
0.0024974700063467,-0.00922532845288515,-0.00604145601391792
-0.0102857025340199,0.0174062792211771,0.0237859468907118
0.00675852736458182,0.00355784385465085,-0.0103025138378143
-0.0102857025340199,-0.00176847807597369,0.0131333032622933
-0.0134814959019423,0.00994943082332611,-0.00710672046989203
-0.00495938025414944,-0.000703213678207248,0.0056764530017972
0.0024974700063467,0.00355784385465085,-0.0113677782937884
0.0120848501101136,0.00675363652408123,0.0067417174577713
-0.0156120248138905,0.00355784385465085,0.0163290966302156
-0.00922043900936842,-0.00283374218270183,-0.000715133908670396
0.0024974700063467,-0.00176847807597369,0.00780698098242283
-0.00602464471012354,0.0142104877158999,0.0120680388063192
-0.00602464471012354,0.00249257939867675,-0.0177593640983105
0.000366941269021481,0.0163410175591707,0.0152638331055641
-0.00069832312874496,-0.00602953555062413,0.0056764530017972
0.000366941269021481,-0.0145516516640782,-0.0305425357073545
0.00356273422949016,0.00675363652408123,0.00354592362418771
0.00782379228621721,0.000362051039701328,0.00354592362418771
-0.00708990916609764,-0.0156169161200523,0.0056764530017972
0.0024974700063467,0.015275752171874,-0.0103025138378143
0.000366941269021481,0.00249257939867675,-0.00284566241316497
-0.00389411649666727,-0.000703213678207248,-0.00923724938184023
-0.00069832312874496,-0.0241390317678452,0.00141539517790079
0.00782379228621721,0.0131452241912484,0.0184596236795187
0.0024974700063467,0.00888416636735201,-0.00497619155794382
-0.0177425537258387,-0.0113558573648334,0.0067417174577713
0.00675852736458182,-0.00389900663867593,0.00993750989437103
0.0120848501101136,0.0046231085434556,-0.0198898930102587
-0.00922043900936842,0.00675363652408123,0.0269817393273115
0.0142153771594167,0.00675363652408123,-0.00178039819002152
-0.00495938025414944,-0.0156169161200523,-0.00391092710196972
-0.00069832312874496,-0.00496427109465003,-0.000715133908670396
-0.00495938025414944,-0.000703213678207248,0.0248512104153633
0.00888905674219132,-0.0145516516640782,-0.00710672046989203
-0.00815517455339432,0.0046231085434556,0.00461118808016181
0.00462799891829491,-0.00283374218270183,-0.00923724938184023
-0.00708990916609764,0.00888416636735201,0.00993750989437103
-0.00176358735188842,-0.0113558573648334,-0.00284566241316497
-0.00495938025414944,0.0131452241912484,0.0227206815034151
0.0110195856541395,0.0056883729994297,-0.0103025138378143
0.020606966689229,0.00142731494270265,-0.0156288351863623
-0.00282885180786252,-0.00709480000659823,0.00141539517790079
0.0024974700063467,-0.00283374218270183,-0.00604145601391792
0.0110195856541395,0.0046231085434556,0.0163290966302156
-0.0124162314459682,-0.00283374218270183,-0.0166940987110138
0.000366941269021481,0.0120799597352743,0.0184596236795187
-0.0124162314459682,0.0142104877158999,-0.000715133908670396
0.00356273422949016,0.000362051039701328,-0.00923724938184023
-0.00708990916609764,-0.00816006399691105,0.00354592362418771
-0.00282885180786252,0.00675363652408123,0.0205901525914669
-0.00176358735188842,-0.00602953555062413,-0.00497619155794382
-0.00708990916609764,0.000362051039701328,0.00354592362418771
0.0024974700063467,0.0056883729994297,-0.00710672046989203
-0.00495938025414944,0.00249257939867675,0.00248065916821361
0.000366941269021481,-0.0188127066940069,0.00248065916821361
0.00143220566678792,-0.00389900663867593,0.0163290966302156
0.00462799891829491,0.0142104877158999,0.0067417174577713
-0.00176358735188842,-0.0198779720813036,-0.0124330427497625
0.0131501127034426,0.0056883729994297,0.0110027743503451
-0.0156120248138905,0.0046231085434556,0.00461118808016181
0.0142153771594167,-0.00389900663867593,-0.0198898930102587
0.00356273422949016,-0.0124211218208075,0.0120680388063192
-0.00282885180786252,0.00142731494270265,-0.00817198492586613
0.00782379228621721,0.0056883729994297,0.0110027743503451
-0.0156120248138905,0.0163410175591707,-0.00178039819002152
-0.00602464471012354,0.00355784385465085,-0.00178039819002152
0.00782379228621721,0.0120799597352743,0.0056764530017972
0.0024974700063467,-0.0166821777820587,-0.0230856873095036
-0.0113509669899941,0.0110146952793002,0.0131333032622933
-0.00602464471012354,0.0056883729994297,0.0163290966302156
0.0110195856541395,-0.00496427109465003,-0.00497619155794382
0.00356273422949016,0.0110146952793002,-0.00497619155794382
0.000366941269021481,-0.000703213678207248,0.0184596236795187
-0.00495938025414944,-0.0102905938401818,-0.00710672046989203
-0.0188078172504902,0.00781890098005533,-0.0177593640983105
0.00888905674219132,-0.00389900663867593,-0.00178039819002152
0.0024974700063467,-0.00389900663867593,0.000350130518199876
-0.00602464471012354,0.0163410175591707,0.0163290966302156
-0.00389411649666727,0.00675363652408123,-0.0124330427497625
-0.00815517455339432,0.00142731494270265,-0.000715133908670396
0.00143220566678792,0.00781890098005533,-0.00710672046989203
0.00569326290860772,-0.00389900663867593,0.00780698098242283
-0.0124162314459682,-0.00389900663867593,0.0248512104153633
-0.00495938025414944,0.00249257939867675,-0.0188246294856071
-0.00602464471012354,-0.00496427109465003,0.0110027743503451
-0.00069832312874496,-0.00176847807597369,0.00993750989437103
0.000366941269021481,-0.00389900663867593,0.00993750989437103
0.0110195856541395,-0.0134863862767816,-0.00178039819002152
-0.00708990916609764,-0.00602953555062413,-0.0124330427497625
0.0184764359146357,-0.00496427109465003,-0.0113677782937884
0.0024974700063467,0.00142731494270265,0.00141539517790079
0.00569326290860772,0.0120799597352743,0.0056764530017972
0.017411170527339,0.00675363652408123,0.000350130518199876
0.00675852736458182,-0.00283374218270183,-0.0145635716617107
-0.00815517455339432,0.00781890098005533,-0.00604145601391792
0.000366941269021481,-0.0145516516640782,0.0248512104153633
-0.00602464471012354,-0.0102905938401818,-0.00604145601391792
0.000366941269021481,0.00249257939867675,0.00780698098242283
0.000366941269021481,0.00781890098005533,0.00461118808016181
0.00782379228621721,0.0046231085434556,-0.0166940987110138
0.00356273422949016,-0.00176847807597369,-0.0209551583975554
0.0110195856541395,0.00888416636735201,0.0248512104153633
-0.00708990916609764,-0.00389900663867593,-0.0230856873095036
0.00782379228621721,0.00249257939867675,-0.000715133908670396
-0.00282885180786252,0.000362051039701328,-0.000715133908670396
-0.0230688732117414,0.00994943082332611,0.00248065916821361
0.00782379228621721,-0.00389900663867593,0.00993750989437103
-0.00602464471012354,-0.00283374218270183,-0.00178039819002152
-0.00602464471012354,0.00781890098005533,-0.0103025138378143
0.0163459070026875,0.0056883729994297,-0.000715133908670396
0.0142153771594167,0.00142731494270265,-0.00710672046989203
-0.00176358735188842,-0.000703213678207248,-0.00391092710196972
0.0120848501101136,0.00142731494270265,-0.0134983072057366
-0.00922043900936842,-0.00922532845288515,0.000350130518199876
0.00143220566678792,-0.00389900663867593,0.0110027743503451
0.0142153771594167,-0.0102905938401818,0.00248065916821361
-0.0166772902011871,0.0110146952793002,0.00354592362418771
0.00782379228621721,0.020602073520422,-0.000715133908670396
0.00782379228621721,-0.00922532845288515,0.0110027743503451
0.00356273422949016,-0.00389900663867593,-0.00497619155794382
-0.00282885180786252,0.00994943082332611,0.00780698098242283
0.00143220566678792,-0.0124211218208075,-0.00923724938184023
-0.0156120248138905,0.0120799597352743,0.0163290966302156
-0.00708990916609764,-0.0252042952924967,-0.0134983072057366
0.00888905674219132,0.00355784385465085,0.0195248890668154
0.0131501127034426,0.00249257939867675,0.00248065916821361
0.0131501127034426,-0.00389900663867593,0.00141539517790079
-0.0145467603579164,0.00675363652408123,-0.0103025138378143
0.0163459070026875,0.00781890098005533,0.0173943620175123
0.00675852736458182,-0.00709480000659823,-0.0358688607811928
-0.00815517455339432,0.00888416636735201,0.0173943620175123
0.00995432119816542,-0.00176847807597369,-0.0113677782937884
0.0110195856541395,-0.00496427109465003,-0.0145635716617107
-0.00176358735188842,0.0110146952793002,0.0195248890668154
-0.00602464471012354,-0.0241390317678452,-0.0113677782937884
0.0120848501101136,0.00675363652408123,-0.000715133908670396
-0.00282885180786252,0.00781890098005533,0.00887224543839693
-0.00282885180786252,0.00249257939867675,-0.000715133908670396
-0.0124162314459682,-0.0113558573648334,0.00780698098242283
0.00143220566678792,0.00781890098005533,-0.000715133908670396
0.0131501127034426,-0.0188127066940069,-0.0145635716617107
-0.0230688732117414,0.0131452241912484,0.0163290966302156
0.000366941269021481,0.00355784385465085,-0.00817198492586613
-0.0156120248138905,0.000362051039701328,0.0152638331055641
0.00888905674219132,0.00781890098005533,-0.00923724938184023
0.0227374956011772,-0.0156169161200523,0.00248065916821361
0.0110195856541395,0.0131452241912484,0.0056764530017972
0.00143220566678792,-0.0134863862767816,0.00354592362418771
0.00569326290860772,0.00142731494270265,-0.00391092710196972
-0.00389411649666727,0.0120799597352743,-0.00178039819002152
-0.0177425537258387,-0.00496427109465003,0.0110027743503451
0.00675852736458182,0.00355784385465085,0.000350130518199876
-0.00708990916609764,-0.00283374218270183,-0.00710672046989203
-0.00708990916609764,-0.00496427109465003,-0.00604145601391792
-0.0156120248138905,0.015275752171874,0.0152638331055641
0.00356273422949016,-0.00816006399691105,-0.0103025138378143
0.00675852736458182,-0.000703213678207248,0.000350130518199876
0.000366941269021481,0.00994943082332611,-0.00497619155794382
0.00143220566678792,0.00781890098005533,0.0163290966302156
0.00356273422949016,0.020602073520422,0.00354592362418771
0.00782379228621721,-0.00922532845288515,-0.00817198492586613
-0.0113509669899941,0.00675363652408123,0.0355038568377495
-0.00176358735188842,0.0056883729994297,-0.00178039819002152
0.00675852736458182,-0.00709480000659823,-0.00497619155794382
-0.00282885180786252,0.0174062792211771,0.0323080644011497
0.0024974700063467,0.0120799597352743,0.0067417174577713
-0.0209383442997932,-0.0134863862767816,-0.0209551583975554
-0.00282885180786252,0.00142731494270265,-0.00710672046989203
0.00356273422949016,-0.00816006399691105,-0.000715133908670396
0.000366941269021481,0.00675363652408123,-0.00284566241316497
-0.0145467603579164,-0.0220085009932518,0.00461118808016181
0.0120848501101136,0.0056883729994297,-0.0113677782937884
-0.0113509669899941,0.0195368081331253,0.0131333032622933
-0.00282885180786252,-0.0145516516640782,-0.0188246294856071
0.0024974700063467,0.00249257939867675,0.0067417174577713
-0.00389411649666727,-0.0177474431693554,-0.0209551583975554
-0.00176358735188842,0.015275752171874,0.0067417174577713
0.00356273422949016,0.00249257939867675,0.00248065916821361
-0.00389411649666727,0.0237978659570217,-0.00497619155794382
0.00143220566678792,-0.0124211218208075,-0.0156288351863623
-0.0113509669899941,-0.000703213678207248,-0.00391092710196972
-0.00069832312874496,-0.0102905938401818,-0.0198898930102587
-0.00815517455339432,0.0131452241912484,-0.000715133908670396
0.0024974700063467,-0.00709480000659823,0.00141539517790079
-0.00815517455339432,-0.0124211218208075,-0.0103025138378143
0.00569326290860772,0.00888416636735201,0.01419856864959
-0.00389411649666727,-0.00602953555062413,-0.00923724938184023
0.00462799891829491,-0.00816006399691105,-0.00817198492586613
0.00569326290860772,-0.00176847807597369,-0.00710672046989203
0.0142153771594167,-0.00176847807597369,-0.00497619155794382
-0.0134814959019423,0.00355784385465085,0.000350130518199876
0.0131501127034426,0.00888416636735201,0.0120680388063192
0.00143220566678792,-0.0102905938401818,0.02591647580266
0.0120848501101136,-0.00176847807597369,-0.00817198492586613
0.00462799891829491,-0.000703213678207248,0.00248065916821361
-0.00602464471012354,0.000362051039701328,-0.0252162162214518
-0.00495938025414944,-0.0145516516640782,-0.0113677782937884
0.00675852736458182,0.00355784385465085,0.0323080644011497
-0.00282885180786252,0.00675363652408123,-0.0188246294856071
-0.00602464471012354,-0.00176847807597369,0.00993750989437103
0.00675852736458182,-0.00283374218270183,-0.0134983072057366
-0.00602464471012354,0.0046231085434556,0.00461118808016181
-0.00282885180786252,0.0184715446084738,-0.00391092710196972
-0.00708990916609764,-0.0166821777820587,0.0067417174577713
0.00782379228621721,-0.000703213678207248,-0.00604145601391792
-0.0134814959019423,0.00888416636735201,-0.00178039819002152
0.0024974700063467,0.00675363652408123,0.0056764530017972
0.00569326290860772,-0.00176847807597369,-0.0156288351863623
0.00462799891829491,0.00888416636735201,0.00887224543839693
0.00569326290860772,0.0110146952793002,-0.0124330427497625
-0.00282885180786252,-0.00602953555062413,0.0056764530017972
-0.00282885180786252,0.00675363652408123,-0.0145635716617107
0.0110195856541395,0.0056883729994297,-0.00923724938184023
0.00356273422949016,0.0120799597352743,-0.0220204219222069
-0.00815517455339432,-0.00389900663867593,0.0227206815034151
0.00888905674219132,-0.000703213678207248,-0.000715133908670396
-0.00069832312874496,0.000362051039701328,0.00993750989437103
-0.00176358735188842,-0.000703213678207248,-0.00178039819002152
0.00675852736458182,0.0046231085434556,0.00141539517790079
0.00995432119816542,0.00142731494270265,-0.00497619155794382
-0.00815517455339432,-0.00816006399691105,0.00354592362418771
0.00888905674219132,0.00781890098005533,-0.00497619155794382
-0.0134814959019423,-0.00709480000659823,-0.00923724938184023
-0.00176358735188842,0.0110146952793002,0.0067417174577713
-0.00176358735188842,-0.0134863862767816,-0.00284566241316497
0.00462799891829491,-0.0113558573648334,0.0184596236795187
-0.0124162314459682,0.00249257939867675,0.00141539517790079
0.0120848501101136,-0.0220085009932518,-0.000715133908670396
-0.00069832312874496,0.0163410175591707,-0.00710672046989203
0.0120848501101136,-0.00176847807597369,0.00461118808016181
-0.00815517455339432,-0.00176847807597369,-0.000715133908670396
0.0120848501101136,-0.0230737663805485,0.01419856864959
-0.00282885180786252,0.00355784385465085,0.00248065916821361
0.00675852736458182,0.000362051039701328,0.00993750989437103
-0.0134814959019423,0.0174062792211771,-0.00604145601391792
0.0142153771594167,-0.0134863862767816,-0.0273467432707548
0.00462799891829491,-0.00283374218270183,-0.00497619155794382
0.00356273422949016,-0.00816006399691105,0.0152638331055641
0.0024974700063467,-0.00389900663867593,-0.0166940987110138
-0.00922043900936842,0.0056883729994297,0.0110027743503451
0.00782379228621721,0.0046231085434556,0.0205901525914669
-0.00815517455339432,-0.0102905938401818,-0.0134983072057366
-0.00176358735188842,-0.0102905938401818,-0.00604145601391792
-0.00282885180786252,0.00781890098005533,0.0067417174577713
0.00143220566678792,0.0056883729994297,-0.0273467432707548
-0.00602464471012354,-0.00176847807597369,0.0195248890668154
-0.0273299310356379,0.0131452241912484,-0.0113677782937884
0.00675852736458182,0.00781890098005533,0.0173943620175123
-0.0134814959019423,0.0163410175591707,-0.0177593640983105
0.00356273422949016,0.0227326024323702,0.0056764530017972
0.00356273422949016,0.000362051039701328,0.01419856864959
-0.00389411649666727,-0.0220085009932518,-0.0113677782937884
-0.00708990916609764,-0.00389900663867593,0.00248065916821361
0.00782379228621721,0.00355784385465085,-0.000715133908670396
-0.00069832312874496,0.00142731494270265,-0.00284566241316497
0.0152806416153908,0.000362051039701328,-0.00284566241316497
-0.00389411649666727,0.00675363652408123,-0.0166940987110138
-0.00922043900936842,-0.00922532845288515,0.00993750989437103
0.00356273422949016,0.00249257939867675,0.0163290966302156
-0.00922043900936842,-0.00389900663867593,-0.00391092710196972
-0.00495938025414944,0.0046231085434556,-0.0220204219222069
-0.0198730826377869,-0.00816006399691105,0.0056764530017972
0.00356273422949016,-0.00283374218270183,-0.0166940987110138
-0.00069832312874496,-0.00602953555062413,-0.00923724938184023
-0.00389411649666727,-0.0124211218208075,-0.00284566241316497
-0.0102857025340199,-0.00176847807597369,-0.000715133908670396
-0.00495938025414944,-0.00389900663867593,0.00461118808016181
0.0238027572631836,0.000362051039701328,-0.000715133908670396
-0.0177425537258387,-0.00496427109465003,-0.00391092710196972
0.0152806416153908,0.0120799597352743,0.00461118808016181
-0.0124162314459682,-0.0166821777820587,-0.00710672046989203
-0.0113509669899941,-0.0102905938401818,0.00461118808016181
-0.00708990916609764,0.0237978659570217,-0.00817198492586613
0.00675852736458182,-0.0102905938401818,0.00248065916821361
0.00995432119816542,-0.00709480000659823,0.00354592362418771
0.00462799891829491,-0.00709480000659823,-0.0209551583975554
0.00462799891829491,0.0056883729994297,-0.0113677782937884
-0.00495938025414944,0.00355784385465085,0.0120680388063192
-0.00922043900936842,-0.00816006399691105,0.00354592362418771
0.0216722302138805,-0.00602953555062413,0.01419856864959
-0.00495938025414944,0.0131452241912484,-0.00817198492586613
0.00462799891829491,-0.000703213678207248,0.00141539517790079
-0.00602464471012354,-0.000703213678207248,-0.00923724938184023
-0.00282885180786252,-0.0102905938401818,0.00780698098242283
0.00143220566678792,0.0131452241912484,0.0056764530017972
0.00143220566678792,-0.0134863862767816,-0.0124330427497625
0.00462799891829491,0.00142731494270265,-0.00817198492586613
0.00462799891829491,0.00355784385465085,-0.0145635716617107
-0.0241341385990381,0.0163410175591707,0.00780698098242283
0.0142153771594167,-0.00389900663867593,-0.00391092710196972
-0.00922043900936842,-0.0102905938401818,-0.0166940987110138
0.00462799891829491,0.00142731494270265,0.00993750989437103
-0.00176358735188842,-0.0134863862767816,-0.00604145601391792
-0.00495938025414944,-0.00176847807597369,-0.00923724938184023
-0.00282885180786252,0.00355784385465085,0.0067417174577713
-0.00069832312874496,-0.0124211218208075,-0.00178039819002152
-0.00176358735188842,-0.000703213678207248,0.00993750989437103
-0.0113509669899941,-0.00709480000659823,0.0067417174577713
0.0120848501101136,-0.00283374218270183,-0.00391092710196972
-0.00602464471012354,-0.00176847807597369,-0.0113677782937884
0.00143220566678792,-0.0102905938401818,0.0131333032622933
0.00782379228621721,-0.0102905938401818,-0.00284566241316497
-0.00708990916609764,0.0174062792211771,-0.0177593640983105
-0.0220036096870899,0.0131452241912484,0.00887224543839693
0.00356273422949016,-0.0177474431693554,0.0227206815034151
0.0024974700063467,-0.0188127066940069,-0.00497619155794382
0.00356273422949016,0.015275752171874,0.0152638331055641
0.00462799891829491,0.000362051039701328,0.00141539517790079
0.00888905674219132,-0.00709480000659823,0.00461118808016181
0.00995432119816542,-0.0113558573648334,-0.0145635716617107
-0.0145467603579164,0.0163410175591707,-0.0103025138378143
0.00995432119816542,0.00781890098005533,0.00887224543839693
-0.00708990916609764,-0.0145516516640782,-0.00178039819002152
-0.00282885180786252,0.020602073520422,0.0237859468907118
-0.0113509669899941,-0.00602953555062413,-0.0134983072057366
-0.00282885180786252,0.0056883729994297,-0.0145635716617107
0.00569326290860772,-0.00816006399691105,0.0163290966302156
0.00356273422949016,0.00781890098005533,-0.0411951839923859
-0.0113509669899941,0.00355784385465085,0.0163290966302156
0.0024974700063467,-0.0220085009932518,0.00248065916821361
0.00462799891829491,0.00994943082332611,-0.0220204219222069
0.00675852736458182,-0.00283374218270183,0.000350130518199876
-0.00495938025414944,-0.00602953555062413,0.00993750989437103
-0.00922043900936842,0.00249257939867675,0.000350130518199876
-0.00602464471012354,0.00675363652408123,-0.0134983072057366
0.00569326290860772,-0.0145516516640782,0.0195248890668154
0.0238027572631836,0.00249257939867675,-0.0113677782937884
-0.0102857025340199,-0.00389900663867593,0.000350130518199876
-0.00069832312874496,0.0195368081331253,-0.00817198492586613
0.017411170527339,-0.0177474431693554,0.00354592362418771
-0.00176358735188842,-0.00602953555062413,0.000350130518199876
0.00675852736458182,-0.0145516516640782,0.00993750989437103
-0.00069832312874496,0.0280589237809181,-0.00817198492586613
0.00675852736458182,-0.00602953555062413,0.00993750989437103
-0.00282885180786252,0.0142104877158999,-0.0156288351863623
0.00782379228621721,-0.00176847807597369,0.0131333032622933
0.00143220566678792,-0.00283374218270183,-0.0241509508341551
0.000366941269021481,0.00888416636735201,0.0205901525914669
0.0110195856541395,0.0046231085434556,0.0067417174577713
0.00356273422949016,0.0131452241912484,-0.00178039819002152
-0.00602464471012354,0.00675363652408123,-0.00710672046989203
0.00569326290860772,-0.0102905938401818,-0.00710672046989203
0.00782379228621721,0.00781890098005533,-0.00178039819002152
0.00782379228621721,-0.00709480000659823,-0.0220204219222069
-0.0134814959019423,0.0227326024323702,0.000350130518199876
0.00143220566678792,0.00249257939867675,-0.000715133908670396
0.0110195856541395,0.0046231085434556,-0.00817198492586613
-0.00389411649666727,0.00888416636735201,0.00248065916821361
0.00143220566678792,-0.00176847807597369,-0.00284566241316497
-0.00602464471012354,-0.0134863862767816,-0.00497619155794382
-0.00495938025414944,0.000362051039701328,0.00887224543839693
0.00995432119816542,0.00249257939867675,0.0056764530017972
0.00782379228621721,0.0046231085434556,0.00780698098242283
-0.00389411649666727,-0.00709480000659823,-0.0198898930102587
-0.00495938025414944,0.0056883729994297,0.02591647580266
0.0110195856541395,-0.00816006399691105,-0.00817198492586613
-0.00815517455339432,0.0163410175591707,0.00461118808016181
0.00995432119816542,0.00355784385465085,-0.0209551583975554
-0.0113509669899941,-0.00816006399691105,0.00461118808016181
0.00143220566678792,-0.00496427109465003,-0.0103025138378143
-0.00176358735188842,-0.00602953555062413,-0.0124330427497625
-0.00282885180786252,0.0163410175591707,0.0291122682392597
0.0195417013019323,0.000362051039701328,0.00780698098242283
0.000366941269021481,0.0056883729994297,-0.0198898930102587
0.00888905674219132,0.0120799597352743,0.00461118808016181
-0.00389411649666727,0.0046231085434556,0.000350130518199876
-0.00495938025414944,0.0046231085434556,0.0110027743503451
-0.00069832312874496,-0.00176847807597369,0.0110027743503451
0.00888905674219132,0.00781890098005533,-0.00497619155794382
-0.0134814959019423,-0.00496427109465003,0.0067417174577713
0.00995432119816542,-0.0134863862767816,-0.0188246294856071
-0.00708990916609764,-0.00176847807597369,-0.0166940987110138
0.00888905674219132,0.000362051039701328,0.00780698098242283
0.00782379228621721,0.0120799597352743,-0.0145635716617107
0.00143220566678792,-0.00283374218270183,-0.00178039819002152
-0.00708990916609764,0.0110146952793002,0.00248065916821361
0.0024974700063467,-0.00283374218270183,0.00461118808016181
-0.00922043900936842,-0.0134863862767816,-0.00604145601391792
0.00356273422949016,-0.00389900663867593,-0.00923724938184023
-0.00708990916609764,0.00249257939867675,0.0067417174577713
-0.00602464471012354,-0.00176847807597369,0.00887224543839693
0.0110195856541395,-0.00389900663867593,-0.0134983072057366
0.00356273422949016,0.00675363652408123,0.0195248890668154
-0.00495938025414944,-0.00922532845288515,-0.0156288351863623
-0.00815517455339432,-0.000703213678207248,-0.000715133908670396
0.00569326290860772,0.0056883729994297,0.00780698098242283
0.0024974700063467,-0.00816006399691105,-0.0166940987110138
-0.00282885180786252,-0.00389900663867593,-0.0103025138378143
-0.00922043900936842,-0.00389900663867593,-0.000715133908670396
0.0142153771594167,-0.00176847807597369,0.0131333032622933
-0.0124162314459682,-0.00283374218270183,-0.0198898930102587
-0.00708990916609764,0.00249257939867675,0.0120680388063192
0.00356273422949016,-0.00176847807597369,-0.0220204219222069
0.00995432119816542,-0.000703213678207248,0.0195248890668154
-0.00922043900936842,-0.00496427109465003,0.00141539517790079
0.0216722302138805,-0.0124211218208075,-0.00391092710196972
-0.0113509669899941,0.00675363652408123,-0.00604145601391792
0.00462799891829491,-0.000703213678207248,0.00887224543839693
0.00143220566678792,-0.00709480000659823,-0.0166940987110138
0.00888905674219132,-0.00816006399691105,0.0067417174577713
-0.00389411649666727,0.000362051039701328,0.00354592362418771
-0.00495938025414944,0.000362051039701328,0.00248065916821361
0.00675852736458182,-0.00283374218270183,0.0163290966302156
0.0024974700063467,0.00355784385465085,-0.0220204219222069
0.00569326290860772,-0.0156169161200523,0.0195248890668154
-0.00389411649666727,-0.000703213678207248,0.00354592362418771
-0.0102857025340199,0.00781890098005533,0.0120680388063192
0.00995432119816542,-0.0188127066940069,-0.0103025138378143
0.0152806416153908,0.00142731494270265,0.0056764530017972
0.000366941269021481,-0.0124211218208075,0.00780698098242283
0.0024974700063467,0.0056883729994297,-0.0177593640983105
0.000366941269021481,0.00675363652408123,0.01419856864959
-0.0102857025340199,0.0046231085434556,0.0056764530017972
0.00462799891829491,0.0110146952793002,0.00354592362418771
0.0024974700063467,0.00142731494270265,-0.0103025138378143
-0.00176358735188842,-0.00709480000659823,0.00780698098242283
-0.00708990916609764,-0.00176847807597369,0.00354592362418771
0.00462799891829491,-0.00602953555062413,0.00993750989437103
-0.0134814959019423,0.0174062792211771,-0.0262814778834581
0.0142153771594167,0.00142731494270265,0.00887224543839693
-0.00495938025414944,0.020602073520422,0.0056764530017972
0.00569326290860772,-0.0134863862767816,0.00461118808016181
-0.00815517455339432,-0.0134863862767816,0.00887224543839693
0.0024974700063467,0.0163410175591707,0.00354592362418771
-0.00282885180786252,0.000362051039701328,-0.00604145601391792
0.00356273422949016,-0.0145516516640782,-0.000715133908670396
0.0142153771594167,-0.0156169161200523,0.0056764530017972
-0.00176358735188842,-0.00176847807597369,0.00780698098242283
-0.00176358735188842,-0.00389900663867593,-0.0145635716617107
0.0110195856541395,0.00675363652408123,0.00248065916821361
0.00888905674219132,0.00249257939867675,0.00248065916821361
0.000366941269021481,-0.0337264090776443,-0.0124330427497625
0.00675852736458182,0.0174062792211771,0.00993750989437103
-0.00069832312874496,0.0110146952793002,0.00354592362418771
-0.00602464471012354,-0.0124211218208075,0.00141539517790079
-0.00282885180786252,-0.00283374218270183,0.00461118808016181
0.0131501127034426,0.0056883729994297,-0.00497619155794382
-0.0102857025340199,0.000362051039701328,0.00887224543839693
0.00356273422949016,-0.0113558573648334,0.00993750989437103
-0.00815517455339432,0.00994943082332611,-0.029477272182703
0.000366941269021481,-0.00816006399691105,0.00354592362418771
-0.00282885180786252,0.0046231085434556,0.00141539517790079
-0.00176358735188842,-0.00176847807597369,-0.0177593640983105
0.0120848501101136,0.00781890098005533,0.00248065916821361
0.000366941269021481,0.0046231085434556,0.0067417174577713
-0.00389411649666727,-0.0124211218208075,-0.00178039819002152
0.0110195856541395,0.0056883729994297,0.0067417174577713
-0.00069832312874496,-0.00496427109465003,0.0131333032622933
0.00782379228621721,0.020602073520422,-0.0113677782937884
0.0110195856541395,-0.0102905938401818,0.00354592362418771
-0.0166772902011871,0.0174062792211771,0.0163290966302156
0.0227374956011772,-0.0124211218208075,-0.00178039819002152
-0.0124162314459682,-0.00602953555062413,-0.0113677782937884
0.0024974700063467,0.00675363652408123,0.0056764530017972
-0.00815517455339432,-0.00816006399691105,0.00780698098242283
-0.00495938025414944,0.0174062792211771,-0.0145635716617107
0.00782379228621721,-0.00602953555062413,0.0067417174577713
0.00675852736458182,-0.00602953555062413,-0.0103025138378143
-0.00389411649666727,0.0195368081331253,0.0120680388063192
-0.00922043900936842,-0.0145516516640782,0.000350130518199876
0.0110195856541395,0.00355784385465085,0.00993750989437103
-0.0134814959019423,-0.0134863862767816,0.0110027743503451
-0.00282885180786252,0.00888416636735201,0.0237859468907118
0.00782379228621721,0.00781890098005533,0.00461118808016181
-0.00176358735188842,-0.00176847807597369,-0.00391092710196972
0.00888905674219132,-0.00176847807597369,0.0067417174577713
-0.0113509669899941,-0.00816006399691105,-0.00391092710196972
0.00675852736458182,-0.0113558573648334,0.0120680388063192
0.0024974700063467,0.0056883729994297,-0.0209551583975554
-0.00495938025414944,-0.00389900663867593,-0.00817198492586613
0.00462799891829491,0.00249257939867675,-0.00923724938184023
-0.00282885180786252,-0.00816006399691105,0.0110027743503451
0.0163459070026875,0.00675363652408123,-0.00604145601391792
-0.00922043900936842,-0.0177474431693554,-0.00604145601391792
0.0110195856541395,-0.0102905938401818,0.00780698098242283
0.00143220566678792,-0.00816006399691105,0.00993750989437103
-0.00282885180786252,-0.00602953555062413,0.00780698098242283
0.00888905674219132,0.0131452241912484,-0.00391092710196972
-0.00708990916609764,0.000362051039701328,0.00354592362418771
-0.00282885180786252,0.0120799597352743,-0.00284566241316497
-0.00282885180786252,-0.00816006399691105,0.00993750989437103
0.017411170527339,-0.0113558573648334,-0.0273467432707548
-0.00708990916609764,-0.0134863862767816,0.0291122682392597
-0.0262646675109863,0.0056883729994297,0.0184596236795187
0.0142153771594167,-0.00389900663867593,-0.00923724938184023
0.00356273422949016,-0.000703213678207248,-0.00497619155794382
-0.00922043900936842,-0.00602953555062413,-0.00604145601391792
0.00888905674219132,0.00675363652408123,0.0131333032622933
0.00675852736458182,-0.0134863862767816,0.00461118808016181
0.0024974700063467,0.0046231085434556,-0.0166940987110138
0.00995432119816542,0.0046231085434556,-0.0124330427497625
-0.00389411649666727,0.00249257939867675,0.00461118808016181
0.0024974700063467,0.00355784385465085,0.00993750989437103
0.000366941269021481,-0.00283374218270183,-0.00710672046989203
-0.00069832312874496,0.0120799597352743,0.0067417174577713
0.00995432119816542,0.0110146952793002,-0.0156288351863623
-0.00815517455339432,-0.00283374218270183,0.0216554179787636
0.000366941269021481,0.00675363652408123,0.0205901525914669
-0.0188078172504902,0.0046231085434556,0.0110027743503451
0.0110195856541395,-0.00602953555062413,-0.0230856873095036
-0.00176358735188842,0.000362051039701328,0.0184596236795187
-0.00176358735188842,0.00675363652408123,0.01419856864959
-0.0156120248138905,-0.00283374218270183,-0.00604145601391792
0.00143220566678792,-0.00283374218270183,0.00141539517790079
0.0110195856541395,-0.00283374218270183,0.0216554179787636
0.00888905674219132,-0.00176847807597369,-0.00817198492586613
-0.00495938025414944,0.015275752171874,-0.0156288351863623
-0.00815517455339432,-0.00176847807597369,0.0131333032622933
0.0024974700063467,-0.00602953555062413,-0.0103025138378143
0.0131501127034426,0.0046231085434556,-0.0262814778834581
-0.00602464471012354,-0.00496427109465003,0.0131333032622933
-0.0113509669899941,0.0110146952793002,0.00141539517790079
-0.0134814959019423,0.0046231085434556,0.0056764530017972
-0.00282885180786252,-0.00389900663867593,0.0163290966302156
-0.00602464471012354,0.0056883729994297,-0.0209551583975554
0.0024974700063467,-0.00496427109465003,0.00461118808016181
-0.00815517455339432,0.0046231085434556,0.0152638331055641
0.0152806416153908,-0.00283374218270183,-0.0198898930102587
-0.0134814959019423,0.00675363652408123,0.0163290966302156
0.00888905674219132,0.00781890098005533,0.0248512104153633
0.00462799891829491,0.0142104877158999,0.0163290966302156
-0.0177425537258387,-0.00709480000659823,0.00887224543839693
0.00675852736458182,-0.000703213678207248,0.000350130518199876
0.000366941269021481,0.0120799597352743,0.000350130518199876
0.00675852736458182,0.00249257939867675,-0.00710672046989203
-0.00282885180786252,0.0056883729994297,0.00993750989437103
0.00569326290860772,-0.000703213678207248,0.0173943620175123
0.0024974700063467,0.00888416636735201,-0.0177593640983105
-0.0188078172504902,0.0046231085434556,0.0110027743503451
0.00143220566678792,0.0046231085434556,0.0195248890668154
-0.00389411649666727,-0.0102905938401818,-0.0188246294856071
0.00675852736458182,0.00142731494270265,0.0120680388063192
-0.00176358735188842,0.00675363652408123,-0.00391092710196972
-0.00708990916609764,-0.0145516516640782,0.000350130518199876
-0.00602464471012354,0.0056883729994297,0.000350130518199876
0.000366941269021481,-0.0220085009932518,-0.00710672046989203
0.00995432119816542,0.0142104877158999,0.0131333032622933
-0.00389411649666727,-0.00389900663867593,-0.0113677782937884
0.00569326290860772,0.00888416636735201,-0.000715133908670396
0.0024974700063467,-0.00496427109465003,0.0291122682392597
-0.00815517455339432,-0.000703213678207248,-0.0134983072057366
0.0024974700063467,0.0131452241912484,0.0184596236795187
-0.00176358735188842,0.00249257939867675,-0.00284566241316497
0.0120848501101136,-0.000703213678207248,0.00993750989437103
-0.00495938025414944,0.0163410175591707,-0.00391092710196972
-0.00708990916609764,-0.00283374218270183,0.0152638331055641
-0.00282885180786252,0.00781890098005533,-0.00497619155794382
0.00888905674219132,-0.00709480000659823,-0.00817198492586613
0.00675852736458182,0.00994943082332611,0.00887224543839693
-0.00176358735188842,-0.00176847807597369,0.00354592362418771
0.00675852736458182,-0.00496427109465003,-0.0124330427497625
0.00782379228621721,0.0056883729994297,0.0056764530017972
-0.00922043900936842,0.00249257939867675,-0.00178039819002152
-0.00708990916609764,0.0056883729994297,0.00248065916821361
-0.00282885180786252,-0.0166821777820587,0.00993750989437103
-0.00389411649666727,-0.00602953555062413,-0.0220204219222069
-0.00495938025414944,-0.00283374218270183,0.0195248890668154
0.000366941269021481,-0.00283374218270183,0.0056764530017972
