gyro_x,gyro_y,gyro_z
0.00579070253297687,-0.0186068024486303,-0.0101072788238525
0.0111170243471861,0.0112205976620317,0.00161062914412469
-0.0112535273656249,0.00163321837317199,-0.0037156930193305
-0.00805773492902517,0.0197427123785019,-0.0186293944716454
-0.0165798515081406,-0.00156257464550436,0.0165243316441774
0.00259490916505456,-0.00688889669254422,-0.0101072788238525
0.00259490916505456,0.0112205976620317,-0.0143683375790715
-0.00166614807676524,-0.00156257464550436,0.00267589301802218
-0.00273141241632402,-0.00582363223657012,-0.0047809574753046
-0.00805773492902517,0.00269848271273077,-0.0133030731230974
0.00685596698895097,0.0112205976620317,-0.0037156930193305
-0.00912299938499928,-0.000497310247737914,0.00374115747399628
-0.00273141241632402,-0.00369310332462192,0.00374115747399628
0.000464380573248491,0.00802480429410934,-0.00797675084322691
-0.00166614807676524,-0.00369310332462192,0.01332853641361
0.00472543807700276,0.005894276779145,-0.0111725432798266
0.0132475523278117,0.0112205976620317,0.0346338264644146
-0.00379667733795941,0.0048290123231709,-0.0314125642180443
0.00685596698895097,-0.00156257464550436,0.0101327430456877
0.00472543807700276,-0.00262783886864781,-0.0133030731230974
0.00472543807700276,-0.000497310247737914,0.0101327430456877
0.00259490916505456,0.00802480429410934,0.0175895970314741
-0.00273141241632402,0.00376374716870487,-0.000519900000654161
-0.00166614807676524,-0.00369310332462192,0.0143938018009067
-0.00273141241632402,0.000567954499274492,-0.0164988655596972
-0.012318791821599,0.0133511275053024,0.0346338264644146
0.00259490916505456,0.0048290123231709,-0.0026504285633564
-0.00166614807676524,-0.00475836778059602,-0.0101072788238525
0.00259490916505456,0.00376374716870487,-0.0101072788238525
0.010051759891212,-0.00262783886864781,-0.00158516434021294
-0.00699247000738978,0.00802480429410934,0.00693695107474923
0.0143128167837858,-0.00901942513883114,-0.00584622146561742
0.00579070253297687,-0.0111499540507793,0.0122632719576359
-0.00379667733795941,0.00802480429410934,-0.000519900000654161
-0.00699247000738978,0.000567954499274492,0.00800221413373947
0.00472543807700276,0.00269848271273077,0.00374115747399628
0.00259490916505456,-0.000497310247737914,-0.0133030731230974
0.00472543807700276,-0.000497310247737914,-0.0026504285633564
-0.0240366999059916,-0.00475836778059602,0.00054536439711228
0.00792123097926378,0.00269848271273077,0.00906747858971357
0.00366017362102866,0.000567954499274492,-0.0143683375790715
0.0015296449419111,-0.0100846895948052,0.00587168661877513
-0.0133840562775731,0.0144163919612765,0.0165243316441774
0.0121822888031602,-0.0122152185067534,-0.0218251869082451
-0.0187103785574436,-0.000497310247737914,0.00480642216280103
-0.00273141241632402,0.00802480429410934,-0.02502098120749
0.00579070253297687,0.00909006875008345,0.00480642216280103
0.00259490916505456,-0.00688889669254422,0.0282422378659248
-0.00273141241632402,0.000567954499274492,-0.0037156930193305
-0.00060088379541412,-0.0175415389239788,-0.0164988655596972
0.00366017362102866,0.00163321837317199,0.00800221413373947
-0.00379667733795941,0.00269848271273077,-0.0154336011037231
-0.012318791821599,0.000567954499274492,0.01332853641361
0.0153780812397599,-0.00475836778059602,-0.0186293944716454
-0.00273141241632402,0.00376374716870487,0.00587168661877513
0.00472543807700276,-0.00582363223657012,-0.0037156930193305
-0.00166614807676524,0.00163321837317199,0.00906747858971357
0.00366017362102866,-0.000497310247737914,-0.00797675084322691
0.00579070253297687,-0.00475836778059602,-0.0111725432798266
0.00685596698895097,0.00269848271273077,-0.0026504285633564
0.000464380573248491,0.0101553332060575,-0.0037156930193305
-0.0101882629096508,0.0101553332060575,0.00267589301802218
0.00366017362102866,-0.0175415389239788,0.0186548586934805
-0.00166614807676524,0.00695953983813524,-0.00904201529920101
0.00259490916505456,-0.00156257464550436,-0.0154336011037231
0.0143128167837858,-0.0111499540507793,0.0143938018009067
-0.00166614807676524,-0.00475836778059602,0.00587168661877513
0.00259490916505456,-0.00688889669254422,-0.00158516434021294
-0.00592720555141568,-0.0100846895948052,0.0111980075016618
-0.00273141241632402,0.00376374716870487,0.00161062914412469
0.0015296449419111,-0.00688889669254422,0.0111980075016618
0.00685596698895097,0.0144163919612765,0.01332853641361
-0.00166614807676524,0.00269848271273077,0.00693695107474923
0.00579070253297687,-0.00475836778059602,0.00054536439711228
-0.00699247000738978,-0.00475836778059602,0.00693695107474923
0.0111170243471861,-0.00901942513883114,-0.0111725432798266
-0.00805773492902517,-0.00688889669254422,0.00374115747399628
-0.00166614807676524,-0.00582363223657012,-0.0122378077358007
-0.0165798515081406,0.000567954499274492,0.00800221413373947
0.000464380573248491,0.0048290123231709,0.00374115747399628
0.00259490916505456,-0.0132804829627275,-0.000519900000654161
-0.0112535273656249,0.0176121834665537,0.0122632719576359
-0.0144493207335472,0.0133511275053024,0.00054536439711228
0.00792123097926378,-0.0164762753993273,-0.0026504285633564
-0.00273141241632402,0.005894276779145,-0.0026504285633564
-0.00166614807676524,-0.00369310332462192,0.0143938018009067
0.0121822888031602,-0.00156257464550436,-0.0314125642180443
0.00579070253297687,0.00802480429410934,0.0165243316441774
0.0015296449419111,0.0048290123231709,-0.000519900000654161
0.00366017362102866,0.00163321837317199,0.00054536439711228
0.00792123097926378,-0.00475836778059602,-0.0260862428694963
-0.0144493207335472,0.0122858621180058,0.0239811800420284
0.00685596698895097,-0.00901942513883114,0.00693695107474923
0.000464380573248491,-0.00795416068285704,0.00054536439711228
0.00579070253297687,0.005894276779145,-0.0037156930193305
0.000464380573248491,-0.0111499540507793,-0.000519900000654161
-0.00379667733795941,0.0048290123231709,0.00054536439711228
0.0015296449419111,-0.00795416068285704,-0.0026504285633564
-0.00379667733795941,0.00163321837317199,-0.000519900000654161
-0.00805773492902517,-0.00475836778059602,0.00161062914412469
0.00259490916505456,-0.00262783886864781,0.0218506529927254
-0.00273141241632402,-0.00795416068285704,-0.0207599233835936
0.0196391399949789,-0.00475836778059602,0.0218506529927254
-0.00060088379541412,-0.00369310332462192,-0.00904201529920101
-0.00592720555141568,-0.0122152185067534,-0.0228904522955418
0.0121822888031602,-0.00582363223657012,-0.0026504285633564
-0.00912299938499928,0.0101553332060575,-0.0037156930193305
0.00366017362102866,0.00163321837317199,-0.0164988655596972
0.000464380573248491,0.00695953983813524,0.0207853876054287
-0.00273141241632402,0.0048290123231709,-0.00691148592159152
-0.00273141241632402,-0.00582363223657012,0.00693695107474923
-0.00273141241632402,0.0154816564172506,-0.0026504285633564
0.00898649543523788,0.00163321837317199,-0.00904201529920101
0.00579070253297687,-0.0111499540507793,0.0154590662568808
-0.0101882629096508,0.00909006875008345,-0.0111725432798266
0.0111170243471861,0.0101553332060575,0.00906747858971357
-0.00912299938499928,-0.0260636564344168,-0.0037156930193305
0.0121822888031602,-0.00369310332462192,-0.0037156930193305
-0.0112535273656249,0.0144163919612765,0.0261117089539766
-0.00379667733795941,-0.00156257464550436,-0.00158516434021294
0.00259490916505456,0.000567954499274492,-0.0239557158201933
-0.0165798515081406,-0.0122152185067534,0.01332853641361
0.00366017362102866,0.00269848271273077,0.0101327430456877
0.00366017362102866,0.00802480429410934,0.00374115747399628
0.00685596698895097,-0.0132804829627275,-0.0037156930193305
-0.00166614807676524,0.0048290123231709,-0.0122378077358007
-0.00273141241632402,0.005894276779145,-0.00584622146561742
0.00579070253297687,0.0176121834665537,0.0122632719576359
-0.00379667733795941,-0.0207373313605785,0.0207853876054287
-0.0133840562775731,0.0133511275053024,-0.00691148592159152
0.00898649543523788,-0.00688889669254422,0.0197201240807772
-0.0101882629096508,0.0208079759031534,-0.0037156930193305
0.00366017362102866,-0.0239331275224686,0.00587168661877513
-0.00486194109544158,-0.00475836778059602,0.00587168661877513
-0.00912299938499928,0.0122858621180058,0.0165243316441774
0.000464380573248491,-0.00369310332462192,-0.00584622146561742
0.0143128167837858,0.00376374716870487,0.0165243316441774
-0.00379667733795941,0.00695953983813524,-0.00904201529920101
0.00792123097926378,-0.00582363223657012,-0.0143683375790715
0.00685596698895097,-0.00156257464550436,0.0197201240807772
-0.00273141241632402,0.005894276779145,0.00374115747399628
0.00259490916505456,0.0122858621180058,0.0154590662568808
0.00685596698895097,-0.0186068024486303,-0.0186293944716454
-0.00379667733795941,-0.00156257464550436,0.0261117089539766
-0.00060088379541412,-0.0164762753993273,-0.00904201529920101
-0.00486194109544158,0.00802480429410934,0.0143938018009067
-0.00379667733795941,0.00909006875008345,-0.0196946579962969
0.00685596698895097,0.0048290123231709,0.0122632719576359
-0.00166614807676524,-0.0100846895948052,0.0143938018009067
-0.00699247000738978,0.0048290123231709,-0.0133030731230974
0.010051759891212,-0.00795416068285704,0.0143938018009067
-0.00592720555141568,0.0144163919612765,-0.000519900000654161
-0.00166614807676524,-0.0164762753993273,0.00161062914412469
0.00579070253297687,0.00269848271273077,0.0165243316441774
-0.00486194109544158,0.0048290123231709,0.00267589301802218
-0.00379667733795941,-0.0143457474187017,0.00267589301802218
0.00685596698895097,-0.00369310332462192,0.00267589301802218
-0.00805773492902517,0.0144163919612765,0.0154590662568808
0.010051759891212,0.000567954499274492,-0.0047809574753046
0.0015296449419111,0.0048290123231709,0.0207853876054287
-0.0133840562775731,-0.0207373313605785,-0.02502098120749
0.00366017362102866,0.00909006875008345,0.00054536439711228
0.0217696689069271,-0.0100846895948052,0.0111980075016618
-0.0155145851895213,-0.000497310247737914,-0.0026504285633564
-0.00486194109544158,0.0101553332060575,0.00800221413373947
0.0185738764703274,-0.00688889669254422,-0.000519900000654161
-0.00379667733795941,0.0101553332060575,0.01332853641361
-0.00060088379541412,0.00269848271273077,0.00161062914412469
0.0196391399949789,-0.00901942513883114,0.01332853641361
0.00685596698895097,0.0176121834665537,0.00587168661877513
0.0111170243471861,-0.0143457474187017,-0.0207599233835936
-0.00166614807676524,-0.00795416068285704,0.0111980075016618
-0.00805773492902517,0.0229385048151016,-0.00584622146561742
0.00898649543523788,-0.0122152185067534,-0.0111725432798266
-0.00379667733795941,-0.00262783886864781,0.0111980075016618
0.0217696689069271,-0.00582363223657012,0.00054536439711228
-0.0155145851895213,-0.000497310247737914,0.0175895970314741
-0.00060088379541412,-0.0111499540507793,-0.00797675084322691
-0.00166614807676524,0.0112205976620317,-0.00904201529920101
-0.0251019634306431,-0.00901942513883114,0.00161062914412469
0.0111170243471861,-0.00262783886864781,0.0175895970314741
0.000464380573248491,-0.00369310332462192,0.00161062914412469
0.00898649543523788,0.0144163919612765,0.00374115747399628
0.0111170243471861,-0.00688889669254422,-0.0101072788238525
-0.0112535273656249,0.00802480429410934,-0.000519900000654161
0.00472543807700276,0.00695953983813524,0.00374115747399628
-0.0112535273656249,-0.00262783886864781,-0.00158516434021294
-0.00486194109544158,0.0165469218045473,-0.00691148592159152
-0.00166614807676524,-0.00901942513883114,0.00587168661877513
0.0207044053822756,0.0133511275053024,-0.0101072788238525
-0.00699247000738978,-0.0143457474187017,-0.00904201529920101
0.00685596698895097,0.0186774469912052,-0.00904201529920101
0.00898649543523788,-0.00795416068285704,-0.0292820371687412
-0.012318791821599,0.0112205976620317,0.0282422378659248
-0.00166614807676524,-0.00475836778059602,-0.0186293944716454
0.00366017362102866,0.0048290123231709,0.0122632719576359
0.00366017362102866,0.00163321837317199,-0.0026504285633564
0.00259490916505456,-0.0260636564344168,0.00587168661877513
-0.0187103785574436,0.00163321837317199,-0.00158516434021294
0.0015296449419111,0.0208079759031534,-0.0111725432798266
0.0121822888031602,-0.0111499540507793,-0.00158516434021294
-0.0176451150327921,-0.0122152185067534,-0.0047809574753046
-0.00486194109544158,-0.000497310247737914,0.0111980075016618
0.010051759891212,0.00695953983813524,0.00161062914412469
-0.0176451150327921,0.0133511275053024,0.0186548586934805
0.00259490916505456,-0.000497310247737914,-0.0111725432798266
-0.00166614807676524,-0.000497310247737914,0.00906747858971357
-0.00486194109544158,-0.00369310332462192,-0.0101072788238525
0.000464380573248491,0.005894276779145,0.0325032994151115
-0.0176451150327921,0.0144163919612765,0.00267589301802218
0.0121822888031602,-0.00795416068285704,0.00267589301802218
-0.0112535273656249,0.0133511275053024,0.00480642216280103
-0.00166614807676524,-0.0143457474187017,-0.0143683375790715
0.00792123097926378,0.0122858621180058,0.00693695107474923
0.010051759891212,0.0122858621180058,0.0101327430456877
-0.0133840562775731,-0.000497310247737914,0.0101327430456877
-0.00060088379541412,-0.000497310247737914,0.0101327430456877
-0.00805773492902517,0.0250690337270498,0.0186548586934805
0.000464380573248491,-0.0100846895948052,-0.0111725432798266
-0.00699247000738978,0.005894276779145,-0.0026504285633564
-0.00486194109544158,-0.00901942513883114,-0.0047809574753046
0.000464380573248491,0.0133511275053024,-0.00584622146561742
0.0132475523278117,-0.0281941834837198,0.00800221413373947
0.0143128167837858,0.00695953983813524,-0.0047809574753046
-0.00486194109544158,-0.0100846895948052,-0.0292820371687412
0.0143128167837858,0.00802480429410934,0.0122632719576359
0.000464380573248491,-0.000497310247737914,-0.00584622146561742
0.00579070253297687,0.0122858621180058,-0.00691148592159152
0.000464380573248491,0.005894276779145,-0.000519900000654161
-0.00592720555141568,-0.00369310332462192,-0.02502098120749
-0.00166614807676524,0.0048290123231709,0.0239811800420284
0.0111170243471861,0.0144163919612765,0.00374115747399628
-0.00699247000738978,-0.0175415389239788,0.00267589301802218
0.00472543807700276,0.0122858621180058,-0.0101072788238525
0.00259490916505456,-0.022867863997817,0.00267589301802218
-0.00486194109544158,0.0144163919612765,-0.00691148592159152
-0.0197756439447403,-0.00795416068285704,0.00267589301802218
0.00685596698895097,0.00802480429410934,-0.0122378077358007
0.00472543807700276,-0.00156257464550436,0.00374115747399628
-0.00805773492902517,0.00163321837317199,-0.00904201529920101
-0.00379667733795941,0.00269848271273077,0.00161062914412469
0.0121822888031602,0.0144163919612765,-0.0026504285633564
-0.00805773492902517,-0.0154110118746758,-0.0196946579962969
0.0143128167837858,0.00909006875008345,-0.000519900000654161
0.00259490916505456,-0.00262783886864781,0.00693695107474923
0.00259490916505456,-0.00475836778059602,0.0197201240807772
-0.00166614807676524,-0.00475836778059602,-0.0239557158201933
-0.00166614807676524,0.0133511275053024,0.00693695107474923
0.00366017362102866,-0.0111499540507793,0.00267589301802218
0.00259490916505456,0.0112205976620317,0.0207853876054287
0.00259490916505456,-0.000497310247737914,-0.00904201529920101
0.00259490916505456,-0.0122152185067534,-0.0101072788238525
-0.00060088379541412,0.00269848271273077,-0.00691148592159152
-0.00060088379541412,-0.00475836778059602,0.00693695107474923
-0.00273141241632402,-0.00369310332462192,-0.0239557158201933
-0.00912299938499928,0.0101553332060575,0.0111980075016618
0.0143128167837858,-0.00369310332462192,-0.00584622146561742
-0.00486194109544158,-0.00582363223657012,-0.00904201529920101
0.000464380573248491,-0.00795416068285704,-0.00158516434021294
-0.00486194109544158,-0.00262783886864781,-0.0111725432798266
0.00259490916505456,-0.00582363223657012,-0.0047809574753046
0.000464380573248491,-0.00901942513883114,-0.0047809574753046
-0.0112535273656249,-0.00475836778059602,0.0143938018009067
0.00366017362102866,-0.0154110118746758,-0.0196946579962969
0.0111170243471861,0.0165469218045473,0.00800221413373947
0.0015296449419111,-0.00262783886864781,-0.0037156930193305
-0.00486194109544158,-0.0100846895948052,-0.00904201529920101
0.000464380573248491,-0.00475836778059602,0.00480642216280103
-0.00060088379541412,0.0101553332060575,-0.0037156930193305
-0.00486194109544158,-0.00795416068285704,0.0165243316441774
-0.00805773492902517,-0.00795416068285704,0.0175895970314741
-0.00486194109544158,0.00163321837317199,-0.0101072788238525
0.00472543807700276,0.00802480429410934,0.0186548586934805
0.00792123097926378,-0.00901942513883114,-0.0122378077358007
-0.00166614807676524,0.00802480429410934,0.00374115747399628
-0.0101882629096508,0.000567954499274492,-0.0037156930193305
0.00685596698895097,0.0048290123231709,0.0143938018009067
-0.00592720555141568,-0.0186068024486303,-0.0101072788238525
-0.00060088379541412,-0.00582363223657012,-0.0186293944716454
-0.00166614807676524,0.00376374716870487,0.0197201240807772
0.0015296449419111,-0.000497310247737914,0.00480642216280103
-0.0112535273656249,-0.00369310332462192,-0.0122378077358007
0.0249654594808817,-0.00582363223657012,0.00374115747399628
0.00366017362102866,0.000567954499274492,0.00693695107474923
-0.00060088379541412,0.00695953983813524,-0.0026504285633564
-0.00060088379541412,0.00376374716870487,-0.0207599233835936
0.00259490916505456,0.00802480429410934,0.0207853876054287
0.00898649543523788,0.0112205976620317,0.0101327430456877
-0.00379667733795941,0.00269848271273077,-0.00584622146561742
0.000464380573248491,-0.0207373313605785,0.01332853641361
0.00259490916505456,0.00695953983813524,-0.0239557158201933
-0.00166614807676524,0.0144163919612765,0.0261117089539766
-0.00592720555141568,0.00376374716870487,-0.00904201529920101
-0.00592720555141568,-0.00795416068285704,-0.000519900000654161
-0.00166614807676524,0.0154816564172506,0.00374115747399628
-0.0101882629096508,-0.0186068024486303,-0.0026504285633564
-0.00273141241632402,-0.00795416068285704,0.0197201240807772
-0.00379667733795941,0.0186774469912052,-0.00691148592159152
0.00792123097926378,-0.0100846895948052,-0.00797675084322691
0.00898649543523788,0.005894276779145,-0.00797675084322691
0.0111170243471861,-0.0218025967478752,0.00906747858971357
-0.00060088379541412,0.0154816564172506,-0.0047809574753046
-0.00060088379541412,0.00376374716870487,0.00374115747399628
0.00792123097926378,-0.00901942513883114,-0.0143683375790715
-0.00486194109544158,-0.000497310247737914,0.0143938018009067
-0.00273141241632402,-0.00582363223657012,0.0111980075016618
0.0143128167837858,0.00909006875008345,-0.00797675084322691
0.010051759891212,-0.00369310332462192,0.00480642216280103
-0.012318791821599,-0.00369310332462192,0.00693695107474923
0.00685596698895097,0.0048290123231709,0.0111980075016618
-0.00592720555141568,-0.00475836778059602,-0.0207599233835936
0.00366017362102866,0.0101553332060575,-0.00904201529920101
0.00259490916505456,-0.0111499540507793,0.0165243316441774
-0.00699247000738978,0.0048290123231709,0.00587168661877513
0.0111170243471861,0.0048290123231709,0.0122632719576359
0.000464380573248491,-0.0132804829627275,-0.0026504285633564
-0.012318791821599,0.00909006875008345,-0.0122378077358007
0.0143128167837858,-0.00901942513883114,0.0111980075016618
-0.00592720555141568,0.00802480429410934,-0.0164988655596972
-0.00912299938499928,0.000567954499274492,0.0346338264644146
0.00579070253297687,0.00695953983813524,-0.000519900000654161
-0.00486194109544158,0.005894276779145,0.0111980075016618
0.0111170243471861,0.0112205976620317,-0.0164988655596972
-0.00486194109544158,0.0122858621180058,0.00374115747399628
0.0121822888031602,-0.0122152185067534,-0.00904201529920101
-0.0187103785574436,-0.00582363223657012,0.00906747858971357
0.0015296449419111,0.00269848271273077,-0.0037156930193305
0.00259490916505456,-0.00795416068285704,-0.0196946579962969
0.0121822888031602,-0.000497310247737914,0.0111980075016618
0.00259490916505456,-0.0175415389239788,0.00480642216280103
-0.00273141241632402,-0.0100846895948052,0.00587168661877513
0.00259490916505456,-0.000497310247737914,0.00693695107474923
0.000464380573248491,0.00269848271273077,-0.0111725432798266
0.00366017362102866,-0.000497310247737914,0.00480642216280103
-0.00699247000738978,0.0122858621180058,-0.00584622146561742
0.00472543807700276,-0.00369310332462192,-0.0292820371687412
-0.00699247000738978,-0.0100846895948052,0.00906747858971357
0.0121822888031602,-0.00901942513883114,0.00054536439711228
-0.00379667733795941,-0.0132804829627275,-0.00584622146561742
-0.00486194109544158,0.00802480429410934,-0.00691148592159152
0.00259490916505456,-0.00156257464550436,0.00587168661877513
0.0270959883928299,0.00695953983813524,-0.0037156930193305
-0.0187103785574436,-0.00582363223657012,-0.0143683375790715
0.0132475523278117,-0.00156257464550436,-0.0143683375790715
-0.00060088379541412,-0.00262783886864781,0.00054536439711228
0.010051759891212,0.0101553332060575,0.00906747858971357
-0.00912299938499928,-0.00156257464550436,-0.0047809574753046
-0.0133840562775731,0.0112205976620317,0.01332853641361
0.000464380573248491,0.0048290123231709,-0.00691148592159152
-0.00060088379541412,-0.00688889669254422,0.0143938018009067
0.00792123097926378,0.000567954499274492,0.0175895970314741
0.00792123097926378,0.0112205976620317,-0.00797675084322691
-0.00805773492902517,-0.0111499540507793,-0.0122378077358007
0.00472543807700276,0.0240037702023983,-0.0037156930193305
-0.00379667733795941,-0.00475836778059602,0.00480642216280103
-0.00592720555141568,0.0101553332060575,0.00480642216280103
0.0121822888031602,-0.000497310247737914,-0.032477829605341
-0.0176451150327921,-0.00688889669254422,0.0101327430456877
0.000464380573248491,-0.00582363223657012,0.00054536439711228
0.00898649543523788,0.00376374716870487,-0.000519900000654161
0.00792123097926378,0.00909006875008345,-0.0026504285633564
-0.00060088379541412,-0.0143457474187017,-0.0111725432798266
0.00579070253297687,0.0165469218045473,-0.000519900000654161
0.00259490916505456,-0.00688889669254422,-0.0122378077358007
0.00685596698895097,0.00909006875008345,0.0143938018009067
-0.012318791821599,0.00695953983813524,0.00374115747399628
0.0143128167837858,0.0144163919612765,0.00267589301802218
0.00366017362102866,-0.0111499540507793,-0.0164988655596972
0.0015296449419111,0.0101553332060575,0.00480642216280103
0.000464380573248491,-0.00688889669254422,0.00267589301802218
0.010051759891212,-0.0111499540507793,-0.0186293944716454
-0.00166614807676524,0.005894276779145,0.00587168661877513
-0.00805773492902517,0.00376374716870487,0.00587168661877513
-0.00592720555141568,-0.00475836778059602,-0.00158516434021294
-0.00592720555141568,0.0048290123231709,-0.0026504285633564
0.0132475523278117,-0.0100846895948052,0.0111980075016618
-0.0240366999059916,-0.000497310247737914,-0.0037156930193305
0.0111170243471861,-0.0100846895948052,0.00267589301802218
0.000464380573248491,0.00909006875008345,-0.0143683375790715
0.00685596698895097,-0.00582363223657012,-0.0101072788238525
-0.0144493207335472,-0.0122152185067534,-0.0154336011037231
-0.00592720555141568,0.0101553332060575,0.0207853876054287
0.00685596698895097,-0.00795416068285704,0.00374115747399628
0.0015296449419111,-0.00262783886864781,-0.00584622146561742
0.00579070253297687,0.00909006875008345,-0.0026504285633564
0.00259490916505456,0.00802480429410934,0.030372766777873
-0.00912299938499928,-0.00901942513883114,-0.0026504285633564
0.0207044053822756,0.00163321837317199,-0.00691148592159152
0.00472543807700276,0.00163321837317199,-0.00158516434021294
-0.0101882629096508,-0.0239331275224686,0.00906747858971357
0.00792123097926378,0.0165469218045473,-0.00904201529920101
0.00259490916505456,-0.0154110118746758,0.00267589301802218
-0.00273141241632402,0.00909006875008345,-0.0026504285633564
0.0121822888031602,-0.00369310332462192,0.0218506529927254
-0.00060088379541412,0.00269848271273077,0.00161062914412469
-0.00592720555141568,-0.00262783886864781,-0.0228904522955418
0.00259490916505456,0.005894276779145,0.0154590662568808
0.0121822888031602,-0.0175415389239788,-0.00691148592159152
-0.00592720555141568,0.0101553332060575,-0.0164988655596972
-0.00166614807676524,-0.00475836778059602,-0.000519900000654161
0.000464380573248491,-0.00262783886864781,0.00267589301802218
0.000464380573248491,-0.00369310332462192,0.0101327430456877
-0.00273141241632402,-0.0143457474187017,-0.0037156930193305
-0.00486194109544158,0.00909006875008345,0.0175895970314741
0.000464380573248491,-0.00901942513883114,0.00693695107474923
-0.00273141241632402,-0.00262783886864781,-0.0164988655596972
0.0015296449419111,0.00163321837317199,0.01332853641361
-0.00166614807676524,-0.00688889669254422,-0.0175641290843487
-0.00060088379541412,-0.000497310247737914,0.0111980075016618
0.000464380573248491,0.0122858621180058,-0.0133030731230974
0.00472543807700276,-0.0132804829627275,-0.00691148592159152
-0.0112535273656249,0.000567954499274492,0.0122632719576359
-0.00805773492902517,0.00269848271273077,-0.00797675084322691
0.0132475523278117,0.00163321837317199,-0.0133030731230974
0.00579070253297687,0.0112205976620317,0.0101327430456877
0.00366017362102866,0.00802480429410934,-0.00158516434021294
-0.00060088379541412,0.005894276779145,-0.00904201529920101
-0.0261672288179398,-0.000497310247737914,0.0101327430456877
0.00472543807700276,-0.0111499540507793,-0.000519900000654161
-0.00486194109544158,0.0186774469912052,-0.0026504285633564
0.00792123097926378,-0.0249983929097652,0.00693695107474923
0.00259490916505456,-0.0164762753993273,0.00374115747399628
0.010051759891212,0.00163321837317199,-0.00691148592159152
-0.00699247000738978,0.0112205976620317,0.00374115747399628
-0.00592720555141568,-0.00582363223657012,0.00267589301802218
0.010051759891212,0.00269848271273077,-0.0143683375790715
0.0153780812397599,0.0101553332060575,-0.000519900000654161
-0.0112535273656249,-0.0100846895948052,-0.0037156930193305
0.0132475523278117,0.0144163919612765,0.0101327430456877
-0.00379667733795941,-0.00688889669254422,0.00906747858971357
-0.00805773492902517,0.005894276779145,-0.00584622146561742
0.0196391399949789,0.00802480429410934,-0.0111725432798266
-0.00592720555141568,-0.00688889669254422,0.00906747858971357
0.00259490916505456,-0.00688889669254422,0.01332853641361
0.00259490916505456,0.00163321837317199,0.00054536439711228
-0.00699247000738978,0.00269848271273077,-0.0037156930193305
-0.00166614807676524,0.00269848271273077,0.00267589301802218
-0.00379667733795941,0.00163321837317199,0.00054536439711228
-0.00486194109544158,-0.00369310332462192,-0.0143683375790715
0.000464380573248491,-0.00369310332462192,0.0186548586934805
-0.00166614807676524,-0.00475836778059602,-0.0111725432798266
0.00259490916505456,0.00376374716870487,0.00906747858971357
-0.00060088379541412,0.000567954499274492,-0.00584622146561742
-0.00379667733795941,-0.00582363223657012,-0.0101072788238525
-0.00592720555141568,0.005894276779145,0.0165243316441774
-0.00486194109544158,-0.00369310332462192,0.00693695107474923
0.0132475523278117,-0.00795416068285704,-0.0122378077358007
-0.00273141241632402,0.000567954499274492,-0.00904201529920101
-0.00166614807676524,0.00376374716870487,0.00161062914412469
0.0132475523278117,-0.0175415389239788,0.00374115747399628
-0.0133840562775731,0.00909006875008345,-0.0026504285633564
0.010051759891212,-0.0111499540507793,-0.0037156930193305
0.00685596698895097,-0.00262783886864781,-0.0037156930193305
-0.00379667733795941,0.000567954499274492,-0.00691148592159152
-0.00699247000738978,-0.00475836778059602,-0.0026504285633564
0.00259490916505456,-0.00582363223657012,0.00054536439711228
-0.012318791821599,-0.0111499540507793,-0.0047809574753046
-0.00273141241632402,0.0112205976620317,-0.00904201529920101
0.00579070253297687,-0.00795416068285704,-0.0037156930193305
0.0111170243471861,-0.00262783886864781,-0.0164988655596972
0.00259490916505456,0.00695953983813524,0.00693695107474923
0.000464380573248491,-0.00475836778059602,0.00587168661877513
-0.00273141241632402,-0.00156257464550436,-0.0026504285633564
0.0015296449419111,-0.000497310247737914,0.0122632719576359
0.0015296449419111,0.0101553332060575,-0.0026504285633564
-0.00273141241632402,0.00163321837317199,-0.0047809574753046
-0.00060088379541412,-0.00475836778059602,0.0154590662568808
0.00898649543523788,0.00269848271273077,0.0122632719576359
-0.00592720555141568,-0.00582363223657012,0.00800221413373947
0.00472543807700276,0.00695953983813524,0.00054536439711228
0.0015296449419111,-0.00901942513883114,0.00161062914412469
-0.00060088379541412,-0.0186068024486303,-0.00158516434021294
-0.0208409056067467,0.0165469218045473,0.0175895970314741
-0.00379667733795941,-0.0111499540507793,-0.0026504285633564
0.00366017362102866,0.0133511275053024,0.0101327430456877
-0.00805773492902517,0.00269848271273077,-0.0047809574753046
-0.00912299938499928,-0.00582363223657012,-0.0111725432798266
0.010051759891212,-0.00262783886864781,0.00480642216280103
0.00472543807700276,-0.000497310247737914,-0.00691148592159152
0.00579070253297687,0.0048290123231709,-0.0133030731230974
-0.00592720555141568,-0.00156257464550436,-0.00691148592159152
0.00366017362102866,0.0144163919612765,0.0143938018009067
0.00898649543523788,0.00163321837317199,-0.00584622146561742
0.00472543807700276,0.00163321837317199,-0.0133030731230974
-0.00912299938499928,-0.00688889669254422,0.00267589301802218
0.0111170243471861,-0.00156257464550436,-0.000519900000654161
-0.0133840562775731,-0.00795416068285704,-0.0207599233835936
-0.00379667733795941,0.000567954499274492,0.01332853641361
0.00685596698895097,0.00802480429410934,0.0101327430456877
-0.0112535273656249,0.00802480429410934,0.00267589301802218
0.00685596698895097,-0.00475836778059602,0.0122632719576359
0.00259490916505456,-0.00156257464550436,-0.000519900000654161
-0.00060088379541412,-0.0143457474187017,-0.00158516434021294
0.0153780812397599,0.00269848271273077,-0.0218251869082451
-0.00273141241632402,0.00376374716870487,0.00161062914412469
0.0132475523278117,-0.0154110118746758,0.01332853641361
0.00472543807700276,0.0229385048151016,-0.00584622146561742
-0.00379667733795941,-0.0249983929097652,0.00906747858971357
0.00259490916505456,-0.00369310332462192,-0.0164988655596972
-0.00699247000738978,0.00376374716870487,0.0154590662568808
0.00685596698895097,0.00376374716870487,-0.0228904522955418
0.0153780812397599,0.00376374716870487,-0.000519900000654161
-0.00273141241632402,-0.00369310332462192,-0.0026504285633564
0.0015296449419111,0.0122858621180058,0.0314380340278149
-0.00912299938499928,-0.0122152185067534,-0.0133030731230974
-0.00592720555141568,-0.0111499540507793,0.00587168661877513
0.00579070253297687,-0.00582363223657012,-0.00158516434021294
-0.00486194109544158,0.00376374716870487,0.00161062914412469
0.00685596698895097,0.000567954499274492,0.00800221413373947
0.0111170243471861,0.0133511275053024,-0.000519900000654161
-0.00379667733795941,-0.0175415389239788,0.00587168661877513
0.00259490916505456,-0.00262783886864781,-0.00158516434021294
-0.00592720555141568,-0.00369310332462192,-0.0101072788238525
-0.00166614807676524,-0.00901942513883114,-0.0111725432798266
-0.00273141241632402,0.00163321837317199,0.0250464454293251
0.000464380573248491,0.0112205976620317,-0.00158516434021294
-0.0133840562775731,-0.00156257464550436,0.0143938018009067
0.010051759891212,0.0048290123231709,-0.0196946579962969
-0.0144493207335472,-0.00475836778059602,-0.0037156930193305
-0.00166614807676524,-0.000497310247737914,-0.0133030731230974
-0.00912299938499928,-0.00688889669254422,0.00693695107474923
-0.00166614807676524,-0.000497310247737914,-0.0037156930193305
0.0121822888031602,-0.00369310332462192,-0.0133030731230974
0.0015296449419111,0.0122858621180058,0.00587168661877513
-0.00166614807676524,-0.00901942513883114,-0.0186293944716454
0.00579070253297687,-0.00262783886864781,0.0186548586934805
0.00366017362102866,0.00163321837317199,-0.0164988655596972
-0.00592720555141568,-0.0100846895948052,0.0250464454293251
-0.012318791821599,0.0154816564172506,0.00906747858971357
-0.00379667733795941,0.0101553332060575,0.00374115747399628
0.0015296449419111,-0.0122152185067534,-0.0047809574753046
-0.00805773492902517,0.0112205976620317,-0.0175641290843487
0.0121822888031602,-0.00901942513883114,-0.0026504285633564
0.00259490916505456,-0.0111499540507793,0.0122632719576359
-0.00273141241632402,0.0176121834665537,0.00374115747399628
-0.00166614807676524,0.00909006875008345,0.00693695107474923
0.0132475523278117,-0.00156257464550436,-0.0101072788238525
-0.00912299938499928,-0.00156257464550436,0.0282422378659248
0.00366017362102866,-0.00156257464550436,-0.0037156930193305
0.0015296449419111,0.00376374716870487,-0.000519900000654161
-0.00699247000738978,0.00376374716870487,-0.0101072788238525
0.0207044053822756,-0.00688889669254422,0.00693695107474923
-0.0197756439447403,0.0122858621180058,-0.0101072788238525
0.00472543807700276,-0.00582363223657012,-0.00904201529920101
-0.0112535273656249,0.00163321837317199,-0.0047809574753046
-0.00166614807676524,-0.00688889669254422,-0.0037156930193305
0.00579070253297687,-0.00688889669254422,0.00374115747399628
-0.00166614807676524,-0.00156257464550436,-0.0026504285633564
-0.00912299938499928,0.005894276779145,-0.0026504285633564
-0.00166614807676524,-0.0260636564344168,-0.0026504285633564
-0.00060088379541412,0.0048290123231709,-0.0101072788238525
-0.00592720555141568,0.0293300915509462,0.0165243316441774
0.0153780812397599,0.00695953983813524,-0.000519900000654161
-0.00166614807676524,-0.00369310332462192,0.00480642216280103
0.00685596698895097,0.000567954499274492,-0.00691148592159152
0.00259490916505456,0.00163321837317199,0.00054536439711228
0.00472543807700276,0.0144163919612765,-0.000519900000654161
-0.00592720555141568,-0.0175415389239788,0.00054536439711228
0.00792123097926378,0.00695953983813524,0.00693695107474923
-0.00592720555141568,-0.00795416068285704,-0.0111725432798266
-0.00379667733795941,-0.00688889669254422,0.00693695107474923
0.0111170243471861,-0.00156257464550436,-0.0207599233835936
-0.0101882629096508,0.0208079759031534,0.0186548586934805
-0.00912299938499928,-0.0132804829627275,0.01332853641361
0.00898649543523788,-0.0111499540507793,-0.0037156930193305
0.000464380573248491,0.005894276779145,0.00374115747399628
0.0132475523278117,0.0101553332060575,0.00054536439711228
-0.0101882629096508,-0.0175415389239788,-0.00584622146561742
-0.00379667733795941,-0.00156257464550436,0.0186548586934805
0.000464380573248491,0.00909006875008345,0.00161062914412469
-0.00912299938499928,0.00376374716870487,-0.0133030731230974
0.0153780812397599,0.0112205976620317,-0.0047809574753046
-0.0101882629096508,-0.0143457474187017,0.0122632719576359
0.00579070253297687,-0.00262783886864781,0.0101327430456877
0.00685596698895097,0.00802480429410934,0.00161062914412469
0.0015296449419111,0.000567954499274492,0.00161062914412469
0.00472543807700276,-0.0218025967478752,-0.0133030731230974
0.0121822888031602,0.0122858621180058,-0.00158516434021294
0.00685596698895097,-0.0207373313605785,-0.0154336011037231
-0.00379667733795941,0.0101553332060575,0.00374115747399628
0.0015296449419111,0.00695953983813524,0.00267589301802218
-0.0165798515081406,-0.00369310332462192,-0.00584622146561742
-0.00273141241632402,-0.00795416068285704,-0.0047809574753046
0.0121822888031602,-0.00156257464550436,-0.000519900000654161
-0.00912299938499928,0.00163321837317199,0.00800221413373947
0.0015296449419111,0.00269848271273077,-0.00691148592159152
0.00792123097926378,-0.00795416068285704,-0.0101072788238525
-0.00486194109544158,-0.00156257464550436,0.00374115747399628
0.00579070253297687,0.00163321837317199,0.00587168661877513
0.00898649543523788,-0.00156257464550436,0.0293075032532215
-0.00486194109544158,-0.0207373313605785,-0.00797675084322691
-0.00166614807676524,0.0048290123231709,-0.0047809574753046
-0.00592720555141568,0.00695953983813524,0.0143938018009067
0.00366017362102866,-0.00901942513883114,-0.0133030731230974
-0.0112535273656249,-0.00475836778059602,0.00906747858971357
0.000464380573248491,-0.000497310247737914,-0.0026504285633564
0.00898649543523788,0.00269848271273077,0.01332853641361
0.00792123097926378,-0.00688889669254422,-0.0186293944716454
-0.00592720555141568,0.00802480429410934,0.00587168661877513
-0.00166614807676524,-0.00262783886864781,-0.0122378077358007
0.00579070253297687,0.00376374716870487,0.00906747858971357
-0.0101882629096508,0.00802480429410934,-0.0133030731230974
-0.00379667733795941,-0.00156257464550436,0.00267589301802218
0.000464380573248491,0.00163321837317199,-0.0260862428694963
0.00366017362102866,-0.0100846895948052,0.0186548586934805
-0.00486194109544158,0.005894276779145,0.00693695107474923
0.0015296449419111,0.0048290123231709,0.00054536439711228
-0.00592720555141568,0.005894276779145,0.00693695107474923
-0.00592720555141568,0.00802480429410934,-0.0143683375790715
-0.00486194109544158,0.0048290123231709,-0.0122378077358007
-0.00805773492902517,0.00909006875008345,-0.00691148592159152
0.00366017362102866,-0.0186068024486303,0.00906747858971357
0.00366017362102866,-0.0132804829627275,-0.0122378077358007
-0.00486194109544158,0.005894276779145,-0.0164988655596972
0.00472543807700276,-0.00475836778059602,0.0197201240807772
-0.00486194109544158,-0.00262783886864781,-0.00584622146561742
0.00898649543523788,-0.00262783886864781,0.00374115747399628
0.000464380573248491,0.0165469218045473,0.00587168661877513
-0.00592720555141568,0.000567954499274492,-0.000519900000654161
0.0132475523278117,-0.0143457474187017,-0.00158516434021294
0.00472543807700276,0.000567954499274492,-0.0154336011037231
0.0153780812397599,0.0101553332060575,0.0229159165173769
-0.00486194109544158,-0.0122152185067534,-0.0164988655596972
-0.00273141241632402,0.0218732412904501,0.0101327430456877
-0.00273141241632402,0.00376374716870487,-0.00158516434021294
0.00685596698895097,-0.00475836778059602,-0.0175641290843487
0.000464380573248491,-0.00795416068285704,0.00161062914412469
0.00898649543523788,-0.00688889669254422,-0.0037156930193305
-0.00592720555141568,0.0133511275053024,-0.00904201529920101
0.0143128167837858,-0.0207373313605785,-0.0037156930193305
-0.0165798515081406,0.0229385048151016,0.00267589301802218
0.00579070253297687,-0.0100846895948052,-0.00158516434021294
0.00579070253297687,-0.00262783886864781,-0.0207599233835936
0.000464380573248491,-0.00582363223657012,-0.0186293944716454
-0.00805773492902517,0.00269848271273077,0.0282422378659248
-0.00166614807676524,-0.0100846895948052,-0.0026504285633564
-0.00060088379541412,0.0144163919612765,0.0122632719576359
0.00366017362102866,-0.0111499540507793,-0.00691148592159152
0.0185738764703274,0.0048290123231709,0.0122632719576359
-0.0314935520291328,0.0186774469912052,-0.0164988655596972
0.0175086110830307,0.0122858621180058,0.00800221413373947
-0.00379667733795941,-0.000497310247737914,-0.00584622146561742
0.00259490916505456,0.000567954499274492,0.0218506529927254
-0.00273141241632402,0.00802480429410934,-0.0175641290843487
0.00898649543523788,-0.00369310332462192,-0.0037156930193305
-0.00912299938499928,0.0122858621180058,0.0101327430456877
0.0217696689069271,-0.00901942513883114,-0.0186293944716454
0.00259490916505456,0.00376374716870487,0.0218506529927254
0.00366017362102866,0.0101553332060575,-0.027151508256793
-0.00805773492902517,0.0122858621180058,0.0122632719576359
-0.00060088379541412,-0.0154110118746758,-0.00158516434021294
-0.00379667733795941,0.0208079759031534,0.0143938018009067
-0.00379667733795941,-0.00475836778059602,-0.0111725432798266
0.00898649543523788,-0.0122152185067534,-0.00797675084322691
0.00259490916505456,-0.0122152185067534,0.00693695107474923
-0.0112535273656249,-0.00582363223657012,-0.0111725432798266
0.00685596698895097,-0.00688889669254422,-0.0037156930193305
0.0111170243471861,-0.00156257464550436,-0.00584622146561742
-0.00805773492902517,0.005894276779145,0.0293075032532215
0.00792123097926378,-0.000497310247737914,-0.0218251869082451
-0.0101882629096508,0.00802480429410934,0.0111980075016618
0.00259490916505456,-0.0111499540507793,0.00161062914412469
0.00259490916505456,0.00269848271273077,-0.0037156930193305
0.00898649543523788,0.005894276779145,0.0175895970314741
-0.00699247000738978,-0.0260636564344168,-0.0239557158201933
-0.0133840562775731,0.0048290123231709,-0.0026504285633564
0.00472543807700276,-0.0186068024486303,0.01332853641361
0.000464380573248491,-0.00582363223657012,0.00054536439711228
0.00366017362102866,0.0144163919612765,0.0143938018009067
0.00579070253297687,-0.00582363223657012,0.00374115747399628
0.00472543807700276,0.0112205976620317,0.0143938018009067
-0.0165798515081406,-0.00475836778059602,-0.0143683375790715
0.00366017362102866,0.00695953983813524,0.00906747858971357
0.0153780812397599,-0.000497310247737914,-0.0154336011037231
-0.00592720555141568,0.00802480429410934,0.00374115747399628
0.00259490916505456,0.00909006875008345,-0.000519900000654161
-0.0133840562775731,-0.00475836778059602,-0.0143683375790715
0.00259490916505456,-0.0111499540507793,0.00480642216280103
-0.00060088379541412,0.0133511275053024,-0.0122378077358007
0.00472543807700276,-0.000497310247737914,-0.0101072788238525
-0.012318791821599,-0.00901942513883114,0.0111980075016618
0.00472543807700276,-0.000497310247737914,0.00374115747399628
0.00792123097926378,-0.00475836778059602,0.00480642216280103
0.0015296449419111,0.0048290123231709,-0.00158516434021294
-0.0112535273656249,0.00695953983813524,-0.00904201529920101
-0.0187103785574436,0.000567954499274492,0.00480642216280103
0.0132475523278117,0.00802480429410934,0.00587168661877513
-0.0112535273656249,0.00802480429410934,0.00693695107474923
0.00472543807700276,-0.00156257464550436,0.0111980075016618
-0.00486194109544158,0.00163321837317199,-0.0047809574753046
0.010051759891212,0.00376374716870487,0.00054536439711228
-0.00805773492902517,0.0154816564172506,0.00374115747399628
0.00366017362102866,0.0133511275053024,-0.00158516434021294
-0.0101882629096508,-0.00688889669254422,-0.0111725432798266
-0.00592720555141568,-0.0132804829627275,0.00480642216280103
-0.00592720555141568,0.0144163919612765,0.00693695107474923
0.00898649543523788,0.00909006875008345,0.0314380340278149
-0.00592720555141568,-0.00475836778059602,-0.0196946579962969
-0.00060088379541412,-0.00688889669254422,-0.0047809574753046
-0.00379667733795941,-0.00475836778059602,0.00374115747399628
-0.00273141241632402,0.0133511275053024,-0.000519900000654161
-0.00166614807676524,0.00376374716870487,-0.00584622146561742
0.0015296449419111,-0.00156257464550436,-0.0143683375790715
0.000464380573248491,-0.0164762753993273,-0.00584622146561742
0.010051759891212,0.0101553332060575,0.00693695107474923
0.0015296449419111,0.00163321837317199,0.00374115747399628
0.000464380573248491,0.00163321837317199,0.00906747858971357
-0.00273141241632402,-0.00795416068285704,0.0143938018009067
0.00898649543523788,0.0133511275053024,-0.0207599233835936
0.00259490916505456,-0.00369310332462192,-0.0154336011037231
-0.00379667733795941,0.00376374716870487,0.00374115747399628
0.00366017362102866,-0.00156257464550436,-0.000519900000654161
-0.00805773492902517,0.00163321837317199,0.01332853641361
-0.00912299938499928,-0.00688889669254422,-0.0164988655596972
-0.00060088379541412,0.0144163919612765,0.00800221413373947
0.0015296449419111,-0.0132804829627275,0.00161062914412469
-0.00166614807676524,-0.00156257464550436,0.00161062914412469
0.010051759891212,0.000567954499274492,0.00054536439711228
0.00472543807700276,-0.00582363223657012,0.00374115747399628
-0.00699247000738978,0.0112205976620317,-0.0164988655596972
0.0015296449419111,0.00376374716870487,0.01332853641361
0.00472543807700276,0.00163321837317199,0.00054536439711228
-0.012318791821599,-0.00475836778059602,-0.0111725432798266
-0.00060088379541412,0.0048290123231709,-0.0101072788238525
-0.00273141241632402,0.00695953983813524,0.00587168661877513
0.0132475523278117,-0.000497310247737914,-0.000519900000654161
0.00579070253297687,0.00269848271273077,-0.0122378077358007
-0.00912299938499928,-0.00262783886864781,0.00800221413373947
0.016443345695734,0.0112205976620317,-0.00158516434021294
-0.0165798515081406,-0.00262783886864781,-0.0026504285633564
0.00366017362102866,-0.00688889669254422,0.0154590662568808
0.00259490916505456,-0.0164762753993273,-0.0346083603799343
-0.00379667733795941,0.00695953983813524,0.0175895970314741
-0.00592720555141568,0.00163321837317199,0.00906747858971357
0.0015296449419111,0.005894276779145,-0.0143683375790715
-0.00805773492902517,-0.000497310247737914,-0.00797675084322691
-0.00699247000738978,0.000567954499274492,0.00587168661877513
0.00366017362102866,-0.00901942513883114,0.0165243316441774
-0.00699247000738978,0.000567954499274492,0.0111980075016618
-0.0155145851895213,0.0101553332060575,-0.0047809574753046
-0.00699247000738978,-0.00901942513883114,0.00161062914412469
-0.00166614807676524,0.00802480429410934,0.0207853876054287
-0.00273141241632402,0.00163321837317199,-0.0026504285633564
-0.00805773492902517,-0.00475836778059602,-0.0207599233835936
0.0132475523278117,0.0101553332060575,0.0218506529927254
0.00472543807700276,-0.00901942513883114,-0.000519900000654161
0.00366017362102866,0.00695953983813524,0.00906747858971357
0.0121822888031602,-0.00156257464550436,-0.0111725432798266
-0.0176451150327921,0.00163321837317199,0.0111980075016618
-0.00379667733795941,0.005894276779145,-0.00584622146561742
-0.00912299938499928,0.00695953983813524,0.0154590662568808
-0.00060088379541412,0.00269848271273077,-0.0186293944716454
0.0143128167837858,0.00802480429410934,0.0207853876054287
0.00472543807700276,-0.00262783886864781,0.00906747858971357
-0.00699247000738978,0.00695953983813524,-0.0037156930193305
0.00685596698895097,-0.000497310247737914,0.00906747858971357
-0.00699247000738978,-0.0132804829627275,-0.0047809574753046
0.00259490916505456,0.0154816564172506,-0.00691148592159152
-0.00592720555141568,-0.00156257464550436,0.00161062914412469
0.00792123097926378,0.0165469218045473,-0.00904201529920101
-0.00805773492902517,0.0112205976620317,0.00161062914412469
0.0015296449419111,-0.00795416068285704,0.00800221413373947
-0.00486194109544158,-0.00475836778059602,0.0154590662568808
-0.00166614807676524,-0.0154110118746758,-0.0196946579962969
-0.012318791821599,0.00802480429410934,-0.0175641290843487
-0.00166614807676524,-0.00156257464550436,0.0111980075016618
0.00685596698895097,-0.00369310332462192,-0.00584622146561742
0.0175086110830307,-0.000497310247737914,0.0143938018009067
0.00366017362102866,0.0101553332060575,-0.0047809574753046
-0.00592720555141568,-0.00369310332462192,0.00054536439711228
0.000464380573248491,0.00695953983813524,0.00054536439711228
0.0015296449419111,0.00269848271273077,-0.0133030731230974
0.00579070253297687,-0.00262783886864781,-0.0133030731230974
0.00366017362102866,-0.0122152185067534,-0.00797675084322691
-0.012318791821599,-0.00582363223657012,0.00587168661877513
-0.00166614807676524,0.0154816564172506,-0.00691148592159152
-0.00379667733795941,0.0144163919612765,0.0346338264644146
-0.0101882629096508,0.00269848271273077,-0.0037156930193305
0.00366017362102866,0.000567954499274492,-0.0143683375790715
0.00259490916505456,-0.0111499540507793,0.00693695107474923
-0.00060088379541412,-0.00475836778059602,-0.0111725432798266
-0.00060088379541412,0.0048290123231709,-0.00584622146561742
-0.00805773492902517,0.0122858621180058,0.0186548586934805
0.00366017362102866,-0.00582363223657012,0.00054536439711228
0.00259490916505456,0.0101553332060575,0.00054536439711228
0.0175086110830307,0.000567954499274492,-0.00584622146561742
-0.00273141241632402,0.0112205976620317,-0.00158516434021294
-0.0229714345186949,0.00163321837317199,-0.0037156930193305
0.0207044053822756,-0.00369310332462192,0.00693695107474923
-0.00273141241632402,0.00376374716870487,0.00374115747399628
-0.00592720555141568,0.00802480429410934,0.00054536439711228
0.00366017362102866,-0.00475836778059602,-0.00158516434021294
0.00366017362102866,0.00269848271273077,0.00054536439711228
0.00366017362102866,0.00802480429410934,-0.00904201529920101
0.000464380573248491,-0.00262783886864781,-0.0164988655596972
-0.00805773492902517,-0.000497310247737914,0.00800221413373947
0.010051759891212,0.0133511275053024,-0.0047809574753046
-0.00060088379541412,-0.00262783886864781,0.00587168661877513
-0.0187103785574436,-0.0186068024486303,-0.0037156930193305
0.00579070253297687,0.0101553332060575,0.00800221413373947
-0.00486194109544158,-0.00262783886864781,0.0186548586934805
0.00898649543523788,0.005894276779145,-0.0122378077358007
-0.0176451150327921,-0.0111499540507793,0.0229159165173769
0.00579070253297687,0.005894276779145,0.00906747858971357
-0.012318791821599,0.0186774469912052,-0.0026504285633564
0.00898649543523788,-0.00795416068285704,0.00054536439711228
-0.0112535273656249,0.0112205976620317,-0.00584622146561742
0.000464380573248491,-0.00156257464550436,0.00374115747399628
0.00472543807700276,-0.000497310247737914,-0.0218251869082451
0.00366017362102866,-0.000497310247737914,0.00161062914412469
0.000464380573248491,0.00163321837317199,0.00267589301802218
0.00259490916505456,-0.00475836778059602,0.00374115747399628
-0.00699247000738978,-0.00156257464550436,0.00480642216280103
0.0185738764703274,-0.0143457474187017,-0.0037156930193305
-0.00699247000738978,0.0197427123785019,0.00480642216280103
-0.00805773492902517,0.00909006875008345,-0.0047809574753046
0.0111170243471861,-0.00795416068285704,0.0175895970314741
-0.00699247000738978,0.00376374716870487,-0.0175641290843487
0.00472543807700276,0.0122858621180058,0.00587168661877513
-0.00379667733795941,0.0133511275053024,-0.0037156930193305
-0.00592720555141568,-0.00901942513883114,-0.00904201529920101
-0.00060088379541412,-0.00369310332462192,-0.00584622146561742
-0.00166614807676524,0.00802480429410934,-0.0218251869082451
0.00472543807700276,-0.00156257464550436,0.0186548586934805
0.0121822888031602,0.00163321837317199,-0.037804152816534
-0.0112535273656249,0.0112205976620317,0.0197201240807772
0.00259490916505456,0.005894276779145,0.00800221413373947
-0.0144493207335472,-0.00369310332462192,0.00374115747399628
0.000464380573248491,-0.0100846895948052,0.01332853641361
-0.0197756439447403,-0.00582363223657012,-0.0186293944716454
-0.00486194109544158,0.0112205976620317,0.0207853876054287
0.000464380573248491,0.0112205976620317,-0.0037156930193305
0.000464380573248491,0.0048290123231709,0.00480642216280103
-0.00699247000738978,-0.00369310332462192,-0.00797675084322691
0.00259490916505456,-0.000497310247737914,0.0154590662568808
0.00579070253297687,0.00163321837317199,-0.00158516434021294
0.00792123097926378,0.000567954499274492,0.0186548586934805
-0.0133840562775731,-0.00901942513883114,0.00693695107474923
0.0175086110830307,0.0165469218045473,-0.00904201529920101
-0.0133840562775731,0.0176121834665537,0.00161062914412469
-0.00486194109544158,-0.00582363223657012,0.00267589301802218
0.0121822888031602,-0.0100846895948052,-0.0260862428694963
-0.00592720555141568,-0.00582363223657012,0.0111980075016618
0.0196391399949789,-0.00156257464550436,-0.027151508256793
0.000464380573248491,-0.0175415389239788,0.00161062914412469
-0.00699247000738978,-0.00156257464550436,-0.00797675084322691
0.00898649543523788,0.000567954499274492,0.00693695107474923
-0.0219061709940433,0.00163321837317199,0.00587168661877513
0.0143128167837858,0.00909006875008345,-0.0196946579962969
0.010051759891212,-0.00475836778059602,-0.000519900000654161
0.00259490916505456,-0.00688889669254422,0.00693695107474923
-0.00699247000738978,-0.000497310247737914,-0.00904201529920101
-0.00805773492902517,0.0154816564172506,0.00054536439711228
-0.00699247000738978,-0.0100846895948052,-0.0047809574753046
0.0153780812397599,-0.00156257464550436,0.0101327430456877
-0.0155145851895213,-0.0111499540507793,0.0111980075016618
0.00792123097926378,0.00802480429410934,-0.00584622146561742
0.00366017362102866,-0.022867863997817,-0.000519900000654161
-0.0176451150327921,0.00163321837317199,-0.0047809574753046
-0.00166614807676524,0.00376374716870487,-0.0101072788238525
-0.0112535273656249,0.00802480429410934,0.0175895970314741
0.00366017362102866,0.0176121834665537,0.00374115747399628
0.0153780812397599,-0.0122152185067534,0.00906747858971357
0.000464380573248491,0.00163321837317199,-0.00584622146561742
-0.0208409056067467,-0.00582363223657012,-0.000519900000654161
0.00685596698895097,-0.0100846895948052,0.00800221413373947
0.00898649543523788,-0.00262783886864781,-0.0122378077358007
0.00259490916505456,0.0101553332060575,-0.0037156930193305
-0.0144493207335472,-0.0186068024486303,-0.0026504285633564
-0.00060088379541412,0.0122858621180058,0.00800221413373947
0.000464380573248491,0.0101553332060575,-0.0122378077358007
-0.00592720555141568,0.00802480429410934,0.0122632719576359
0.0121822888031602,0.00376374716870487,0.00054536439711228
0.000464380573248491,-0.00901942513883114,-0.0047809574753046
0.0015296449419111,-0.0122152185067534,0.00161062914412469
0.000464380573248491,0.0218732412904501,0.00374115747399628
-0.0133840562775731,-0.00901942513883114,-0.0122378077358007
0.0015296449419111,-0.00262783886864781,0.00054536439711228
0.0015296449419111,-0.00156257464550436,0.00161062914412469
0.0015296449419111,-0.00369310332462192,0.00054536439711228
-0.00912299938499928,-0.00688889669254422,-0.0260862428694963
-0.00166614807676524,0.0144163919612765,-0.0037156930193305
0.00792123097926378,-0.00688889669254422,-0.0026504285633564
-0.00166614807676524,0.0154816564172506,0.0261117089539766
0.00792123097926378,-0.00901942513883114,-0.000519900000654161
0.00366017362102866,0.00695953983813524,-0.0260862428694963
-0.00699247000738978,0.0176121834665537,0.00480642216280103
0.0185738764703274,-0.0154110118746758,-0.0047809574753046
0.00685596698895097,-0.0100846895948052,0.00587168661877513
0.00898649543523788,-0.00156257464550436,-0.0133030731230974
-0.0165798515081406,0.00269848271273077,0.0175895970314741
0.0132475523278117,-0.00262783886864781,-0.0101072788238525
0.00366017362102866,0.00909006875008345,-0.0026504285633564
0.0153780812397599,0.00163321837317199,0.0207853876054287
-0.00379667733795941,0.000567954499274492,-0.00797675084322691
0.000464380573248491,-0.0143457474187017,-0.00797675084322691
0.0153780812397599,-0.00688889669254422,-0.0282167717814445
-0.0176451150327921,0.0165469218045473,0.0314380340278149
0.00472543807700276,0.00376374716870487,-0.02502098120749
0.00366017362102866,-0.00369310332462192,0.00693695107474923
-0.00699247000738978,0.0048290123231709,-0.0037156930193305
-0.00486194109544158,-0.000497310247737914,-0.00584622146561742
-0.0112535273656249,0.00163321837317199,-0.0037156930193305
0.0015296449419111,0.00695953983813524,0.0229159165173769
-0.00486194109544158,-0.0218025967478752,0.00800221413373947
-0.00060088379541412,-0.00369310332462192,-0.027151508256793
0.000464380573248491,0.0165469218045473,0.00480642216280103
0.0015296449419111,-0.00156257464550436,-0.0037156930193305
-0.00379667733795941,-0.0154110118746758,-0.000519900000654161
-0.00273141241632402,0.0144163919612765,-0.000519900000654161
0.0015296449419111,0.00269848271273077,0.0101327430456877
0.00685596698895097,0.00269848271273077,0.00800221413373947
-0.00273141241632402,0.00269848271273077,-0.032477829605341
-0.0133840562775731,0.00695953983813524,0.0101327430456877
0.00685596698895097,-0.00688889669254422,-0.0239557158201933
0.00898649543523788,0.005894276779145,0.00693695107474923
-0.00592720555141568,-0.00901942513883114,-0.0154336011037231
0.00259490916505456,0.00695953983813524,0.00480642216280103
-0.0187103785574436,0.0101553332060575,0.00267589301802218
0.000464380573248491,-0.0100846895948052,-0.0154336011037231
0.000464380573248491,-0.0143457474187017,-0.0037156930193305
-0.00273141241632402,0.00163321837317199,-0.0037156930193305
0.00259490916505456,-0.0111499540507793,-0.0122378077358007
-0.00912299938499928,0.0197427123785019,0.00374115747399628
-0.00060088379541412,-0.0122152185067534,-0.0196946579962969
-0.00166614807676524,-0.00156257464550436,-0.0207599233835936
-0.00166614807676524,-0.00475836778059602,0.00161062914412469
-0.00699247000738978,0.00695953983813524,-0.0122378077358007
-0.00592720555141568,-0.0132804829627275,0.01332853641361
0.0132475523278117,-0.00582363223657012,-0.00584622146561742
-0.00912299938499928,-0.00156257464550436,-0.00691148592159152
-0.00379667733795941,0.00695953983813524,0.0229159165173769
0.00366017362102866,-0.00582363223657012,-0.0175641290843487
0.0015296449419111,0.00163321837317199,0.00267589301802218
-0.00273141241632402,0.00376374716870487,0.00374115747399628
0.010051759891212,0.00269848271273077,-0.0111725432798266
-0.00379667733795941,-0.00475836778059602,0.01332853641361
0.0015296449419111,-0.00475836778059602,-0.0207599233835936
-0.0155145851895213,0.00695953983813524,0.0143938018009067
0.00685596698895097,-0.000497310247737914,0.00374115747399628
-0.0155145851895213,0.005894276779145,0.00800221413373947
0.00898649543523788,0.0101553332060575,-0.0111725432798266
-0.0112535273656249,-0.00795416068285704,0.01332853641361
0.0015296449419111,-0.000497310247737914,0.00906747858971357
0.010051759891212,0.000567954499274492,0.0143938018009067
-0.00166614807676524,0.0112205976620317,-0.0037156930193305
0.00472543807700276,0.005894276779145,0.0175895970314741
0.000464380573248491,-0.00475836778059602,-0.0196946579962969
-0.00273141241632402,0.00163321837317199,0.0207853876054287
-0.012318791821599,-0.0164762753993273,-0.00691148592159152
0.00472543807700276,0.0112205976620317,0.00480642216280103
0.00366017362102866,-0.00795416068285704,-0.00691148592159152
0.0196391399949789,-0.00156257464550436,-0.0047809574753046
0.00472543807700276,-0.00688889669254422,-0.0164988655596972
0.00259490916505456,0.00909006875008345,-0.000519900000654161
0.00472543807700276,-0.00369310332462192,0.00480642216280103
-0.0187103785574436,0.00695953983813524,0.01332853641361
0.00792123097926378,0.00269848271273077,-0.027151508256793
0.0153780812397599,0.0208079759031534,-0.00158516434021294
-0.0112535273656249,-0.0164762753993273,-0.00797675084322691
-0.00060088379541412,0.00695953983813524,-0.00797675084322691
0.00579070253297687,0.0101553332060575,0.00587168661877513
-0.0112535273656249,-0.0122152185067534,0.00054536439711228
0.00579070253297687,0.00269848271273077,-0.00797675084322691
-0.00273141241632402,-0.00156257464550436,-0.0133030731230974
-0.0144493207335472,0.00163321837317199,0.01332853641361
-0.00273141241632402,0.0133511275053024,-0.00158516434021294
-0.00166614807676524,-0.000497310247737914,-0.0037156930193305
-0.00912299938499928,0.005894276779145,-0.00797675084322691
0.00685596698895097,0.0112205976620317,0.0229159165173769
-0.00805773492902517,-0.0122152185067534,-0.00691148592159152
0.00472543807700276,-0.00901942513883114,0.0154590662568808
0.000464380573248491,-0.00475836778059602,-0.0175641290843487
0.00472543807700276,0.00163321837317199,0.00161062914412469
0.00366017362102866,-0.00369310332462192,0.00693695107474923
-0.0133840562775731,0.0240037702023983,0.00587168661877513
0.0111170243471861,0.0048290123231709,0.01332853641361
0.0153780812397599,0.0122858621180058,-0.0154336011037231
-0.012318791821599,-0.00475836778059602,-0.00584622146561742
0.00259490916505456,-0.00582363223657012,0.00906747858971357
0.00472543807700276,-0.00262783886864781,0.0111980075016618
-0.00805773492902517,0.00909006875008345,0.00374115747399628
-0.00592720555141568,-0.00156257464550436,-0.0133030731230974
0.00898649543523788,0.0144163919612765,0.00374115747399628
-0.00166614807676524,-0.00901942513883114,0.00693695107474923
0.0196391399949789,0.00269848271273077,0.0207853876054287
0.000464380573248491,-0.0100846895948052,-0.0282167717814445
-0.0112535273656249,0.0197427123785019,0.0335685648024082
-0.00166614807676524,-0.00262783886864781,-0.000519900000654161
0.00685596698895097,-0.0132804829627275,-0.0026504285633564
-0.00060088379541412,0.00695953983813524,-0.00158516434021294
-0.00486194109544158,-0.00475836778059602,0.0154590662568808
0.000464380573248491,-0.0122152185067534,-0.0154336011037231
-0.00060088379541412,0.005894276779145,0.01332853641361
0.0175086110830307,0.00269848271273077,-0.0239557158201933
-0.00699247000738978,0.0112205976620317,0.0143938018009067
-0.00273141241632402,-0.00156257464550436,-0.0186293944716454
0.00259490916505456,0.00376374716870487,-0.0143683375790715
-0.00060088379541412,-0.00901942513883114,0.0154590662568808
0.010051759891212,0.00376374716870487,-0.00797675084322691
-0.0101882629096508,-0.00156257464550436,0.0111980075016618
-0.00060088379541412,0.00376374716870487,0.00906747858971357
0.0153780812397599,-0.019672067835927,-0.0047809574753046
-0.0208409056067467,0.00909006875008345,-0.0154336011037231
0.016443345695734,-0.0186068024486303,-0.00584622146561742
0.00366017362102866,-0.00156257464550436,-0.00904201529920101
-0.00592720555141568,0.0101553332060575,-0.000519900000654161
-0.00166614807676524,-0.00795416068285704,0.0143938018009067
-0.00699247000738978,0.00802480429410934,-0.00584622146561742
0.00259490916505456,-0.0111499540507793,-0.0175641290843487
0.00685596698895097,0.000567954499274492,-0.0111725432798266
-0.0133840562775731,0.00269848271273077,0.0143938018009067
-0.00486194109544158,-0.0154110118746758,0.00800221413373947
-0.00486194109544158,0.0122858621180058,-0.00584622146561742
0.00898649543523788,-0.0100846895948052,-0.0037156930193305
-0.00805773492902517,0.000567954499274492,0.00800221413373947
0.010051759891212,0.00802480429410934,-0.0111725432798266
-0.00912299938499928,-0.0260636564344168,-0.00797675084322691
0.000464380573248491,0.005894276779145,0.0207853876054287
0.016443345695734,-0.00688889669254422,-0.0260862428694963
-0.00912299938499928,0.00909006875008345,0.00693695107474923
0.0015296449419111,-0.00475836778059602,-0.0026504285633564
0.0015296449419111,-0.00688889669254422,-0.0026504285633564
0.0015296449419111,0.0250690337270498,-0.0175641290843487
0.010051759891212,-0.0111499540507793,0.00693695107474923
0.00898649543523788,0.00163321837317199,0.00693695107474923
-0.0133840562775731,-0.0143457474187017,0.00587168661877513
-0.0144493207335472,0.00163321837317199,-0.0143683375790715
0.0143128167837858,-0.00688889669254422,-0.0047809574753046
-0.00912299938499928,0.0112205976620317,-0.0122378077358007
0.010051759891212,0.00163321837317199,-0.00797675084322691
-0.00912299938499928,0.00909006875008345,0.01332853641361
0.00792123097926378,-0.000497310247737914,0.00161062914412469
0.00792123097926378,-0.00795416068285704,-0.00691148592159152
-0.00699247000738978,0.00163321837317199,0.00800221413373947
0.000464380573248491,-0.00901942513883114,-0.0196946579962969
0.000464380573248491,-0.00475836778059602,0.00587168661877513
0.00898649543523788,0.00802480429410934,0.00480642216280103
-0.00273141241632402,0.00269848271273077,-0.00691148592159152
-0.00486194109544158,-0.0218025967478752,-0.00584622146561742
-0.00486194109544158,0.0154816564172506,-0.00158516434021294
-0.00912299938499928,0.00163321837317199,0.00800221413373947
0.00259490916505456,-0.0186068024486303,-0.0111725432798266
-0.00379667733795941,0.0133511275053024,-0.000519900000654161
0.00792123097926378,0.000567954499274492,-0.0101072788238525
-0.00912299938499928,-0.000497310247737914,0.0101327430456877
0.0111170243471861,-0.00688889669254422,0.00800221413373947
-0.0261672288179398,0.000567954499274492,-0.00797675084322691
0.00259490916505456,0.0112205976620317,-0.00797675084322691
-0.00060088379541412,0.000567954499274492,0.00374115747399628
-0.00166614807676524,-0.0100846895948052,0.00054536439711228
-0.00273141241632402,-0.00156257464550436,-0.00158516434021294
-0.00273141241632402,0.00376374716870487,0.00587168661877513
-0.00379667733795941,0.005894276779145,-0.0164988655596972
-0.012318791821599,0.00163321837317199,0.0101327430456877
0.00472543807700276,-0.00156257464550436,-0.0047809574753046
0.00685596698895097,-0.0186068024486303,-0.0143683375790715
-0.00486194109544158,0.00163321837317199,-0.00584622146561742
-0.00486194109544158,-0.0122152185067534,0.00054536439711228
-0.00273141241632402,0.00376374716870487,0.0282422378659248
-0.00273141241632402,0.00376374716870487,0.0165243316441774
0.0015296449419111,-0.00369310332462192,-0.0143683375790715
0.00685596698895097,-0.0132804829627275,-0.0037156930193305
0.000464380573248491,0.0240037702023983,0.00906747858971357
0.00792123097926378,-0.0164762753993273,0.00161062914412469
-0.0112535273656249,0.00802480429410934,-0.0111725432798266
0.00259490916505456,-0.00475836778059602,0.00054536439711228
-0.00805773492902517,0.000567954499274492,0.00054536439711228
-0.00166614807676524,0.000567954499274492,0.00906747858971357
0.010051759891212,0.0197427123785019,-0.0101072788238525
-0.0155145851895213,-0.00795416068285704,0.00374115747399628
0.00898649543523788,-0.00156257464550436,-0.00691148592159152
0.0121822888031602,-0.00582363223657012,-0.0026504285633564
-0.00060088379541412,0.0154816564172506,-0.0037156930193305
-0.00592720555141568,0.000567954499274492,-0.0133030731230974
0.00472543807700276,-0.00582363223657012,0.0186548586934805
-0.00912299938499928,-0.0186068024486303,0.0122632719576359
-0.00273141241632402,0.0208079759031534,-0.00584622146561742
0.00472543807700276,-0.00795416068285704,0.00906747858971357
0.000464380573248491,0.00269848271273077,-0.0154336011037231
-0.00486194109544158,0.0122858621180058,-0.0101072788238525
-0.0187103785574436,0.00802480429410934,0.0186548586934805
0.0015296449419111,-0.00688889669254422,-0.00691148592159152
0.0175086110830307,0.0208079759031534,0.00374115747399628
-0.0155145851895213,0.00269848271273077,-0.0154336011037231
0.0111170243471861,-0.0154110118746758,0.0111980075016618
0.00472543807700276,0.0154816564172506,-0.0207599233835936
-0.00805773492902517,-0.0143457474187017,-0.00691148592159152
0.00685596698895097,0.00163321837317199,0.0207853876054287
0.00685596698895097,0.00802480429410934,-0.00904201529920101
-0.0144493207335472,-0.00795416068285704,-0.0047809574753046
0.0143128167837858,-0.00795416068285704,0.00054536439711228
-0.00592720555141568,0.005894276779145,0.00800221413373947
0.00898649543523788,0.005894276779145,-0.0047809574753046
0.00792123097926378,0.005894276779145,0.0314380340278149
-0.012318791821599,-0.0132804829627275,-0.0154336011037231
0.0185738764703274,0.00695953983813524,-0.02502098120749
-0.00166614807676524,0.00376374716870487,0.0261117089539766
-0.00486194109544158,0.00376374716870487,0.01332853641361
0.00579070253297687,0.00269848271273077,0.00267589301802218
-0.00273141241632402,-0.00795416068285704,0.00054536439711228
-0.0240366999059916,0.000567954499274492,0.00054536439711228
0.0132475523278117,0.00163321837317199,0.00480642216280103
-0.012318791821599,-0.00901942513883114,-0.0026504285633564
-0.0112535273656249,-0.00688889669254422,0.00587168661877513
0.0121822888031602,0.00163321837317199,-0.00691148592159152
0.0121822888031602,-0.0132804829627275,0.00800221413373947
-0.00805773492902517,0.0112205976620317,0.00267589301802218
0.0015296449419111,0.00802480429410934,-0.000519900000654161
0.00579070253297687,-0.000497310247737914,0.00587168661877513
0.00579070253297687,0.00909006875008345,-0.0037156930193305
-0.0101882629096508,-0.0100846895948052,-0.00691148592159152
0.00898649543523788,0.00909006875008345,0.01332853641361
0.010051759891212,0.0112205976620317,0.0111980075016618
-0.00166614807676524,-0.00582363223657012,-0.00797675084322691
-0.0101882629096508,-0.00901942513883114,-0.0154336011037231
0.0015296449419111,0.0112205976620317,0.0218506529927254
0.016443345695734,0.00695953983813524,0.00693695107474923
-0.00592720555141568,0.0144163919612765,-0.0047809574753046
-0.00699247000738978,-0.00582363223657012,-0.00904201529920101
-0.0208409056067467,-0.00369310332462192,-0.000519900000654161
0.00579070253297687,0.0240037702023983,0.00800221413373947
-0.00379667733795941,0.00269848271273077,-0.00904201529920101
0.000464380573248491,-0.0100846895948052,0.00906747858971357
0.010051759891212,0.00802480429410934,0.0154590662568808
-0.0101882629096508,-0.00795416068285704,0.00161062914412469
-0.00592720555141568,0.0186774469912052,0.00161062914412469
-0.00592720555141568,-0.00901942513883114,-0.0037156930193305
0.0185738764703274,-0.00369310332462192,0.00161062914412469
0.0015296449419111,0.0101553332060575,0.00800221413373947
-0.00166614807676524,-0.00475836778059602,0.00480642216280103
-0.00166614807676524,0.0101553332060575,-0.00584622146561742
-0.00273141241632402,0.00802480429410934,0.0143938018009067
0.0015296449419111,0.0186774469912052,0.00693695107474923
-0.0144493207335472,-0.00688889669254422,0.00480642216280103
-0.00273141241632402,0.00802480429410934,-0.0026504285633564
-0.0112535273656249,0.00269848271273077,0.0197201240807772
0.00898649543523788,-0.0175415389239788,-0.0207599233835936
0.00685596698895097,0.00802480429410934,0.00587168661877513
0.00579070253297687,-0.0239331275224686,-0.00158516434021294
0.0111170243471861,0.0208079759031534,0.0293075032532215
-0.00699247000738978,-0.000497310247737914,0.00161062914412469
0.00898649543523788,0.0218732412904501,-0.0101072788238525
0.00792123097926378,-0.0207373313605785,0.0143938018009067
0.00472543807700276,0.0144163919612765,0.00587168661877513
-0.0133840562775731,0.00269848271273077,-0.00797675084322691
0.010051759891212,-0.0132804829627275,0.00054536439711228
-0.00592720555141568,0.00695953983813524,0.0122632719576359
-0.00166614807676524,-0.0111499540507793,-0.0207599233835936
0.00898649543523788,-0.00582363223657012,-0.0026504285633564
-0.00060088379541412,-0.0207373313605785,-0.0154336011037231
0.00259490916505456,0.00909006875008345,0.0122632719576359
0.00792123097926378,0.0048290123231709,0.0101327430456877
0.00792123097926378,0.005894276779145,0.00693695107474923
-0.00379667733795941,0.0048290123231709,-0.000519900000654161
-0.0101882629096508,-0.00475836778059602,0.0122632719576359
0.016443345695734,0.00909006875008345,-0.00904201529920101
-0.0101882629096508,-0.0143457474187017,-0.0026504285633564
0.00366017362102866,0.0144163919612765,0.0122632719576359
0.00685596698895097,-0.0122152185067534,-0.0239557158201933
-0.0144493207335472,0.00163321837317199,0.0175895970314741
-0.00060088379541412,0.005894276779145,-0.0154336011037231
-0.00805773492902517,-0.00901942513883114,0.0154590662568808
-0.00486194109544158,0.00909006875008345,0.0122632719576359
0.00472543807700276,0.0186774469912052,0.00480642216280103
-0.00486194109544158,-0.00475836778059602,0.0111980075016618
0.0143128167837858,0.00163321837317199,-0.00691148592159152
-0.00592720555141568,0.00163321837317199,0.0101327430456877
-0.00486194109544158,0.000567954499274492,-0.00691148592159152
0.000464380573248491,-0.0218025967478752,-0.000519900000654161
-0.00486194109544158,0.0154816564172506,-0.0154336011037231
0.0132475523278117,-0.00688889669254422,0.00374115747399628
-0.0187103785574436,-0.0100846895948052,0.0111980075016618
0.000464380573248491,0.00909006875008345,-0.0207599233835936
-0.00805773492902517,-0.00688889669254422,0.0271769743412733
-0.00273141241632402,0.005894276779145,-0.0026504285633564
0.0143128167837858,-0.0154110118746758,-0.00797675084322691
-0.00912299938499928,0.0133511275053024,0.00587168661877513
-0.0112535273656249,-0.0132804829627275,0.00374115747399628
0.00685596698895097,0.00163321837317199,0.0122632719576359
-0.0155145851895213,0.00909006875008345,-0.0133030731230974
0.000464380573248491,0.00376374716870487,-0.0037156930193305
0.00366017362102866,-0.000497310247737914,0.0218506529927254
0.000464380573248491,0.00376374716870487,-0.00691148592159152
0.010051759891212,0.0133511275053024,0.00800221413373947
-0.00699247000738978,-0.00901942513883114,-0.00904201529920101
-0.00699247000738978,-0.00795416068285704,-0.00691148592159152
0.0143128167837858,0.0144163919612765,0.0218506529927254
-0.0144493207335472,0.0112205976620317,-0.0154336011037231
0.00366017362102866,0.005894276779145,0.0154590662568808
0.0153780812397599,-0.00901942513883114,-0.0026504285633564
-0.0101882629096508,0.0101553332060575,0.00800221413373947
0.0015296449419111,-0.0122152185067534,0.00480642216280103
-0.0101882629096508,0.0208079759031534,0.0111980075016618
-0.00699247000738978,0.0101553332060575,0.00267589301802218
0.000464380573248491,0.00269848271273077,-0.00158516434021294
0.0015296449419111,0.0154816564172506,0.00161062914412469
0.00366017362102866,-0.0207373313605785,0.00374115747399628
0.000464380573248491,0.00163321837317199,-0.00691148592159152
-0.00273141241632402,0.005894276779145,-0.0228904522955418
-0.0155145851895213,-0.00156257464550436,0.00587168661877513
-0.00166614807676524,0.005894276779145,0.00906747858971357
0.00259490916505456,-0.00582363223657012,0.00906747858971357
0.00472543807700276,0.00269848271273077,-0.0026504285633564
0.00792123097926378,0.0154816564172506,0.01332853641361
0.00472543807700276,0.0112205976620317,-0.0122378077358007
-0.00699247000738978,0.000567954499274492,0.00054536439711228
0.00259490916505456,-0.0143457474187017,-0.0037156930193305
-0.00699247000738978,0.00695953983813524,-0.0122378077358007
0.00579070253297687,0.0122858621180058,-0.00158516434021294
-0.00379667733795941,0.00376374716870487,0.01332853641361
-0.00060088379541412,0.00269848271273077,-0.0133030731230974
-0.0165798515081406,-0.0132804829627275,-0.0101072788238525
0.00472543807700276,0.0208079759031534,0.00054536439711228
-0.00805773492902517,-0.00475836778059602,-0.00904201529920101
-0.00805773492902517,0.00163321837317199,0.0101327430456877
0.016443345695734,-0.00369310332462192,0.0101327430456877
-0.0187103785574436,-0.00262783886864781,-0.00691148592159152
0.0153780812397599,0.00163321837317199,-0.00584622146561742
-0.00379667733795941,0.00909006875008345,0.00267589301802218
0.0121822888031602,0.00909006875008345,-0.00691148592159152
-0.0176451150327921,-0.00688889669254422,0.00800221413373947
-0.00699247000738978,0.00376374716870487,0.00374115747399628
0.0121822888031602,-0.0100846895948052,-0.0218251869082451
-0.012318791821599,0.0218732412904501,0.0101327430456877
0.0015296449419111,-0.019672067835927,-0.0037156930193305
0.0196391399949789,-0.0100846895948052,-0.00904201529920101
-0.0133840562775731,0.000567954499274492,0.0197201240807772
0.00685596698895097,0.005894276779145,-0.0143683375790715
0.00259490916505456,-0.00369310332462192,0.00054536439711228
0.0015296449419111,-0.00582363223657012,0.00480642216280103
-0.00592720555141568,0.00695953983813524,-0.0047809574753046
-0.00592720555141568,-0.00262783886864781,-0.00158516434021294
-0.00379667733795941,0.0122858621180058,0.0122632719576359
0.00366017362102866,-0.0260636564344168,-0.0037156930193305
-0.00592720555141568,0.00695953983813524,0.00161062914412469
-0.00060088379541412,0.00269848271273077,0.00480642216280103
-0.0208409056067467,-0.00901942513883114,-0.00584622146561742
0.000464380573248491,0.0048290123231709,-0.00797675084322691
0.0015296449419111,-0.00795416068285704,0.00906747858971357
-0.00060088379541412,0.0048290123231709,0.0101327430456877
0.00472543807700276,-0.00795416068285704,-0.0133030731230974
0.0015296449419111,-0.00262783886864781,-0.0143683375790715
-0.00805773492902517,-0.00156257464550436,0.00693695107474923
-0.00060088379541412,-0.00688889669254422,-0.00797675084322691
0.00792123097926378,0.00376374716870487,0.00693695107474923
0.00259490916505456,-0.00262783886864781,-0.000519900000654161
0.00366017362102866,0.00269848271273077,0.00800221413373947
-0.00166614807676524,-0.00901942513883114,-0.0154336011037231
0.000464380573248491,-0.0111499540507793,-0.0101072788238525
0.00685596698895097,-0.00901942513883114,-0.00158516434021294
-0.00379667733795941,-0.00688889669254422,0.00906747858971357
0.00685596698895097,0.00376374716870487,0.00054536439711228
0.00579070253297687,-0.00582363223657012,0.00906747858971357
0.000464380573248491,0.00269848271273077,0.0154590662568808
-0.00166614807676524,-0.0100846895948052,0.00374115747399628
0.00685596698895097,0.005894276779145,-0.0314125642180443
-0.0176451150327921,-0.00688889669254422,0.00054536439711228
0.000464380573248491,-0.0186068024486303,-0.00691148592159152
-0.00912299938499928,-0.00475836778059602,0.00161062914412469
0.000464380573248491,0.0197427123785019,0.00054536439711228
-0.00912299938499928,-0.00369310332462192,0.00587168661877513
0.00685596698895097,0.00269848271273077,0.00374115747399628
-0.00912299938499928,-0.0186068024486303,-0.0047809574753046
0.00685596698895097,-0.000497310247737914,0.0207853876054287
-0.0101882629096508,-0.00156257464550436,-0.00797675084322691
0.000464380573248491,0.00909006875008345,0.00374115747399628
0.0111170243471861,-0.00901942513883114,-0.0101072788238525
0.00472543807700276,0.0133511275053024,0.00906747858971357
-0.00699247000738978,-0.00262783886864781,0.0122632719576359
0.00792123097926378,0.0048290123231709,-0.000519900000654161
-0.00273141241632402,-0.00475836778059602,-0.0164988655596972
-0.0101882629096508,0.00163321837317199,-0.00691148592159152
0.0121822888031602,-0.0122152185067534,0.00800221413373947
-0.00273141241632402,-0.00262783886864781,-0.00691148592159152
0.00366017362102866,-0.00795416068285704,0.0111980075016618
-0.0101882629096508,-0.0260636564344168,-0.00584622146561742
0.000464380573248491,0.0165469218045473,0.0143938018009067
0.00472543807700276,0.00695953983813524,0.00374115747399628
0.0015296449419111,-0.0132804829627275,-0.0207599233835936
-0.00379667733795941,0.005894276779145,-0.000519900000654161
0.0143128167837858,-0.00582363223657012,0.00054536439711228
-0.00592720555141568,0.00376374716870487,-0.00904201529920101
0.000464380573248491,-0.00688889669254422,-0.0122378077358007
-0.00060088379541412,0.0122858621180058,0.00054536439711228
0.00685596698895097,-0.0122152185067534,-0.0143683375790715
-0.00060088379541412,-0.00688889669254422,0.00587168661877513
0.00472543807700276,-0.000497310247737914,-0.0037156930193305
0.00366017362102866,-0.00262783886864781,-0.00904201529920101
0.0015296449419111,0.0112205976620317,0.00587168661877513
-0.00273141241632402,-0.0271289180964231,0.00054536439711228
-0.00699247000738978,0.00909006875008345,0.0154590662568808
0.00579070253297687,-0.00795416068285704,0.00906747858971357
-0.00273141241632402,-0.00901942513883114,-0.00904201529920101
-0.00805773492902517,0.0101553332060575,0.0239811800420284
0.0111170243471861,-0.0207373313605785,-0.02502098120749
-0.0112535273656249,0.0165469218045473,0.0367643572390079
0.00898649543523788,-0.00262783886864781,-0.02502098120749
-0.00379667733795941,-0.00901942513883114,0.0101327430456877
0.0281612537801266,0.00802480429410934,-0.00691148592159152
-0.0240366999059916,-0.022867863997817,0.0143938018009067
0.00898649543523788,0.00802480429410934,0.00480642216280103
-0.0165798515081406,0.0133511275053024,0.0207853876054287
-0.00273141241632402,-0.00901942513883114,-0.0218251869082451
-0.00699247000738978,-0.00262783886864781,0.0165243316441774
0.00579070253297687,-0.000497310247737914,-0.0207599233835936
-0.00379667733795941,0.0101553332060575,-0.00584622146561742
0.0121822888031602,0.00376374716870487,0.00267589301802218
0.00685596698895097,-0.00688889669254422,-0.000519900000654161
-0.00379667733795941,0.0101553332060575,0.00800221413373947
0.00792123097926378,-0.00262783886864781,0.00800221413373947
0.0121822888031602,0.0101553332060575,-0.0143683375790715
0.00579070253297687,0.0133511275053024,0.0250464454293251
-0.00273141241632402,-0.0122152185067534,0.00267589301802218
0.000464380573248491,0.0154816564172506,-0.00691148592159152
0.0121822888031602,-0.0143457474187017,-0.0143683375790715
0.000464380573248491,0.0048290123231709,0.0143938018009067
0.000464380573248491,0.00695953983813524,0.00693695107474923
-0.00060088379541412,0.00695953983813524,-0.0122378077358007
0.0175086110830307,0.00163321837317199,-0.0101072788238525
-0.0197756439447403,0.0197427123785019,0.00374115747399628
0.00366017362102866,-0.000497310247737914,0.00906747858971357
0.0015296449419111,0.00376374716870487,0.00374115747399628
-0.00699247000738978,0.00269848271273077,-0.00691148592159152
-0.00486194109544158,-0.00688889669254422,-0.0101072788238525
0.000464380573248491,0.00376374716870487,0.00587168661877513
-0.012318791821599,-0.00475836778059602,0.0143938018009067
0.0111170243471861,0.000567954499274492,0.00374115747399628
-0.0165798515081406,0.00376374716870487,-0.0122378077358007
0.00898649543523788,-0.019672067835927,0.0154590662568808
0.00472543807700276,0.0282648280262947,0.0197201240807772
0.00472543807700276,-0.00795416068285704,0.01332853641361
-0.00486194109544158,-0.00901942513883114,-0.0292820371687412
0.0196391399949789,-0.00262783886864781,0.00800221413373947
-0.0112535273656249,0.00909006875008345,0.00374115747399628
-0.00273141241632402,0.0048290123231709,-0.0207599233835936
-0.00486194109544158,-0.00688889669254422,0.0186548586934805
0.00579070253297687,0.0154816564172506,0.0154590662568808
0.00366017362102866,-0.0154110118746758,-0.0111725432798266
0.00579070253297687,0.0048290123231709,0.0101327430456877
-0.00060088379541412,0.00695953983813524,-0.0207599233835936
0.0015296449419111,-0.000497310247737914,0.00800221413373947
0.00259490916505456,0.00269848271273077,-0.0154336011037231
-0.00699247000738978,-0.00156257464550436,0.00800221413373947
0.00366017362102866,-0.00262783886864781,0.0122632719576359
0.00685596698895097,-0.0111499540507793,-0.0037156930193305
-0.012318791821599,0.0176121834665537,0.00587168661877513
0.0111170243471861,-0.00475836778059602,0.00374115747399628
0.010051759891212,-0.000497310247737914,-0.0154336011037231
0.016443345695734,-0.0122152185067534,-0.0111725432798266
0.000464380573248491,0.0165469218045473,0.00587168661877513
-0.0187103785574436,0.0144163919612765,-0.00158516434021294
0.00472543807700276,-0.0132804829627275,0.00800221413373947
-0.00060088379541412,-0.00582363223657012,0.00054536439711228
0.00472543807700276,0.000567954499274492,-0.00158516434021294
-0.00699247000738978,0.00695953983813524,0.00161062914412469
-0.00060088379541412,-0.000497310247737914,-0.0026504285633564
0.000464380573248491,0.00802480429410934,0.0239811800420284
-0.00805773492902517,0.00695953983813524,-0.000519900000654161
0.00898649543523788,-0.0132804829627275,-0.0154336011037231
-0.00486194109544158,0.00695953983813524,0.0175895970314741
-0.0101882629096508,-0.00582363223657012,-0.0143683375790715
0.000464380573248491,0.00909006875008345,0.0101327430456877
0.0270959883928299,0.00376374716870487,-0.0122378077358007
0.00792123097926378,-0.000497310247737914,0.00480642216280103
-0.00273141241632402,0.00909006875008345,0.00161062914412469
-0.0112535273656249,-0.00475836778059602,-0.000519900000654161
0.00898649543523788,-0.00688889669254422,-0.00158516434021294
-0.00166614807676524,-0.00795416068285704,0.01332853641361
0.010051759891212,0.0176121834665537,-0.0111725432798266
0.00472543807700276,0.00376374716870487,-0.00691148592159152
-0.00060088379541412,-0.0111499540507793,0.00267589301802218
0.0143128167837858,-0.0154110118746758,0.0101327430456877
-0.00486194109544158,0.0154816564172506,-0.02502098120749
-0.00166614807676524,0.00269848271273077,0.0207853876054287
0.00472543807700276,-0.00901942513883114,0.00480642216280103
-0.00912299938499928,-0.00901942513883114,-0.00584622146561742
-0.00805773492902517,-0.0143457474187017,-0.0026504285633564
-0.0155145851895213,-0.00262783886864781,0.00693695107474923
0.00685596698895097,0.0048290123231709,-0.00158516434021294
-0.0112535273656249,-0.00475836778059602,0.0186548586934805
-0.00166614807676524,-0.00901942513883114,0.00480642216280103
0.0196391399949789,-0.0143457474187017,-0.0239557158201933
0.00472543807700276,0.005894276779145,0.0111980075016618
-0.00486194109544158,0.0197427123785019,0.0101327430456877
-0.00699247000738978,-0.00582363223657012,0.0122632719576359
-0.00805773492902517,0.00909006875008345,-0.000519900000654161
0.00898649543523788,-0.00475836778059602,0.0175895970314741
-0.00486194109544158,0.00163321837317199,-0.00691148592159152
-0.00060088379541412,-0.00369310332462192,-0.00904201529920101
0.0132475523278117,-0.00795416068285704,-0.00158516434021294
0.000464380573248491,0.0101553332060575,-0.00904201529920101
-0.00592720555141568,-0.00156257464550436,0.00906747858971357
-0.00060088379541412,-0.000497310247737914,0.0154590662568808
0.000464380573248491,0.00163321837317199,-0.0122378077358007
0.00579070253297687,-0.00262783886864781,-0.000519900000654161
-0.00060088379541412,0.000567954499274492,0.01332853641361
0.0015296449419111,0.00163321837317199,-0.000519900000654161
0.0111170243471861,-0.00688889669254422,0.00054536439711228
-0.00273141241632402,-0.0111499540507793,0.00267589301802218
0.00792123097926378,0.0282648280262947,-0.0047809574753046
-0.0101882629096508,0.005894276779145,-0.00904201529920101
-0.00273141241632402,0.005894276779145,0.0239811800420284
0.000464380573248491,-0.0122152185067534,-0.00797675084322691
-0.00912299938499928,0.0144163919612765,-0.0164988655596972
-0.00486194109544158,0.00163321837317199,0.00693695107474923
0.000464380573248491,-0.0154110118746758,0.0154590662568808
0.010051759891212,-0.0100846895948052,-0.0207599233835936
-0.012318791821599,0.00695953983813524,-0.0133030731230974
0.0132475523278117,-0.00901942513883114,0.0101327430456877
-0.00805773492902517,0.0250690337270498,-0.0111725432798266
-0.0155145851895213,0.0101553332060575,-0.0026504285633564
0.0111170243471861,0.00376374716870487,0.00374115747399628
-0.00166614807676524,0.00163321837317199,-0.00691148592159152
-0.00273141241632402,0.0208079759031534,-0.00584622146561742
0.00685596698895097,-0.00688889669254422,-0.0133030731230974
-0.00060088379541412,0.00802480429410934,-0.00584622146561742
0.00259490916505456,-0.00688889669254422,0.00267589301802218
0.00259490916505456,0.00695953983813524,0.00693695107474923
-0.00379667733795941,0.0176121834665537,0.00054536439711228
-0.00379667733795941,-0.00582363223657012,-0.0133030731230974
-0.00912299938499928,0.00802480429410934,0.0186548586934805
0.00792123097926378,-0.0132804829627275,0.0229159165173769
0.00366017362102866,0.00163321837317199,0.00480642216280103
0.00898649543523788,0.00376374716870487,-0.00584622146561742
-0.0112535273656249,0.00376374716870487,-0.00904201529920101
-0.00060088379541412,-0.00688889669254422,-0.00158516434021294
0.00259490916505456,-0.0122152185067534,-0.0111725432798266
-0.00060088379541412,0.0112205976620317,0.0250464454293251
-0.00805773492902517,-0.00688889669254422,0.00800221413373947
0.0111170243471861,-0.00262783886864781,0.00267589301802218
-0.0176451150327921,0.00269848271273077,-0.00158516434021294
0.0015296449419111,-0.0100846895948052,0.00054536439711228
-0.0133840562775731,0.0261342991143465,0.0101327430456877
0.00579070253297687,-0.00795416068285704,-0.0047809574753046
0.000464380573248491,0.0218732412904501,-0.000519900000654161
0.00366017362102866,-0.0111499540507793,0.00800221413373947
-0.00592720555141568,-0.00156257464550436,-0.00158516434021294
-0.00486194109544158,-0.00901942513883114,-0.000519900000654161
-0.00166614807676524,0.0154816564172506,-0.00797675084322691
0.016443345695734,-0.0143457474187017,-0.00158516434021294
-0.00805773492902517,-0.00475836778059602,0.0111980075016618
0.00259490916505456,0.00909006875008345,0.00161062914412469
-0.00805773492902517,-0.00369310332462192,0.00161062914412469
0.00259490916505456,-0.00795416068285704,0.00800221413373947
0.0015296449419111,-0.0111499540507793,-0.0101072788238525
0.00898649543523788,0.0112205976620317,0.00587168661877513
0.000464380573248491,-0.019672067835927,-0.000519900000654161
0.0121822888031602,0.00163321837317199,-0.0122378077358007
-0.00805773492902517,0.0133511275053024,0.00374115747399628
0.00259490916505456,0.00376374716870487,0.0175895970314741
-0.0144493207335472,0.00909006875008345,-0.0047809574753046
0.00579070253297687,0.005894276779145,0.0122632719576359
0.00579070253297687,-0.0239331275224686,0.00800221413373947
-0.00912299938499928,0.0165469218045473,-0.0175641290843487
-0.00166614807676524,0.00163321837317199,0.00693695107474923
-0.0112535273656249,0.0112205976620317,0.0229159165173769
-0.00592720555141568,-0.00475836778059602,-0.0111725432798266
0.0015296449419111,0.005894276779145,0.00374115747399628
0.0121822888031602,0.005894276779145,-0.00904201529920101
-0.00166614807676524,-0.0154110118746758,0.00693695107474923
0.0207044053822756,0.00909006875008345,0.00587168661877513
0.00685596698895097,0.000567954499274492,-0.00797675084322691
-0.0165798515081406,-0.019672067835927,0.00374115747399628
-0.00060088379541412,0.0186774469912052,0.00374115747399628
-0.00592720555141568,-0.0175415389239788,0.0122632719576359
0.0153780812397599,0.00909006875008345,-0.000519900000654161
-0.012318791821599,0.00163321837317199,-0.00584622146561742
0.00366017362102866,-0.00156257464550436,0.0367643572390079
-0.00699247000738978,0.0101553332060575,-0.0154336011037231
0.0121822888031602,-0.0207373313605785,-0.00158516434021294
0.000464380573248491,-0.0111499540507793,-0.00797675084322691
0.00898649543523788,0.0144163919612765,-0.000519900000654161
-0.00912299938499928,-0.00262783886864781,-0.00584622146561742
-0.0165798515081406,-0.00156257464550436,-0.000519900000654161
0.00259490916505456,0.0293300915509462,0.01332853641361
0.00366017362102866,-0.0186068024486303,-0.0133030731230974
-0.00486194109544158,-0.00156257464550436,0.00161062914412469
0.00472543807700276,-0.00262783886864781,-0.00584622146561742
-0.00699247000738978,-0.00475836778059602,-0.0154336011037231
0.00685596698895097,0.000567954499274492,0.00161062914412469
0.00366017362102866,-0.000497310247737914,0.00267589301802218
0.00366017362102866,-0.0132804829627275,-0.0143683375790715
-0.00166614807676524,-0.00475836778059602,-0.0122378077358007
-0.00592720555141568,0.00269848271273077,0.00906747858971357
0.0121822888031602,-0.0154110118746758,-0.0228904522955418
0.00579070253297687,0.00163321837317199,0.0175895970314741
0.00366017362102866,-0.0100846895948052,-0.0047809574753046
-0.0101882629096508,0.0048290123231709,-0.0196946579962969
0.00579070253297687,-0.0100846895948052,0.00800221413373947
-0.00912299938499928,0.005894276779145,0.00161062914412469
-0.00486194109544158,0.00163321837317199,-0.0037156930193305
0.0111170243471861,0.005894276779145,0.00267589301802218
-0.00273141241632402,-0.00369310332462192,-0.00584622146561742
-0.00486194109544158,0.000567954499274492,-0.0026504285633564
-0.00592720555141568,-0.0164762753993273,0.00800221413373947
-0.0144493207335472,0.0112205976620317,-0.0143683375790715
-0.00060088379541412,-0.00475836778059602,0.01332853641361
-0.00273141241632402,-0.00582363223657012,0.00374115747399628
0.0015296449419111,0.00802480429410934,0.00161062914412469
-0.0101882629096508,0.0133511275053024,0.0154590662568808
-0.00486194109544158,0.00376374716870487,-0.027151508256793
0.0015296449419111,-0.00582363223657012,0.00693695107474923
-0.00273141241632402,0.0112205976620317,0.00480642216280103
0.00366017362102866,-0.00475836778059602,-0.000519900000654161
0.00259490916505456,0.0122858621180058,-0.0218251869082451
-0.00060088379541412,-0.000497310247737914,0.00267589301802218
-0.00699247000738978,0.0176121834665537,-0.00797675084322691
0.00685596698895097,-0.00901942513883114,0.00693695107474923
-0.00699247000738978,0.0218732412904501,0.0122632719576359
0.0239001959562302,-0.0111499540507793,-0.00158516434021294
-0.00486194109544158,-0.0132804829627275,0.00587168661877513
-0.00273141241632402,-0.00369310332462192,-0.00691148592159152
0.00366017362102866,0.00269848271273077,0.00054536439711228
0.00579070253297687,0.0261342991143465,0.00267589301802218
0.00898649543523788,0.00163321837317199,-0.0292820371687412
-0.0112535273656249,0.0048290123231709,0.0143938018009067
-0.00379667733795941,0.00909006875008345,0.00267589301802218
-0.00166614807676524,-0.00475836778059602,0.00480642216280103
-0.012318791821599,0.00909006875008345,0.00587168661877513
0.0207044053822756,-0.00795416068285704,-0.00584622146561742
-0.0101882629096508,0.00376374716870487,0.00587168661877513
-0.00060088379541412,0.00163321837317199,0.00267589301802218
0.000464380573248491,-0.0100846895948052,0.00906747858971357
0.0196391399949789,0.000567954499274492,0.00374115747399628
-0.00060088379541412,0.00163321837317199,-0.0282167717814445
-0.0144493207335472,0.0122858621180058,0.0250464454293251
0.00366017362102866,0.00695953983813524,-0.00584622146561742
0.000464380573248491,-0.00582363223657012,0.00906747858971357
0.00579070253297687,-0.000497310247737914,0.00374115747399628
0.0121822888031602,-0.00369310332462192,-0.0218251869082451
0.010051759891212,-0.0143457474187017,0.00480642216280103
-0.00592720555141568,-0.00156257464550436,-0.00691148592159152
0.0121822888031602,-0.0122152185067534,-0.00797675084322691
-0.00912299938499928,-0.00688889669254422,-0.0037156930193305
0.00898649543523788,-0.000497310247737914,-0.00904201529920101
0.00259490916505456,-0.00795416068285704,-0.0026504285633564
-0.00379667733795941,0.00695953983813524,0.00693695107474923
0.00472543807700276,-0.00262783886864781,-0.0196946579962969
0.0111170243471861,-0.00688889669254422,-0.0111725432798266
-0.00699247000738978,-0.0154110118746758,-0.0047809574753046
0.0015296449419111,0.0144163919612765,0.00693695107474923
0.00898649543523788,-0.00795416068285704,-0.00158516434021294
-0.00592720555141568,0.0112205976620317,-0.0101072788238525
0.00898649543523788,0.00163321837317199,0.0229159165173769
-0.00273141241632402,0.00802480429410934,-0.0111725432798266
-0.00166614807676524,-0.00795416068285704,0.00587168661877513
-0.00486194109544158,0.000567954499274492,-0.0026504285633564
-0.0144493207335472,0.0176121834665537,-0.0026504285633564
0.0175086110830307,-0.0100846895948052,0.0122632719576359
-0.012318791821599,-0.00475836778059602,-0.0026504285633564
0.00366017362102866,0.0218732412904501,0.00693695107474923
0.00472543807700276,0.00376374716870487,-0.00691148592159152
0.00792123097926378,-0.0207373313605785,0.0122632719576359
-0.00273141241632402,0.00909006875008345,-0.0037156930193305
0.00579070253297687,-0.0132804829627275,0.0207853876054287
-0.012318791821599,0.00163321837317199,-0.0037156930193305
-0.00379667733795941,-0.00369310332462192,-0.00158516434021294
-0.0101882629096508,0.00802480429410934,0.00800221413373947
-0.00060088379541412,-0.0122152185067534,-0.00691148592159152
0.0015296449419111,-0.00475836778059602,0.01332853641361
-0.00592720555141568,0.00376374716870487,0.0154590662568808
-0.00699247000738978,-0.000497310247737914,0.00374115747399628
-0.00379667733795941,-0.00582363223657012,-0.0143683375790715
0.0015296449419111,-0.0100846895948052,-0.0186293944716454
0.00579070253297687,0.0165469218045473,-0.00904201529920101
0.00685596698895097,-0.00475836778059602,0.00480642216280103
0.00792123097926378,-0.0175415389239788,0.00480642216280103
-0.00486194109544158,0.0144163919612765,-0.00691148592159152
0.00259490916505456,-0.0122152185067534,-0.0026504285633564
0.0143128167837858,0.0133511275053024,0.00906747858971357
-0.0101882629096508,-0.00262783886864781,0.00800221413373947
0.00898649543523788,0.000567954499274492,-0.00691148592159152
-0.00486194109544158,0.00163321837317199,-0.00584622146561742
-0.00060088379541412,0.0112205976620317,-0.000519900000654161
-0.00060088379541412,-0.0154110118746758,0.00800221413373947
0.00792123097926378,-0.0111499540507793,-0.000519900000654161
-0.00273141241632402,-0.0175415389239788,0.0111980075016618
-0.00379667733795941,0.000567954499274492,-0.00904201529920101
0.0015296449419111,0.005894276779145,0.0122632719576359
-0.00912299938499928,-0.00156257464550436,0.0111980075016618
-0.00592720555141568,-0.00901942513883114,-0.0122378077358007
0.00579070253297687,0.00909006875008345,0.0111980075016618
-0.0101882629096508,-0.00262783886864781,-0.0196946579962969
0.00792123097926378,-0.00582363223657012,-0.00584622146561742
-0.00060088379541412,-0.00156257464550436,-0.0111725432798266
-0.00166614807676524,0.0048290123231709,0.00693695107474923
-0.00379667733795941,-0.00262783886864781,-0.0207599233835936
-0.00379667733795941,0.0101553332060575,0.00267589301802218
0.00259490916505456,-0.0154110118746758,-0.0037156930193305
0.00685596698895097,0.000567954499274492,-0.00797675084322691
-0.00592720555141568,0.00269848271273077,0.0218506529927254
0.0111170243471861,-0.0143457474187017,-0.0037156930193305
0.000464380573248491,0.0165469218045473,-0.00158516434021294
-0.00699247000738978,-0.0143457474187017,0.00161062914412469
0.00685596698895097,0.0197427123785019,-0.0037156930193305
-0.00060088379541412,0.005894276779145,0.00267589301802218
-0.00060088379541412,-0.00369310332462192,0.00374115747399628
-0.00486194109544158,-0.00156257464550436,0.00374115747399628
-0.00912299938499928,0.00376374716870487,0.00800221413373947
0.0143128167837858,-0.0154110118746758,-0.0122378077358007
-0.0176451150327921,-0.00369310332462192,0.0111980075016618
0.00579070253297687,0.00695953983813524,-0.00584622146561742
0.0153780812397599,-0.00795416068285704,-0.0047809574753046
0.00579070253297687,-0.00688889669254422,0.0165243316441774
0.00259490916505456,0.005894276779145,-0.00158516434021294
-0.00060088379541412,0.00269848271273077,0.0101327430456877
0.00472543807700276,0.00802480429410934,0.0218506529927254
-0.00805773492902517,0.0101553332060575,-0.00797675084322691
-0.00166614807676524,0.00695953983813524,0.0143938018009067
-0.00805773492902517,-0.0271289180964231,-0.0186293944716454
0.0217696689069271,0.00695953983813524,0.0229159165173769
-0.00699247000738978,-0.000497310247737914,-0.00797675084322691
-0.00273141241632402,-0.0132804829627275,-0.0026504285633564
0.00685596698895097,-0.00475836778059602,-0.0047809574753046
0.0111170243471861,-0.000497310247737914,0.0143938018009067
0.00472543807700276,-0.00156257464550436,-0.02502098120749
-0.0101882629096508,-0.00688889669254422,0.0111980075016618
0.0111170243471861,0.0122858621180058,-0.0026504285633564
-0.00699247000738978,-0.00262783886864781,0.0165243316441774
-0.00060088379541412,-0.00901942513883114,-0.00797675084322691
0.00685596698895097,0.0133511275053024,0.0175895970314741
-0.0101882629096508,-0.0143457474187017,-0.0037156930193305
0.0111170243471861,0.0112205976620317,-0.02502098120749
-0.00805773492902517,0.00163321837317199,0.00800221413373947
0.0121822888031602,0.00695953983813524,-0.00904201529920101
-0.00379667733795941,-0.00369310332462192,-0.0175641290843487
-0.00379667733795941,-0.0100846895948052,0.00480642216280103
-0.00486194109544158,0.0165469218045473,0.00267589301802218
-0.00699247000738978,0.00269848271273077,0.030372766777873
0.00792123097926378,0.0133511275053024,-0.0111725432798266
-0.00060088379541412,-0.00369310332462192,-0.0037156930193305
0.000464380573248491,0.00802480429410934,-0.0047809574753046
0.00472543807700276,0.005894276779145,-0.0133030731230974
-0.00060088379541412,-0.000497310247737914,-0.0133030731230974
0.00259490916505456,0.00802480429410934,0.00480642216280103
0.0015296449419111,-0.00688889669254422,0.00161062914412469
-0.0165798515081406,-0.00262783886864781,-0.00797675084322691
0.00792123097926378,-0.0100846895948052,0.01332853641361
-0.00379667733795941,0.0261342991143465,0.00906747858971357
0.00472543807700276,-0.00688889669254422,-0.0037156930193305
0.00366017362102866,0.000567954499274492,0.0143938018009067
0.0121822888031602,-0.00795416068285704,-0.0122378077358007
0.00685596698895097,-0.00262783886864781,0.0197201240807772
-0.012318791821599,0.00163321837317199,-0.0047809574753046
0.00792123097926378,-0.00901942513883114,-0.0196946579962969
0.00898649543523788,0.00802480429410934,-0.00797675084322691
0.00472543807700276,0.0048290123231709,0.0165243316441774
-0.00592720555141568,-0.0122152185067534,0.00480642216280103
0.00366017362102866,0.0101553332060575,0.00267589301802218
-0.0133840562775731,-0.0175415389239788,-0.0026504285633564
0.00259490916505456,0.0133511275053024,0.00374115747399628
-0.00379667733795941,0.000567954499274492,-0.00158516434021294
0.00898649543523788,-0.0100846895948052,-0.000519900000654161
-0.0112535273656249,-0.0111499540507793,0.00054536439711228
0.000464380573248491,0.00376374716870487,-0.0111725432798266
0.010051759891212,-0.0100846895948052,0.00480642216280103
-0.00592720555141568,0.00802480429410934,-0.0154336011037231
-0.00699247000738978,-0.00262783886864781,0.00693695107474923
0.00898649543523788,0.00269848271273077,-0.0037156930193305
-0.00273141241632402,-0.00901942513883114,0.0154590662568808
-0.00486194109544158,-0.0111499540507793,-0.0133030731230974
0.00366017362102866,0.0048290123231709,0.0175895970314741
0.00259490916505456,-0.000497310247737914,-0.0047809574753046
-0.00805773492902517,0.0122858621180058,0.00693695107474923
0.0121822888031602,0.00163321837317199,-0.0037156930193305
-0.00699247000738978,-0.0218025967478752,-0.0175641290843487
0.00259490916505456,-0.00582363223657012,0.00800221413373947
0.00472543807700276,0.00376374716870487,0.00267589301802218
-0.0112535273656249,-0.00901942513883114,-0.0101072788238525
0.00579070253297687,-0.00795416068285704,0.00800221413373947
0.00792123097926378,0.00909006875008345,-0.0037156930193305
0.00685596698895097,-0.0122152185067534,-0.0186293944716454
-0.0187103785574436,-0.00156257464550436,0.0143938018009067
0.0143128167837858,0.00695953983813524,-0.00797675084322691
-0.00805773492902517,0.0154816564172506,0.00587168661877513
-0.0112535273656249,-0.0100846895948052,0.00693695107474923
0.00685596698895097,-0.00475836778059602,-0.00904201529920101
0.00472543807700276,0.00802480429410934,0.0101327430456877
0.00579070253297687,-0.000497310247737914,-0.00797675084322691
0.000464380573248491,0.00269848271273077,0.0101327430456877
-0.00273141241632402,0.00909006875008345,0.0197201240807772
-0.00379667733795941,-0.00262783886864781,0.01332853641361
0.00792123097926378,0.0122858621180058,-0.000519900000654161
-0.00592720555141568,0.00163321837317199,0.0122632719576359
0.00259490916505456,-0.00262783886864781,-0.0122378077358007
0.00579070253297687,-0.000497310247737914,0.0101327430456877
-0.0112535273656249,-0.00795416068285704,0.01332853641361
0.0015296449419111,0.0122858621180058,-0.0228904522955418
-0.00805773492902517,-0.00901942513883114,0.0122632719576359
0.00472543807700276,-0.00369310332462192,0.00800221413373947
-0.00486194109544158,-0.00475836778059602,0.0143938018009067
0.00792123097926378,0.000567954499274492,-0.000519900000654161
-0.0112535273656249,0.005894276779145,0.01332853641361
0.0143128167837858,-0.0143457474187017,0.00267589301802218
-0.0144493207335472,-0.00901942513883114,-0.0154336011037231
0.00259490916505456,0.000567954499274492,0.00374115747399628
0.00472543807700276,0.00909006875008345,-0.00904201529920101
-0.00805773492902517,-0.00475836778059602,-0.0133030731230974
0.0015296449419111,-0.00582363223657012,-0.00904201529920101
-0.00060088379541412,-0.00901942513883114,-0.0037156930193305
-0.0155145851895213,-0.00156257464550436,-0.000519900000654161
0.00472543807700276,-0.0100846895948052,-0.0101072788238525
-0.00805773492902517,0.0048290123231709,0.01332853641361
-0.00273141241632402,-0.022867863997817,0.0154590662568808
0.00685596698895097,-0.00475836778059602,0.0101327430456877
-0.00592720555141568,-0.00795416068285704,-0.0111725432798266
0.00685596698895097,-0.00475836778059602,0.0111980075016618
0.00685596698895097,0.00269848271273077,0.0175895970314741
0.00366017362102866,0.00376374716870487,-0.00904201529920101
0.000464380573248491,0.00269848271273077,-0.0047809574753046
-0.00273141241632402,0.00695953983813524,-0.00691148592159152
0.00366017362102866,-0.00369310332462192,0.0122632719576359
-0.00805773492902517,-0.00156257464550436,-0.0101072788238525
-0.00060088379541412,-0.00688889669254422,-0.0154336011037231
-0.00166614807676524,-0.00475836778059602,0.0165243316441774
-0.0133840562775731,0.005894276779145,0.0143938018009067
-0.00273141241632402,0.0048290123231709,-0.0228904522955418
0.0153780812397599,0.0048290123231709,0.00693695107474923
-0.00379667733795941,-0.000497310247737914,0.0186548586934805
-0.0101882629096508,-0.00582363223657012,0.0122632719576359
-0.00592720555141568,0.0176121834665537,-0.0122378077358007
-0.00592720555141568,-0.00901942513883114,0.00480642216280103
0.00366017362102866,-0.00475836778059602,0.0175895970314741
0.00792123097926378,-0.00795416068285704,-0.0346083603799343
-0.00166614807676524,0.00802480429410934,0.00161062914412469
0.0207044053822756,0.0112205976620317,0.0197201240807772
-0.0187103785574436,-0.0122152185067534,-0.0292820371687412
0.0111170243471861,0.00376374716870487,0.00480642216280103
-0.0155145851895213,0.0133511275053024,0.00800221413373947
0.0175086110830307,-0.00369310332462192,-0.0175641290843487
-0.00805773492902517,-0.0111499540507793,-0.0026504285633564
0.00366017362102866,-0.00156257464550436,-0.00584622146561742
0.00366017362102866,-0.0111499540507793,-0.0218251869082451
0.000464380573248491,0.0165469218045473,0.0197201240807772
0.0015296449419111,0.00376374716870487,-0.0175641290843487
-0.00699247000738978,-0.00901942513883114,0.00480642216280103
-0.00060088379541412,-0.0100846895948052,-0.00158516434021294
0.0153780812397599,0.0101553332060575,0.0165243316441774
-0.00805773492902517,0.0048290123231709,0.00374115747399628
0.0111170243471861,0.0154816564172506,-0.0037156930193305
-0.0197756439447403,-0.00688889669254422,0.0197201240807772
0.0175086110830307,0.0101553332060575,0.00161062914412469
0.0015296449419111,-0.00475836778059602,0.00161062914412469
0.00366017362102866,-0.00369310332462192,-0.00584622146561742
0.0015296449419111,-0.00262783886864781,0.00906747858971357
0.0121822888031602,-0.00262783886864781,0.00906747858971357
-0.00592720555141568,-0.00795416068285704,-0.00797675084322691
0.0111170243471861,0.0144163919612765,0.00587168661877513
-0.00592720555141568,0.00802480429410934,0.00161062914412469
-0.00912299938499928,-0.000497310247737914,-0.00158516434021294
0.0175086110830307,-0.0143457474187017,-0.00797675084322691
0.010051759891212,-0.00582363223657012,-0.00904201529920101
-0.00166614807676524,-0.00369310332462192,-0.0047809574753046
-0.00060088379541412,-0.0111499540507793,-0.0164988655596972
0.0260307248681784,0.0218732412904501,0.00906747858971357
-0.012318791821599,0.0048290123231709,-0.0133030731230974
0.0153780812397599,0.00163321837317199,0.0250464454293251
0.010051759891212,-0.00156257464550436,0.00161062914412469
0.00685596698895097,-0.00262783886864781,0.00374115747399628
-0.0155145851895213,-0.000497310247737914,-0.0154336011037231
0.016443345695734,-0.00582363223657012,0.00161062914412469
-0.00912299938499928,0.00376374716870487,-0.0026504285633564
0.0132475523278117,0.00909006875008345,-0.0164988655596972
-0.0101882629096508,-0.00582363223657012,0.00800221413373947
-0.00699247000738978,0.00695953983813524,-0.00904201529920101
0.00472543807700276,-0.00475836778059602,0.00054536439711228
0.0015296449419111,0.0048290123231709,0.00267589301802218
-0.00805773492902517,0.0133511275053024,0.00480642216280103
0.00792123097926378,0.00695953983813524,0.00800221413373947
-0.00273141241632402,-0.0111499540507793,-0.0101072788238525
0.000464380573248491,0.0165469218045473,0.00267589301802218
-0.00273141241632402,0.00163321837317199,-0.00691148592159152
-0.00166614807676524,-0.0111499540507793,0.00587168661877513
0.00792123097926378,0.005894276779145,0.00587168661877513
0.00579070253297687,-0.0132804829627275,0.00374115747399628
0.0015296449419111,0.000567954499274492,-0.000519900000654161
-0.00592720555141568,0.005894276779145,0.00267589301802218
0.00259490916505456,0.00376374716870487,0.00906747858971357
-0.012318791821599,0.00269848271273077,0.00054536439711228
0.00685596698895097,0.00269848271273077,0.00587168661877513
0.00792123097926378,-0.000497310247737914,-0.00584622146561742
-0.00486194109544158,0.00163321837317199,0.00587168661877513
-0.00379667733795941,0.0165469218045473,-0.000519900000654161
0.00579070253297687,-0.00795416068285704,0.00054536439711228
0.000464380573248491,-0.00369310332462192,0.00587168661877513
0.0175086110830307,0.00376374716870487,-0.0133030731230974
-0.00805773492902517,-0.00475836778059602,0.00374115747399628
0.00366017362102866,-0.000497310247737914,0.00693695107474923
0.0143128167837858,-0.00688889669254422,0.00054536439711228
0.00259490916505456,0.0101553332060575,-0.00158516434021294
0.0015296449419111,-0.0100846895948052,-0.00158516434021294
0.0015296449419111,0.0101553332060575,0.00054536439711228
-0.00699247000738978,-0.00156257464550436,0.00161062914412469
-0.00379667733795941,0.0101553332060575,-0.0228904522955418
0.0132475523278117,-0.00262783886864781,-0.0026504285633564
-0.00699247000738978,-0.00688889669254422,0.0154590662568808
0.0207044053822756,-0.00795416068285704,0.0175895970314741
0.00259490916505456,0.00695953983813524,-0.027151508256793
-0.0112535273656249,-0.00582363223657012,0.00161062914412469
0.000464380573248491,-0.00475836778059602,-0.0218251869082451
0.0015296449419111,0.0165469218045473,0.0207853876054287
-0.00912299938499928,0.00163321837317199,-0.0037156930193305
0.0121822888031602,-0.00795416068285704,-0.00691148592159152
-0.00805773492902517,-0.0154110118746758,-0.00584622146561742
-0.00379667733795941,0.0197427123785019,0.0122632719576359
-0.0176451150327921,-0.00582363223657012,-0.0026504285633564
0.00259490916505456,0.00376374716870487,0.00054536439711228
0.010051759891212,0.00695953983813524,0.00906747858971357
-0.00805773492902517,-0.00582363223657012,0.0175895970314741
0.00579070253297687,0.0154816564172506,-0.0101072788238525
0.00579070253297687,-0.00369310332462192,0.00161062914412469
-0.0155145851895213,0.005894276779145,0.00587168661877513
0.0121822888031602,-0.0175415389239788,0.00480642216280103
0.0015296449419111,-0.0122152185067534,-0.0133030731230974
0.00685596698895097,0.00163321837317199,0.0122632719576359
0.00579070253297687,-0.0186068024486303,0.0122632719576359
-0.00805773492902517,0.00909006875008345,-0.0154336011037231
0.00579070253297687,-0.00262783886864781,0.00800221413373947
-0.0101882629096508,0.0208079759031534,0.00906747858971357
0.000464380573248491,-0.0186068024486303,-0.0207599233835936
0.00259490916505456,-0.00156257464550436,0.0218506529927254
-0.0229714345186949,0.0208079759031534,-0.00904201529920101
0.0015296449419111,-0.00475836778059602,0.00906747858971357
0.0143128167837858,0.0122858621180058,-0.00584622146561742
-0.0101882629096508,-0.0100846895948052,0.01332853641361
0.000464380573248491,0.000567954499274492,-0.00691148592159152
0.00472543807700276,-0.00156257464550436,0.00800221413373947
-0.00060088379541412,0.0133511275053024,0.00693695107474923
0.0111170243471861,-0.0154110118746758,-0.00584622146561742
-0.00912299938499928,-0.000497310247737914,0.00800221413373947
0.0015296449419111,0.00695953983813524,-0.000519900000654161
-0.0144493207335472,-0.0111499540507793,0.00587168661877513
0.00685596698895097,0.0176121834665537,-0.00691148592159152
-0.00699247000738978,0.00909006875008345,0.00161062914412469
-0.012318791821599,-0.00262783886864781,0.0122632719576359
-0.0101882629096508,0.0101553332060575,-0.0101072788238525
0.000464380573248491,0.0133511275053024,0.00054536439711228
0.00472543807700276,0.000567954499274492,0.00267589301802218
0.00366017362102866,0.000567954499274492,0.0143938018009067
-0.0144493207335472,-0.00795416068285704,0.0186548586934805
0.000464380573248491,0.0133511275053024,0.00161062914412469
-0.00699247000738978,-0.00688889669254422,-0.00584622146561742
-0.00273141241632402,0.00269848271273077,0.0186548586934805
0.00472543807700276,0.00163321837317199,-0.00691148592159152
-0.00273141241632402,0.00269848271273077,-0.000519900000654161
0.00366017362102866,0.005894276779145,0.00161062914412469
0.00792123097926378,-0.00156257464550436,-0.0133030731230974
-0.00699247000738978,-0.00156257464550436,0.0239811800420284
-0.00273141241632402,0.00909006875008345,-0.0037156930193305
0.000464380573248491,-0.00795416068285704,-0.00691148592159152
0.00472543807700276,0.00269848271273077,-0.0047809574753046
-0.0208409056067467,0.00376374716870487,0.01332853641361
0.00685596698895097,0.000567954499274492,-0.0164988655596972
-0.00805773492902517,0.005894276779145,0.0154590662568808
-0.00060088379541412,0.0154816564172506,-0.00797675084322691
-0.0112535273656249,0.000567954499274492,-0.0047809574753046
-0.00166614807676524,0.0112205976620317,0.00906747858971357
-0.00060088379541412,-0.0111499540507793,0.00374115747399628
-0.0112535273656249,-0.00156257464550436,-0.0026504285633564
0.00366017362102866,0.00163321837317199,0.00267589301802218
-0.00379667733795941,0.0048290123231709,0.00267589301802218
0.00366017362102866,-0.0111499540507793,-0.02502098120749
-0.00592720555141568,-0.00262783886864781,0.00800221413373947
0.00259490916505456,0.000567954499274492,0.0122632719576359
-0.00805773492902517,0.00269848271273077,-0.00158516434021294
0.00792123097926378,-0.0154110118746758,-0.00584622146561742
0.00366017362102866,0.0122858621180058,-0.0175641290843487
0.00366017362102866,-0.019672067835927,0.0154590662568808
-0.00166614807676524,0.00163321837317199,0.0239811800420284
-0.0101882629096508,0.00163321837317199,-0.0218251869082451
0.00898649543523788,0.0176121834665537,0.00161062914412469
0.00792123097926378,0.00695953983813524,0.00054536439711228
-0.00592720555141568,-0.0154110118746758,-0.0026504285633564
-0.00060088379541412,0.00376374716870487,0.00693695107474923
0.0111170243471861,0.0165469218045473,0.00906747858971357
0.000464380573248491,-0.00262783886864781,-0.0164988655596972
-0.00592720555141568,0.00376374716870487,-0.0047809574753046
0.00472543807700276,-0.00156257464550436,-0.0047809574753046
-0.0208409056067467,0.00269848271273077,0.0165243316441774
0.010051759891212,-0.0249983929097652,-0.00797675084322691
0.00472543807700276,0.00802480429410934,-0.00797675084322691
-0.0112535273656249,0.0197427123785019,0.00906747858971357
-0.00379667733795941,0.00802480429410934,-0.0133030731230974
0.0111170243471861,0.000567954499274492,0.0282422378659248
0.00366017362102866,-0.00901942513883114,-0.0111725432798266
-0.0101882629096508,0.00376374716870487,0.0154590662568808
0.000464380573248491,-0.00262783886864781,0.00054536439711228
0.000464380573248491,0.00376374716870487,-0.00158516434021294
-0.00486194109544158,-0.0100846895948052,-0.0111725432798266
0.00685596698895097,0.0144163919612765,0.0101327430456877
0.00366017362102866,0.00909006875008345,-0.00158516434021294
-0.00486194109544158,0.0101553332060575,-0.0047809574753046
-0.00592720555141568,-0.000497310247737914,0.0101327430456877
-0.00060088379541412,0.0048290123231709,-0.0122378077358007
-0.00805773492902517,0.0133511275053024,0.00267589301802218
0.00898649543523788,-0.00582363223657012,-0.00797675084322691
-0.0155145851895213,0.00695953983813524,-0.0026504285633564
-0.00273141241632402,-0.00475836778059602,0.030372766777873
-0.00592720555141568,-0.0175415389239788,-0.0101072788238525
0.0175086110830307,0.0165469218045473,0.0314380340278149
-0.00912299938499928,0.000567954499274492,-0.0282167717814445
0.00472543807700276,0.00695953983813524,0.0122632719576359
-0.00912299938499928,-0.0122152185067534,-0.0026504285633564
-0.00166614807676524,0.00163321837317199,-0.00904201529920101
-0.00060088379541412,-0.0143457474187017,0.0111980075016618
0.010051759891212,-0.000497310247737914,-0.00691148592159152
-0.0112535273656249,0.0133511275053024,0.0165243316441774
0.00685596698895097,-0.00795416068285704,-0.0133030731230974
0.0132475523278117,0.000567954499274492,-0.0026504285633564
-0.0101882629096508,0.0186774469912052,0.0122632719576359
0.0015296449419111,0.00269848271273077,0.00161062914412469
0.00792123097926378,-0.0111499540507793,-0.0196946579962969
0.0132475523278117,0.00802480429410934,-0.000519900000654161
-0.00273141241632402,-0.0132804829627275,-0.0026504285633564
0.0175086110830307,-0.000497310247737914,-0.000519900000654161
-0.0155145851895213,-0.0132804829627275,-0.00904201529920101
0.00898649543523788,-0.000497310247737914,-0.000519900000654161
0.000464380573248491,0.00163321837317199,0.00267589301802218
0.0015296449419111,0.0048290123231709,-0.0026504285633564
0.000464380573248491,0.005894276779145,-0.0037156930193305
0.0249654594808817,-0.00369310332462192,-0.0164988655596972
-0.00699247000738978,-0.000497310247737914,-0.0026504285633564
0.010051759891212,0.00163321837317199,0.0165243316441774
-0.00486194109544158,-0.0100846895948052,-0.0218251869082451
-0.00379667733795941,-0.00475836778059602,0.00054536439711228
-0.0101882629096508,0.00802480429410934,0.00800221413373947
0.00685596698895097,-0.00688889669254422,-0.0164988655596972
-0.0165798515081406,0.00163321837317199,0.0165243316441774
0.000464380573248491,-0.00262783886864781,0.01332853641361
-0.00805773492902517,0.0133511275053024,-0.00691148592159152
-0.00060088379541412,-0.00369310332462192,-0.0037156930193305
-0.00486194109544158,0.00376374716870487,0.00693695107474923
-0.00273141241632402,-0.00262783886864781,0.0143938018009067
0.00898649543523788,0.000567954499274492,-0.00691148592159152
0.000464380573248491,0.0176121834665537,0.0143938018009067
0.000464380573248491,-0.00475836778059602,0.0218506529927254
-0.00486194109544158,-0.00688889669254422,-0.0175641290843487
-0.00486194109544158,0.0101553332060575,0.0111980075016618
-0.00486194109544158,-0.00688889669254422,-0.0196946579962969
-0.00273141241632402,0.0048290123231709,0.00054536439711228
-0.00273141241632402,-0.0100846895948052,0.00480642216280103
0.000464380573248491,0.0176121834665537,-0.000519900000654161
0.00792123097926378,0.000567954499274492,0.00161062914412469
-0.00912299938499928,-0.0143457474187017,-0.0133030731230974
0.010051759891212,0.00695953983813524,0.0335685648024082
0.00579070253297687,0.0165469218045473,0.00693695107474923
0.00259490916505456,0.000567954499274492,-0.0196946579962969
-0.00166614807676524,0.00695953983813524,-0.00691148592159152
-0.00592720555141568,0.00269848271273077,-0.00158516434021294
-0.00379667733795941,0.00269848271273077,0.00693695107474923
0.0153780812397599,-0.0218025967478752,-0.00584622146561742
-0.00912299938499928,0.00695953983813524,-0.0111725432798266
-0.00592720555141568,-0.00582363223657012,0.00800221413373947
-0.0144493207335472,0.000567954499274492,-0.0122378077358007
0.000464380573248491,0.005894276779145,-0.0026504285633564
-0.00166614807676524,-0.00262783886864781,0.00800221413373947
0.000464380573248491,-0.0143457474187017,0.00054536439711228
0.000464380573248491,0.00376374716870487,-0.0122378077358007
-0.00273141241632402,-0.00582363223657012,-0.0101072788238525
0.016443345695734,-0.00156257464550436,0.00054536439711228
-0.0155145851895213,0.0122858621180058,-0.0026504285633564
0.00898649543523788,-0.00582363223657012,-0.00904201529920101
0.00579070253297687,0.0144163919612765,0.00906747858971357
0.000464380573248491,-0.0122152185067534,-0.0218251869082451
0.010051759891212,0.0048290123231709,-0.00691148592159152
-0.00805773492902517,0.00695953983813524,0.00587168661877513
0.0121822888031602,0.0048290123231709,-0.0111725432798266
0.00472543807700276,-0.0100846895948052,-0.00584622146561742
0.00898649543523788,0.0176121834665537,0.00267589301802218
-0.00060088379541412,0.0101553332060575,0.0165243316441774
0.010051759891212,0.00269848271273077,-0.00691148592159152
0.00792123097926378,0.0144163919612765,0.00587168661877513
-0.00912299938499928,-0.0100846895948052,-0.00158516434021294
-0.00592720555141568,0.0197427123785019,-0.0047809574753046
0.0143128167837858,-0.00795416068285704,-0.0101072788238525
-0.012318791821599,-0.0100846895948052,0.0101327430456877
-0.00379667733795941,0.00163321837317199,0.00374115747399628
0.00898649543523788,-0.000497310247737914,-0.0037156930193305
-0.00273141241632402,0.0048290123231709,0.00054536439711228
0.010051759891212,0.000567954499274492,0.00587168661877513
0.000464380573248491,0.00376374716870487,0.0261117089539766
-0.0155145851895213,-0.0132804829627275,-0.0207599233835936
0.00792123097926378,-0.00901942513883114,0.00374115747399628
0.000464380573248491,0.00163321837317199,0.00374115747399628
-0.00912299938499928,0.0048290123231709,0.00587168661877513
-0.0165798515081406,-0.00475836778059602,0.00587168661877513
0.00792123097926378,0.0133511275053024,0.01332853641361
-0.0155145851895213,-0.00795416068285704,0.00267589301802218
0.0217696689069271,-0.000497310247737914,-0.00158516434021294
-0.028297757729888,0.00909006875008345,0.00374115747399628
0.00366017362102866,0.0048290123231709,0.0282422378659248
-0.00166614807676524,0.00269848271273077,0.0154590662568808
0.000464380573248491,-0.00901942513883114,-0.0143683375790715
-0.0187103785574436,0.0197427123785019,0.0271769743412733
0.0121822888031602,-0.0207373313605785,-0.0101072788238525
-0.0133840562775731,0.0048290123231709,-0.000519900000654161
0.0196391399949789,0.0133511275053024,-0.0026504285633564
-0.0187103785574436,-0.0111499540507793,-0.00584622146561742
0.0132475523278117,-0.00582363223657012,0.00587168661877513
-0.00486194109544158,0.00269848271273077,-0.0037156930193305
0.010051759891212,-0.00901942513883114,-0.00904201529920101
0.00792123097926378,0.00376374716870487,-0.0164988655596972
-0.00592720555141568,-0.00901942513883114,0.00267589301802218
0.00366017362102866,0.005894276779145,-0.00797675084322691
-0.00592720555141568,0.0112205976620317,-0.000519900000654161
0.000464380573248491,-0.000497310247737914,0.0154590662568808
-0.00699247000738978,0.0197427123785019,0.0186548586934805
-0.00379667733795941,-0.000497310247737914,0.00374115747399628
0.00685596698895097,-0.00262783886864781,-0.00158516434021294
-0.00379667733795941,0.0176121834665537,0.00587168661877513
-0.012318791821599,0.0101553332060575,0.0165243316441774
0.00792123097926378,0.0048290123231709,0.01332853641361
0.00898649543523788,-0.000497310247737914,-0.0154336011037231
-0.00699247000738978,0.00695953983813524,0.0122632719576359
-0.012318791821599,-0.00795416068285704,-0.00797675084322691
-0.00592720555141568,0.005894276779145,0.00267589301802218
0.00898649543523788,0.00802480429410934,-0.000519900000654161
0.00472543807700276,-0.00156257464550436,0.00054536439711228
-0.00592720555141568,-0.00156257464550436,-0.0047809574753046
0.00792123097926378,0.00376374716870487,0.01332853641361
-0.00273141241632402,-0.00582363223657012,-0.00691148592159152
-0.00273141241632402,-0.0111499540507793,0.0101327430456877
0.00259490916505456,-0.00156257464550436,-0.000519900000654161
0.0015296449419111,0.0112205976620317,-0.00158516434021294
0.000464380573248491,-0.00795416068285704,-0.0122378077358007
-0.00379667733795941,0.005894276779145,0.00800221413373947
-0.00699247000738978,0.000567954499274492,-0.00158516434021294
0.00685596698895097,-0.00475836778059602,-0.0228904522955418
-0.012318791821599,0.000567954499274492,0.0197201240807772
0.00472543807700276,-0.00156257464550436,-0.00691148592159152
0.00579070253297687,-0.0154110118746758,-0.00584622146561742
0.000464380573248491,0.00376374716870487,0.00267589301802218
-0.00699247000738978,0.0112205976620317,-0.00691148592159152
-0.00486194109544158,-0.0111499540507793,0.0111980075016618
0.00259490916505456,-0.00795416068285704,-0.0292820371687412
-0.00379667733795941,-0.00262783886864781,0.00480642216280103
0.00259490916505456,0.005894276779145,0.00480642216280103
0.00472543807700276,-0.00475836778059602,0.01332853641361
0.0015296449419111,-0.00688889669254422,-0.0399346835911274
0.00792123097926378,0.00376374716870487,0.0122632719576359
0.0015296449419111,0.00163321837317199,-0.00691148592159152
0.00685596698895097,-0.000497310247737914,-0.0026504285633564
-0.0112535273656249,0.00909006875008345,0.0143938018009067
0.00579070253297687,-0.000497310247737914,-0.00904201529920101
-0.00060088379541412,0.00163321837317199,0.00374115747399628
-0.00379667733795941,0.0154816564172506,-0.0037156930193305
0.00259490916505456,-0.0122152185067534,-0.0111725432798266
-0.00060088379541412,0.00909006875008345,-0.00691148592159152
0.00259490916505456,-0.0100846895948052,0.00906747858971357
-0.00273141241632402,-0.000497310247737914,0.00374115747399628
-0.012318791821599,-0.00688889669254422,0.00267589301802218
0.00792123097926378,0.005894276779145,0.00054536439711228
0.00259490916505456,0.00269848271273077,0.0239811800420284
-0.00379667733795941,-0.00156257464550436,-0.0303473006933928
0.0111170243471861,-0.00688889669254422,0.0154590662568808
0.00579070253297687,-0.00901942513883114,-0.00584622146561742
-0.00805773492902517,0.0144163919612765,0.00374115747399628
0.00792123097926378,0.00163321837317199,0.00161062914412469
-0.00379667733795941,0.00376374716870487,0.0218506529927254
0.00685596698895097,-0.0100846895948052,-0.0175641290843487
0.000464380573248491,0.0144163919612765,0.00800221413373947
0.00685596698895097,-0.0122152185067534,0.00587168661877513
-0.00912299938499928,0.00269848271273077,0.0111980075016618
-0.00379667733795941,-0.000497310247737914,-0.0133030731230974
0.00898649543523788,-0.0207373313605785,-0.0101072788238525
-0.00805773492902517,-0.00156257464550436,0.00906747858971357
-0.00273141241632402,-0.00156257464550436,0.0101327430456877
-0.0155145851895213,0.00163321837317199,-0.00158516434021294
0.016443345695734,-0.00901942513883114,0.00480642216280103
0.00366017362102866,0.00695953983813524,-0.0175641290843487
0.0015296449419111,-0.0100846895948052,-0.0026504285633564
0.00579070253297687,0.0186774469912052,0.00906747858971357
-0.00486194109544158,-0.00369310332462192,-0.00158516434021294
-0.00166614807676524,-0.0175415389239788,-0.00797675084322691
-0.00699247000738978,-0.0154110118746758,-0.00691148592159152
-0.00379667733795941,0.0112205976620317,0.00480642216280103
-0.00486194109544158,0.00909006875008345,0.0165243316441774
-0.00912299938499928,0.00376374716870487,0.01332853641361
-0.00060088379541412,-0.0111499540507793,-0.0164988655596972
0.00259490916505456,0.0197427123785019,0.0207853876054287
-0.00805773492902517,0.005894276779145,0.00267589301802218
0.0132475523278117,-0.00475836778059602,-0.0122378077358007
0.0175086110830307,0.000567954499274492,0.0218506529927254
-0.00805773492902517,-0.0122152185067534,0.00374115747399628
-0.00166614807676524,0.0282648280262947,0.00161062914412469
0.0196391399949789,-0.0132804829627275,-0.0154336011037231
0.0132475523278117,-0.00688889669254422,0.00587168661877513
0.00579070253297687,0.0112205976620317,-0.0111725432798266
0.00792123097926378,-0.00795416068285704,-0.00797675084322691
-0.0101882629096508,0.0112205976620317,0.00587168661877513
0.00366017362102866,-0.00795416068285704,0.0207853876054287
-0.00379667733795941,-0.00795416068285704,0.00161062914412469
-0.00699247000738978,-0.019672067835927,-0.0047809574753046
0.0185738764703274,0.00909006875008345,-0.0047809574753046
-0.0208409056067467,-0.00688889669254422,-0.0101072788238525
-0.00486194109544158,-0.000497310247737914,0.01332853641361
0.00259490916505456,0.00695953983813524,-0.00691148592159152
-0.00060088379541412,-0.0100846895948052,0.0143938018009067
0.0143128167837858,0.000567954499274492,0.00906747858971357
0.000464380573248491,0.0122858621180058,0.00480642216280103
0.00472543807700276,-0.00795416068285704,0.00480642216280103
-0.00805773492902517,-0.00262783886864781,0.00480642216280103
0.00472543807700276,0.00269848271273077,-0.00691148592159152
0.00792123097926378,-0.0154110118746758,-0.0111725432798266
-0.00060088379541412,-0.00369310332462192,-0.0122378077358007
-0.00166614807676524,0.005894276779145,0.00054536439711228
0.00472543807700276,-0.00795416068285704,0.00267589301802218
0.00898649543523788,0.00695953983813524,0.0175895970314741
-0.00805773492902517,0.0112205976620317,-0.0154336011037231
-0.00060088379541412,-0.00901942513883114,-0.00797675084322691
0.0132475523278117,0.000567954499274492,-0.0122378077358007
0.0015296449419111,0.0122858621180058,-0.000519900000654161
-0.00273141241632402,0.0048290123231709,-0.0175641290843487
0.010051759891212,-0.0175415389239788,-0.0164988655596972
-0.00060088379541412,0.0048290123231709,0.0165243316441774
-0.0101882629096508,-0.00262783886864781,0.00054536439711228
-0.0101882629096508,0.0122858621180058,0.0197201240807772
0.0121822888031602,-0.0100846895948052,-0.0196946579962969
0.00259490916505456,0.0048290123231709,0.00054536439711228
-0.0187103785574436,0.00909006875008345,0.00480642216280103
-0.00060088379541412,-0.0111499540507793,0.0261117089539766
0.0111170243471861,-0.00795416068285704,-0.0239557158201933
-0.00805773492902517,-0.00688889669254422,0.0186548586934805
-0.00060088379541412,0.005894276779145,-0.0047809574753046
-0.00166614807676524,0.00269848271273077,-0.00158516434021294
-0.00699247000738978,-0.0100846895948052,0.00906747858971357
0.00472543807700276,0.0197427123785019,0.0111980075016618
-0.00273141241632402,0.00802480429410934,0.00480642216280103
-0.00060088379541412,0.0101553332060575,0.0101327430456877
0.00685596698895097,0.00269848271273077,-0.0026504285633564
0.00366017362102866,-0.00901942513883114,-0.00797675084322691
-0.00166614807676524,0.005894276779145,0.0154590662568808
-0.0112535273656249,0.00376374716870487,0.00480642216280103
0.00579070253297687,-0.00156257464550436,-0.000519900000654161
0.0207044053822756,0.00269848271273077,0.0101327430456877
-0.0176451150327921,0.00376374716870487,-0.000519900000654161
-0.00486194109544158,0.00269848271273077,0.0229159165173769
-0.00699247000738978,-0.000497310247737914,-0.0186293944716454
0.00366017362102866,0.0176121834665537,0.00800221413373947
0.000464380573248491,0.00802480429410934,0.00587168661877513
0.0015296449419111,0.0048290123231709,0.00267589301802218
-0.00379667733795941,0.0048290123231709,-0.0175641290843487
0.00366017362102866,0.000567954499274492,-0.00797675084322691
-0.00486194109544158,0.00376374716870487,-0.0111725432798266
-0.0197756439447403,-0.00901942513883114,0.00374115747399628
0.00898649543523788,-0.00582363223657012,-0.0133030731230974
-0.00912299938499928,0.00269848271273077,-0.0154336011037231
0.010051759891212,0.0101553332060575,-0.0239557158201933
-0.00166614807676524,-0.000497310247737914,0.00161062914412469
0.00792123097926378,-0.00369310332462192,0.0154590662568808
-0.00060088379541412,0.0048290123231709,-0.0122378077358007
-0.00805773492902517,0.00163321837317199,0.00161062914412469
0.00792123097926378,0.00163321837317199,0.00161062914412469
-0.00592720555141568,0.005894276779145,0.00374115747399628
0.0132475523278117,0.0048290123231709,0.00161062914412469
0.0015296449419111,0.00802480429410934,0.0122632719576359
-0.00166614807676524,0.000567954499274492,-0.00904201529920101
0.00472543807700276,0.0101553332060575,-0.0037156930193305
-0.0112535273656249,-0.0186068024486303,-0.00797675084322691
0.0239001959562302,-0.00262783886864781,-0.00797675084322691
-0.00592720555141568,-0.00156257464550436,0.00054536439711228
-0.0133840562775731,0.0112205976620317,-0.00158516434021294
0.0132475523278117,-0.0186068024486303,0.00800221413373947
-0.00379667733795941,0.00695953983813524,-0.00158516434021294
0.0132475523278117,0.00376374716870487,-0.00904201529920101
-0.00273141241632402,-0.022867863997817,-0.00158516434021294
0.0111170243471861,0.0112205976620317,-0.0154336011037231
-0.012318791821599,0.0048290123231709,0.0250464454293251
0.0196391399949789,-0.0164762753993273,-0.0133030731230974
-0.0187103785574436,0.00269848271273077,-0.0026504285633564
0.000464380573248491,0.00163321837317199,0.0111980075016618
0.00898649543523788,0.00163321837317199,-0.00904201529920101
0.0015296449419111,-0.000497310247737914,0.0154590662568808
0.0196391399949789,0.0122858621180058,-0.0196946579962969
-0.0155145851895213,-0.0143457474187017,0.00267589301802218
0.00366017362102866,0.0229385048151016,-0.0026504285633564
-0.00486194109544158,-0.00475836778059602,-0.0186293944716454
-0.00379667733795941,0.005894276779145,-0.00584622146561742
0.0143128167837858,-0.00369310332462192,-0.00584622146561742
0.00472543807700276,0.00376374716870487,0.0293075032532215
0.00259490916505456,0.0112205976620317,0.00161062914412469
-0.00060088379541412,-0.0100846895948052,-0.00158516434021294
0.00259490916505456,0.00909006875008345,0.00161062914412469
0.00579070253297687,0.0101553332060575,0.01332853641361
-0.012318791821599,0.0144163919612765,0.0175895970314741
0.00579070253297687,-0.030324712395668,-0.0196946579962969
0.016443345695734,0.0048290123231709,-0.00158516434021294
-0.00805773492902517,0.0101553332060575,0.0101327430456877
0.0015296449419111,-0.00369310332462192,-0.0196946579962969
-0.00805773492902517,0.005894276779145,0.0122632719576359
0.000464380573248491,-0.00262783886864781,-0.0026504285633564
-0.00592720555141568,-0.000497310247737914,-0.000519900000654161
-0.00379667733795941,-0.00582363223657012,-0.0047809574753046
-0.00166614807676524,-0.00156257464550436,-0.0026504285633564
-0.00060088379541412,-0.00369310332462192,-0.0133030731230974
0.00472543807700276,-0.00369310332462192,0.00587168661877513
-0.0112535273656249,0.0101553332060575,0.01332853641361
0.0217696689069271,0.00695953983813524,-0.0047809574753046
-0.00060088379541412,-0.0154110118746758,-0.000519900000654161
-0.0133840562775731,-0.00262783886864781,0.0154590662568808
0.00898649543523788,0.0208079759031534,-0.0026504285633564
0.016443345695734,-0.00475836778059602,-0.0047809574753046
-0.00699247000738978,0.00376374716870487,-0.0047809574753046
-0.00592720555141568,0.0048290123231709,-0.00691148592159152
0.00685596698895097,-0.00369310332462192,-0.0154336011037231
-0.00592720555141568,-0.00156257464550436,0.01332853641361
0.00579070253297687,0.00802480429410934,-0.0175641290843487
-0.0165798515081406,0.00909006875008345,0.00161062914412469
0.00472543807700276,0.00376374716870487,-0.0026504285633564
-0.00486194109544158,-0.00475836778059602,-0.0133030731230974
0.0015296449419111,0.00269848271273077,0.0271769743412733
0.0153780812397599,-0.0122152185067534,-0.0143683375790715
-0.00486194109544158,0.00909006875008345,-0.0143683375790715
-0.00166614807676524,0.00802480429410934,0.00906747858971357
-0.0101882629096508,0.0112205976620317,-0.000519900000654161
0.0121822888031602,-0.00688889669254422,0.00161062914412469
0.0015296449419111,-0.00475836778059602,-0.0133030731230974
0.000464380573248491,0.00909006875008345,-0.00158516434021294
0.010051759891212,0.00163321837317199,-0.00797675084322691
-0.00273141241632402,0.005894276779145,0.01332853641361
0.0207044053822756,-0.0100846895948052,-0.0047809574753046
0.0015296449419111,0.00695953983813524,-0.0101072788238525
0.010051759891212,0.000567954499274492,-0.00797675084322691
-0.00166614807676524,0.00376374716870487,0.00800221413373947
0.0111170243471861,-0.000497310247737914,0.00906747858971357
-0.00379667733795941,-0.0122152185067534,0.00906747858971357
-0.0101882629096508,0.00802480429410934,-0.0143683375790715
0.00579070253297687,-0.00369310332462192,0.0250464454293251
0.00472543807700276,0.0144163919612765,0.00374115747399628
0.0121822888031602,-0.00156257464550436,0.00480642216280103
-0.00273141241632402,0.00269848271273077,-0.0154336011037231
-0.012318791821599,0.0154816564172506,0.0101327430456877
0.000464380573248491,0.00163321837317199,-0.0047809574753046
-0.00166614807676524,0.00269848271273077,-0.0037156930193305
0.00579070253297687,-0.0143457474187017,-0.00158516434021294
0.0153780812397599,0.00802480429410934,-0.00584622146561742
-0.0112535273656249,-0.0143457474187017,-0.00158516434021294
0.00579070253297687,-0.00369310332462192,0.0143938018009067
-0.00166614807676524,0.0144163919612765,0.0111980075016618
0.00472543807700276,0.00909006875008345,0.00054536439711228
-0.00379667733795941,-0.019672067835927,0.0175895970314741
0.0015296449419111,0.0048290123231709,0.0111980075016618
0.000464380573248491,-0.00582363223657012,-0.0133030731230974
-0.00912299938499928,0.0133511275053024,-0.0196946579962969
-0.00379667733795941,0.00376374716870487,0.0165243316441774
0.00579070253297687,0.0048290123231709,-0.0196946579962969
-0.00486194109544158,-0.0260636564344168,0.0101327430456877
0.0217696689069271,0.0154816564172506,-0.0186293944716454
-0.0176451150327921,-0.0100846895948052,0.00374115747399628
0.0175086110830307,0.0122858621180058,0.0122632719576359
0.00366017362102866,-0.00369310332462192,-0.00584622146561742
-0.00699247000738978,-0.00795416068285704,0.01332853641361
0.00259490916505456,-0.0132804829627275,0.00587168661877513
-0.012318791821599,0.0154816564172506,-0.0143683375790715
0.010051759891212,-0.00688889669254422,0.0111980075016618
-0.00379667733795941,-0.000497310247737914,-0.0101072788238525
0.00472543807700276,-0.00156257464550436,-0.0164988655596972
-0.012318791821599,0.000567954499274492,-0.0037156930193305
0.00366017362102866,0.00376374716870487,-0.00797675084322691
-0.00273141241632402,0.00163321837317199,-0.00691148592159152
0.0132475523278117,-0.00369310332462192,-0.00584622146561742
0.00472543807700276,0.0112205976620317,-0.0186293944716454
-0.00486194109544158,-0.00795416068285704,-0.000519900000654161
-0.00166614807676524,-0.0122152185067534,0.00800221413373947
-0.00379667733795941,0.0101553332060575,0.00587168661877513
-0.0133840562775731,0.0048290123231709,0.00054536439711228
-0.00379667733795941,-0.00795416068285704,-0.00797675084322691
0.00472543807700276,0.0122858621180058,0.00374115747399628
0.00685596698895097,-0.0154110118746758,-0.00584622146561742
0.00685596698895097,-0.00688889669254422,-0.0122378077358007
-0.00805773492902517,0.0261342991143465,0.00693695107474923
-0.0133840562775731,-0.00262783886864781,0.00480642216280103
0.010051759891212,0.000567954499274492,-0.00904201529920101
-0.00486194109544158,-0.0100846895948052,0.00480642216280103
0.010051759891212,0.00163321837317199,0.00480642216280103
0.00898649543523788,-0.00156257464550436,0.00161062914412469
-0.00166614807676524,-0.000497310247737914,0.0101327430456877
0.00472543807700276,-0.00156257464550436,-0.0154336011037231
-0.00486194109544158,-0.0154110118746758,0.00054536439711228
0.00579070253297687,0.0048290123231709,0.00693695107474923
-0.00699247000738978,-0.0186068024486303,0.00587168661877513
0.010051759891212,0.0133511275053024,0.00267589301802218
0.00472543807700276,-0.00901942513883114,-0.0196946579962969
0.010051759891212,-0.0143457474187017,-0.0026504285633564
-0.00486194109544158,-0.00262783886864781,0.0122632719576359
-0.00273141241632402,0.0218732412904501,-0.0228904522955418
-0.00912299938499928,-0.00688889669254422,0.0111980075016618
0.00472543807700276,0.0133511275053024,0.0154590662568808
-0.00166614807676524,-0.0100846895948052,0.00800221413373947
0.00366017362102866,-0.00156257464550436,-0.0186293944716454
-0.00592720555141568,0.00163321837317199,-0.0111725432798266
0.00579070253297687,0.0176121834665537,0.00800221413373947
-0.0133840562775731,-0.00156257464550436,-0.0207599233835936
0.00472543807700276,-0.00901942513883114,0.00800221413373947
-0.00166614807676524,-0.0100846895948052,0.0111980075016618
-0.0101882629096508,0.0165469218045473,-0.0239557158201933
0.00685596698895097,-0.0122152185067534,-0.0164988655596972
-0.00592720555141568,-0.00156257464550436,0.00906747858971357
0.0015296449419111,-0.00688889669254422,-0.0111725432798266
-0.00699247000738978,0.0101553332060575,-0.00797675084322691
0.00685596698895097,0.00163321837317199,0.00587168661877513
0.00898649543523788,0.00163321837317199,-0.0133030731230974
-0.0155145851895213,0.00695953983813524,0.00800221413373947
0.00898649543523788,-0.000497310247737914,-0.0133030731230974
-0.00273141241632402,0.0101553332060575,0.0101327430456877
0.00579070253297687,-0.000497310247737914,-0.0207599233835936
-0.00379667733795941,-0.000497310247737914,-0.0037156930193305
-0.00273141241632402,-0.00795416068285704,-0.0154336011037231
-0.00273141241632402,0.0048290123231709,0.00906747858971357
-0.0165798515081406,-0.0154110118746758,-0.0228904522955418
-0.00912299938499928,-0.00262783886864781,0.0154590662568808
0.0153780812397599,-0.00901942513883114,-0.0282167717814445
-0.00805773492902517,0.00163321837317199,0.0186548586934805
0.00259490916505456,-0.00688889669254422,-0.0037156930193305
0.0143128167837858,0.00695953983813524,0.00267589301802218
0.000464380573248491,-0.0207373313605785,-0.00158516434021294
0.00898649543523788,-0.00582363223657012,-0.00797675084322691
0.00579070253297687,0.000567954499274492,-0.00158516434021294
-0.0101882629096508,-0.0111499540507793,-0.00584622146561742
0.00685596698895097,0.005894276779145,0.0111980075016618
0.00366017362102866,-0.00475836778059602,-0.0101072788238525
-0.0133840562775731,-0.00582363223657012,0.00267589301802218
0.000464380573248491,0.00695953983813524,-0.0154336011037231
0.010051759891212,-0.00262783886864781,-0.0037156930193305
0.00685596698895097,0.00163321837317199,0.00587168661877513
-0.00486194109544158,-0.0218025967478752,0.0165243316441774
0.0015296449419111,0.00909006875008345,0.00054536439711228
0.00792123097926378,0.00909006875008345,-0.000519900000654161
0.00685596698895097,-0.00262783886864781,0.01332853641361
0.00685596698895097,-0.00369310332462192,0.0101327430456877
-0.00699247000738978,-0.00582363223657012,-0.0207599233835936
0.00685596698895097,0.0048290123231709,0.0101327430456877
-0.00379667733795941,-0.000497310247737914,-0.0133030731230974
0.00472543807700276,-0.0122152185067534,0.00054536439711228
-0.0176451150327921,0.0122858621180058,0.0122632719576359
0.00792123097926378,0.00802480429410934,-0.00158516434021294
-0.0112535273656249,0.0154816564172506,-0.00584622146561742
0.0132475523278117,-0.0239331275224686,-0.0186293944716454
-0.00273141241632402,0.0122858621180058,-0.00158516434021294
0.00366017362102866,0.00269848271273077,-0.00158516434021294
-0.00273141241632402,0.00269848271273077,0.0207853876054287
-0.00166614807676524,0.0261342991143465,0.0101327430456877
-0.0133840562775731,-0.00582363223657012,-0.0143683375790715
-0.00060088379541412,0.00376374716870487,-0.00158516434021294
0.00366017362102866,0.0165469218045473,0.0122632719576359
-0.00273141241632402,-0.0186068024486303,-0.0143683375790715
0.00579070253297687,-0.00369310332462192,0.0143938018009067
-0.0101882629096508,-0.00688889669254422,-0.00584622146561742
0.000464380573248491,0.00909006875008345,-0.0101072788238525
0.000464380573248491,0.00269848271273077,-0.0026504285633564
0.00259490916505456,-0.000497310247737914,-0.0111725432798266
-0.0112535273656249,0.000567954499274492,0.0111980075016618
-0.012318791821599,-0.0132804829627275,0.0143938018009067
0.0153780812397599,0.0133511275053024,-0.0026504285633564
-0.00273141241632402,-0.0143457474187017,0.01332853641361
0.000464380573248491,-0.00582363223657012,0.00161062914412469
0.0015296449419111,0.00376374716870487,0.00693695107474923
-0.00486194109544158,0.00376374716870487,-0.00797675084322691
-0.00379667733795941,-0.00582363223657012,-0.00904201529920101
0.0111170243471861,0.00802480429410934,0.0165243316441774
0.00579070253297687,-0.0111499540507793,-0.00158516434021294
0.00579070253297687,-0.00582363223657012,0.00267589301802218
-0.0176451150327921,0.0112205976620317,-0.0154336011037231
0.0292265173047781,0.0112205976620317,-0.0111725432798266
-0.00805773492902517,0.0048290123231709,0.0293075032532215
0.00685596698895097,0.000567954499274492,-0.0101072788238525
0.016443345695734,0.0112205976620317,-0.0026504285633564
-0.012318791821599,0.0229385048151016,0.0186548586934805
0.0111170243471861,-0.030324712395668,-0.0037156930193305
-0.012318791821599,0.00269848271273077,0.0122632719576359
0.00792123097926378,0.00376374716870487,-0.0175641290843487
0.00685596698895097,-0.00688889669254422,-0.0037156930193305
0.00472543807700276,0.005894276779145,0.00054536439711228
-0.00592720555141568,0.00269848271273077,-0.00584622146561742
-0.0251019634306431,-0.00582363223657012,-0.0037156930193305
0.016443345695734,0.005894276779145,0.00693695107474923
-0.00379667733795941,-0.00262783886864781,-0.00158516434021294
0.010051759891212,-0.00369310332462192,0.00374115747399628
-0.00166614807676524,0.00909006875008345,0.00054536439711228
0.00579070253297687,-0.0132804829627275,-0.00584622146561742
0.00898649543523788,-0.00262783886864781,0.00161062914412469
-0.00273141241632402,0.00695953983813524,-0.0164988655596972
-0.0112535273656249,-0.0122152185067534,0.0101327430456877
-0.00486194109544158,0.0144163919612765,-0.0175641290843487
-0.00060088379541412,-0.000497310247737914,0.00693695107474923
0.0015296449419111,-0.000497310247737914,0.00267589301802218
0.00898649543523788,-0.0122152185067534,-0.000519900000654161
-0.0165798515081406,0.005894276779145,0.00800221413373947
-0.00592720555141568,0.00695953983813524,-0.0154336011037231
-0.00486194109544158,-0.000497310247737914,0.0239811800420284
-0.00486194109544158,0.0144163919612765,0.00800221413373947
0.0143128167837858,-0.0122152185067534,0.00054536439711228
-0.00912299938499928,0.00695953983813524,0.00054536439711228
0.00579070253297687,0.0048290123231709,-0.0143683375790715
-0.0101882629096508,0.00269848271273077,0.00480642216280103
0.010051759891212,0.0048290123231709,0.00693695107474923
0.0132475523278117,-0.0143457474187017,-0.0143683375790715
-0.0176451150327921,-0.00475836778059602,0.00906747858971357
0.0185738764703274,0.000567954499274492,-0.0047809574753046
-0.00912299938499928,0.0165469218045473,0.00587168661877513
-0.00273141241632402,0.00163321837317199,-0.00797675084322691
-0.00166614807676524,-0.00901942513883114,0.0143938018009067
0.00366017362102866,0.0122858621180058,-0.0122378077358007
0.0121822888031602,-0.0175415389239788,0.00267589301802218
0.00792123097926378,-0.0100846895948052,-0.0186293944716454
0.00685596698895097,-0.00475836778059602,0.00054536439711228
0.0132475523278117,-0.00901942513883114,-0.000519900000654161
-0.00379667733795941,-0.0132804829627275,-0.00584622146561742
0.00898649543523788,0.0144163919612765,0.0143938018009067
0.0132475523278117,-0.00795416068285704,-0.0037156930193305
-0.00699247000738978,0.0229385048151016,-0.0037156930193305
-0.00060088379541412,-0.000497310247737914,0.00267589301802218
0.00898649543523788,-0.0154110118746758,-0.00158516434021294
0.0015296449419111,0.0165469218045473,-0.0101072788238525
-0.00379667733795941,-0.0122152185067534,-0.0037156930193305
0.0015296449419111,0.000567954499274492,-0.00584622146561742
0.0015296449419111,-0.00156257464550436,0.00800221413373947
-0.00699247000738978,0.0176121834665537,-0.00691148592159152
0.00259490916505456,-0.00901942513883114,0.0101327430456877
-0.0112535273656249,-0.0100846895948052,-0.00584622146561742
0.00259490916505456,-0.00369310332462192,-0.00904201529920101
-0.0112535273656249,-0.0143457474187017,0.0143938018009067
0.0143128167837858,-0.0100846895948052,0.00161062914412469
-0.0133840562775731,0.0122858621180058,-0.0047809574753046
0.010051759891212,-0.00901942513883114,-0.00158516434021294
0.00579070253297687,0.00163321837317199,-0.00691148592159152
-0.00805773492902517,-0.00156257464550436,-0.00691148592159152
0.0249654594808817,0.00695953983813524,0.00693695107474923
-0.00166614807676524,-0.00795416068285704,0.00161062914412469
-0.0251019634306431,-0.00582363223657012,0.00693695107474923
0.00579070253297687,-0.000497310247737914,-0.0228904522955418
-0.00699247000738978,0.0186774469912052,0.01332853641361
0.0121822888031602,-0.00688889669254422,0.00161062914412469
0.0143128167837858,-0.00156257464550436,0.00267589301802218
-0.012318791821599,-0.0132804829627275,-0.0026504285633564
-0.00166614807676524,-0.00156257464550436,-0.0111725432798266
-0.00166614807676524,-0.00262783886864781,-0.0047809574753046
-0.00912299938499928,0.00269848271273077,0.0122632719576359
0.0143128167837858,-0.00582363223657012,-0.0037156930193305
-0.0144493207335472,0.005894276779145,0.00161062914412469
0.00898649543523788,-0.000497310247737914,0.00693695107474923
-0.0144493207335472,-0.00688889669254422,0.00587168661877513
0.0015296449419111,0.0133511275053024,0.00693695107474923
-0.00379667733795941,-0.00901942513883114,0.0143938018009067
0.00685596698895097,0.005894276779145,0.00480642216280103
0.00792123097926378,-0.00475836778059602,-0.0196946579962969
-0.00166614807676524,-0.00582363223657012,-0.0133030731230974
0.010051759891212,0.000567954499274492,-0.0047809574753046
-0.0176451150327921,-0.00156257464550436,0.0154590662568808
-0.00166614807676524,0.00695953983813524,-0.0101072788238525
0.00472543807700276,-0.000497310247737914,-0.00904201529920101
-0.0112535273656249,-0.00475836778059602,0.0218506529927254
0.0175086110830307,0.00269848271273077,-0.0133030731230974
-0.00592720555141568,0.00163321837317199,-0.0026504285633564
-0.0165798515081406,0.0122858621180058,0.00693695107474923
-0.00912299938499928,0.00163321837317199,-0.00158516434021294
-0.0133840562775731,0.00909006875008345,-0.00691148592159152
0.00579070253297687,-0.00262783886864781,0.0154590662568808
0.0121822888031602,-0.00156257464550436,-0.00158516434021294
-0.00060088379541412,-0.00156257464550436,-0.0335430949926376
0.0143128167837858,-0.00688889669254422,0.00587168661877513
-0.0197756439447403,0.00695953983813524,0.00480642216280103
-0.00912299938499928,-0.0186068024486303,-0.0260862428694963
0.0175086110830307,0.00802480429410934,0.0175895970314741
-0.0133840562775731,0.005894276779145,0.00587168661877513
0.000464380573248491,-0.00582363223657012,-0.0143683375790715
-0.00699247000738978,-0.000497310247737914,-0.00584622146561742
0.00259490916505456,0.000567954499274492,0.0143938018009067
-0.0101882629096508,0.00163321837317199,-0.00691148592159152
0.0015296449419111,0.00163321837317199,-0.0186293944716454
-0.00166614807676524,-0.00901942513883114,-0.0101072788238525
0.0015296449419111,-0.00475836778059602,0.00800221413373947
-0.00486194109544158,-0.0132804829627275,0.00267589301802218
0.00898649543523788,0.0122858621180058,-0.000519900000654161
0.0143128167837858,-0.0132804829627275,0.0101327430456877
-0.0101882629096508,0.00269848271273077,0.00587168661877513
0.00685596698895097,0.005894276779145,0.00161062914412469
-0.0155145851895213,0.00376374716870487,0.0122632719576359
0.0132475523278117,0.00269848271273077,0.0111980075016618
0.0132475523278117,-0.00156257464550436,0.00480642216280103
0.000464380573248491,0.0112205976620317,-0.00797675084322691
0.00366017362102866,-0.00156257464550436,0.00161062914412469
0.00792123097926378,-0.00156257464550436,0.0111980075016618
-0.00166614807676524,-0.0154110118746758,0.01332853641361
0.0111170243471861,0.0229385048151016,-0.000519900000654161
-0.0101882629096508,-0.00795416068285704,-0.0101072788238525
0.00579070253297687,-0.00901942513883114,0.00054536439711228
0.00366017362102866,-0.00901942513883114,0.00480642216280103
-0.00060088379541412,-0.00156257464550436,-0.0047809574753046
0.000464380573248491,0.00802480429410934,0.0143938018009067
0.00898649543523788,0.00269848271273077,-0.027151508256793
0.0015296449419111,-0.00475836778059602,0.0261117089539766
0.0015296449419111,0.00269848271273077,0.00374115747399628
-0.00912299938499928,0.0133511275053024,0.0122632719576359
0.000464380573248491,-0.0143457474187017,-0.0154336011037231
-0.00166614807676524,0.00269848271273077,0.0175895970314741
0.0143128167837858,-0.0111499540507793,-0.00904201529920101
-0.00060088379541412,0.0048290123231709,0.00906747858971357
0.00685596698895097,-0.000497310247737914,0.00480642216280103
-0.00166614807676524,-0.00369310332462192,0.0143938018009067
-0.00699247000738978,0.0048290123231709,0.00693695107474923
-0.00805773492902517,0.000567954499274492,-0.000519900000654161
-0.00060088379541412,-0.000497310247737914,-0.027151508256793
0.00366017362102866,-0.0111499540507793,-0.0175641290843487
0.00685596698895097,0.0176121834665537,-0.00797675084322691
-0.00805773492902517,-0.0281941834837198,-0.0101072788238525
0.0015296449419111,0.00269848271273077,-0.0101072788238525
0.0111170243471861,-0.00795416068285704,-0.0037156930193305
0.000464380573248491,-0.00901942513883114,-0.0143683375790715
0.00472543807700276,0.00376374716870487,0.00693695107474923
-0.0112535273656249,0.005894276779145,0.00693695107474923
-0.00592720555141568,-0.00369310332462192,0.00480642216280103
0.0132475523278117,0.0282648280262947,0.0143938018009067
0.00685596698895097,-0.00262783886864781,0.00587168661877513
-0.00060088379541412,-0.0164762753993273,-0.0111725432798266
-0.012318791821599,0.0101553332060575,0.0186548586934805
0.0111170243471861,-0.0111499540507793,-0.000519900000654161
-0.0133840562775731,-0.00262783886864781,0.0229159165173769
0.0111170243471861,0.00909006875008345,0.00267589301802218
-0.00273141241632402,0.00695953983813524,-0.00158516434021294
-0.00805773492902517,-0.00369310332462192,0.0101327430456877
0.0143128167837858,-0.00582363223657012,-0.027151508256793
-0.00486194109544158,-0.00369310332462192,0.01332853641361
0.0132475523278117,0.00695953983813524,-0.00797675084322691
0.0121822888031602,-0.00582363223657012,0.00800221413373947
-0.00273141241632402,-0.0249983929097652,0.0154590662568808
-0.00273141241632402,0.0122858621180058,0.00267589301802218
0.0015296449419111,-0.00262783886864781,-0.00691148592159152
0.000464380573248491,-0.00262783886864781,-0.0154336011037231
-0.00486194109544158,0.0101553332060575,-0.0143683375790715
0.00792123097926378,0.000567954499274492,0.0143938018009067
-0.00592720555141568,0.00695953983813524,-0.0239557158201933
-0.00699247000738978,0.000567954499274492,0.0143938018009067
0.000464380573248491,-0.00369310332462192,-0.00691148592159152
-0.00166614807676524,0.005894276779145,0.00480642216280103
0.000464380573248491,0.00163321837317199,0.00480642216280103
-0.00060088379541412,0.00695953983813524,0.00587168661877513
-0.00060088379541412,0.0261342991143465,-0.0122378077358007
0.0185738764703274,-0.0164762753993273,0.0111980075016618
0.00792123097926378,-0.00156257464550436,-0.000519900000654161
-0.00486194109544158,0.0165469218045473,0.00800221413373947
-0.00379667733795941,-0.0143457474187017,-0.00158516434021294
-0.00592720555141568,-0.00475836778059602,-0.0111725432798266
0.00792123097926378,0.0048290123231709,-0.0292820371687412
0.00472543807700276,0.0122858621180058,0.0271769743412733
-0.0112535273656249,-0.00156257464550436,-0.0282167717814445
0.0121822888031602,-0.0111499540507793,-0.0026504285633564
0.00579070253297687,-0.00156257464550436,0.00800221413373947
-0.00592720555141568,0.00163321837317199,-0.00158516434021294
-0.00379667733795941,-0.00262783886864781,-0.0026504285633564
0.0143128167837858,0.0122858621180058,-0.0037156930193305
0.00259490916505456,-0.000497310247737914,-0.0037156930193305
0.000464380573248491,-0.000497310247737914,-0.00158516434021294
0.010051759891212,0.0112205976620317,0.00267589301802218
0.000464380573248491,0.000567954499274492,-0.0037156930193305
0.00472543807700276,-0.0111499540507793,-0.00904201529920101
-0.0112535273656249,0.0101553332060575,0.00161062914412469
0.0239001959562302,-0.00901942513883114,-0.00904201529920101
-0.00379667733795941,-0.0100846895948052,0.0143938018009067
-0.00912299938499928,0.0165469218045473,0.0143938018009067
0.0015296449419111,-0.0186068024486303,-0.0335430949926376
0.00792123097926378,-0.00369310332462192,-0.0026504285633564
-0.012318791821599,0.0154816564172506,0.0122632719576359
0.00259490916505456,-0.00901942513883114,0.01332853641361
0.0015296449419111,0.00376374716870487,-0.0101072788238525
0.00259490916505456,-0.000497310247737914,-0.00797675084322691
-0.00699247000738978,0.00163321837317199,0.0101327430456877
-0.00273141241632402,0.0112205976620317,-0.0175641290843487
-0.00592720555141568,0.00269848271273077,0.0101327430456877
0.0015296449419111,-0.0143457474187017,-0.00904201529920101
-0.00486194109544158,0.00376374716870487,0.0101327430456877
-0.00912299938499928,0.000567954499274492,-0.0047809574753046
0.00259490916505456,-0.00156257464550436,-0.0026504285633564
0.0132475523278117,0.0112205976620317,-0.00691148592159152
-0.00699247000738978,-0.00475836778059602,-0.0026504285633564
0.0015296449419111,0.00802480429410934,0.0111980075016618
0.00685596698895097,-0.00262783886864781,-0.0154336011037231
-0.00699247000738978,-0.0249983929097652,-0.0154336011037231
-0.00486194109544158,0.00376374716870487,0.00800221413373947
-0.00166614807676524,-0.000497310247737914,-0.0101072788238525
0.00366017362102866,0.0101553332060575,0.00054536439711228
-0.00699247000738978,-0.000497310247737914,0.01332853641361
0.0185738764703274,-0.00795416068285704,-0.0122378077358007
0.00366017362102866,-0.00369310332462192,-0.0133030731230974
-0.0165798515081406,0.00802480429410934,-0.00584622146561742
0.0015296449419111,0.0048290123231709,0.0111980075016618
0.0132475523278117,-0.00901942513883114,0.00800221413373947
-0.0101882629096508,-0.00156257464550436,-0.0047809574753046
0.00579070253297687,0.005894276779145,0.00587168661877513
0.00366017362102866,0.0101553332060575,-0.0303473006933928
0.00259490916505456,0.00163321837317199,0.030372766777873
-0.00912299938499928,-0.00369310332462192,-0.0196946579962969
-0.00060088379541412,0.0154816564172506,0.00374115747399628
-0.00273141241632402,0.00163321837317199,0.0122632719576359
-0.00486194109544158,0.000567954499274492,-0.0026504285633564
0.000464380573248491,-0.0111499540507793,-0.0143683375790715
0.00366017362102866,-0.0154110118746758,-0.00691148592159152
0.00898649543523788,0.0048290123231709,-0.0026504285633564
-0.0101882629096508,0.00376374716870487,0.00693695107474923
0.0015296449419111,-0.00688889669254422,0.00054536439711228
-0.0144493207335472,-0.00475836778059602,0.00161062914412469
0.0132475523278117,-0.000497310247737914,-0.0111725432798266
-0.00699247000738978,0.00802480429410934,-0.0026504285633564
0.0015296449419111,-0.0154110118746758,0.00374115747399628
-0.00486194109544158,0.00269848271273077,0.00800221413373947
0.00792123097926378,0.00269848271273077,-0.000519900000654161
0.0196391399949789,0.005894276779145,0.01332853641361
-0.00060088379541412,-0.000497310247737914,-0.0026504285633564
-0.0176451150327921,-0.00795416068285704,0.00161062914412469
0.0249654594808817,-0.000497310247737914,-0.0037156930193305
-0.0133840562775731,-0.00369310332462192,-0.00584622146561742
0.00898649543523788,0.0048290123231709,0.00267589301802218
-0.00805773492902517,-0.0100846895948052,0.00587168661877513
-0.0144493207335472,0.0112205976620317,-0.00158516434021294
-0.00592720555141568,0.00269848271273077,0.00693695107474923
-0.0240366999059916,-0.00475836778059602,-0.00158516434021294
0.010051759891212,0.00376374716870487,0.0186548586934805
0.00472543807700276,0.00802480429410934,-0.0154336011037231
-0.00060088379541412,0.00163321837317199,0.0197201240807772
0.0196391399949789,0.00163321837317199,-0.0026504285633564
-0.0197756439447403,-0.00582363223657012,0.00161062914412469
0.016443345695734,0.00163321837317199,0.00587168661877513
-0.00912299938499928,-0.00688889669254422,0.0271769743412733
-0.00486194109544158,0.00376374716870487,-0.027151508256793
-0.00805773492902517,-0.0175415389239788,0.00480642216280103
0.000464380573248491,-0.00582363223657012,0.00693695107474923
-0.00379667733795941,0.00802480429410934,0.0122632719576359
0.00259490916505456,0.00269848271273077,-0.0047809574753046
-0.0133840562775731,0.0101553332060575,0.0239811800420284
0.0015296449419111,0.0186774469912052,-0.0122378077358007
-0.00912299938499928,-0.000497310247737914,-0.0026504285633564
0.00579070253297687,-0.00475836778059602,0.01332853641361
0.00259490916505456,0.00802480429410934,-0.00904201529920101
-0.00912299938499928,0.00695953983813524,-0.000519900000654161
-0.00486194109544158,-0.0122152185067534,-0.0196946579962969
-0.00166614807676524,0.0154816564172506,0.00800221413373947
-0.012318791821599,-0.0132804829627275,-0.0218251869082451
0.00259490916505456,0.0101553332060575,0.00800221413373947
0.0175086110830307,-0.00156257464550436,-0.0101072788238525
0.00685596698895097,-0.00795416068285704,0.01332853641361
-0.00486194109544158,-0.0100846895948052,0.00267589301802218
0.00685596698895097,-0.000497310247737914,-0.0111725432798266
-0.00699247000738978,-0.00262783886864781,-0.00691148592159152
0.0015296449419111,0.000567954499274492,-0.00158516434021294
-0.0101882629096508,0.00163321837317199,-0.000519900000654161
0.00792123097926378,-0.0164762753993273,0.00480642216280103
-0.00912299938499928,-0.00369310332462192,-0.00584622146561742
0.010051759891212,-0.000497310247737914,0.00054536439711228
-0.00805773492902517,-0.000497310247737914,-0.0143683375790715
0.00366017362102866,0.0048290123231709,0.00693695107474923
-0.00060088379541412,-0.00369310332462192,0.00054536439711228
0.00898649543523788,-0.00156257464550436,-0.00584622146561742
-0.00486194109544158,-0.00901942513883114,0.0101327430456877
0.00792123097926378,0.00269848271273077,0.0111980075016618
0.00259490916505456,0.00909006875008345,-0.0122378077358007
0.00792123097926378,-0.00475836778059602,0.0122632719576359
-0.00912299938499928,0.005894276779145,-0.0228904522955418
0.00259490916505456,-0.00582363223657012,0.0186548586934805
0.00472543807700276,0.00802480429410934,-0.0037156930193305
0.00472543807700276,-0.000497310247737914,-0.0218251869082451
0.00792123097926378,-0.00688889669254422,0.00587168661877513
-0.00166614807676524,-0.00688889669254422,0.01332853641361
0.00898649543523788,0.00269848271273077,-0.000519900000654161
-0.0112535273656249,-0.000497310247737914,-0.0175641290843487
0.010051759891212,0.00163321837317199,0.00374115747399628
-0.00592720555141568,0.0048290123231709,-0.0122378077358007
0.0132475523278117,-0.0100846895948052,0.00161062914412469
-0.00166614807676524,0.000567954499274492,-0.000519900000654161
0.0111170243471861,0.0101553332060575,-0.0101072788238525
-0.00805773492902517,0.00163321837317199,0.00906747858971357
-0.00166614807676524,-0.00369310332462192,-0.00797675084322691
0.010051759891212,-0.00475836778059602,0.00693695107474923
-0.00166614807676524,0.0176121834665537,-0.00584622146561742
-0.0176451150327921,0.00695953983813524,-0.00158516434021294
-0.00592720555141568,-0.0111499540507793,-0.0037156930193305
0.00685596698895097,0.0101553332060575,0.00267589301802218
0.00579070253297687,-0.00901942513883114,0.00161062914412469
-0.0101882629096508,-0.00901942513883114,-0.0026504285633564
0.00259490916505456,0.00376374716870487,0.00161062914412469
-0.00166614807676524,-0.0175415389239788,-0.0143683375790715
0.0207044053822756,0.00269848271273077,0.0175895970314741
-0.00592720555141568,0.00695953983813524,0.00693695107474923
0.00259490916505456,0.000567954499274492,-0.00158516434021294
0.00898649543523788,0.0101553332060575,-0.0047809574753046
-0.00273141241632402,0.0101553332060575,-0.0101072788238525
-0.00060088379541412,0.00376374716870487,0.00161062914412469
-0.0144493207335472,0.00269848271273077,0.0101327430456877
0.00685596698895097,0.00802480429410934,-0.0133030731230974
-0.0101882629096508,-0.0111499540507793,-0.0175641290843487
0.010051759891212,0.0154816564172506,-0.00584622146561742
-0.00699247000738978,0.000567954499274492,0.0165243316441774
0.00579070253297687,-0.00369310332462192,0.0111980075016618
-0.00379667733795941,-0.00156257464550436,-0.0037156930193305
0.0111170243471861,-0.00156257464550436,-0.00691148592159152
-0.0133840562775731,0.0197427123785019,0.00161062914412469
0.000464380573248491,0.0048290123231709,0.0122632719576359
-0.00805773492902517,-0.000497310247737914,-0.0218251869082451
-0.0101882629096508,-0.0143457474187017,0.00906747858971357
-0.00486194109544158,0.0133511275053024,-0.0026504285633564
0.010051759891212,-0.00901942513883114,-0.00584622146561742
0.00259490916505456,-0.00475836778059602,-0.0228904522955418
-0.00379667733795941,-0.00795416068285704,0.01332853641361
-0.00592720555141568,0.0112205976620317,-0.0154336011037231
0.016443345695734,-0.00795416068285704,0.00054536439711228
-0.00166614807676524,0.0048290123231709,-0.0037156930193305
-0.00379667733795941,0.00695953983813524,-0.0133030731230974
-0.0155145851895213,0.0133511275053024,0.0197201240807772
-0.00699247000738978,-0.00475836778059602,-0.00691148592159152
0.00366017362102866,-0.00688889669254422,-0.0037156930193305
-0.00805773492902517,0.027199562638998,0.00054536439711228
-0.00166614807676524,-0.00795416068285704,0.00906747858971357
-0.00273141241632402,-0.00156257464550436,-0.00691148592159152
-0.0101882629096508,0.00802480429410934,0.0186548586934805
0.0015296449419111,0.00376374716870487,-0.0047809574753046
-0.00805773492902517,-0.000497310247737914,-0.0175641290843487
-0.00060088379541412,-0.000497310247737914,0.0218506529927254
0.0132475523278117,0.00269848271273077,-0.0101072788238525
-0.00592720555141568,0.0112205976620317,0.00587168661877513
-0.00379667733795941,-0.0164762753993273,0.0101327430456877
-0.00060088379541412,0.00376374716870487,0.00374115747399628
0.00366017362102866,0.00163321837317199,-0.0047809574753046
-0.00486194109544158,0.00695953983813524,-0.0133030731230974
0.0143128167837858,0.0048290123231709,0.00693695107474923
-0.0144493207335472,0.0186774469912052,0.0101327430456877
0.00472543807700276,-0.000497310247737914,-0.00904201529920101
0.00579070253297687,-0.000497310247737914,-0.00691148592159152
0.016443345695734,-0.00475836778059602,-0.00691148592159152
-0.00166614807676524,0.000567954499274492,0.0197201240807772
-0.00592720555141568,0.00802480429410934,0.00693695107474923
0.016443345695734,0.00909006875008345,-0.00691148592159152
-0.0251019634306431,0.0101553332060575,0.0293075032532215
0.00366017362102866,0.000567954499274492,-0.0111725432798266
0.00792123097926378,-0.0154110118746758,-0.0047809574753046
0.00792123097926378,-0.00688889669254422,0.0122632719576359
-0.00060088379541412,0.0048290123231709,0.00267589301802218
0.00472543807700276,0.00802480429410934,-0.00691148592159152
0.0015296449419111,-0.0122152185067534,0.00267589301802218
-0.00060088379541412,0.005894276779145,-0.0228904522955418
0.0015296449419111,0.00269848271273077,0.00693695107474923
0.00579070253297687,-0.00688889669254422,0.00161062914412469
0.00685596698895097,0.00695953983813524,0.0143938018009067
-0.00592720555141568,0.00269848271273077,0.0261117089539766
-0.0101882629096508,0.00695953983813524,-0.000519900000654161
0.00792123097926378,-0.00369310332462192,-0.0186293944716454
-0.0112535273656249,0.0112205976620317,0.0186548586934805
0.00685596698895097,-0.00582363223657012,-0.000519900000654161
-0.00379667733795941,-0.00901942513883114,-0.0037156930193305
-0.00805773492902517,0.00695953983813524,0.00480642216280103
-0.00166614807676524,0.00376374716870487,0.0101327430456877
-0.0165798515081406,-0.00688889669254422,0.0175895970314741
0.00792123097926378,0.0048290123231709,0.00693695107474923
-0.00805773492902517,-0.0100846895948052,-0.00904201529920101
0.000464380573248491,0.0101553332060575,0.00054536439711228
0.00472543807700276,-0.00369310332462192,-0.0133030731230974
-0.012318791821599,-0.0100846895948052,0.0175895970314741
-0.00486194109544158,-0.00582363223657012,0.00693695107474923
0.0015296449419111,0.00802480429410934,-0.0026504285633564
0.00366017362102866,-0.0122152185067534,0.00054536439711228
-0.0187103785574436,0.0048290123231709,0.0122632719576359
0.0015296449419111,0.0133511275053024,-0.0143683375790715
-0.00486194109544158,-0.00262783886864781,0.00374115747399628
0.00259490916505456,-0.00262783886864781,0.0101327430456877
-0.00379667733795941,0.00163321837317199,-0.0164988655596972
0.00685596698895097,-0.00688889669254422,0.01332853641361
-0.00273141241632402,0.0048290123231709,-0.00158516434021294
-0.0133840562775731,-0.00582363223657012,0.0122632719576359
0.00579070253297687,0.0101553332060575,0.00587168661877513
0.000464380573248491,-0.00475836778059602,-0.00691148592159152
0.000464380573248491,0.0122858621180058,0.0197201240807772
0.00685596698895097,0.005894276779145,0.0154590662568808
-0.00379667733795941,-0.00901942513883114,-0.0143683375790715
-0.00805773492902517,-0.000497310247737914,0.0399601496756077
0.00792123097926378,0.0112205976620317,-0.0101072788238525
0.00792123097926378,-0.00688889669254422,0.00480642216280103
-0.00060088379541412,0.00909006875008345,0.00054536439711228
0.00685596698895097,-0.0186068024486303,-0.0101072788238525
0.00366017362102866,0.000567954499274492,-0.00691148592159152
-0.0133840562775731,0.0176121834665537,-0.0037156930193305
0.00579070253297687,0.000567954499274492,0.0122632719576359
-0.00379667733795941,-0.0132804829627275,-0.0346083603799343
0.00898649543523788,0.0208079759031534,0.0186548586934805
0.00472543807700276,-0.0111499540507793,-0.0282167717814445
-0.00912299938499928,0.00163321837317199,0.0143938018009067
-0.00273141241632402,0.00909006875008345,0.0101327430456877
0.00472543807700276,0.000567954499274492,-0.0164988655596972
0.000464380573248491,0.00695953983813524,0.00480642216280103
-0.00273141241632402,0.0176121834665537,0.0314380340278149
0.0121822888031602,-0.00156257464550436,-0.0143683375790715
0.00259490916505456,-0.0111499540507793,-0.0143683375790715
0.00366017362102866,-0.00156257464550436,-0.0207599233835936
-0.00166614807676524,-0.00369310332462192,0.0111980075016618
-0.00060088379541412,-0.000497310247737914,-0.00584622146561742
-0.00060088379541412,-0.00156257464550436,0.00161062914412469
0.00898649543523788,0.005894276779145,-0.0047809574753046
-0.00805773492902517,-0.00475836778059602,-0.0186293944716454
-0.00166614807676524,-0.000497310247737914,0.0175895970314741
0.0111170243471861,0.000567954499274492,-0.000519900000654161
-0.00805773492902517,-0.00688889669254422,0.00267589301802218
0.00366017362102866,0.000567954499274492,-0.000519900000654161
0.00792123097926378,-0.0122152185067534,0.00480642216280103
-0.0101882629096508,-0.00582363223657012,-0.00584622146561742
0.00792123097926378,-0.0175415389239788,-0.00797675084322691
0.0015296449419111,0.0048290123231709,0.00374115747399628
-0.00166614807676524,0.0165469218045473,0.00267589301802218
0.0153780812397599,0.000567954499274492,-0.000519900000654161
-0.0240366999059916,0.00695953983813524,-0.0037156930193305
0.0175086110830307,0.00909006875008345,-0.0101072788238525
-0.00060088379541412,0.00376374716870487,0.0143938018009067
-0.00379667733795941,-0.00582363223657012,-0.00584622146561742
-0.00273141241632402,0.00802480429410934,-0.0111725432798266
-0.00486194109544158,0.00695953983813524,-0.00797675084322691
0.00259490916505456,-0.00795416068285704,0.00161062914412469
0.00366017362102866,0.0112205976620317,0.00161062914412469
0.00792123097926378,-0.00156257464550436,0.00693695107474923
-0.0101882629096508,-0.0111499540507793,-0.00584622146561742
0.00366017362102866,-0.00582363223657012,-0.00158516434021294
0.00685596698895097,-0.00156257464550436,0.0122632719576359
0.00366017362102866,-0.00688889669254422,-0.0122378077358007
-0.00273141241632402,-0.000497310247737914,0.00693695107474923
0.00366017362102866,0.0101553332060575,-0.0026504285633564
0.00366017362102866,-0.00262783886864781,0.00480642216280103
-0.00060088379541412,0.00376374716870487,-0.0228904522955418
0.0143128167837858,-0.00795416068285704,0.0154590662568808
0.00259490916505456,-0.00262783886864781,-0.0101072788238525
-0.00592720555141568,-0.0111499540507793,-0.00584622146561742
0.00259490916505456,0.0293300915509462,0.0186548586934805
0.00366017362102866,-0.022867863997817,0.0111980075016618
0.00685596698895097,0.0144163919612765,-0.0207599233835936
-0.0261672288179398,-0.0164762753993273,0.0229159165173769
0.000464380573248491,-0.00262783886864781,0.00906747858971357
-0.00912299938499928,0.0154816564172506,-0.0101072788238525
0.0015296449419111,0.00802480429410934,-0.0047809574753046
0.0143128167837858,0.000567954499274492,0.00161062914412469
-0.012318791821599,0.00269848271273077,-0.00691148592159152
-0.00273141241632402,0.005894276779145,0.00054536439711228
0.00685596698895097,-0.00688889669254422,-0.0037156930193305
-0.0155145851895213,0.0112205976620317,0.00374115747399628
0.0153780812397599,-0.00262783886864781,0.00161062914412469
-0.00592720555141568,0.0154816564172506,0.00054536439711228
0.016443345695734,-0.00795416068285704,0.01332853641361
-0.0208409056067467,0.00909006875008345,0.0111980075016618
0.00898649543523788,0.00269848271273077,0.00161062914412469
-0.0112535273656249,0.00163321837317199,-0.00904201529920101
0.00898649543523788,0.000567954499274492,0.0175895970314741
0.000464380573248491,-0.00156257464550436,-0.0101072788238525
0.0143128167837858,0.00376374716870487,0.0101327430456877
-0.00379667733795941,0.00269848271273077,-0.0047809574753046
0.00472543807700276,-0.00262783886864781,-0.00904201529920101
-0.00592720555141568,0.0112205976620317,-0.0037156930193305
0.00579070253297687,0.00269848271273077,-0.0101072788238525
-0.0112535273656249,-0.00901942513883114,0.00161062914412469
0.016443345695734,-0.0143457474187017,-0.00797675084322691
-0.0155145851895213,0.00695953983813524,0.0154590662568808
-0.00166614807676524,-0.00156257464550436,-0.00158516434021294
0.00366017362102866,0.00163321837317199,0.0261117089539766
0.00898649543523788,-0.00582363223657012,-0.000519900000654161
-0.00379667733795941,-0.0100846895948052,-0.00158516434021294
0.016443345695734,0.00376374716870487,0.00693695107474923
0.0132475523278117,-0.000497310247737914,-0.00797675084322691
-0.00379667733795941,-0.0154110118746758,0.0261117089539766
-0.00166614807676524,0.00695953983813524,0.00480642216280103
-0.00699247000738978,0.00163321837317199,-0.0207599233835936
0.00259490916505456,-0.000497310247737914,0.00374115747399628
0.010051759891212,0.000567954499274492,0.0250464454293251
0.000464380573248491,0.005894276779145,0.00587168661877513
-0.00060088379541412,-0.00475836778059602,-0.00904201529920101
-0.00166614807676524,0.00269848271273077,0.00906747858971357
0.00472543807700276,0.0112205976620317,0.00480642216280103
0.00792123097926378,0.0186774469912052,0.00693695107474923
0.00259490916505456,-0.00688889669254422,-0.00904201529920101
-0.0112535273656249,-0.00156257464550436,-0.00904201529920101
0.00259490916505456,0.00376374716870487,-0.0026504285633564
-0.00273141241632402,0.00802480429410934,-0.0111725432798266
-0.0101882629096508,-0.00156257464550436,0.00267589301802218
-0.00592720555141568,-0.0186068024486303,-0.00904201529920101
0.00472543807700276,0.005894276779145,0.0207853876054287
-0.0112535273656249,-0.00475836778059602,-0.0175641290843487
0.000464380573248491,0.000567954499274492,-0.0111725432798266
0.00792123097926378,-0.000497310247737914,0.00054536439711228
0.000464380573248491,0.000567954499274492,-0.0111725432798266
0.00579070253297687,-0.00369310332462192,0.00480642216280103
-0.0133840562775731,-0.00369310332462192,-0.0133030731230974
0.00472543807700276,0.0112205976620317,0.0186548586934805
-0.00912299938499928,-0.00795416068285704,-0.0164988655596972
0.010051759891212,-0.00582363223657012,0.00587168661877513
-0.00273141241632402,-0.00582363223657012,0.00054536439711228
0.00898649543523788,0.0122858621180058,0.00374115747399628
-0.0112535273656249,-0.00156257464550436,0.00161062914412469
0.0015296449419111,-0.0154110118746758,0.00587168661877513
-0.0187103785574436,0.005894276779145,0.0143938018009067
-0.00166614807676524,-0.00262783886864781,-0.00904201529920101
-0.00379667733795941,-0.00688889669254422,0.0218506529927254
-0.00486194109544158,-0.00156257464550436,-0.0047809574753046
-0.00166614807676524,0.00802480429410934,0.0154590662568808
0.00792123097926378,-0.00262783886864781,-0.0164988655596972
0.00898649543523788,0.00376374716870487,0.0122632719576359
-0.0208409056067467,0.00269848271273077,-0.0026504285633564
-0.0176451150327921,0.0208079759031534,-0.0047809574753046
0.0153780812397599,-0.000497310247737914,-0.000519900000654161
0.0015296449419111,-0.000497310247737914,-0.00158516434021294
0.00366017362102866,0.0048290123231709,-0.0037156930193305
0.0015296449419111,-0.00156257464550436,0.00267589301802218
-0.0133840562775731,0.0122858621180058,0.0175895970314741
-0.0101882629096508,-0.00688889669254422,-0.0037156930193305
0.0143128167837858,-0.00262783886864781,-0.00584622146561742
-0.00592720555141568,0.0240037702023983,-0.000519900000654161
-0.00805773492902517,-0.0143457474187017,-0.0133030731230974
0.0207044053822756,0.0144163919612765,0.00161062914412469
-0.012318791821599,0.005894276779145,-0.0047809574753046
0.000464380573248491,0.00163321837317199,-0.0101072788238525
0.00579070253297687,-0.00582363223657012,0.00480642216280103
-0.00592720555141568,0.0186774469912052,0.0101327430456877
-0.00912299938499928,-0.0143457474187017,-0.0133030731230974
0.0121822888031602,-0.00795416068285704,-0.0026504285633564
-0.00486194109544158,0.0112205976620317,-0.0026504285633564
0.000464380573248491,0.00909006875008345,0.01332853641361
0.0111170243471861,-0.00795416068285704,-0.0026504285633564
0.000464380573248491,0.0133511275053024,0.0175895970314741
0.00579070253297687,-0.00475836778059602,-0.0047809574753046
-0.00805773492902517,0.00376374716870487,0.00587168661877513
-0.00060088379541412,0.000567954499274492,0.00693695107474923
-0.00912299938499928,0.00376374716870487,-0.02502098120749
0.0196391399949789,-0.00582363223657012,0.00906747858971357
-0.0165798515081406,0.0240037702023983,0.00906747858971357
-0.00060088379541412,0.00376374716870487,-0.0047809574753046
-0.0101882629096508,0.000567954499274492,0.00161062914412469
0.0217696689069271,-0.00688889669254422,0.00480642216280103
-0.0176451150327921,-0.00156257464550436,0.0165243316441774
0.000464380573248491,0.0176121834665537,0.00267589301802218
-0.00699247000738978,-0.00475836778059602,-0.02502098120749
-0.00486194109544158,0.00802480429410934,0.0143938018009067
-0.00805773492902517,-0.000497310247737914,0.0207853876054287
0.00792123097926378,-0.0111499540507793,-0.0122378077358007
0.0153780812397599,0.00376374716870487,-0.0228904522955418
-0.00592720555141568,-0.0132804829627275,0.00161062914412469
0.00366017362102866,0.000567954499274492,0.00906747858971357
0.0015296449419111,0.00909006875008345,0.00161062914412469
0.00259490916505456,-0.0154110118746758,-0.0239557158201933
0.00366017362102866,0.0122858621180058,0.0101327430456877
-0.00699247000738978,0.00376374716870487,0.0122632719576359
0.00259490916505456,0.00163321837317199,-0.0047809574753046
0.0111170243471861,-0.0111499540507793,0.00480642216280103
0.0015296449419111,-0.00688889669254422,-0.0101072788238525
-0.0101882629096508,0.0208079759031534,0.0175895970314741
0.000464380573248491,-0.00901942513883114,0.0101327430456877
-0.00379667733795941,-0.0122152185067534,0.00267589301802218
-0.0101882629096508,-0.0100846895948052,-0.0101072788238525
0.0015296449419111,0.0154816564172506,0.0197201240807772
-0.00379667733795941,0.00909006875008345,0.00374115747399628
-0.00166614807676524,-0.0154110118746758,-0.0047809574753046
0.0015296449419111,0.000567954499274492,-0.00584622146561742
-0.00379667733795941,-0.00475836778059602,-0.00904201529920101
0.00792123097926378,0.00909006875008345,0.00800221413373947
0.00579070253297687,-0.0100846895948052,-0.0122378077358007
-0.012318791821599,-0.0111499540507793,0.00267589301802218
0.000464380573248491,-0.0111499540507793,0.00480642216280103
0.000464380573248491,0.005894276779145,0.0165243316441774
0.00259490916505456,-0.0100846895948052,-0.027151508256793
-0.00166614807676524,-0.0132804829627275,0.0218506529927254
0.0249654594808817,0.0176121834665537,-0.0037156930193305
-0.00486194109544158,-0.00156257464550436,-0.0133030731230974
-0.00273141241632402,0.0101553332060575,0.0143938018009067
-0.0112535273656249,0.005894276779145,-0.0228904522955418
0.00792123097926378,0.00802480429410934,0.00267589301802218
0.00579070253297687,-0.0186068024486303,-0.0026504285633564
-0.00699247000738978,0.00909006875008345,0.0207853876054287
0.0185738764703274,-0.0143457474187017,-0.0101072788238525
-0.00912299938499928,0.00269848271273077,0.0197201240807772
0.000464380573248491,0.00695953983813524,0.00161062914412469
0.00898649543523788,0.0122858621180058,-0.00584622146561742
0.0153780812397599,-0.0111499540507793,-0.00584622146561742
0.000464380573248491,0.00269848271273077,0.00161062914412469
-0.0155145851895213,0.0144163919612765,0.00906747858971357
0.0196391399949789,0.00269848271273077,-0.0037156930193305
-0.00699247000738978,0.00909006875008345,-0.00584622146561742
0.0111170243471861,-0.00795416068285704,0.00800221413373947
0.000464380573248491,0.0112205976620317,0.01332853641361
0.000464380573248491,0.005894276779145,0.00161062914412469
0.00259490916505456,-0.00156257464550436,-0.00691148592159152
0.0121822888031602,0.0048290123231709,0.00800221413373947
0.0015296449419111,-0.00475836778059602,-0.00691148592159152
-0.0219061709940433,0.0112205976620317,0.00374115747399628
0.00898649543523788,0.00269848271273077,0.00267589301802218
-0.00166614807676524,-0.00475836778059602,0.00267589301802218
-0.0101882629096508,0.00376374716870487,0.0175895970314741
0.0111170243471861,-0.00369310332462192,-0.00584622146561742
-0.0176451150327921,0.0165469218045473,0.00800221413373947
-0.00805773492902517,-0.0164762753993273,-0.0164988655596972
0.0111170243471861,0.0176121834665537,0.0271769743412733
-0.00379667733795941,-0.0100846895948052,0.0111980075016618
0.00472543807700276,0.00802480429410934,-0.00797675084322691
-0.00805773492902517,0.00695953983813524,0.00587168661877513
-0.00912299938499928,0.000567954499274492,0.00480642216280103
0.00472543807700276,0.00909006875008345,-0.0122378077358007
-0.0101882629096508,-0.00262783886864781,-0.000519900000654161
0.00472543807700276,0.00909006875008345,0.0154590662568808
-0.0112535273656249,0.00376374716870487,-0.0122378077358007
-0.0133840562775731,0.00376374716870487,-0.0218251869082451
0.0121822888031602,-0.00688889669254422,0.0207853876054287
-0.00273141241632402,-0.0122152185067534,-0.00691148592159152
-0.00486194109544158,0.00269848271273077,-0.00797675084322691
0.00366017362102866,-0.00901942513883114,-0.00158516434021294
-0.00166614807676524,0.0186774469912052,-0.0111725432798266
0.000464380573248491,-0.000497310247737914,0.00587168661877513
-0.00699247000738978,0.000567954499274492,0.00161062914412469
0.00898649543523788,0.0165469218045473,0.00587168661877513
0.00792123097926378,0.00269848271273077,0.0101327430456877
-0.00699247000738978,0.000567954499274492,0.00374115747399628
0.00366017362102866,-0.00262783886864781,0.0111980075016618
0.0111170243471861,-0.0111499540507793,0.0122632719576359
0.0015296449419111,-0.00795416068285704,-0.0154336011037231
-0.00592720555141568,0.000567954499274492,0.00054536439711228
-0.00166614807676524,0.0112205976620317,0.00374115747399628
0.0132475523278117,0.00269848271273077,-0.0133030731230974
0.00685596698895097,-0.00262783886864781,-0.0047809574753046
0.00259490916505456,0.000567954499274492,0.00480642216280103
0.00579070253297687,0.00163321837317199,-0.00158516434021294
0.0132475523278117,-0.00369310332462192,-0.00797675084322691
-0.0144493207335472,0.000567954499274492,0.0335685648024082
0.0111170243471861,0.00269848271273077,-0.0218251869082451
0.000464380573248491,-0.00262783886864781,0.00267589301802218
-0.00592720555141568,-0.00156257464550436,0.0154590662568808
0.00259490916505456,-0.00582363223657012,-0.0122378077358007
-0.0176451150327921,0.000567954499274492,0.0122632719576359
-0.00486194109544158,0.0101553332060575,0.00906747858971357
0.00366017362102866,-0.000497310247737914,0.00480642216280103
-0.00699247000738978,0.0048290123231709,-0.0292820371687412
0.00472543807700276,-0.000497310247737914,0.0239811800420284
0.000464380573248491,0.000567954499274492,-0.0133030731230974
-0.00592720555141568,-0.000497310247737914,0.01332853641361
0.00366017362102866,-0.00156257464550436,-0.0111725432798266
-0.012318791821599,-0.000497310247737914,0.00906747858971357
-0.00060088379541412,0.00802480429410934,0.00480642216280103
0.010051759891212,-0.00369310332462192,0.00374115747399628
0.00792123097926378,0.0176121834665537,0.0154590662568808
0.0175086110830307,0.0101553332060575,0.00374115747399628
-0.0101882629096508,0.005894276779145,0.00906747858971357
-0.0144493207335472,0.00269848271273077,-0.00797675084322691
0.0121822888031602,-0.00262783886864781,-0.000519900000654161
-0.00166614807676524,-0.00369310332462192,-0.0186293944716454
0.0015296449419111,0.00376374716870487,0.0293075032532215
0.0015296449419111,-0.00688889669254422,-0.00797675084322691
0.0143128167837858,-0.000497310247737914,-0.0228904522955418
-0.0155145851895213,0.00163321837317199,-0.0047809574753046
-0.00060088379541412,-0.022867863997817,0.00693695107474923
0.00792123097926378,-0.0111499540507793,-0.00797675084322691
-0.0112535273656249,-0.00156257464550436,-0.0101072788238525
-0.0229714345186949,0.00269848271273077,0.01332853641361
-0.00912299938499928,0.00695953983813524,-0.0164988655596972
0.0111170243471861,0.0154816564172506,-0.00584622146561742
-0.00060088379541412,0.005894276779145,-0.0101072788238525
0.00792123097926378,-0.0175415389239788,0.0122632719576359
0.00472543807700276,-0.00156257464550436,-0.00158516434021294
-0.0219061709940433,-0.00369310332462192,0.0197201240807772
-0.0112535273656249,0.0048290123231709,0.0197201240807772
-0.00060088379541412,0.00163321837317199,0.0197201240807772
0.00792123097926378,0.000567954499274492,-0.0154336011037231
-0.00805773492902517,0.000567954499274492,0.0218506529927254
0.00685596698895097,-0.00475836778059602,-0.0228904522955418
-0.00486194109544158,0.00909006875008345,0.0143938018009067
0.00685596698895097,-0.00795416068285704,0.030372766777873
-0.00166614807676524,0.0101553332060575,-0.0026504285633564
-0.0197756439447403,-0.0164762753993273,-0.0164988655596972
0.00579070253297687,0.00269848271273077,0.0207853876054287
0.0015296449419111,0.0112205976620317,-0.00584622146561742
0.00366017362102866,-0.00795416068285704,-0.0143683375790715
0.0015296449419111,0.00802480429410934,0.00906747858971357
0.00366017362102866,0.00695953983813524,0.00693695107474923
-0.00912299938499928,0.0112205976620317,0.0186548586934805
0.00472543807700276,-0.00582363223657012,-0.0218251869082451
-0.0176451150327921,0.0101553332060575,0.0293075032532215
0.00366017362102866,-0.000497310247737914,0.0143938018009067
-0.0155145851895213,0.0048290123231709,-0.0047809574753046
0.0185738764703274,-0.00369310332462192,0.00480642216280103
-0.0112535273656249,-0.00901942513883114,0.0154590662568808
0.000464380573248491,-0.0100846895948052,-0.00158516434021294
0.0153780812397599,0.00695953983813524,-0.0218251869082451
-0.00379667733795941,-0.00795416068285704,-0.00904201529920101
0.0015296449419111,0.005894276779145,0.0314380340278149
-0.0187103785574436,0.00269848271273077,-0.0122378077358007
0.00259490916505456,0.027199562638998,0.00374115747399628
-0.00592720555141568,-0.00582363223657012,0.00587168661877513
-0.00379667733795941,0.000567954499274492,0.0101327430456877
0.0175086110830307,-0.0249983929097652,-0.0026504285633564
0.00792123097926378,0.0133511275053024,-0.00584622146561742
-0.0165798515081406,-0.000497310247737914,-0.0047809574753046
0.00898649543523788,0.0122858621180058,0.00480642216280103
0.0153780812397599,-0.0143457474187017,0.00054536439711228
0.000464380573248491,-0.00475836778059602,0.0154590662568808
0.00259490916505456,0.0101553332060575,-0.0026504285633564
-0.00379667733795941,0.0186774469912052,0.0229159165173769
-0.0133840562775731,-0.00262783886864781,-0.0111725432798266
0.00472543807700276,0.0133511275053024,0.0111980075016618
0.00366017362102866,0.00695953983813524,-0.0196946579962969
0.00472543807700276,0.00695953983813524,-0.0047809574753046
0.00792123097926378,0.005894276779145,0.0218506529927254
-0.00699247000738978,-0.00901942513883114,-0.0111725432798266
-0.00699247000738978,0.00163321837317199,0.0186548586934805
0.0132475523278117,0.0133511275053024,-0.0101072788238525
-0.00805773492902517,-0.00475836778059602,0.00693695107474923
0.0121822888031602,0.005894276779145,-0.0196946579962969
0.00259490916505456,-0.0122152185067534,0.0186548586934805
0.00259490916505456,0.00269848271273077,0.00480642216280103
0.00259490916505456,0.0048290123231709,-0.000519900000654161
-0.00912299938499928,0.00376374716870487,0.00693695107474923
0.0132475523278117,-0.00582363223657012,-0.00797675084322691
-0.0101882629096508,0.005894276779145,0.0111980075016618
0.00898649543523788,-0.00688889669254422,-0.00904201529920101
-0.00699247000738978,0.0101553332060575,-0.0122378077358007
-0.00805773492902517,0.0261342991143465,0.0122632719576359
0.0132475523278117,-0.0132804829627275,-0.0037156930193305
-0.00699247000738978,0.005894276779145,0.00693695107474923
0.00898649543523788,-0.00582363223657012,-0.0047809574753046
-0.0197756439447403,0.0101553332060575,-0.00797675084322691
0.010051759891212,-0.00795416068285704,-0.00584622146561742
-0.0101882629096508,-0.00369310332462192,-0.0101072788238525
-0.00166614807676524,-0.000497310247737914,-0.027151508256793
-0.0101882629096508,0.00376374716870487,-0.0154336011037231
0.0111170243471861,-0.0143457474187017,0.00054536439711228
-0.00166614807676524,-0.00262783886864781,0.01332853641361
0.00366017362102866,0.0048290123231709,-0.00904201529920101
-0.00805773492902517,0.0101553332060575,0.00587168661877513
-0.00486194109544158,-0.000497310247737914,0.0101327430456877
0.00472543807700276,0.00163321837317199,0.00693695107474923
-0.00060088379541412,0.0218732412904501,-0.0026504285633564
-0.0176451150327921,0.0133511275053024,-0.0154336011037231
-0.00273141241632402,0.005894276779145,0.00800221413373947
0.000464380573248491,-0.00156257464550436,-0.0047809574753046
-0.00060088379541412,-0.00369310332462192,-0.0218251869082451
0.00259490916505456,-0.022867863997817,0.00267589301802218
-0.00486194109544158,-0.000497310247737914,0.00587168661877513
0.00472543807700276,0.00695953983813524,-0.0133030731230974
0.0302917826920748,-0.00901942513883114,-0.0133030731230974
-0.0197756439447403,0.00802480429410934,0.00480642216280103
-0.00273141241632402,0.0048290123231709,0.0229159165173769
-0.00273141241632402,0.00376374716870487,-0.0196946579962969
0.00792123097926378,-0.0122152185067534,0.0111980075016618
0.00685596698895097,-0.0154110118746758,-0.0026504285633564
-0.00166614807676524,0.0229385048151016,0.00587168661877513
0.00472543807700276,-0.0175415389239788,-0.00158516434021294
0.00259490916505456,0.0048290123231709,-0.000519900000654161
0.00472543807700276,0.00269848271273077,-0.0218251869082451
0.00259490916505456,0.0133511275053024,0.0197201240807772
0.00898649543523788,0.0144163919612765,0.00480642216280103
0.0143128167837858,0.0144163919612765,0.0165243316441774
0.0015296449419111,-0.00795416068285704,-0.0133030731230974
-0.00805773492902517,0.00802480429410934,-0.0101072788238525
0.00472543807700276,-0.00369310332462192,0.00800221413373947
-0.00592720555141568,0.00695953983813524,0.00161062914412469
-0.00379667733795941,-0.0271289180964231,-0.00691148592159152
0.00366017362102866,0.0101553332060575,-0.0101072788238525
-0.00060088379541412,0.00163321837317199,-0.0026504285633564
0.00898649543523788,-0.00156257464550436,0.00906747858971357
-0.0155145851895213,0.0144163919612765,0.00374115747399628
-0.00060088379541412,-0.00262783886864781,0.0175895970314741
-0.0165798515081406,0.0048290123231709,0.00480642216280103
0.00898649543523788,-0.00369310332462192,-0.00584622146561742
-0.00379667733795941,-0.00156257464550436,0.0154590662568808
-0.00060088379541412,0.00269848271273077,-0.0047809574753046
0.0207044053822756,-0.0132804829627275,-0.0037156930193305
-0.012318791821599,0.0122858621180058,-0.000519900000654161
0.00472543807700276,0.00269848271273077,-0.00584622146561742
-0.00060088379541412,0.0122858621180058,-0.032477829605341
-0.00592720555141568,-0.0111499540507793,0.00693695107474923
0.00579070253297687,-0.00688889669254422,0.0175895970314741
-0.00592720555141568,0.00909006875008345,-0.0143683375790715
0.00472543807700276,-0.00795416068285704,0.00374115747399628
-0.012318791821599,-0.0164762753993273,0.00161062914412469
-0.0101882629096508,0.00802480429410934,0.0122632719576359
0.00685596698895097,-0.00795416068285704,0.00374115747399628
-0.00592720555141568,0.0186774469912052,-0.0026504285633564
0.00579070253297687,-0.00475836778059602,0.0101327430456877
0.0132475523278117,0.005894276779145,-0.0164988655596972
-0.00592720555141568,0.0048290123231709,0.0186548586934805
-0.00912299938499928,0.00269848271273077,0.00267589301802218
-0.0144493207335472,-0.00688889669254422,0.00267589301802218
0.0153780812397599,-0.0154110118746758,-0.0047809574753046
0.000464380573248491,0.0186774469912052,-0.0207599233835936
-0.00805773492902517,-0.00262783886864781,0.00054536439711228
0.000464380573248491,0.0144163919612765,-0.00904201529920101
-0.00166614807676524,-0.00369310332462192,0.00054536439711228
0.00366017362102866,0.000567954499274492,-0.0047809574753046
-0.00805773492902517,0.00269848271273077,0.00800221413373947
-0.0187103785574436,0.00802480429410934,-0.0122378077358007
-0.00805773492902517,-0.00262783886864781,0.0282422378659248
0.0217696689069271,0.0122858621180058,-0.0047809574753046
-0.0197756439447403,0.005894276779145,0.00693695107474923
0.00259490916505456,-0.00582363223657012,-0.0037156930193305
-0.00592720555141568,0.00695953983813524,-0.0037156930193305
0.000464380573248491,-0.0111499540507793,0.0207853876054287
0.010051759891212,0.00376374716870487,0.00267589301802218
-0.0197756439447403,-0.00262783886864781,-0.0047809574753046
-0.00379667733795941,-0.00688889669254422,0.0154590662568808
-0.00486194109544158,-0.000497310247737914,-0.00584622146561742
-0.0133840562775731,-0.00901942513883114,-0.0133030731230974
0.00898649543523788,0.000567954499274492,-0.0143683375790715
0.00472543807700276,0.000567954499274492,-0.00691148592159152
-0.00912299938499928,0.00163321837317199,0.0239811800420284
0.00579070253297687,-0.00156257464550436,-0.00691148592159152
0.00579070253297687,-0.0100846895948052,0.00267589301802218
-0.00060088379541412,0.00802480429410934,0.00161062914412469
0.00579070253297687,-0.0154110118746758,-0.0122378077358007
-0.00273141241632402,0.00163321837317199,0.00906747858971357
0.00579070253297687,0.00269848271273077,-0.0164988655596972
-0.0144493207335472,0.00269848271273077,0.0346338264644146
0.00579070253297687,0.00909006875008345,0.00800221413373947
-0.0101882629096508,0.005894276779145,-0.027151508256793
0.00259490916505456,-0.00369310332462192,-0.0218251869082451
-0.0101882629096508,-0.0132804829627275,-0.0026504285633564
0.00792123097926378,-0.0100846895948052,-0.0026504285633564
0.00579070253297687,0.0154816564172506,0.00374115747399628
-0.0133840562775731,-0.00582363223657012,0.00800221413373947
0.00366017362102866,-0.00369310332462192,-0.0026504285633564
0.00472543807700276,-0.000497310247737914,0.0101327430456877
-0.00912299938499928,0.005894276779145,0.0293075032532215
-0.00486194109544158,0.00163321837317199,0.00480642216280103
0.00472543807700276,-0.00156257464550436,-0.00691148592159152
-0.00805773492902517,-0.0111499540507793,-0.00691148592159152
0.00472543807700276,-0.0164762753993273,-0.0260862428694963
-0.00805773492902517,0.0122858621180058,0.01332853641361
0.00366017362102866,-0.00262783886864781,-0.00797675084322691
0.0132475523278117,0.00269848271273077,-0.00584622146561742
-0.00060088379541412,0.00163321837317199,-0.0228904522955418
-0.00060088379541412,-0.00795416068285704,0.0197201240807772
-0.00379667733795941,-0.000497310247737914,0.0122632719576359
-0.00166614807676524,-0.00582363223657012,-0.0026504285633564
0.000464380573248491,-0.0175415389239788,-0.0101072788238525
-0.012318791821599,-0.00156257464550436,-0.0026504285633564
0.00259490916505456,-0.00156257464550436,0.0111980075016618
0.00685596698895097,0.00163321837317199,-0.00691148592159152
0.00472543807700276,0.0218732412904501,0.00267589301802218
-0.0208409056067467,0.00269848271273077,0.0111980075016618
0.0111170243471861,0.005894276779145,0.00800221413373947
0.000464380573248491,-0.00582363223657012,-0.0133030731230974
-0.00379667733795941,0.0112205976620317,0.0111980075016618
0.00792123097926378,0.00695953983813524,-0.0026504285633564
0.00472543807700276,-0.00795416068285704,-0.0101072788238525
-0.00166614807676524,-0.00901942513883114,0.0143938018009067
-0.00486194109544158,-0.0207373313605785,-0.0101072788238525
-0.00486194109544158,0.0240037702023983,0.00480642216280103
0.0175086110830307,-0.0143457474187017,-0.00158516434021294
-0.0165798515081406,0.0122858621180058,-0.00904201529920101
0.016443345695734,0.00909006875008345,-0.000519900000654161
0.0111170243471861,0.0048290123231709,-0.0037156930193305
-0.00912299938499928,0.00376374716870487,-0.0111725432798266
0.00792123097926378,-0.000497310247737914,0.0143938018009067
-0.00805773492902517,-0.000497310247737914,0.0165243316441774
0.00259490916505456,0.00376374716870487,0.00587168661877513
-0.00486194109544158,-0.0122152185067534,0.0122632719576359
0.000464380573248491,-0.00795416068285704,-0.0026504285633564
0.00579070253297687,0.00695953983813524,-0.0026504285633564
-0.00805773492902517,-0.0132804829627275,0.00054536439711228
0.0132475523278117,-0.00475836778059602,-0.0196946579962969
-0.0144493207335472,-0.000497310247737914,0.0122632719576359
0.00579070253297687,-0.000497310247737914,0.0229159165173769
0.0015296449419111,0.00376374716870487,-0.00797675084322691
0.00685596698895097,0.0101553332060575,0.00054536439711228
-0.00273141241632402,-0.00582363223657012,0.00161062914412469
0.00259490916505456,0.00802480429410934,0.0197201240807772
-0.00486194109544158,-0.00156257464550436,-0.0282167717814445
-0.00060088379541412,-0.00475836778059602,0.00267589301802218
-0.00486194109544158,0.00695953983813524,0.00800221413373947
0.000464380573248491,0.0154816564172506,0.00800221413373947
-0.00805773492902517,0.0112205976620317,-0.0101072788238525
-0.00060088379541412,0.00376374716870487,-0.00158516434021294
-0.00805773492902517,-0.00901942513883114,-0.00691148592159152
0.00259490916505456,-0.00475836778059602,0.0122632719576359
-0.00486194109544158,0.0112205976620317,-0.0164988655596972
-0.00699247000738978,-0.00688889669254422,-0.0026504285633564
0.000464380573248491,0.000567954499274492,-0.0164988655596972
0.00366017362102866,0.00802480429410934,-0.0026504285633564
-0.0112535273656249,-0.000497310247737914,-0.0047809574753046
0.00259490916505456,-0.00262783886864781,0.0175895970314741
-0.00166614807676524,-0.00795416068285704,-0.0143683375790715
0.00472543807700276,0.0048290123231709,0.0111980075016618
0.00472543807700276,-0.0164762753993273,0.00161062914412469
-0.00060088379541412,0.0112205976620317,-0.0260862428694963
0.00366017362102866,-0.00582363223657012,-0.0026504285633564
-0.00166614807676524,0.00163321837317199,0.00693695107474923
-0.00166614807676524,-0.000497310247737914,0.01332853641361
0.00472543807700276,-0.00156257464550436,-0.00691148592159152
-0.0187103785574436,0.00695953983813524,-0.000519900000654161
-0.00805773492902517,-0.00156257464550436,-0.0101072788238525
-0.0133840562775731,-0.0132804829627275,0.00587168661877513
0.0015296449419111,-0.000497310247737914,-0.00904201529920101
-0.00166614807676524,-0.000497310247737914,0.00374115747399628
0.0015296449419111,0.0154816564172506,-0.0047809574753046
-0.00592720555141568,-0.00156257464550436,-0.0133030731230974
0.00579070253297687,0.00376374716870487,-0.00158516434021294
-0.00805773492902517,-0.00369310332462192,0.00054536439711228
0.00685596698895097,-0.0143457474187017,0.00587168661877513
-0.00912299938499928,0.0133511275053024,-0.0037156930193305
0.0121822888031602,-0.00795416068285704,-0.02502098120749
-0.00699247000738978,-0.00156257464550436,0.00054536439711228
0.00579070253297687,-0.00156257464550436,-0.0037156930193305
0.00366017362102866,0.00695953983813524,0.00800221413373947
0.0015296449419111,-0.0132804829627275,-0.0207599233835936
0.00685596698895097,0.0197427123785019,-0.00158516434021294
-0.00379667733795941,-0.00475836778059602,0.00054536439711228
-0.00699247000738978,0.00163321837317199,0.00374115747399628
-0.00166614807676524,0.00163321837317199,-0.0175641290843487
-0.00166614807676524,-0.00156257464550436,0.0186548586934805
0.0111170243471861,-0.00262783886864781,0.00800221413373947
-0.0219061709940433,0.00163321837317199,0.00800221413373947
0.0111170243471861,0.000567954499274492,0.00800221413373947
0.000464380573248491,0.005894276779145,-0.0026504285633564
-0.00166614807676524,-0.00369310332462192,-0.000519900000654161
-0.00379667733795941,0.000567954499274492,-0.0037156930193305
0.0111170243471861,0.0133511275053024,-0.000519900000654161
-0.0133840562775731,-0.00369310332462192,-0.0047809574753046
-0.0176451150327921,0.005894276779145,0.0143938018009067
0.00792123097926378,0.0154816564172506,-0.0026504285633564
-0.00699247000738978,-0.00156257464550436,-0.00584622146561742
0.00472543807700276,-0.00156257464550436,0.01332853641361
0.00579070253297687,0.0122858621180058,-0.0026504285633564
-0.00060088379541412,-0.00475836778059602,0.0143938018009067
-0.0112535273656249,0.0048290123231709,-0.00691148592159152
0.00792123097926378,-0.00156257464550436,0.0143938018009067
-0.00699247000738978,-0.0122152185067534,-0.0122378077358007
-0.00060088379541412,0.00376374716870487,0.00480642216280103
-0.0176451150327921,-0.00475836778059602,0.0111980075016618
0.00259490916505456,0.00376374716870487,-0.0228904522955418
-0.00166614807676524,0.00909006875008345,0.0239811800420284
0.00898649543523788,-0.00901942513883114,-0.0133030731230974
0.0111170243471861,-0.0143457474187017,0.00587168661877513
-0.00166614807676524,-0.00475836778059602,-0.00584622146561742
0.0121822888031602,-0.0154110118746758,0.0122632719576359
0.00898649543523788,0.00909006875008345,-0.0037156930193305
-0.00699247000738978,0.00802480429410934,0.0250464454293251
0.00259490916505456,0.0165469218045473,-0.000519900000654161
-0.00060088379541412,-0.00795416068285704,0.0207853876054287
-0.0133840562775731,0.00695953983813524,-0.0047809574753046
-0.0197756439447403,0.00376374716870487,-0.0037156930193305
0.010051759891212,-0.000497310247737914,0.00800221413373947
-0.00699247000738978,-0.00262783886864781,0.00587168661877513
0.00366017362102866,0.0144163919612765,0.00800221413373947
0.00792123097926378,0.00163321837317199,-0.0122378077358007
0.010051759891212,-0.0111499540507793,-0.00691148592159152
0.00259490916505456,0.0101553332060575,0.0122632719576359
-0.00592720555141568,-0.00262783886864781,0.00587168661877513
0.00898649543523788,-0.0122152185067534,0.0122632719576359
-0.00912299938499928,0.0112205976620317,0.00054536439711228
-0.0112535273656249,0.00909006875008345,0.00161062914412469
0.00472543807700276,-0.00262783886864781,-0.0101072788238525
0.0015296449419111,-0.00475836778059602,0.00587168661877513
0.00366017362102866,0.0048290123231709,0.01332853641361
-0.00699247000738978,0.0122858621180058,0.0154590662568808
0.00259490916505456,-0.0154110118746758,-0.0122378077358007
-0.0165798515081406,0.00909006875008345,0.0122632719576359
0.00472543807700276,-0.0100846895948052,-0.00691148592159152
0.00259490916505456,0.00802480429410934,0.0143938018009067
-0.00805773492902517,0.0176121834665537,0.0165243316441774
0.0132475523278117,-0.0100846895948052,0.00906747858971357
-0.012318791821599,0.0144163919612765,-0.0122378077358007
0.000464380573248491,-0.00369310332462192,-0.0111725432798266
-0.0155145851895213,-0.00901942513883114,0.00906747858971357
0.00472543807700276,0.0250690337270498,0.00054536439711228
-0.0187103785574436,0.00376374716870487,-0.0154336011037231
0.0015296449419111,-0.0164762753993273,0.00374115747399628
-0.00699247000738978,0.00376374716870487,0.0165243316441774
0.00472543807700276,0.0048290123231709,0.00693695107474923
0.00685596698895097,-0.0122152185067534,-0.0037156930193305
0.00472543807700276,-0.000497310247737914,0.00161062914412469
-0.00486194109544158,0.005894276779145,-0.0026504285633564
0.010051759891212,0.00802480429410934,-0.0218251869082451
0.00685596698895097,-0.000497310247737914,-0.0026504285633564
0.000464380573248491,0.00269848271273077,-0.0122378077358007
-0.0101882629096508,-0.00795416068285704,0.0271769743412733
0.00366017362102866,0.00376374716870487,0.0111980075016618
-0.00912299938499928,0.0112205976620317,0.00480642216280103
0.000464380573248491,0.0133511275053024,-0.0111725432798266
-0.00379667733795941,0.00802480429410934,-0.0207599233835936
0.00792123097926378,-0.00688889669254422,-0.00797675084322691
0.00792123097926378,-0.00901942513883114,0.0154590662568808
-0.00699247000738978,-0.00262783886864781,0.00800221413373947
0.00898649543523788,0.00695953983813524,0.00800221413373947
-0.00379667733795941,0.0250690337270498,-0.00158516434021294
0.010051759891212,-0.0122152185067534,-0.0175641290843487
-0.0112535273656249,0.005894276779145,-0.00904201529920101
0.0015296449419111,-0.0122152185067534,0.00267589301802218
-0.00166614807676524,0.000567954499274492,-0.00691148592159152
-0.00166614807676524,0.0144163919612765,-0.000519900000654161
0.00259490916505456,-0.000497310247737914,0.0143938018009067
0.016443345695734,-0.00369310332462192,0.00693695107474923
-0.0208409056067467,0.005894276779145,0.00161062914412469
0.0132475523278117,-0.0111499540507793,-0.0122378077358007
-0.00379667733795941,-0.00369310332462192,0.00054536439711228
-0.00060088379541412,0.00163321837317199,0.0399601496756077
0.00472543807700276,0.00376374716870487,-0.0101072788238525
0.010051759891212,0.000567954499274492,-0.0122378077358007
-0.0187103785574436,0.000567954499274492,0.00054536439711228
-0.00486194109544158,0.0165469218045473,-0.0101072788238525
0.000464380573248491,0.000567954499274492,0.0261117089539766
-0.00592720555141568,-0.00262783886864781,-0.0228904522955418
-0.00166614807676524,-0.0143457474187017,-0.00584622146561742
0.00898649543523788,0.0144163919612765,0.00054536439711228
-0.00912299938499928,-0.00582363223657012,-0.000519900000654161
0.00366017362102866,-0.00262783886864781,0.00800221413373947
-0.00166614807676524,-0.000497310247737914,-0.0335430949926376
-0.00912299938499928,-0.00369310332462192,-0.0111725432798266
0.0185738764703274,0.0101553332060575,0.00480642216280103
-0.00805773492902517,0.00909006875008345,-0.0101072788238525
-0.0208409056067467,0.0154816564172506,0.030372766777873
0.0015296449419111,-0.0111499540507793,-0.0133030731230974
-0.00592720555141568,-0.00688889669254422,0.0101327430456877
0.00575724244117737,0.0160044357180595,0.00337099027819931
0.0110835647210479,-0.0191492885351181,-0.0136732403188944
0.00149618519935757,0.00854758359491825,-0.0200648251920938
-0.0144827794283628,-0.00103979511186481,-0.00195533153600991
0.0164098870009184,0.00215599802322686,0.00337099027819931
-0.0166133102029562,0.00109073356725276,-0.0115427104756236
0.00149618519935757,-0.00210505956783891,0.00550151988863945
0.00149618519935757,0.00641705514863133,-0.00515112467110157
0.00575724244117737,0.0149391712620854,0.00550151988863945
0.00149618519935757,-0.00849664583802223,-0.000890067196451128
-0.0123522505164146,0.00535179162397981,0.00443625450134277
0.000430920859798789,-0.00317032379098237,0.00976257678121328
0.00682250736281276,2.54695987678133E-05,-0.0168690327554941
-0.0187438391149044,2.54695987678133E-05,0.000175197244971059
0.00149618519935757,-0.00956191029399633,-0.00728165358304977
0.00682250736281276,-0.00743138138204813,0.00869731232523918
0.00149618519935757,-0.00530085247009993,-0.0104774460196495
-0.0144827794283628,-0.00849664583802223,0.024676276370883
0.00362671399489045,0.00215599802322686,-0.0339132621884346
-0.0102217216044664,0.00748231960460544,0.00656678434461355
0.0100183002650738,0.00748231960460544,0.0118931056931615
0.012148829177022,-0.00423558801412582,-0.0179342962801456
-0.00809119455516338,-0.00317032379098237,0.024676276370883
0.00575724244117737,0.0138739068061113,0.017219427973032
0.00256144977174699,0.00109073356725276,-0.0104774460196495
0.00256144977174699,0.00215599802322686,0.0118931056931615
-0.00489540072157979,-0.011692438274622,-0.00621638912707567
0.00149618519935757,-0.00103979511186481,-0.00834691803902388
-0.00276487227529287,0.00109073356725276,-0.0168690327554941
-0.00596066517755389,0.00109073356725276,-0.0104774460196495
0.00575724244117737,-0.0127577027305961,-0.00941218249499798
-0.00596066517755389,0.00322126247920096,-0.0147385047748685
-0.00276487227529287,-0.00210505956783891,0.00869731232523918
-0.00169960781931877,-0.00103979511186481,-0.00621638912707567
-0.00596066517755389,-0.00317032379098237,0.00763204740360379
-0.00276487227529287,0.0117433769628406,0.00124046194832772
0.0196056794375181,0.00428652716800571,0.0108278412371874
-0.000634343537967652,0.00535179162397981,0.00656678434461355
0.00256144977174699,0.00428652716800571,-0.00195533153600991
0.00362671399489045,0.00428652716800571,0.00124046194832772
-0.0112869860604405,2.54695987678133E-05,-0.0189995616674423
-0.00809119455516338,0.00215599802322686,0.00443625450134277
0.00149618519935757,-0.00103979511186481,0.0161541644483805
-0.00276487227529287,0.00109073356725276,0.0108278412371874
-0.00169960781931877,0.00428652716800571,-0.00408586021512747
-0.00702592963352799,-0.00103979511186481,0.00656678434461355
-0.00702592963352799,-0.0138229671865702,-0.00515112467110157
-0.0208743661642075,2.54695987678133E-05,-0.00408586021512747
-0.00169960781931877,0.0213307552039623,-0.00941218249499798
0.00256144977174699,0.00109073356725276,0.0108278412371874
-0.00276487227529287,0.0341139324009418,0.0108278412371874
0.00788777135312557,-0.00103979511186481,0.00443625450134277
0.00256144977174699,0.00428652716800571,-0.00302059575915337
0.00788777135312557,-0.011692438274622,-0.0307174697518349
-0.0230048950761557,-0.0106271747499704,0.00230572582222521
0.00362671399489045,-0.00210505956783891,-0.00834691803902388
0.00575724244117737,-0.0180840250104666,0.00976257678121328
-0.00596066517755389,0.0181349627673626,-0.0126079749315977
-0.0102217216044664,-0.0138229671865702,-0.00302059575915337
-0.0102217216044664,-0.00210505956783891,-0.00834691803902388
-0.0102217216044664,-0.00530085247009993,-0.0136732403188944
-0.00596066517755389,-0.00317032379098237,0.00443625450134277
0.00575724244117737,-0.0106271747499704,0.024676276370883
0.00682250736281276,0.0128086432814598,-0.0147385047748685
0.0132140936329961,-0.00743138138204813,0.00869731232523918
-0.0112869860604405,-0.00743138138204813,-0.00302059575915337
0.000430920859798789,-0.00423558801412582,0.00124046194832772
-0.00169960781931877,-0.0106271747499704,-0.00302059575915337
-0.0144827794283628,-0.00210505956783891,0.00976257678121328
0.0100183002650738,-0.00210505956783891,0.00656678434461355
-0.00489540072157979,-0.00849664583802223,-0.0147385047748685
-0.00169960781931877,-0.00210505956783891,0.00656678434461355
-0.00702592963352799,-0.00103979511186481,0.00337099027819931
0.0164098870009184,-0.0159534960985184,-0.0264564119279385
0.00575724244117737,-0.00849664583802223,-0.0200648251920938
0.00895303580909967,0.00109073356725276,-0.0328480005264282
0.00469197798520327,-0.00210505956783891,0.0129583701491356
0.00788777135312557,-0.00103979511186481,-0.00941218249499798
-0.00596066517755389,0.0170696992427111,-0.00302059575915337
0.00788777135312557,-0.00103979511186481,-0.00302059575915337
0.0164098870009184,0.00322126247920096,-0.000890067196451128
0.0100183002650738,-0.00849664583802223,0.00337099027819931
-0.00276487227529287,0.00215599802322686,-0.0115427104756236
-0.00915645994246006,0.0138739068061113,0.00230572582222521
-0.000634343537967652,-0.00210505956783891,0.000175197244971059
-0.00169960781931877,0.00641705514863133,0.00124046194832772
0.0110835647210479,-0.00956191029399633,0.00443625450134277
0.00469197798520327,0.00748231960460544,0.00869731232523918
-0.00489540072157979,-0.0106271747499704,-0.0136732403188944
-0.00596066517755389,0.00109073356725276,0.00550151988863945
0.00469197798520327,-0.0148882325738668,0.00230572582222521
0.00682250736281276,-0.00103979511186481,-0.0147385047748685
0.0164098870009184,0.0160044357180595,-0.000890067196451128
-0.00276487227529287,-0.00530085247009993,-0.00834691803902388
0.00682250736281276,0.0106781125068665,0.00230572582222521
-0.0102217216044664,-0.00849664583802223,-0.00302059575915337
-0.00383013696409762,-0.00103979511186481,-0.00941218249499798
-0.00169960781931877,0.00215599802322686,-0.00515112467110157
0.00682250736281276,-0.00636611692607403,0.00976257678121328
0.0206709448248148,-0.00956191029399633,0.00443625450134277
0.00575724244117737,-0.0127577027305961,0.0161541644483805
-0.0208743661642075,0.00109073356725276,-0.0168690327554941
0.0206709448248148,-0.00423558801412582,0.00337099027819931
-0.00383013696409762,0.0106781125068665,-0.0158037673681974
0.000430920859798789,0.00535179162397981,0.00763204740360379
-0.00489540072157979,-0.00210505956783891,-0.00515112467110157
0.0110835647210479,-0.0191492885351181,-0.0189995616674423
0.000430920859798789,0.00428652716800571,0.00656678434461355
-0.00915645994246006,-0.00423558801412582,-0.00941218249499798
0.0110835647210479,-0.00317032379098237,-0.00195533153600991
0.00362671399489045,0.0170696992427111,-0.00621638912707567
-0.00276487227529287,0.00428652716800571,0.00124046194832772
-0.000634343537967652,0.00961284805089235,-0.000890067196451128
0.00256144977174699,-0.00423558801412582,-0.00408586021512747
0.012148829177022,-0.0191492885351181,-0.00515112467110157
0.00469197798520327,-0.00423558801412582,-0.0200648251920938
-0.00702592963352799,-0.011692438274622,0.00656678434461355
0.0185404159128666,0.00322126247920096,0.00976257678121328
-0.00809119455516338,0.0128086432814598,0.0129583701491356
-0.00276487227529287,2.54695987678133E-05,0.00976257678121328
0.0153446225449443,2.54695987678133E-05,0.0204152185469866
-0.00809119455516338,0.00748231960460544,-0.0104774460196495
-0.00596066517755389,0.00748231960460544,0.00869731232523918
-0.000634343537967652,-0.00849664583802223,0.000175197244971059
-0.00702592963352799,0.0160044357180595,-0.0158037673681974
0.00788777135312557,-0.00423558801412582,0.0193499550223351
-0.00169960781931877,-0.0244756117463112,-0.00621638912707567
0.00256144977174699,0.0106781125068665,-0.00941218249499798
0.0153446225449443,-0.00317032379098237,-0.0115427104756236
-0.0102217216044664,-0.00103979511186481,-0.0147385047748685
0.0142793580889702,-0.00530085247009993,0.00337099027819931
0.0153446225449443,-0.0159534960985184,-0.00408586021512747
-0.0102217216044664,0.00854758359491825,0.0161541644483805
0.00682250736281276,0.00641705514863133,-0.000890067196451128
-0.0166133102029562,-0.0106271747499704,-0.00941218249499798
-0.00915645994246006,0.00854758359491825,0.00124046194832772
-0.0176785755902529,0.00535179162397981,0.00550151988863945
0.00256144977174699,0.00322126247920096,0.00443625450134277
-0.00809119455516338,-0.00636611692607403,0.00337099027819931
0.00788777135312557,0.00215599802322686,-0.00941218249499798
0.0110835647210479,-0.011692438274622,-0.000890067196451128
-0.0102217216044664,-0.00210505956783891,-0.00302059575915337
-0.00596066517755389,-0.0138229671865702,-0.00515112467110157
0.000430920859798789,-0.00423558801412582,-0.00515112467110157
0.00256144977174699,0.0138739068061113,0.00763204740360379
-0.00489540072157979,-0.0127577027305961,0.00124046194832772
0.00575724244117737,-0.00849664583802223,-0.00621638912707567
0.00575724244117737,-0.00743138138204813,0.000175197244971059
-0.0166133102029562,0.00854758359491825,0.00550151988863945
0.00575724244117737,-0.00849664583802223,-0.00834691803902388
-0.00702592963352799,0.00109073356725276,0.00656678434461355
0.00362671399489045,-0.00103979511186481,-0.00621638912707567
-0.00169960781931877,0.00961284805089235,0.00124046194832772
0.00682250736281276,-0.00530085247009993,-0.00728165358304977
-0.0112869860604405,-0.0106271747499704,0.0118931056931615
0.0142793580889702,-0.00423558801412582,0.0182846896350384
0.00575724244117737,-0.00103979511186481,0.00443625450134277
-0.00383013696409762,-0.0148882325738668,-0.000890067196451128
0.000430920859798789,0.00641705514863133,0.0236110128462315
0.00575724244117737,0.00641705514863133,-0.00621638912707567
-0.00383013696409762,0.00535179162397981,-0.000890067196451128
-0.00169960781931877,0.00428652716800571,-0.0179342962801456
0.00682250736281276,-0.00210505956783891,0.00443625450134277
0.0100183002650738,-0.00956191029399633,-0.0104774460196495
0.00895303580909967,0.00322126247920096,-0.00621638912707567
-0.0134175149723887,-0.00636611692607403,0.024676276370883
-0.00809119455516338,0.00322126247920096,0.00124046194832772
-0.00596066517755389,0.0106781125068665,-0.00515112467110157
0.00575724244117737,-0.00423558801412582,-0.00834691803902388
-0.00383013696409762,0.00854758359491825,-0.00621638912707567
0.0185404159128666,0.0138739068061113,0.00976257678121328
-0.0123522505164146,-0.00849664583802223,0.00976257678121328
0.000430920859798789,0.0106781125068665,-0.00834691803902388
-0.0134175149723887,2.54695987678133E-05,0.0193499550223351
0.00895303580909967,2.54695987678133E-05,-0.0189995616674423
-0.00276487227529287,2.54695987678133E-05,0.00869731232523918
0.00149618519935757,-0.00849664583802223,-0.00195533153600991
0.00256144977174699,0.00641705514863133,0.0129583701491356
0.00362671399489045,-0.0106271747499704,0.00443625450134277
-0.00596066517755389,0.00109073356725276,-0.0126079749315977
0.0132140936329961,-0.00103979511186481,0.00124046194832772
-0.0123522505164146,0.00109073356725276,-0.00728165358304977
0.0110835647210479,-0.0127577027305961,-0.0136732403188944
0.012148829177022,-0.00636611692607403,-0.0104774460196495
-0.00915645994246006,0.0106781125068665,-0.0126079749315977
-0.00169960781931877,0.00109073356725276,-0.0104774460196495
0.0110835647210479,-0.0148882325738668,-0.00302059575915337
-0.00276487227529287,0.00641705514863133,0.00763204740360379
-0.0102217216044664,-0.00317032379098237,0.00976257678121328
0.00682250736281276,0.0138739068061113,0.0118931056931615
-0.00276487227529287,-0.0148882325738668,-0.0147385047748685
0.000430920859798789,-0.00743138138204813,0.00550151988863945
-0.0198091045022011,-0.00423558801412582,-0.00834691803902388
0.00682250736281276,-0.00743138138204813,-0.00515112467110157
0.00149618519935757,0.0202654916793108,0.0108278412371874
0.00256144977174699,-0.0202145539224148,-0.0126079749315977
0.0100183002650738,0.0192002262920141,0.0268068052828312
0.000430920859798789,-0.011692438274622,-0.00621638912707567
-0.0144827794283628,0.00641705514863133,-0.00728165358304977
-0.000634343537967652,-0.00636611692607403,0.0150888999924064
0.0100183002650738,-0.0148882325738668,0.0118931056931615
-0.00702592963352799,0.0138739068061113,-0.00302059575915337
-0.00702592963352799,-0.00317032379098237,0.00869731232523918
0.012148829177022,0.00215599802322686,-0.0104774460196495
0.00469197798520327,0.00215599802322686,-0.0221953541040421
0.00575724244117737,-0.00956191029399633,0.0236110128462315
0.00895303580909967,-0.00530085247009993,-0.00621638912707567
0.00469197798520327,2.54695987678133E-05,-0.0211300905793905
-0.00383013696409762,-0.00849664583802223,0.0225457474589348
0.00895303580909967,-0.00423558801412582,0.00763204740360379
-0.00596066517755389,0.0106781125068665,-0.0200648251920938
0.0100183002650738,-0.0202145539224148,-0.00834691803902388
-0.0144827794283628,0.00641705514863133,0.00230572582222521
0.012148829177022,0.0223960187286139,-0.00302059575915337
0.00362671399489045,-0.00103979511186481,0.0118931056931615
-0.00169960781931877,0.00748231960460544,0.00337099027819931
-0.00276487227529287,0.00535179162397981,0.00869731232523918
0.012148829177022,-0.00743138138204813,0.00656678434461355
0.012148829177022,0.00641705514863133,-0.00515112467110157
0.0153446225449443,-0.00636611692607403,-0.0179342962801456
-0.00809119455516338,0.00748231960460544,0.00230572582222521
0.00682250736281276,-0.00849664583802223,0.0193499550223351
-0.0155480438843369,0.00535179162397981,-0.00941218249499798
0.00682250736281276,-0.00210505956783891,-0.00834691803902388
0.0174751505255699,0.00854758359491825,-0.00728165358304977
-0.0112869860604405,-0.0148882325738668,0.00443625450134277
-0.0144827794283628,0.00854758359491825,0.00976257678121328
-0.00276487227529287,0.0138739068061113,-0.0211300905793905
-0.00702592963352799,-0.00423558801412582,0.000175197244971059
-0.00809119455516338,0.00748231960460544,-0.0104774460196495
0.0164098870009184,-0.00956191029399633,-0.00408586021512747
-0.00383013696409762,-0.00636611692607403,0.0118931056931615
0.00788777135312557,0.00428652716800571,0.00869731232523918
-0.00596066517755389,0.0170696992427111,-0.0115427104756236
0.00256144977174699,-0.00423558801412582,0.00869731232523918
-0.00383013696409762,0.0149391712620854,-0.00195533153600991
0.00256144977174699,0.00961284805089235,-0.00515112467110157
0.00575724244117737,-0.0106271747499704,-0.000890067196451128
-0.00915645994246006,0.00322126247920096,-0.0147385047748685
0.00149618519935757,-0.0148882325738668,-0.0200648251920938
-0.000634343537967652,0.00109073356725276,0.00656678434461355
-0.00276487227529287,0.00748231960460544,0.0161541644483805
0.00256144977174699,0.00428652716800571,-0.0168690327554941
-0.0102217216044664,-0.00530085247009993,0.0182846896350384
-0.00383013696409762,2.54695987678133E-05,0.000175197244971059
-0.00596066517755389,0.0128086432814598,-0.00621638912707567
-0.00276487227529287,0.00854758359491825,-0.0200648251920938
-0.00915645994246006,-0.00317032379098237,0.0161541644483805
0.0100183002650738,0.00641705514863133,0.0150888999924064
0.0142793580889702,-0.0170187596231699,-0.0115427104756236
-0.00809119455516338,2.54695987678133E-05,0.00550151988863945
-0.000634343537967652,0.00641705514863133,-0.00728165358304977
-0.00383013696409762,-0.00636611692607403,-0.00408586021512747
-0.000634343537967652,0.00854758359491825,0.0108278412371874
-0.00596066517755389,-0.00317032379098237,0.00337099027819931
0.00469197798520327,0.00641705514863133,0.0108278412371874
-0.00702592963352799,0.00535179162397981,-0.0253911484032869
0.000430920859798789,0.00109073356725276,0.0300025977194309
-0.0123522505164146,0.00428652716800571,-0.00515112467110157
-0.00489540072157979,-0.00743138138204813,0.0140236355364323
0.00895303580909967,-0.00103979511186481,-0.00515112467110157
0.0100183002650738,-0.0170187596231699,-0.0179342962801456
0.00575724244117737,-0.00317032379098237,0.00230572582222521
0.00362671399489045,0.0138739068061113,-0.0115427104756236
-0.0134175149723887,2.54695987678133E-05,0.0225457474589348
0.00149618519935757,-0.0180840250104666,-0.00408586021512747
0.0196056794375181,0.0138739068061113,-0.0211300905793905
-0.00169960781931877,-0.00849664583802223,0.00443625450134277
-0.00276487227529287,0.00854758359491825,0.000175197244971059
-0.0155480438843369,-0.00636611692607403,0.0118931056931615
0.0100183002650738,-0.0148882325738668,-0.0179342962801456
0.0100183002650738,0.00748231960460544,0.00337099027819931
-0.0134175149723887,-0.0266061406582594,-0.00302059575915337
0.00149618519935757,0.00322126247920096,0.000175197244971059
-0.0155480438843369,0.00854758359491825,-0.0104774460196495
0.00788777135312557,-0.0170187596231699,-0.0147385047748685
0.00575724244117737,-0.011692438274622,0.00230572582222521
-0.00169960781931877,-0.00849664583802223,-0.00302059575915337
0.0249320007860661,-0.00317032379098237,-0.0136732403188944
0.00469197798520327,-0.00317032379098237,-0.0104774460196495
0.00149618519935757,0.00854758359491825,-0.0147385047748685
0.00469197798520327,-0.00103979511186481,0.0118931056931615
-0.00489540072157979,0.00748231960460544,0.00337099027819931
-0.0134175149723887,-0.00103979511186481,0.000175197244971059
0.00256144977174699,0.00854758359491825,0.017219427973032
-0.00276487227529287,0.0106781125068665,0.00976257678121328
-0.00596066517755389,-0.0106271747499704,-0.00195533153600991
-0.00276487227529287,0.00109073356725276,0.00976257678121328
0.000430920859798789,-0.00317032379098237,-0.00728165358304977
0.012148829177022,-0.00636611692607403,0.0204152185469866
0.00149618519935757,-0.00317032379098237,-0.0243258830159903
0.00575724244117737,-0.011692438274622,0.0268068052828312
-0.00702592963352799,0.00535179162397981,-0.0264564119279385
-0.00489540072157979,-0.0138229671865702,0.0118931056931615
-0.00702592963352799,0.00854758359491825,-0.00195533153600991
-0.00596066517755389,2.54695987678133E-05,0.00230572582222521
0.00575724244117737,-0.00743138138204813,0.00976257678121328
0.0100183002650738,0.0106781125068665,0.0150888999924064
-0.0123522505164146,0.00641705514863133,-0.0179342962801456
0.0196056794375181,0.00109073356725276,-0.00728165358304977
-0.0123522505164146,-0.00103979511186481,0.00550151988863945
0.00362671399489045,0.00322126247920096,-0.000890067196451128
-0.00915645994246006,0.00961284805089235,-0.0296522062271833
0.00469197798520327,0.00109073356725276,0.0150888999924064
-0.0134175149723887,-0.00636611692607403,0.0236110128462315
0.00256144977174699,-0.0138229671865702,-0.00728165358304977
0.00895303580909967,0.0128086432814598,-0.00728165358304977
-0.0123522505164146,-0.0127577027305961,-0.00408586021512747
-0.00596066517755389,-0.00317032379098237,-0.00834691803902388
-0.00809119455516338,0.00961284805089235,0.00869731232523918
0.00256144977174699,0.00535179162397981,0.00763204740360379
0.00256144977174699,-0.00317032379098237,-0.0158037673681974
0.0100183002650738,0.00322126247920096,-0.00515112467110157
0.0100183002650738,0.0106781125068665,0.00869731232523918
-0.00489540072157979,0.0149391712620854,-0.00621638912707567
0.00895303580909967,0.00748231960460544,0.0118931056931615
-0.00915645994246006,0.00322126247920096,-0.0104774460196495
-0.00276487227529287,-0.0170187596231699,-0.00941218249499798
0.000430920859798789,0.0117433769628406,0.017219427973032
-0.00276487227529287,-0.00423558801412582,-0.00941218249499798
-0.00809119455516338,0.0160044357180595,0.00337099027819931
0.00469197798520327,2.54695987678133E-05,-0.0243258830159903
0.00362671399489045,-0.011692438274622,-0.00834691803902388
-0.00383013696409762,-0.00317032379098237,-0.0104774460196495
0.00575724244117737,0.00854758359491825,0.00230572582222521
-0.0123522505164146,0.00215599802322686,0.0118931056931615
0.0132140936329961,0.00535179162397981,-0.00515112467110157
0.00362671399489045,-0.00849664583802223,-0.0104774460196495
0.000430920859798789,0.0117433769628406,-0.00728165358304977
0.00469197798520327,0.00215599802322686,0.0129583701491356
-0.00383013696409762,0.00961284805089235,-0.0147385047748685
0.0142793580889702,-0.00317032379098237,-0.00195533153600991
-0.00383013696409762,-0.00956191029399633,0.00230572582222521
-0.0144827794283628,-0.00210505956783891,-0.0126079749315977
0.00469197798520327,-0.011692438274622,0.0129583701491356
0.00149618519935757,0.0213307552039623,0.00763204740360379
-0.0176785755902529,0.00748231960460544,0.0129583701491356
0.00575724244117737,-0.00849664583802223,-0.0104774460196495
-0.0208743661642075,0.00961284805089235,0.0140236355364323
0.00256144977174699,0.00322126247920096,-0.0243258830159903
-0.00489540072157979,0.00641705514863133,0.00337099027819931
-0.00596066517755389,0.00641705514863133,0.00869731232523918
0.0100183002650738,-0.0159534960985184,0.00656678434461355
-0.0155480438843369,0.00641705514863133,0.00976257678121328
0.0110835647210479,-0.00956191029399633,0.000175197244971059
-0.00489540072157979,-0.00530085247009993,-0.00515112467110157
0.00469197798520327,-0.00103979511186481,-0.00515112467110157
0.0110835647210479,0.00854758359491825,-0.0126079749315977
0.00362671399489045,0.00748231960460544,0.0140236355364323
-0.00596066517755389,0.00215599802322686,0.000175197244971059
-0.00276487227529287,-0.00423558801412582,-0.00941218249499798
-0.0166133102029562,0.00215599802322686,0.0140236355364323
-0.000634343537967652,0.00748231960460544,-0.00728165358304977
-0.00489540072157979,0.00109073356725276,0.000175197244971059
0.00149618519935757,2.54695987678133E-05,0.0140236355364323
-0.00915645994246006,-0.00956191029399633,0.0161541644483805
0.000430920859798789,0.0213307552039623,-0.00834691803902388
0.00895303580909967,-0.0106271747499704,-0.00408586021512747
0.00362671399489045,0.00641705514863133,0.00656678434461355
-0.00383013696409762,-0.00849664583802223,0.00656678434461355
0.0110835647210479,-0.00743138138204813,-0.0126079749315977
-0.00489540072157979,-0.00849664583802223,0.0150888999924064
0.00256144977174699,-0.0148882325738668,-0.00941218249499798
-0.0112869860604405,-0.00103979511186481,0.0161541644483805
-0.00596066517755389,0.00109073356725276,0.00550151988863945
0.00682250736281276,0.00109073356725276,0.00550151988863945
0.00469197798520327,0.0106781125068665,0.017219427973032
0.00895303580909967,0.0149391712620854,-0.0200648251920938
0.00362671399489045,-0.0138229671865702,0.00976257678121328
-0.00276487227529287,0.0160044357180595,-0.00515112467110157
0.00362671399489045,-0.0148882325738668,0.00443625450134277
0.00149618519935757,0.0128086432814598,-0.00728165358304977
-0.00489540072157979,-0.0202145539224148,0.00550151988863945
-0.00915645994246006,-0.00317032379098237,-0.0179342962801456
-0.00276487227529287,0.0192002262920141,0.0236110128462315
-0.00596066517755389,-0.00849664583802223,-0.0115427104756236
0.0259972643107176,-0.00210505956783891,-0.0158037673681974
-0.0144827794283628,0.00109073356725276,-0.000890067196451128
-0.00809119455516338,0.0128086432814598,0.00124046194832772
0.00575724244117737,0.00428652716800571,-0.0136732403188944
0.0206709448248148,0.00641705514863133,0.0204152185469866
-0.00169960781931877,0.00109073356725276,-0.0104774460196495
-0.00915645994246006,-0.00636611692607403,0.00230572582222521
0.022801473736763,0.00535179162397981,-0.00834691803902388
0.00362671399489045,0.00641705514863133,0.00337099027819931
-0.00169960781931877,-0.00743138138204813,0.000175197244971059
-0.00169960781931877,0.0117433769628406,0.0108278412371874
0.00149618519935757,-0.00103979511186481,-0.00515112467110157
-0.0187438391149044,-0.00423558801412582,-0.00515112467110157
0.0142793580889702,-0.00423558801412582,-0.00621638912707567
-0.00489540072157979,0.0181349627673626,-0.00408586021512747
0.00149618519935757,-0.011692438274622,0.00337099027819931
-0.00383013696409762,-0.00423558801412582,-0.0211300905793905
0.0100183002650738,2.54695987678133E-05,0.0161541644483805
-0.00702592963352799,2.54695987678133E-05,-0.0115427104756236
-0.00169960781931877,-0.011692438274622,-0.0147385047748685
0.00256144977174699,0.00109073356725276,0.0161541644483805
0.00256144977174699,-0.00636611692607403,-0.00515112467110157
0.00788777135312557,-0.00636611692607403,-0.0147385047748685
0.00256144977174699,2.54695987678133E-05,-0.00302059575915337
0.00256144977174699,-0.00956191029399633,0.00230572582222521
-0.00809119455516338,0.0138739068061113,-0.0200648251920938
-0.00596066517755389,-0.011692438274622,0.00869731232523918
0.00575724244117737,-0.0127577027305961,0.00337099027819931
0.0100183002650738,-0.00103979511186481,0.000175197244971059
0.00256144977174699,0.00322126247920096,-0.00515112467110157
0.00469197798520327,-0.0148882325738668,-0.0243258830159903
-0.00383013696409762,0.0170696992427111,0.0118931056931615
-0.00489540072157979,-0.0234103463590145,-0.0179342962801456
0.00575724244117737,0.0106781125068665,0.0108278412371874
0.0100183002650738,0.00109073356725276,-0.0168690327554941
-0.00169960781931877,0.0106781125068665,0.0140236355364323
-0.00489540072157979,-0.00636611692607403,0.00976257678121328
-0.0112869860604405,0.00428652716800571,0.00443625450134277
0.0110835647210479,-0.00423558801412582,-0.00621638912707567
-0.00596066517755389,-0.0212798174470663,-0.00621638912707567
-0.00596066517755389,0.00215599802322686,0.024676276370883
-0.00276487227529287,0.00109073356725276,-0.00195533153600991
0.00362671399489045,-0.00849664583802223,-0.0104774460196495
-0.0166133102029562,0.00961284805089235,0.000175197244971059
-0.0123522505164146,-0.00423558801412582,-0.00515112467110157
0.0142793580889702,0.0149391712620854,0.0161541644483805
-0.00915645994246006,0.0138739068061113,-0.0126079749315977
0.00788777135312557,-0.0138229671865702,0.00124046194832772
0.000430920859798789,-0.00103979511186481,-0.00195533153600991
-0.00702592963352799,-0.00849664583802223,-0.00195533153600991
0.00256144977174699,-0.0170187596231699,-0.00195533153600991
-0.00276487227529287,0.00109073356725276,0.00124046194832772
-0.00169960781931877,0.00961284805089235,0.0108278412371874
-0.00276487227529287,-0.00636611692607403,-0.00728165358304977
-0.00702592963352799,0.0181349627673626,-0.00834691803902388
0.00469197798520327,-0.00210505956783891,-0.00621638912707567
-0.00276487227529287,0.0117433769628406,0.00656678434461355
0.00149618519935757,-0.00103979511186481,0.00550151988863945
-0.00596066517755389,0.00535179162397981,0.0118931056931615
0.0153446225449443,-0.0127577027305961,-0.0136732403188944
0.00149618519935757,0.00961284805089235,0.00763204740360379
-0.00809119455516338,-0.011692438274622,0.000175197244971059
0.0110835647210479,-0.00636611692607403,-0.00302059575915337
-0.000634343537967652,0.0128086432814598,0.0214804839342833
0.0110835647210479,-0.00530085247009993,-0.00302059575915337
-0.00596066517755389,0.00428652716800571,-0.00302059575915337
0.00256144977174699,0.00215599802322686,-0.0104774460196495
-0.00276487227529287,0.00961284805089235,0.00656678434461355
-0.000634343537967652,-0.0159534960985184,0.0108278412371874
0.00895303580909967,0.00428652716800571,-0.0221953541040421
-0.00489540072157979,0.0117433769628406,0.00976257678121328
0.00895303580909967,-0.00423558801412582,0.0268068052828312
-0.00383013696409762,-0.00849664583802223,-0.0147385047748685
0.00575724244117737,-0.0244756117463112,0.00443625450134277
-0.0123522505164146,0.00854758359491825,0.000175197244971059
-0.000634343537967652,0.00854758359491825,0.00443625450134277
-0.00596066517755389,-0.0255408752709627,0.00124046194832772
-0.00383013696409762,0.0160044357180595,0.0321331322193146
-0.00383013696409762,-0.0127577027305961,0.00443625450134277
-0.00169960781931877,-0.00423558801412582,-0.00621638912707567
0.00682250736281276,0.00322126247920096,-0.0168690327554941
-0.00383013696409762,0.00961284805089235,0.0150888999924064
0.0100183002650738,-0.00636611692607403,0.000175197244971059
-0.00489540072157979,0.00322126247920096,0.00763204740360379
-0.00383013696409762,0.00322126247920096,-0.00515112467110157
0.00256144977174699,0.0117433769628406,-0.0104774460196495
0.00149618519935757,-0.022345082834363,0.00337099027819931
-0.00276487227529287,0.0170696992427111,-0.00302059575915337
-0.00276487227529287,-0.00423558801412582,-0.000890067196451128
-0.00702592963352799,-0.0170187596231699,-0.0115427104756236
-0.000634343537967652,0.0106781125068665,0.00337099027819931
-0.00596066517755389,-0.00317032379098237,0.00337099027819931
0.00256144977174699,0.00109073356725276,-0.00408586021512747
0.0100183002650738,-0.00743138138204813,-0.0158037673681974
-0.000634343537967652,-0.0106271747499704,-0.00302059575915337
0.00788777135312557,-0.00530085247009993,0.0204152185469866
-0.0102217216044664,-0.00743138138204813,0.00763204740360379
-0.00276487227529287,0.00428652716800571,-0.000890067196451128
0.000430920859798789,0.00641705514863133,-0.0200648251920938
0.012148829177022,-0.00849664583802223,0.0161541644483805
0.000430920859798789,0.00215599802322686,-0.0115427104756236
0.00149618519935757,-0.00210505956783891,-0.00195533153600991
-0.000634343537967652,-0.00530085247009993,-0.000890067196451128
0.00362671399489045,-0.00530085247009993,-0.00302059575915337
-0.000634343537967652,0.0138739068061113,-0.00941218249499798
0.00362671399489045,-0.00636611692607403,0.0182846896350384
0.000430920859798789,0.00535179162397981,-0.0189995616674423
-0.00596066517755389,0.0266570765525103,0.0150888999924064
-0.00596066517755389,0.00109073356725276,0.00443625450134277
-0.0230048950761557,-0.0191492885351181,0.00976257678121328
0.00682250736281276,0.00535179162397981,0.00976257678121328
0.00469197798520327,0.0192002262920141,0.00124046194832772
-0.0102217216044664,-0.00423558801412582,0.00763204740360379
0.00895303580909967,0.0202654916793108,-0.00834691803902388
-0.00383013696409762,-0.0234103463590145,-0.00302059575915337
0.00256144977174699,0.00641705514863133,0.0150888999924064
-0.00489540072157979,-0.0298019330948591,-0.0189995616674423
-0.00383013696409762,0.00961284805089235,-0.0126079749315977
0.00256144977174699,-0.00849664583802223,0.0182846896350384
0.0174751505255699,0.00854758359491825,-0.00195533153600991
0.0110835647210479,0.00215599802322686,0.0225457474589348
-0.0144827794283628,-0.00849664583802223,-0.00515112467110157
0.00256144977174699,-0.011692438274622,-0.000890067196451128
-0.0102217216044664,-0.00210505956783891,-0.0115427104756236
0.00682250736281276,2.54695987678133E-05,-0.0211300905793905
0.0110835647210479,-0.00956191029399633,-0.000890067196451128
-0.00383013696409762,0.00215599802322686,0.0204152185469866
-0.0112869860604405,0.0138739068061113,-0.00941218249499798
0.00682250736281276,-0.00423558801412582,-0.000890067196451128
-0.0102217216044664,-0.00530085247009993,-0.00408586021512747
0.000430920859798789,0.0160044357180595,0.0118931056931615
-0.0144827794283628,0.0192002262920141,0.00230572582222521
0.000430920859798789,0.00109073356725276,0.00443625450134277
0.00469197798520327,0.0106781125068665,-0.00515112467110157
0.000430920859798789,-0.0170187596231699,-0.0158037673681974
-0.00276487227529287,0.0149391712620854,0.0161541644483805
0.00362671399489045,-0.0148882325738668,0.00124046194832772
-0.00702592963352799,-0.00530085247009993,-0.00621638912707567
0.00682250736281276,0.00535179162397981,-0.00834691803902388
-0.0144827794283628,0.00535179162397981,-0.00728165358304977
-0.00915645994246006,2.54695987678133E-05,0.0225457474589348
-0.00276487227529287,-0.00103979511186481,-0.00941218249499798
-0.00276487227529287,-0.00317032379098237,0.0129583701491356
-0.00276487227529287,-0.0148882325738668,-0.0200648251920938
-0.00915645994246006,0.0117433769628406,0.00230572582222521
-0.00596066517755389,0.00322126247920096,0.00869731232523918
0.0164098870009184,0.00641705514863133,-0.00408586021512747
0.00788777135312557,-0.00317032379098237,-0.0126079749315977
-0.00383013696409762,-0.00103979511186481,-0.00195533153600991
-0.000634343537967652,-0.0106271747499704,-0.0104774460196495
-0.0155480438843369,0.00428652716800571,0.0150888999924064
-0.0102217216044664,-0.0170187596231699,-0.00621638912707567
-0.0134175149723887,-0.00210505956783891,0.00124046194832772
0.0259972643107176,-0.00530085247009993,-0.00834691803902388
-0.0123522505164146,0.0106781125068665,-0.00408586021512747
0.00682250736281276,0.00854758359491825,0.0118931056931615
0.0153446225449443,-0.00317032379098237,-0.00941218249499798
0.0142793580889702,-0.011692438274622,-0.0189995616674423
0.000430920859798789,-0.00423558801412582,-0.0392395853996277
0.00469197798520327,0.00641705514863133,-0.0126079749315977
-0.00596066517755389,-0.0127577027305961,-0.00621638912707567
-0.00169960781931877,-0.00317032379098237,-0.0126079749315977
0.0100183002650738,-0.00849664583802223,0.00656678434461355
0.00469197798520327,0.00322126247920096,-0.0158037673681974
0.00149618519935757,-0.00423558801412582,0.0129583701491356
-0.0123522505164146,-0.00636611692607403,0.00976257678121328
-0.00702592963352799,0.00322126247920096,0.00124046194832772
-0.00383013696409762,-0.00743138138204813,-0.00515112467110157
0.00469197798520327,2.54695987678133E-05,-0.00728165358304977
0.00895303580909967,-0.0244756117463112,0.00337099027819931
-0.0144827794283628,0.00748231960460544,0.00550151988863945
0.00256144977174699,0.00109073356725276,0.00869731232523918
0.000430920859798789,0.00322126247920096,-0.00941218249499798
-0.00596066517755389,-0.0138229671865702,0.00337099027819931
-0.000634343537967652,-0.00317032379098237,-0.0211300905793905
-0.0112869860604405,-0.00103979511186481,0.0182846896350384
0.00895303580909967,-0.00210505956783891,0.0204152185469866
0.0153446225449443,-0.011692438274622,-0.00728165358304977
-0.00169960781931877,0.00641705514863133,0.00124046194832772
-0.00702592963352799,2.54695987678133E-05,-0.00515112467110157
-0.00383013696409762,-0.00849664583802223,0.0108278412371874
-0.00809119455516338,0.0106781125068665,-0.00515112467110157
0.00149618519935757,-0.00210505956783891,0.00230572582222521
-0.00489540072157979,0.00109073356725276,0.00124046194832772
0.00469197798520327,0.00322126247920096,0.00976257678121328
0.00149618519935757,0.00961284805089235,-0.00408586021512747
0.00682250736281276,-0.00317032379098237,0.0140236355364323
-0.00169960781931877,0.0181349627673626,-0.00302059575915337
0.0153446225449443,-0.0191492885351181,0.0236110128462315
-0.0134175149723887,0.0181349627673626,-0.00728165358304977
-0.00276487227529287,-0.00317032379098237,-0.00302059575915337
0.00469197798520327,-0.00743138138204813,-0.000890067196451128
0.00362671399489045,0.0106781125068665,0.00230572582222521
-0.00596066517755389,-0.0170187596231699,0.00443625450134277
0.00682250736281276,-0.00423558801412582,-0.00621638912707567
-0.000634343537967652,0.00535179162397981,-0.00621638912707567
0.00256144977174699,-0.00103979511186481,0.00337099027819931
-0.00489540072157979,-0.00849664583802223,-0.0179342962801456
-0.00596066517755389,0.0117433769628406,0.00124046194832772
0.00362671399489045,0.00215599802322686,0.00869731232523918
0.00682250736281276,-0.00956191029399633,-0.00515112467110157
-0.00489540072157979,0.0106781125068665,0.0118931056931615
0.00362671399489045,-0.00530085247009993,0.000175197244971059
-0.00276487227529287,-0.00423558801412582,-0.00195533153600991
-0.00596066517755389,-0.00210505956783891,-0.0126079749315977
0.00256144977174699,-0.00956191029399633,0.00443625450134277
-0.0102217216044664,-0.00103979511186481,0.0140236355364323
0.00788777135312557,-0.0234103463590145,0.00550151988863945
-0.00809119455516338,-0.00103979511186481,0.0150888999924064
0.00256144977174699,0.00322126247920096,-0.00195533153600991
0.00256144977174699,0.00109073356725276,0.017219427973032
-0.000634343537967652,-0.0106271747499704,-0.0200648251920938
0.00256144977174699,0.00322126247920096,-0.0158037673681974
0.00788777135312557,0.0181349627673626,0.0140236355364323
-0.00596066517755389,-0.00956191029399633,0.00550151988863945
-0.00383013696409762,0.00854758359491825,-0.0189995616674423
0.012148829177022,-0.00743138138204813,-0.00195533153600991
0.000430920859798789,0.0160044357180595,-0.000890067196451128
-0.00596066517755389,-0.00956191029399633,-0.00515112467110157
0.00469197798520327,-0.00317032379098237,0.00763204740360379
-0.0112869860604405,-0.00636611692607403,-0.0158037673681974
0.00362671399489045,-0.00103979511186481,0.00124046194832772
-0.00915645994246006,-0.00210505956783891,0.0108278412371874
0.00788777135312557,0.00535179162397981,-0.00621638912707567
0.00788777135312557,-0.00210505956783891,0.00124046194832772
-0.00915645994246006,0.00641705514863133,-0.00302059575915337
0.0100183002650738,-0.00210505956783891,0.0129583701491356
-0.00915645994246006,-0.0106271747499704,-0.00728165358304977
0.0185404159128666,-0.00423558801412582,-0.0179342962801456
0.00256144977174699,0.00854758359491825,0.0268068052828312
-0.00276487227529287,2.54695987678133E-05,-0.0168690327554941
-0.000634343537967652,0.00428652716800571,-0.00728165358304977
-0.000634343537967652,-0.00849664583802223,-0.00408586021512747
0.00256144977174699,-0.00317032379098237,0.00230572582222521
-0.00383013696409762,-0.00530085247009993,0.0118931056931615
0.00469197798520327,-0.011692438274622,0.00763204740360379
-0.00383013696409762,0.0170696992427111,-0.0136732403188944
0.0142793580889702,2.54695987678133E-05,0.0129583701491356
-0.0251354239881039,0.00748231960460544,0.000175197244971059
0.0110835647210479,-0.00210505956783891,-0.00515112467110157
-0.00169960781931877,2.54695987678133E-05,-0.00302059575915337
-0.00809119455516338,-0.00317032379098237,0.00443625450134277
-0.00276487227529287,0.00961284805089235,0.0204152185469866
0.00256144977174699,-0.0106271747499704,-0.0189995616674423
0.00575724244117737,0.0106781125068665,0.0236110128462315
-0.00809119455516338,-0.00103979511186481,0.0140236355364323
0.000430920859798789,-0.00317032379098237,0.000175197244971059
0.000430920859798789,-0.00317032379098237,-0.00941218249499798
0.00362671399489045,0.00109073356725276,0.00869731232523918
0.00256144977174699,-0.00530085247009993,-0.00941218249499798
-0.00276487227529287,-0.00103979511186481,0.0182846896350384
-0.00596066517755389,-0.0148882325738668,-0.0243258830159903
-0.0176785755902529,0.0181349627673626,0.0193499550223351
0.00575724244117737,0.00215599802322686,-0.0136732403188944
0.00362671399489045,-0.0180840250104666,0.00230572582222521
0.00682250736281276,0.00748231960460544,0.00230572582222521
-0.0166133102029562,-0.0191492885351181,0.00656678434461355
-0.000634343537967652,0.00854758359491825,-0.00621638912707567
0.00575724244117737,-0.00210505956783891,-0.00941218249499798
-0.00489540072157979,-0.00849664583802223,-0.0179342962801456
-0.0102217216044664,0.0181349627673626,0.0182846896350384
0.00682250736281276,0.0106781125068665,0.00337099027819931
-0.00276487227529287,-0.0148882325738668,0.00656678434461355
0.000430920859798789,0.0181349627673626,-0.00408586021512747
-0.0134175149723887,0.00961284805089235,0.0108278412371874
0.00575724244117737,-0.00743138138204813,0.0118931056931615
0.0100183002650738,-0.00530085247009993,-0.0221953541040421
-0.0112869860604405,-0.00956191029399633,-0.00728165358304977
0.00682250736281276,-0.00317032379098237,0.017219427973032
-0.0251354239881039,0.0213307552039623,0.0108278412371874
0.0100183002650738,0.00322126247920096,-0.00834691803902388
-0.00702592963352799,0.00215599802322686,0.0268068052828312
0.00362671399489045,0.0160044357180595,0.0150888999924064
0.00469197798520327,-0.00317032379098237,-0.000890067196451128
0.0100183002650738,-0.00423558801412582,-0.000890067196451128
-0.00489540072157979,0.00428652716800571,-0.0158037673681974
-0.00169960781931877,0.0117433769628406,0.00230572582222521
0.00682250736281276,-0.00317032379098237,-0.0232606194913387
-0.00169960781931877,-0.00530085247009993,0.00230572582222521
-0.00489540072157979,0.00322126247920096,0.00550151988863945
0.0100183002650738,-0.0159534960985184,0.0193499550223351
0.0100183002650738,0.00854758359491825,-0.0136732403188944
-0.0102217216044664,-0.00103979511186481,0.00337099027819931
0.0174751505255699,2.54695987678133E-05,0.00976257678121328
-0.00596066517755389,-0.00636611692607403,0.0129583701491356
0.00788777135312557,-0.00317032379098237,-0.00941218249499798
0.00149618519935757,0.00109073356725276,0.00230572582222521
-0.00169960781931877,0.00215599802322686,0.00337099027819931
0.00149618519935757,-0.00956191029399633,0.00337099027819931
-0.00383013696409762,0.0138739068061113,-0.00302059575915337
0.00895303580909967,-0.0106271747499704,-0.00834691803902388
-0.00383013696409762,0.00854758359491825,-0.0104774460196495
0.000430920859798789,-0.0170187596231699,0.00337099027819931
0.012148829177022,-0.00317032379098237,-0.00834691803902388
-0.0187438391149044,0.00748231960460544,0.00337099027819931
0.00895303580909967,-0.022345082834363,0.00763204740360379
-0.00489540072157979,0.00961284805089235,0.00869731232523918
-0.000634343537967652,-0.00743138138204813,0.00337099027819931
0.012148829177022,-0.00530085247009993,-0.0179342962801456
-0.00383013696409762,0.00535179162397981,-0.000890067196451128
-0.0112869860604405,-0.00103979511186481,-0.00621638912707567
-0.00915645994246006,0.00961284805089235,0.00550151988863945
-0.000634343537967652,-0.011692438274622,-0.0179342962801456
0.0132140936329961,0.00322126247920096,0.00656678434461355
-0.0123522505164146,-0.0106271747499704,0.0214804839342833
-0.00809119455516338,-0.0127577027305961,-0.0189995616674423
-0.00702592963352799,-0.0138229671865702,0.0140236355364323
0.00575724244117737,0.0160044357180595,0.00230572582222521
0.00149618519935757,0.0106781125068665,0.0204152185469866
-0.00702592963352799,0.00109073356725276,0.00443625450134277
0.012148829177022,-0.0148882325738668,0.0108278412371874
-0.0219396315515041,0.00961284805089235,-0.00834691803902388
0.00575724244117737,0.00322126247920096,0.0161541644483805
-0.0112869860604405,0.00109073356725276,-0.00834691803902388
-0.00702592963352799,-0.00956191029399633,-0.0200648251920938
0.0100183002650738,-0.00317032379098237,0.0182846896350384
0.00256144977174699,-0.00317032379098237,-0.00515112467110157
0.00362671399489045,0.00215599802322686,-0.00621638912707567
0.00256144977174699,0.00748231960460544,0.00976257678121328
-0.000634343537967652,0.00748231960460544,-0.00515112467110157
0.00575724244117737,0.0117433769628406,0.0225457474589348
0.00788777135312557,-0.00317032379098237,-0.0221953541040421
0.00575724244117737,-0.0106271747499704,-0.00621638912707567
-0.00383013696409762,-0.0138229671865702,-0.00408586021512747
0.00682250736281276,-0.00743138138204813,-0.00195533153600991
-0.00169960781931877,0.0223960187286139,0.0108278412371874
0.000430920859798789,-0.00423558801412582,-0.00834691803902388
-0.00809119455516338,-0.00849664583802223,0.00443625450134277
0.00362671399489045,-0.00210505956783891,0.0150888999924064
0.00256144977174699,0.00961284805089235,-0.00621638912707567
-0.00809119455516338,-0.00423558801412582,0.000175197244971059
0.00575724244117737,0.00322126247920096,0.0204152185469866
-0.00702592963352799,0.0128086432814598,0.00976257678121328
0.00895303580909967,-0.00849664583802223,-0.0221953541040421
-0.00596066517755389,0.00109073356725276,-0.00621638912707567
-0.00809119455516338,0.0160044357180595,0.00443625450134277
-0.000634343537967652,-0.00103979511186481,0.00656678434461355
-0.00596066517755389,-0.0148882325738668,0.0150888999924064
-0.00915645994246006,-0.00956191029399633,0.0161541644483805
0.00149618519935757,0.00215599802322686,-0.00408586021512747
0.0110835647210479,-0.00956191029399633,-0.0136732403188944
0.0110835647210479,-0.00636611692607403,0.00443625450134277
-0.00596066517755389,-0.00423558801412582,-0.000890067196451128
0.00149618519935757,-0.00103979511186481,-0.0136732403188944
0.00575724244117737,-0.00210505956783891,0.0129583701491356
0.00362671399489045,-0.00317032379098237,0.00656678434461355
0.00149618519935757,-0.00530085247009993,-0.0115427104756236
0.00895303580909967,0.00641705514863133,0.0140236355364323
0.00362671399489045,0.00961284805089235,0.00124046194832772
0.00362671399489045,0.00428652716800571,0.000175197244971059
0.00682250736281276,0.00961284805089235,0.0108278412371874
-0.0144827794283628,-0.0244756117463112,-0.0232606194913387
0.00362671399489045,-0.00423558801412582,-0.00515112467110157
0.0206709448248148,2.54695987678133E-05,0.00763204740360379
-0.00809119455516338,-0.00103979511186481,-0.00302059575915337
0.00682250736281276,-0.00849664583802223,-0.0126079749315977
0.000430920859798789,0.00215599802322686,0.00230572582222521
0.00575724244117737,-0.0127577027305961,-0.00621638912707567
0.00469197798520327,0.00641705514863133,0.0150888999924064
0.00256144977174699,-0.00317032379098237,-0.0158037673681974
-0.00915645994246006,0.0106781125068665,0.00550151988863945
-0.00169960781931877,-0.00956191029399633,-0.00408586021512747
-0.0102217216044664,0.00961284805089235,0.00763204740360379
0.012148829177022,-0.0106271747499704,0.00550151988863945
-0.00809119455516338,-0.00849664583802223,-0.0189995616674423
0.00682250736281276,2.54695987678133E-05,0.00763204740360379
-0.00276487227529287,0.00854758359491825,0.00230572582222521
-0.00383013696409762,-0.0106271747499704,0.00550151988863945
-0.00169960781931877,-0.00849664583802223,0.0140236355364323
0.00469197798520327,-0.0127577027305961,-0.0200648251920938
-0.0166133102029562,0.00961284805089235,0.0182846896350384
-0.0112869860604405,0.00854758359491825,-0.00834691803902388
0.000430920859798789,-0.0127577027305961,-0.00302059575915337
-0.00809119455516338,0.0202654916793108,0.00763204740360379
0.00682250736281276,-0.011692438274622,-0.00621638912707567
-0.000634343537967652,0.00641705514863133,0.00550151988863945
-0.00383013696409762,-0.00956191029399633,0.00763204740360379
0.000430920859798789,0.00428652716800571,0.00550151988863945
-0.00383013696409762,-0.00317032379098237,-0.0221953541040421
0.00575724244117737,-0.00423558801412582,0.0257415417581797
-0.00169960781931877,0.00961284805089235,0.00443625450134277
0.0110835647210479,-0.00743138138204813,0.00869731232523918
0.0132140936329961,0.00215599802322686,0.0108278412371874
-0.000634343537967652,-0.00317032379098237,-0.0179342962801456
-0.00276487227529287,0.0128086432814598,0.0108278412371874
0.00575724244117737,-0.00743138138204813,-0.00195533153600991
-0.00809119455516338,-0.00530085247009993,0.00337099027819931
0.00895303580909967,0.00535179162397981,0.0150888999924064
-0.0102217216044664,0.00961284805089235,-0.00195533153600991
0.00575724244117737,-0.00317032379098237,-0.000890067196451128
0.00256144977174699,0.0170696992427111,0.0257415417581797
0.00469197798520327,0.00961284805089235,0.000175197244971059
-0.00915645994246006,-0.00210505956783891,0.00763204740360379
-0.0134175149723887,0.00215599802322686,0.00443625450134277
0.00256144977174699,0.00428652716800571,-0.00408586021512747
-0.00596066517755389,-0.00423558801412582,-0.00728165358304977
0.00575724244117737,-0.00849664583802223,0.0129583701491356
0.00788777135312557,-0.0138229671865702,-0.000890067196451128
0.000430920859798789,0.00854758359491825,0.00124046194832772
-0.0134175149723887,-0.011692438274622,0.00337099027819931
-0.00169960781931877,2.54695987678133E-05,-0.00302059575915337
0.00362671399489045,0.00535179162397981,0.00230572582222521
0.0100183002650738,0.0106781125068665,-0.0296522062271833
0.00256144977174699,-0.00317032379098237,0.00656678434461355
0.00895303580909967,-0.0138229671865702,-0.0158037673681974
-0.00489540072157979,0.00641705514863133,-0.00408586021512747
-0.00276487227529287,0.00961284805089235,-0.00515112467110157
-0.000634343537967652,-0.00743138138204813,0.00869731232523918
0.00895303580909967,-0.0138229671865702,-0.00941218249499798
0.00362671399489045,0.0138739068061113,0.00656678434461355
0.0110835647210479,0.00961284805089235,-0.00195533153600991
0.00362671399489045,-0.00530085247009993,-0.00302059575915337
0.00788777135312557,-0.0159534960985184,-0.00728165358304977
-0.0134175149723887,-0.00530085247009993,0.00869731232523918
0.00682250736281276,0.00109073356725276,0.00230572582222521
-0.00276487227529287,-0.011692438274622,0.00124046194832772
0.00469197798520327,0.0160044357180595,-0.0104774460196495
0.00362671399489045,0.00428652716800571,0.0108278412371874
0.000430920859798789,0.00322126247920096,-0.00728165358304977
0.00149618519935757,0.00428652716800571,-0.0126079749315977
0.00256144977174699,2.54695987678133E-05,0.00869731232523918
-0.0187438391149044,-0.00103979511186481,0.00976257678121328
0.00256144977174699,-0.0191492885351181,-0.00515112467110157
-0.00383013696409762,0.00854758359491825,-0.0211300905793905
0.00149618519935757,-0.00103979511186481,0.0118931056931615
-0.00276487227529287,-0.00210505956783891,0.0118931056931615
-0.00809119455516338,-0.00530085247009993,-0.00834691803902388
0.000430920859798789,0.0117433769628406,0.0118931056931615
-0.0102217216044664,0.0106781125068665,0.00443625450134277
-0.0134175149723887,0.00428652716800571,-0.00408586021512747
0.0153446225449443,0.00961284805089235,0.000175197244971059
-0.0166133102029562,-0.00849664583802223,-0.00408586021512747
-0.00702592963352799,0.0138739068061113,0.0236110128462315
0.000430920859798789,-0.0159534960985184,-0.0147385047748685
0.00575724244117737,-0.00103979511186481,0.00869731232523918
-0.000634343537967652,0.00109073356725276,-0.00408586021512747
0.000430920859798789,0.00428652716800571,-0.00621638912707567
-0.00489540072157979,-0.011692438274622,-0.00728165358304977
0.00682250736281276,-0.0234103463590145,-0.00515112467110157
0.00256144977174699,0.00428652716800571,-0.00408586021512747
-0.00596066517755389,0.00748231960460544,-0.00408586021512747
0.00362671399489045,0.00428652716800571,-0.00515112467110157
0.0132140936329961,-0.00636611692607403,-0.00515112467110157
-0.0112869860604405,0.0106781125068665,0.00869731232523918
0.00895303580909967,-0.00317032379098237,0.00550151988863945
-0.000634343537967652,-0.00636611692607403,0.0118931056931615
0.00895303580909967,0.00961284805089235,-0.00195533153600991
0.00149618519935757,-0.00956191029399633,-0.0189995616674423
0.00469197798520327,-0.00956191029399633,0.000175197244971059
-0.0144827794283628,2.54695987678133E-05,0.00763204740360379
0.00788777135312557,-0.00849664583802223,-0.0104774460196495
0.00362671399489045,0.0106781125068665,0.00976257678121328
0.00149618519935757,-0.00956191029399633,-0.0126079749315977
-0.000634343537967652,0.00215599802322686,0.00869731232523918
0.0100183002650738,0.0181349627673626,0.00124046194832772
0.0100183002650738,-0.0127577027305961,-0.0189995616674423
0.00469197798520327,-0.0138229671865702,0.0150888999924064
0.00469197798520327,-0.00743138138204813,-0.0179342962801456
-0.00702592963352799,-0.00210505956783891,-0.00728165358304977
0.00682250736281276,0.00641705514863133,0.00443625450134277
0.000430920859798789,-0.00210505956783891,0.0108278412371874
-0.00169960781931877,0.00854758359491825,0.000175197244971059
-0.0112869860604405,0.00215599802322686,0.0182846896350384
0.00362671399489045,0.0213307552039623,-0.00621638912707567
-0.000634343537967652,-0.0170187596231699,0.0161541644483805
0.00895303580909967,0.0138739068061113,0.00124046194832772
0.000430920859798789,0.00961284805089235,-0.00834691803902388
0.00256144977174699,-0.00743138138204813,-0.00195533153600991
0.00256144977174699,0.00641705514863133,-0.00195533153600991
-0.00489540072157979,-0.0127577027305961,-0.00408586021512747
-0.0112869860604405,0.0128086432814598,0.000175197244971059
0.00895303580909967,-0.00317032379098237,0.0140236355364323
0.00149618519935757,-0.00210505956783891,-0.0530880205333233
-0.00276487227529287,-0.00530085247009993,0.00763204740360379
0.00682250736281276,0.0106781125068665,0.0140236355364323
0.000430920859798789,-0.00636611692607403,-0.00302059575915337
0.00469197798520327,-0.00103979511186481,-0.000890067196451128
-0.00596066517755389,-0.00849664583802223,-0.0158037673681974
-0.00489540072157979,2.54695987678133E-05,0.017219427973032
-0.00169960781931877,-0.011692438274622,-0.0179342962801456
0.0110835647210479,2.54695987678133E-05,0.0161541644483805
0.000430920859798789,0.00215599802322686,0.00763204740360379
-0.0102217216044664,-0.00849664583802223,0.0118931056931615
0.0153446225449443,-0.00743138138204813,-0.00834691803902388
-0.00169960781931877,-0.00103979511186481,-0.00408586021512747
-0.00809119455516338,0.0149391712620854,0.0161541644483805
-0.000634343537967652,-0.011692438274622,-0.0104774460196495
-0.00915645994246006,0.00322126247920096,0.00124046194832772
-0.00276487227529287,-0.00210505956783891,0.00550151988863945
0.000430920859798789,0.0181349627673626,0.00656678434461355
0.0100183002650738,0.00215599802322686,0.0204152185469866
-0.00169960781931877,-0.00530085247009993,-0.0104774460196495
0.00362671399489045,0.00322126247920096,-0.00408586021512747
-0.00383013696409762,0.00428652716800571,0.00869731232523918
0.0132140936329961,2.54695987678133E-05,-0.00302059575915337
0.00682250736281276,0.0149391712620854,-0.0189995616674423
0.00682250736281276,-0.0138229671865702,-0.000890067196451128
0.00149618519935757,0.00215599802322686,0.0278720688074827
-0.000634343537967652,-0.00956191029399633,-0.0158037673681974
-0.00489540072157979,0.00854758359491825,-0.00195533153600991
0.0110835647210479,-0.00210505956783891,0.0193499550223351
-0.0155480438843369,0.00322126247920096,-0.00302059575915337
0.00469197798520327,-0.00210505956783891,0.0150888999924064
-0.00702592963352799,-0.00210505956783891,-0.0275216773152351
-0.00383013696409762,-0.0191492885351181,-0.00408586021512747
-0.00702592963352799,0.0266570765525103,0.0118931056931615
0.00469197798520327,-0.011692438274622,0.000175197244971059
0.00256144977174699,0.0266570765525103,0.00869731232523918
0.00256144977174699,-0.00103979511186481,0.00869731232523918
-0.0112869860604405,-0.00849664583802223,-0.0104774460196495
0.000430920859798789,0.00428652716800571,-0.0200648251920938
0.000430920859798789,-0.00423558801412582,0.0150888999924064
-0.0176785755902529,2.54695987678133E-05,-0.000890067196451128
-0.000634343537967652,0.00748231960460544,-0.00728165358304977
0.00895303580909967,0.0223960187286139,0.0268068052828312
-0.0166133102029562,-0.0127577027305961,-0.0189995616674423
-0.00489540072157979,0.0192002262920141,0.00337099027819931
0.00256144977174699,-0.00636611692607403,0.00656678434461355
-0.0102217216044664,0.0277223419398069,-0.0147385047748685
-0.0155480438843369,-0.0106271747499704,0.0353289246559143
0.00256144977174699,0.0213307552039623,-0.00515112467110157
0.0110835647210479,-0.0202145539224148,-0.00621638912707567
-0.00489540072157979,0.00854758359491825,-0.00941218249499798
-0.000634343537967652,-0.0148882325738668,0.00550151988863945
0.00362671399489045,-0.00423558801412582,-0.00515112467110157
0.000430920859798789,0.00215599802322686,-0.00621638912707567
0.012148829177022,2.54695987678133E-05,0.0140236355364323
-0.000634343537967652,-0.00743138138204813,-0.00195533153600991
-0.00915645994246006,0.0202654916793108,-0.00728165358304977
-0.0123522505164146,-0.0148882325738668,0.00443625450134277
0.00788777135312557,-0.0138229671865702,-0.0147385047748685
-0.00276487227529287,0.0160044357180595,0.00443625450134277
-0.00383013696409762,0.0341139324009418,-0.0168690327554941
-0.000634343537967652,-0.00636611692607403,0.0182846896350384
0.00256144977174699,-0.00530085247009993,0.017219427973032
0.00469197798520327,-0.0191492885351181,-0.0221953541040421
-0.0112869860604405,0.0117433769628406,0.0118931056931615
0.00469197798520327,-0.00636611692607403,0.0108278412371874
-0.00383013696409762,-0.00210505956783891,-0.00834691803902388
0.00682250736281276,-0.00210505956783891,0.00763204740360379
0.00256144977174699,-0.00210505956783891,-0.0126079749315977
0.00149618519935757,0.0128086432814598,-0.00728165358304977
0.0132140936329961,-0.0106271747499704,-0.0147385047748685
0.012148829177022,0.00641705514863133,0.0140236355364323
0.00788777135312557,-0.00636611692607403,-0.00408586021512747
-0.000634343537967652,0.00109073356725276,-0.00728165358304977
0.00788777135312557,-0.00530085247009993,-0.00834691803902388
-0.00383013696409762,2.54695987678133E-05,0.0140236355364323
0.00256144977174699,0.00535179162397981,0.00976257678121328
-0.0123522505164146,-0.0170187596231699,-0.00408586021512747
-0.00276487227529287,0.00961284805089235,0.00443625450134277
0.00575724244117737,2.54695987678133E-05,-0.00834691803902388
-0.00702592963352799,-0.00103979511186481,-0.00408586021512747
0.000430920859798789,-0.011692438274622,0.00976257678121328
0.0153446225449443,0.0255918130278587,0.00230572582222521
0.00469197798520327,-0.0159534960985184,0.024676276370883
0.00682250736281276,0.0160044357180595,0.00124046194832772
0.00469197798520327,0.00748231960460544,0.00656678434461355
-0.00702592963352799,0.00109073356725276,0.00230572582222521
0.00362671399489045,-0.00849664583802223,-0.00302059575915337
0.00362671399489045,2.54695987678133E-05,0.00976257678121328
0.0100183002650738,0.00961284805089235,0.00869731232523918
0.00149618519935757,-0.0148882325738668,0.00124046194832772
0.00149618519935757,0.0170696992427111,-0.00515112467110157
0.012148829177022,-0.0106271747499704,-0.00515112467110157
-0.0112869860604405,0.0117433769628406,-0.0147385047748685
0.00256144977174699,-0.011692438274622,-0.00195533153600991
-0.0123522505164146,-0.0106271747499704,-0.00408586021512747
0.00895303580909967,0.00535179162397981,0.000175197244971059
0.00149618519935757,-0.00636611692607403,0.00550151988863945
0.00682250736281276,-0.00636611692607403,0.000175197244971059
0.000430920859798789,-0.011692438274622,-0.00515112467110157
0.00682250736281276,0.00428652716800571,-0.0285869408398867
-0.00169960781931877,-0.0106271747499704,0.0289373341947794
0.00149618519935757,0.0149391712620854,0.00337099027819931
0.0142793580889702,-0.00849664583802223,0.00550151988863945
-0.00489540072157979,-0.00743138138204813,-0.00408586021512747
-0.0102217216044664,-0.00743138138204813,-0.00728165358304977
0.000430920859798789,0.00961284805089235,-0.00195533153600991
-0.000634343537967652,0.00535179162397981,0.0150888999924064
0.00469197798520327,-0.00743138138204813,0.00124046194832772
0.000430920859798789,0.0149391712620854,-0.00195533153600991
-0.00702592963352799,0.00109073356725276,0.00337099027819931
0.00682250736281276,0.00215599802322686,-0.0147385047748685
-0.0123522505164146,0.00215599802322686,-0.0211300905793905
-0.0123522505164146,0.0128086432814598,0.00124046194832772
0.00788777135312557,-0.0212798174470663,0.00443625450134277
0.00682250736281276,-0.00636611692607403,-0.00834691803902388
0.0153446225449443,0.00428652716800571,0.0182846896350384
-0.00809119455516338,-0.0148882325738668,-0.0168690327554941
-0.00702592963352799,-0.0159534960985184,0.0118931056931615
-0.00915645994246006,0.00641705514863133,0.00230572582222521
0.00149618519935757,0.00748231960460544,-0.0211300905793905
0.0100183002650738,0.00215599802322686,0.00230572582222521
-0.0123522505164146,0.0170696992427111,0.0108278412371874
0.0110835647210479,-0.0212798174470663,0.000175197244971059
-0.00489540072157979,-0.011692438274622,-0.0243258830159903
0.00256144977174699,-0.0106271747499704,0.0129583701491356
-0.00809119455516338,0.0213307552039623,0.00124046194832772
0.000430920859798789,-0.00103979511186481,0.00550151988863945
0.00788777135312557,0.00535179162397981,-0.00195533153600991
-0.00596066517755389,0.0106781125068665,-0.000890067196451128
-0.00915645994246006,0.00215599802322686,0.00337099027819931
-0.00169960781931877,0.0117433769628406,0.0118931056931615
-0.00169960781931877,-0.00530085247009993,-0.0136732403188944
0.00682250736281276,0.00641705514863133,-0.00195533153600991
-0.000634343537967652,-0.0191492885351181,0.017219427973032
-0.00915645994246006,0.0138739068061113,0.0118931056931615
0.0132140936329961,-0.0148882325738668,-0.0179342962801456
-0.00596066517755389,-0.00423558801412582,-0.00834691803902388
0.00575724244117737,-0.00743138138204813,-0.0168690327554941
-0.0198091045022011,-0.00317032379098237,-0.00408586021512747
0.0153446225449443,0.00748231960460544,0.0108278412371874
-0.000634343537967652,0.00535179162397981,-0.00302059575915337
-0.0187438391149044,-0.0127577027305961,-0.00728165358304977
-0.00596066517755389,-0.00210505956783891,0.00124046194832772
0.0164098870009184,-0.0159534960985184,-0.0126079749315977
0.00256144977174699,-0.0127577027305961,0.00124046194832772
0.00575724244117737,-0.00210505956783891,-0.00728165358304977
0.00362671399489045,-0.00423558801412582,0.000175197244971059
-0.0112869860604405,-0.00103979511186481,0.0161541644483805
0.012148829177022,0.00535179162397981,0.00124046194832772
-0.0123522505164146,0.00215599802322686,0.00337099027819931
0.00256144977174699,0.0117433769628406,0.0150888999924064
-0.00169960781931877,0.0149391712620854,0.0129583701491356
-0.00276487227529287,-0.011692438274622,-0.00408586021512747
0.00895303580909967,0.0106781125068665,0.0129583701491356
-0.0198091045022011,0.00748231960460544,0.00869731232523918
0.00575724244117737,-0.011692438274622,-0.00621638912707567
-0.0123522505164146,0.0181349627673626,0.0140236355364323
-0.0123522505164146,-0.0148882325738668,0.00230572582222521
0.00575724244117737,0.0160044357180595,-0.00408586021512747
-0.00276487227529287,-0.0148882325738668,0.00656678434461355
0.00682250736281276,2.54695987678133E-05,0.00656678434461355
-0.00596066517755389,-0.00530085247009993,0.00337099027819931
-0.00276487227529287,-0.011692438274622,-0.0126079749315977
-0.00169960781931877,0.00641705514863133,-0.00728165358304977
0.00575724244117737,-0.00210505956783891,0.00656678434461355
0.0110835647210479,0.00322126247920096,-0.00941218249499798
-0.00915645994246006,0.00641705514863133,-0.000890067196451128
0.00895303580909967,-0.011692438274622,0.0108278412371874
0.00149618519935757,-0.00743138138204813,-0.0200648251920938
-0.00915645994246006,0.00109073356725276,0.0225457474589348
0.000430920859798789,0.00109073356725276,-0.0104774460196495
-0.00276487227529287,-0.00103979511186481,-0.00834691803902388
-0.0198091045022011,-0.00956191029399633,0.00550151988863945
0.00788777135312557,0.00854758359491825,0.0129583701491356
-0.0102217216044664,-0.00103979511186481,-0.00408586021512747
-0.00596066517755389,-0.00317032379098237,-0.0115427104756236
0.00682250736281276,-0.00743138138204813,0.00869731232523918
0.00149618519935757,-0.00317032379098237,0.0108278412371874
0.00682250736281276,-0.00423558801412582,0.00976257678121328
0.000430920859798789,-0.00849664583802223,-0.0126079749315977
0.00149618519935757,0.00961284805089235,-0.00834691803902388
-0.00702592963352799,0.00215599802322686,0.0150888999924064
0.00575724244117737,-0.00317032379098237,-0.0104774460196495
-0.0102217216044664,0.0106781125068665,0.0214804839342833
-0.00276487227529287,0.00322126247920096,-0.00195533153600991
-0.00383013696409762,2.54695987678133E-05,-0.00515112467110157
-0.00596066517755389,-0.0191492885351181,0.0129583701491356
-0.00276487227529287,0.0181349627673626,0.00230572582222521
-0.00596066517755389,-0.00423558801412582,0.00337099027819931
-0.000634343537967652,0.0213307552039623,0.0118931056931615
-0.00489540072157979,-0.00743138138204813,0.00976257678121328
0.00362671399489045,-0.00210505956783891,-0.00195533153600991
-0.00169960781931877,-0.00423558801412582,-0.0147385047748685
-0.00169960781931877,0.00109073356725276,0.00337099027819931
-0.00383013696409762,0.00109073356725276,-0.00195533153600991
0.00682250736281276,0.00322126247920096,-0.0189995616674423
0.000430920859798789,-0.00103979511186481,-0.00195533153600991
-0.0155480438843369,0.0223960187286139,-0.0104774460196495
0.000430920859798789,0.00109073356725276,-0.00621638912707567
0.00788777135312557,-0.0255408752709627,0.00443625450134277
0.000430920859798789,0.00535179162397981,-0.0136732403188944
-0.00489540072157979,-0.00210505956783891,0.0150888999924064
-0.00915645994246006,0.0160044357180595,-0.0147385047748685
-0.00489540072157979,-0.0191492885351181,0.017219427973032
0.00788777135312557,0.0309181399643421,-0.00728165358304977
-0.00489540072157979,-0.00849664583802223,-0.0126079749315977
0.00362671399489045,0.0138739068061113,-0.00195533153600991
-0.0219396315515041,0.00428652716800571,-0.000890067196451128
-0.00702592963352799,0.00748231960460544,0.00230572582222521
0.00149618519935757,-0.00423558801412582,-0.000890067196451128
-0.00383013696409762,-0.00423558801412582,0.000175197244971059
-0.00596066517755389,0.0330486670136452,-0.00195533153600991
-0.0112869860604405,0.00641705514863133,-0.00302059575915337
0.000430920859798789,-0.00423558801412582,0.00124046194832772
-0.0134175149723887,-0.00849664583802223,-0.0147385047748685
0.00469197798520327,2.54695987678133E-05,0.00656678434461355
0.00149618519935757,0.00322126247920096,0.00230572582222521
-0.00915645994246006,-0.00849664583802223,0.00869731232523918
0.00788777135312557,0.00109073356725276,-0.0168690327554941
-0.0240701604634523,0.0138739068061113,0.00976257678121328
-0.00915645994246006,-0.00956191029399633,0.00337099027819931
0.00256144977174699,0.00322126247920096,0.0118931056931615
-0.0123522505164146,0.00215599802322686,-0.00728165358304977
-0.00276487227529287,-0.00103979511186481,-0.00195533153600991
0.00149618519935757,-0.00849664583802223,-0.0136732403188944
0.00682250736281276,0.00109073356725276,-0.00195533153600991
-0.000634343537967652,0.00322126247920096,-0.0104774460196495
0.00362671399489045,-0.0106271747499704,0.00550151988863945
0.00895303580909967,0.00428652716800571,0.00124046194832772
-0.00702592963352799,-0.00210505956783891,-0.0136732403188944
0.0100183002650738,0.00428652716800571,0.00230572582222521
-0.0144827794283628,-0.00636611692607403,-0.00515112467110157
-0.000634343537967652,0.00641705514863133,-0.00195533153600991
0.00682250736281276,0.00322126247920096,-0.00834691803902388
0.012148829177022,-0.0138229671865702,-0.0126079749315977
-0.00383013696409762,-0.00636611692607403,-0.0264564119279385
0.00788777135312557,0.00215599802322686,-0.0104774460196495
-0.00276487227529287,-0.00317032379098237,0.017219427973032
0.00149618519935757,0.0255918130278587,-0.0189995616674423
-0.0155480438843369,0.00748231960460544,-0.000890067196451128
-0.00169960781931877,-0.022345082834363,0.000175197244971059
0.00469197798520327,0.0128086432814598,0.00550151988863945
-0.00915645994246006,-0.0159534960985184,-0.0115427104756236
-0.000634343537967652,-0.00849664583802223,0.00337099027819931
0.00895303580909967,0.00428652716800571,0.00337099027819931
-0.00809119455516338,-0.00103979511186481,-0.00408586021512747
-0.000634343537967652,-0.00956191029399633,-0.00515112467110157
-0.00702592963352799,0.00535179162397981,-0.00302059575915337
0.00256144977174699,-0.00423558801412582,-0.00515112467110157
-0.00383013696409762,0.00109073356725276,-0.00941218249499798
0.00788777135312557,0.0128086432814598,0.0161541644483805
-0.000634343537967652,-0.0212798174470663,0.00656678434461355
-0.00276487227529287,0.00961284805089235,0.00337099027819931
0.00256144977174699,0.0255918130278587,0.0129583701491356
-0.000634343537967652,0.0160044357180595,-0.00621638912707567
0.0132140936329961,-0.011692438274622,0.00230572582222521
-0.00489540072157979,0.00109073356725276,0.00124046194832772
-0.0112869860604405,0.0106781125068665,0.00230572582222521
0.00575724244117737,2.54695987678133E-05,0.00443625450134277
-0.000634343537967652,-0.00210505956783891,0.0118931056931615
-0.00596066517755389,0.00854758359491825,-0.00728165358304977
0.00149618519935757,2.54695987678133E-05,-0.0147385047748685
-0.0134175149723887,0.0128086432814598,-0.00621638912707567
0.00682250736281276,0.00535179162397981,0.00656678434461355
0.00149618519935757,2.54695987678133E-05,-0.0115427104756236
-0.00596066517755389,-0.0180840250104666,-0.000890067196451128
-0.00489540072157979,0.00109073356725276,-0.00515112467110157
-0.000634343537967652,0.00961284805089235,0.000175197244971059
0.00788777135312557,-0.00423558801412582,0.00976257678121328
-0.000634343537967652,-0.00210505956783891,-0.00621638912707567
-0.00383013696409762,-0.0159534960985184,0.0161541644483805
-0.00596066517755389,0.0106781125068665,-0.00408586021512747
-0.00383013696409762,-0.0180840250104666,-0.0189995616674423
-0.00809119455516338,0.00322126247920096,0.0118931056931615
0.0100183002650738,-0.00956191029399633,0.00230572582222521
-0.000634343537967652,-0.00636611692607403,0.0118931056931615
0.012148829177022,0.00215599802322686,-0.00515112467110157
-0.0123522505164146,-0.00317032379098237,0.00656678434461355
0.00256144977174699,0.0106781125068665,0.00124046194832772
0.00362671399489045,-0.00743138138204813,0.0118931056931615
0.00788777135312557,0.00215599802322686,-0.00621638912707567
0.00362671399489045,-0.00103979511186481,0.0108278412371874
0.00469197798520327,-0.00743138138204813,-0.00728165358304977
0.000430920859798789,0.00215599802322686,-0.0136732403188944
0.00256144977174699,-0.00530085247009993,-0.00515112467110157
0.00682250736281276,0.00428652716800571,0.0193499550223351
-0.0123522505164146,0.00109073356725276,-0.0158037673681974
0.00682250736281276,0.00961284805089235,0.0214804839342833
-0.0251354239881039,-0.0106271747499704,-0.0189995616674423
0.012148829177022,-0.00317032379098237,0.0193499550223351
0.00895303580909967,-0.0170187596231699,-0.0147385047748685
-0.00809119455516338,0.00535179162397981,-0.00302059575915337
0.00682250736281276,0.00641705514863133,0.00443625450134277
0.00362671399489045,0.00428652716800571,-0.0179342962801456
0.000430920859798789,0.00961284805089235,0.0129583701491356
-0.00383013696409762,0.00215599802322686,-0.00195533153600991
0.00682250736281276,-0.00849664583802223,0.00337099027819931
0.00362671399489045,-0.00210505956783891,0.00763204740360379
0.00469197798520327,0.00748231960460544,-0.00834691803902388
-0.00276487227529287,-0.00636611692607403,0.017219427973032
0.00682250736281276,0.00535179162397981,-0.00621638912707567
-0.00383013696409762,-0.00530085247009993,-0.00195533153600991
0.00682250736281276,0.00641705514863133,-0.00621638912707567
-0.00489540072157979,0.0160044357180595,0.0129583701491356
-0.00809119455516338,-0.00849664583802223,0.0214804839342833
0.00575724244117737,0.00428652716800571,-0.0104774460196495
0.00575724244117737,-0.00530085247009993,0.00550151988863945
-0.00383013696409762,-0.00956191029399633,-0.00408586021512747
-0.00489540072157979,0.0128086432814598,0.00124046194832772
-0.00489540072157979,0.00428652716800571,0.0204152185469866
0.012148829177022,0.00641705514863133,-0.0104774460196495
-0.00809119455516338,0.00748231960460544,0.0140236355364323
0.00362671399489045,-0.0170187596231699,-0.0221953541040421
0.00149618519935757,2.54695987678133E-05,-0.00621638912707567
-0.0123522505164146,-0.0170187596231699,-0.00621638912707567
0.00256144977174699,0.0181349627673626,-0.00515112467110157
0.0153446225449443,-0.0159534960985184,-0.00408586021512747
-0.00702592963352799,0.00748231960460544,-0.0147385047748685
-0.0102217216044664,-0.00423558801412582,0.00443625450134277
0.00895303580909967,-0.00956191029399633,-0.0158037673681974
0.00149618519935757,-0.00210505956783891,0.000175197244971059
-0.00702592963352799,-0.00530085247009993,0.00550151988863945
-0.00383013696409762,0.0149391712620854,0.00976257678121328
0.00469197798520327,-0.00210505956783891,-0.0200648251920938
-0.0134175149723887,0.00215599802322686,0.0150888999924064
0.00788777135312557,-0.00636611692607403,-0.0104774460196495
0.0132140936329961,0.00641705514863133,-0.00515112467110157
-0.00383013696409762,-0.00636611692607403,0.00443625450134277
-0.00169960781931877,2.54695987678133E-05,-0.00195533153600991
0.0100183002650738,0.0138739068061113,0.0129583701491356
0.00469197798520327,-0.00423558801412582,0.00550151988863945
-0.000634343537967652,0.00535179162397981,0.017219427973032
-0.0123522505164146,-0.00530085247009993,0.00124046194832772
0.00575724244117737,0.00535179162397981,0.0129583701491356
-0.00915645994246006,0.00641705514863133,-0.00195533153600991
0.00895303580909967,-0.00317032379098237,-0.00834691803902388
-0.00702592963352799,-0.00103979511186481,0.00230572582222521
0.00575724244117737,-0.00530085247009993,0.00976257678121328
0.000430920859798789,-0.00423558801412582,0.00763204740360379
0.000430920859798789,0.00322126247920096,0.000175197244971059
-0.00596066517755389,-0.00423558801412582,0.00763204740360379
-0.0102217216044664,-0.00849664583802223,0.000175197244971059
-0.00276487227529287,0.00535179162397981,-0.00941218249499798
-0.00596066517755389,0.0149391712620854,-0.0115427104756236
0.00362671399489045,-0.00210505956783891,-0.00515112467110157
-0.00276487227529287,0.00428652716800571,0.017219427973032
-0.00169960781931877,0.00322126247920096,0.00124046194832772
-0.000634343537967652,-0.00103979511186481,0.00656678434461355
0.00362671399489045,-0.00103979511186481,-0.0115427104756236
0.00149618519935757,-0.0170187596231699,0.0118931056931615
-0.00383013696409762,0.0128086432814598,0.00656678434461355
0.0153446225449443,-0.00317032379098237,-0.0115427104756236
-0.0166133102029562,-0.0191492885351181,0.0140236355364323
0.00256144977174699,0.00961284805089235,-0.00515112467110157
0.00682250736281276,0.00535179162397981,0.0236110128462315
0.00256144977174699,0.00428652716800571,-0.00515112467110157
0.00362671399489045,-0.0170187596231699,0.00124046194832772
0.00149618519935757,-0.00530085247009993,0.00124046194832772
0.00895303580909967,0.00641705514863133,-0.0104774460196495
-0.00596066517755389,-0.0127577027305961,-0.00195533153600991
-0.00169960781931877,0.0181349627673626,0.00656678434461355
-0.0123522505164146,0.00535179162397981,0.00976257678121328
0.0132140936329961,-0.0180840250104666,-0.00621638912707567
-0.00383013696409762,-0.011692438274622,0.00124046194832772
0.00788777135312557,0.0234612841159105,-0.00302059575915337
-0.000634343537967652,-0.0159534960985184,-0.0104774460196495
0.012148829177022,0.00854758359491825,0.0150888999924064
-0.00596066517755389,-0.00849664583802223,0.00976257678121328
0.00682250736281276,0.0192002262920141,0.00550151988863945
0.000430920859798789,-0.0127577027305961,0.00124046194832772
-0.00809119455516338,-0.00849664583802223,0.000175197244971059
0.00256144977174699,0.00641705514863133,-0.00834691803902388
0.012148829177022,-0.0212798174470663,0.00124046194832772
0.00362671399489045,0.0192002262920141,0.0118931056931615
0.00256144977174699,-0.0148882325738668,-0.0158037673681974
0.0142793580889702,0.00215599802322686,0.00337099027819931
-0.00596066517755389,-0.00530085247009993,0.00763204740360379
0.00256144977174699,0.0117433769628406,0.0129583701491356
-0.00702592963352799,0.00215599802322686,0.00337099027819931
0.00788777135312557,0.00428652716800571,-0.00195533153600991
-0.00809119455516338,-0.00103979511186481,0.00124046194832772
0.012148829177022,0.0234612841159105,0.017219427973032
-0.000634343537967652,0.00535179162397981,0.00124046194832772
-0.00276487227529287,0.0117433769628406,0.00337099027819931
-0.00169960781931877,-0.00956191029399633,0.00124046194832772
-0.0112869860604405,0.00961284805089235,-0.0211300905793905
0.00469197798520327,0.00535179162397981,0.00337099027819931
-0.00702592963352799,-0.00956191029399633,0.00443625450134277
0.00469197798520327,2.54695987678133E-05,-0.0168690327554941
-0.0102217216044664,-0.00103979511186481,0.00230572582222521
-0.0166133102029562,0.0149391712620854,0.0182846896350384
0.00682250736281276,-0.00636611692607403,0.00869731232523918
-0.00809119455516338,0.00854758359491825,-0.0200648251920938
0.00895303580909967,-0.00530085247009993,0.0150888999924064
-0.0102217216044664,-0.0180840250104666,-0.0136732403188944
0.0196056794375181,-0.0127577027305961,-0.00302059575915337
-0.000634343537967652,0.0170696992427111,-0.00834691803902388
-0.00276487227529287,0.00322126247920096,0.0129583701491356
-0.000634343537967652,-0.0138229671865702,-0.0200648251920938
0.00788777135312557,0.00535179162397981,-0.0104774460196495
-0.00276487227529287,-0.00849664583802223,0.00550151988863945
0.00575724244117737,0.0181349627673626,-0.00408586021512747
0.00575724244117737,-0.0127577027305961,-0.0136732403188944
-0.00383013696409762,-0.0148882325738668,-0.00728165358304977
0.00256144977174699,0.00854758359491825,0.0289373341947794
-0.00809119455516338,-0.00423558801412582,-0.0158037673681974
0.0142793580889702,0.00109073356725276,-0.0126079749315977
0.012148829177022,-0.0148882325738668,0.00230572582222521
0.00469197798520327,-0.00636611692607403,0.00763204740360379
0.00469197798520327,0.00109073356725276,0.0161541644483805
0.0110835647210479,0.00215599802322686,0.00230572582222521
-0.00276487227529287,0.00215599802322686,-0.00515112467110157
0.00682250736281276,-0.0106271747499704,-0.0136732403188944
0.00256144977174699,-0.00956191029399633,0.0182846896350384
0.000430920859798789,0.0106781125068665,-0.0126079749315977
-0.0155480438843369,-0.00103979511186481,0.0140236355364323
0.00362671399489045,-0.00423558801412582,-0.00515112467110157
0.00149618519935757,-0.0180840250104666,-0.000890067196451128
0.00575724244117737,0.0128086432814598,0.0140236355364323
0.012148829177022,-0.00103979511186481,0.000175197244971059
0.00149618519935757,-0.00956191029399633,-0.0307174697518349
-0.0155480438843369,-0.00210505956783891,-0.00302059575915337
0.000430920859798789,-0.00743138138204813,0.00976257678121328
-0.00276487227529287,-0.011692438274622,0.00763204740360379
0.00362671399489045,-0.00317032379098237,-0.00515112467110157
0.00362671399489045,0.00322126247920096,-0.00621638912707567
-0.00809119455516338,2.54695987678133E-05,0.00656678434461355
-0.0166133102029562,-0.00210505956783891,0.00337099027819931
0.022801473736763,-0.00636611692607403,0.00976257678121328
0.00469197798520327,0.00322126247920096,-0.00941218249499798
0.000430920859798789,0.0106781125068665,-0.0200648251920938
-0.00702592963352799,-0.00743138138204813,0.00763204740360379
0.012148829177022,0.00748231960460544,0.000175197244971059
-0.00809119455516338,0.00535179162397981,0.00656678434461355
-0.0144827794283628,0.00854758359491825,-0.00515112467110157
0.00682250736281276,0.00109073356725276,-0.000890067196451128
-0.00169960781931877,-0.0127577027305961,-0.0232606194913387
-0.00169960781931877,-0.00317032379098237,0.0140236355364323
0.00575724244117737,-0.00849664583802223,-0.0168690327554941
-0.00169960781931877,-0.0138229671865702,0.0140236355364323
-0.0112869860604405,0.0213307552039623,0.00763204740360379
0.000430920859798789,0.00535179162397981,0.00443625450134277
0.00895303580909967,0.00748231960460544,0.00230572582222521
0.00149618519935757,2.54695987678133E-05,0.0278720688074827
-0.00702592963352799,0.00215599802322686,-0.0126079749315977
0.00575724244117737,0.0128086432814598,0.0108278412371874
-0.00915645994246006,0.00109073356725276,0.00443625450134277
0.00895303580909967,-0.00530085247009993,-0.00515112467110157
0.0100183002650738,-0.00530085247009993,0.00124046194832772
0.00362671399489045,-0.00317032379098237,-0.0136732403188944
0.00788777135312557,0.00961284805089235,0.000175197244971059
0.00362671399489045,0.00215599802322686,0.00443625450134277
-0.00383013696409762,-0.00103979511186481,0.000175197244971059
0.00682250736281276,-0.00317032379098237,0.00869731232523918
-0.0112869860604405,0.0192002262920141,-0.00834691803902388
0.000430920859798789,-0.00210505956783891,0.0204152185469866
-0.00169960781931877,-0.00423558801412582,0.000175197244971059
-0.00276487227529287,0.0223960187286139,0.00337099027819931
-0.00915645994246006,-0.0148882325738668,-0.00408586021512747
-0.00276487227529287,-0.00636611692607403,-0.00302059575915337
-0.00915645994246006,0.0117433769628406,0.0182846896350384
0.00362671399489045,-0.00210505956783891,-0.00302059575915337
0.000430920859798789,0.00748231960460544,-0.00728165358304977
0.0153446225449443,-0.00423558801412582,0.00230572582222521
-0.000634343537967652,0.00535179162397981,0.00443625450134277
-0.0102217216044664,-0.00956191029399633,-0.00728165358304977
0.00895303580909967,0.0170696992427111,0.0129583701491356
0.00149618519935757,0.00109073356725276,-0.00834691803902388
0.00575724244117737,-0.0276714041829109,0.0108278412371874
0.00575724244117737,0.0138739068061113,-0.0221953541040421
-0.0144827794283628,0.00215599802322686,0.0193499550223351
0.00682250736281276,0.0106781125068665,-0.00195533153600991
-0.00702592963352799,2.54695987678133E-05,-0.0115427104756236
0.00788777135312557,-0.00743138138204813,-0.00195533153600991
-0.00383013696409762,0.0117433769628406,-0.00408586021512747
-0.00809119455516338,-0.0170187596231699,0.0118931056931615
-0.00702592963352799,-0.0127577027305961,0.00976257678121328
0.000430920859798789,2.54695987678133E-05,0.00550151988863945
0.00149618519935757,-0.00317032379098237,0.00124046194832772
-0.0134175149723887,0.0128086432814598,0.0225457474589348
-0.00276487227529287,-0.00743138138204813,0.00337099027819931
-0.00383013696409762,0.00109073356725276,-0.0104774460196495
-0.00276487227529287,-0.00210505956783891,0.00976257678121328
0.00788777135312557,0.0106781125068665,-0.000890067196451128
0.0142793580889702,-0.0127577027305961,0.00976257678121328
0.00256144977174699,0.0106781125068665,-0.0104774460196495
-0.00915645994246006,-0.00423558801412582,0.0161541644483805
-0.00276487227529287,-0.0191492885351181,-0.0104774460196495
0.00895303580909967,0.0287876054644585,0.0140236355364323
0.00895303580909967,-0.0159534960985184,0.000175197244971059
0.0100183002650738,-0.0138229671865702,-0.0115427104756236
0.00149618519935757,-0.0106271747499704,-0.0158037673681974
-0.000634343537967652,0.00961284805089235,-0.00195533153600991
0.00469197798520327,-0.00423558801412582,-0.00941218249499798
0.000430920859798789,-0.00317032379098237,-0.000890067196451128
-0.0262006893754005,-0.00317032379098237,-0.000890067196451128
0.0174751505255699,-0.00210505956783891,-0.0104774460196495
-0.00383013696409762,-0.00743138138204813,0.00124046194832772
0.0100183002650738,0.00109073356725276,-0.00621638912707567
-0.0102217216044664,0.00535179162397981,0.00869731232523918
0.00256144977174699,0.0245265476405621,-0.00621638912707567
0.00149618519935757,-0.00743138138204813,-0.00621638912707567
0.00362671399489045,-0.00636611692607403,0.00976257678121328
0.00682250736281276,-0.00103979511186481,0.000175197244971059
-0.0102217216044664,0.00428652716800571,0.0118931056931615
-0.00702592963352799,-0.00317032379098237,-0.0147385047748685
0.00149618519935757,-0.00530085247009993,0.0214804839342833
-0.000634343537967652,-0.00423558801412582,-0.00515112467110157
0.00575724244117737,-0.00530085247009993,-0.0104774460196495
-0.000634343537967652,-0.00317032379098237,-0.00195533153600991
-0.00489540072157979,0.00109073356725276,0.000175197244971059
-0.00915645994246006,0.0170696992427111,0.00976257678121328
-0.00169960781931877,0.00215599802322686,-0.00728165358304977
0.00256144977174699,0.00535179162397981,-0.00515112467110157
0.00682250736281276,-0.00956191029399633,-0.00302059575915337
-0.00276487227529287,-0.00103979511186481,-0.00728165358304977
0.000430920859798789,-0.00317032379098237,0.0236110128462315
-0.00809119455516338,0.00535179162397981,0.0118931056931615
-0.0102217216044664,0.00322126247920096,0.0193499550223351
0.00469197798520327,0.00215599802322686,0.00230572582222521
-0.00169960781931877,-0.00103979511186481,-0.00515112467110157
0.000430920859798789,2.54695987678133E-05,0.00656678434461355
0.00788777135312557,-0.00103979511186481,-0.00728165358304977
0.00149618519935757,-0.00210505956783891,0.00230572582222521
0.0110835647210479,-0.00423558801412582,0.0214804839342833
0.00895303580909967,0.00535179162397981,-0.00941218249499798
0.00362671399489045,-0.00743138138204813,-0.00834691803902388
-0.00809119455516338,-0.0106271747499704,-0.00515112467110157
0.0110835647210479,-0.00210505956783891,-0.00515112467110157
-0.0262006893754005,0.00961284805089235,0.00124046194832772
0.0185404159128666,2.54695987678133E-05,-0.00302059575915337
-0.00489540072157979,0.00535179162397981,0.000175197244971059
0.00682250736281276,-0.0180840250104666,-0.000890067196451128
-0.00596066517755389,-0.00423558801412582,0.0118931056931615
-0.0112869860604405,0.00854758359491825,-0.0104774460196495
-0.00383013696409762,-0.0106271747499704,0.0129583701491356
0.00788777135312557,0.00322126247920096,0.0140236355364323
-0.00596066517755389,-0.00103979511186481,-0.00302059575915337
0.00788777135312557,-0.0106271747499704,0.00550151988863945
0.00362671399489045,0.0117433769628406,0.0118931056931615
-0.00702592963352799,0.00322126247920096,-0.00941218249499798
0.00149618519935757,0.00961284805089235,0.017219427973032
-0.0112869860604405,0.00109073356725276,-0.0126079749315977
0.0132140936329961,-0.0170187596231699,0.00337099027819931
-0.0187438391149044,0.00748231960460544,0.00550151988863945
0.00469197798520327,-0.00849664583802223,0.0140236355364323
0.00469197798520327,2.54695987678133E-05,-0.0147385047748685
-0.00596066517755389,-0.00530085247009993,-0.0126079749315977
-0.00489540072157979,0.00109073356725276,0.0108278412371874
0.0196056794375181,-0.00530085247009993,-0.0179342962801456
-0.0251354239881039,-0.00103979511186481,0.0214804839342833
0.00256144977174699,-0.011692438274622,-0.0115427104756236
0.000430920859798789,0.00748231960460544,0.0150888999924064
-0.0102217216044664,-0.00423558801412582,-0.00728165358304977
0.00149618519935757,-0.0138229671865702,0.0225457474589348
0.00895303580909967,0.0138739068061113,0.00230572582222521
0.00149618519935757,-0.0180840250104666,0.0129583701491356
0.00149618519935757,0.00961284805089235,-0.00195533153600991
0.00788777135312557,0.00109073356725276,0.00550151988863945
-0.00383013696409762,-0.0106271747499704,-0.000890067196451128
-0.00489540072157979,0.0181349627673626,-0.0104774460196495
0.0132140936329961,0.00215599802322686,-0.0115427104756236
-0.000634343537967652,-0.00636611692607403,-0.00408586021512747
-0.00702592963352799,0.0181349627673626,-0.0104774460196495
-0.00489540072157979,0.00428652716800571,0.0129583701491356
0.0100183002650738,-0.00210505956783891,-0.00621638912707567
-0.00809119455516338,-0.0212798174470663,-0.0115427104756236
0.00469197798520327,0.0106781125068665,-0.0104774460196495
-0.0102217216044664,-0.00636611692607403,0.0140236355364323
0.0206709448248148,-0.00210505956783891,-0.00728165358304977
0.0100183002650738,-0.0191492885351181,-0.00515112467110157
-0.00809119455516338,0.00535179162397981,0.00337099027819931
-0.00702592963352799,-0.00423558801412582,0.00124046194832772
0.0110835647210479,-0.00210505956783891,-0.0179342962801456
-0.00489540072157979,-0.011692438274622,-0.0115427104756236
-0.000634343537967652,0.00961284805089235,-0.0126079749315977
0.000430920859798789,-0.0138229671865702,-0.00195533153600991
-0.00383013696409762,-0.00103979511186481,-0.0104774460196495
-0.00276487227529287,0.00428652716800571,0.00656678434461355
0.00149618519935757,-0.0106271747499704,0.0118931056931615
-0.000634343537967652,-0.00849664583802223,-0.0189995616674423
0.00256144977174699,0.0213307552039623,0.0129583701491356
0.00256144977174699,-0.00956191029399633,-0.00302059575915337
-0.00383013696409762,-0.00849664583802223,-0.00621638912707567
0.00682250736281276,0.00322126247920096,0.00443625450134277
-0.00276487227529287,-0.00317032379098237,0.00869731232523918
-0.00596066517755389,0.00428652716800571,-0.00408586021512747
0.00256144977174699,-0.00530085247009993,0.00124046194832772
-0.0102217216044664,-0.0127577027305961,-0.00728165358304977
0.00682250736281276,-0.00956191029399633,0.0108278412371874
-0.00915645994246006,-0.00423558801412582,0.0182846896350384
0.000430920859798789,0.00428652716800571,-0.00302059575915337
-0.00915645994246006,0.00961284805089235,-0.0136732403188944
-0.0123522505164146,-0.00423558801412582,0.00337099027819931
-0.000634343537967652,0.00322126247920096,-0.00621638912707567
0.0153446225449443,-0.00210505956783891,-0.00621638912707567
-0.00489540072157979,0.0106781125068665,0.0204152185469866
0.0142793580889702,-0.00956191029399633,-0.0339132621884346
0.00149618519935757,0.00535179162397981,0.00976257678121328
0.0132140936329961,0.00428652716800571,-0.0104774460196495
0.00682250736281276,0.00428652716800571,0.0118931056931615
0.0110835647210479,-0.0106271747499704,-0.000890067196451128
-0.00489540072157979,0.00428652716800571,-0.00302059575915337
0.000430920859798789,-0.011692438274622,0.00976257678121328
-0.0144827794283628,0.0117433769628406,-0.00408586021512747
0.0185404159128666,-0.00530085247009993,-0.00195533153600991
-0.00169960781931877,0.00535179162397981,-0.0126079749315977
0.00682250736281276,-0.00956191029399633,-0.00941218249499798
0.0100183002650738,0.0192002262920141,-0.00408586021512747
-0.00915645994246006,-0.00743138138204813,0.00656678434461355
-0.0134175149723887,0.00428652716800571,-0.00302059575915337
0.0110835647210479,0.00535179162397981,-0.0104774460196495
-0.0144827794283628,0.00641705514863133,-0.000890067196451128
0.00149618519935757,0.00854758359491825,-0.00408586021512747
0.0100183002650738,0.00641705514863133,0.00124046194832772
-0.0144827794283628,0.00641705514863133,0.0108278412371874
0.00149618519935757,-0.0106271747499704,-0.00195533153600991
-0.000634343537967652,0.00215599802322686,-0.00302059575915337
0.00575724244117737,0.00641705514863133,0.00230572582222521
-0.00169960781931877,-0.0180840250104666,-0.0115427104756236
0.00575724244117737,0.0128086432814598,0.00869731232523918
0.00788777135312557,0.00428652716800571,-0.0126079749315977
0.00149618519935757,-0.00210505956783891,-0.00728165358304977
0.00575724244117737,-0.00103979511186481,-0.0158037673681974
-0.00169960781931877,0.00322126247920096,0.0353289246559143
0.00362671399489045,-0.00210505956783891,0.00763204740360379
0.00256144977174699,-0.00530085247009993,-0.0136732403188944
-0.00383013696409762,0.00535179162397981,0.00869731232523918
0.00575724244117737,-0.00103979511186481,-0.00302059575915337
-0.00702592963352799,0.0106781125068665,0.00763204740360379
0.0153446225449443,0.0117433769628406,0.00656678434461355
0.00682250736281276,-0.00743138138204813,-0.0147385047748685
0.00895303580909967,-0.00743138138204813,-0.00515112467110157
-0.0187438391149044,-0.0148882325738668,-0.0136732403188944
0.0142793580889702,0.00748231960460544,-0.00728165358304977
0.00788777135312557,-0.00317032379098237,-0.0189995616674423
0.00682250736281276,0.0128086432814598,0.00763204740360379
-0.00915645994246006,0.0181349627673626,-0.0232606194913387
0.0206709448248148,-0.0212798174470663,-0.00195533153600991
-0.0144827794283628,0.00961284805089235,0.00763204740360379
0.00895303580909967,0.00641705514863133,0.00976257678121328
0.00788777135312557,0.00641705514863133,-0.00728165358304977
-0.0208743661642075,0.00428652716800571,0.00550151988863945
0.0153446225449443,-0.0106271747499704,0.00656678434461355
-0.00702592963352799,-0.00317032379098237,-0.00302059575915337
0.00362671399489045,0.0160044357180595,-0.000890067196451128
0.0174751505255699,-0.00317032379098237,-0.00621638912707567
0.0164098870009184,-0.00956191029399633,0.00337099027819931
-0.0198091045022011,0.00109073356725276,-0.0126079749315977
0.00256144977174699,0.00109073356725276,0.00763204740360379
0.00469197798520327,0.00535179162397981,0.00869731232523918
-0.00915645994246006,-0.00743138138204813,-0.0158037673681974
0.0153446225449443,-0.00743138138204813,0.00443625450134277
-0.0134175149723887,0.00215599802322686,0.00124046194832772
-0.000634343537967652,2.54695987678133E-05,0.00976257678121328
-0.000634343537967652,0.0138739068061113,0.000175197244971059
-0.00702592963352799,0.00215599802322686,0.00869731232523918
0.000430920859798789,0.00961284805089235,0.00550151988863945
0.000430920859798789,0.00854758359491825,0.0118931056931615
-0.000634343537967652,-0.00530085247009993,-0.0126079749315977
-0.0134175149723887,-0.00423558801412582,0.0129583701491356
0.0174751505255699,-0.00103979511186481,-0.000890067196451128
-0.0166133102029562,-0.00210505956783891,-0.0189995616674423
-0.00383013696409762,0.00428652716800571,0.00230572582222521
0.00469197798520327,-0.00423558801412582,0.00337099027819931
0.00682250736281276,0.00322126247920096,0.00443625450134277
-0.000634343537967652,-0.00210505956783891,0.000175197244971059
-0.00702592963352799,-0.0106271747499704,-0.0115427104756236
-0.00596066517755389,-0.00210505956783891,-0.0189995616674423
-0.00809119455516338,0.0117433769628406,0.00656678434461355
-0.00383013696409762,0.0128086432814598,0.0193499550223351
0.0142793580889702,-0.00210505956783891,-0.00834691803902388
-0.00596066517755389,-0.0127577027305961,-0.0147385047748685
-0.0112869860604405,-0.0106271747499704,0.00443625450134277
0.0142793580889702,0.00322126247920096,-0.0211300905793905
-0.00169960781931877,-0.0106271747499704,0.00230572582222521
-0.000634343537967652,0.00748231960460544,0.0150888999924064
-0.00702592963352799,-0.0148882325738668,-0.00408586021512747
-0.00809119455516338,-0.00103979511186481,-0.0104774460196495
-0.00596066517755389,0.0192002262920141,-0.0104774460196495
0.00469197798520327,0.00748231960460544,0.00124046194832772
-0.0123522505164146,2.54695987678133E-05,0.0150888999924064
0.00575724244117737,0.00535179162397981,-0.00621638912707567
0.00469197798520327,-0.00530085247009993,-0.0115427104756236
-0.00383013696409762,0.00322126247920096,0.024676276370883
0.00788777135312557,0.00215599802322686,0.0140236355364323
-0.00702592963352799,0.00535179162397981,0.00443625450134277
0.00362671399489045,0.0160044357180595,0.00763204740360379
-0.00489540072157979,-0.0191492885351181,0.0108278412371874
0.00895303580909967,-0.00103979511186481,0.0161541644483805
0.0142793580889702,-0.00956191029399633,-0.00302059575915337
-0.00489540072157979,0.00109073356725276,-0.0158037673681974
-0.00809119455516338,-0.00317032379098237,-0.0136732403188944
0.0100183002650738,0.00109073356725276,-0.00941218249499798
-0.00276487227529287,0.0106781125068665,-0.00621638912707567
0.000430920859798789,0.00535179162397981,0.00443625450134277
0.00256144977174699,-0.00530085247009993,-0.00941218249499798
-0.0166133102029562,0.00109073356725276,0.00976257678121328
0.0142793580889702,-0.00636611692607403,0.00656678434461355
-0.0134175149723887,0.0106781125068665,0.0129583701491356
-0.00489540072157979,-0.00530085247009993,0.00337099027819931
0.00788777135312557,-0.00636611692607403,0.0150888999924064
0.00788777135312557,0.0192002262920141,0.000175197244971059
-0.0176785755902529,-0.0159534960985184,-0.0104774460196495
0.0259972643107176,0.0117433769628406,0.00976257678121328
-0.000634343537967652,0.00428652716800571,-0.00515112467110157
0.000430920859798789,0.00535179162397981,-0.00408586021512747
-0.000634343537967652,-0.0127577027305961,0.00976257678121328
0.00575724244117737,-0.00423558801412582,-0.0158037673681974
-0.00809119455516338,-0.0127577027305961,-0.00834691803902388
0.00362671399489045,-0.00849664583802223,-0.00195533153600991
0.00362671399489045,-0.0106271747499704,-0.0104774460196495
0.000430920859798789,0.00428652716800571,-0.00621638912707567
0.00469197798520327,-0.0180840250104666,-0.00195533153600991
-0.0166133102029562,0.0192002262920141,-0.0115427104756236
0.00895303580909967,-0.00743138138204813,0.00763204740360379
0.0174751505255699,0.00322126247920096,-0.0104774460196495
0.000430920859798789,-0.00636611692607403,0.00230572582222521
-0.00383013696409762,0.00109073356725276,-0.00728165358304977
-0.0155480438843369,-0.00103979511186481,0.00976257678121328
0.000430920859798789,0.0170696992427111,0.00550151988863945
0.00256144977174699,-0.00530085247009993,-0.0307174697518349
-0.00169960781931877,-0.00636611692607403,-0.00195533153600991
-0.000634343537967652,-0.00210505956783891,-0.00195533153600991
-0.00276487227529287,-0.00849664583802223,-0.00302059575915337
0.00256144977174699,-0.00636611692607403,0.0140236355364323
-0.00383013696409762,-0.00636611692607403,-0.0136732403188944
-0.00169960781931877,-0.00849664583802223,-0.00728165358304977
0.00149618519935757,0.0106781125068665,0.00550151988863945
-0.0144827794283628,0.0170696992427111,0.00230572582222521
0.00895303580909967,-0.00210505956783891,0.0161541644483805
0.00895303580909967,-0.00636611692607403,0.00124046194832772
-0.00596066517755389,0.00428652716800571,-0.00621638912707567
0.00788777135312557,-0.00530085247009993,-0.00728165358304977
0.00682250736281276,-0.00956191029399633,-0.00941218249499798
0.000430920859798789,0.0106781125068665,0.00230572582222521
0.00575724244117737,0.00535179162397981,0.00443625450134277
0.000430920859798789,-0.00423558801412582,-0.00728165358304977
-0.00915645994246006,-0.00423558801412582,-0.00408586021512747
0.00895303580909967,-0.00423558801412582,0.0118931056931615
-0.0134175149723887,-0.00956191029399633,0.0161541644483805
0.00362671399489045,2.54695987678133E-05,0.00550151988863945
-0.00383013696409762,-0.00849664583802223,-0.0104774460196495
0.00256144977174699,0.00109073356725276,-0.00515112467110157
0.00149618519935757,0.0138739068061113,0.00337099027819931
0.0110835647210479,-0.00210505956783891,0.00763204740360379
-0.00489540072157979,-0.00956191029399633,-0.00195533153600991
0.00895303580909967,-0.00103979511186481,0.0129583701491356
-0.00915645994246006,0.00322126247920096,-0.00941218249499798
0.00575724244117737,0.00215599802322686,0.00337099027819931
-0.0123522505164146,-0.00423558801412582,0.024676276370883
-0.00915645994246006,0.00109073356725276,-0.0147385047748685
0.0291930586099625,-0.00423558801412582,0.0214804839342833
-0.00915645994246006,-0.0138229671865702,0.00869731232523918
0.00895303580909967,0.0106781125068665,0.00124046194832772
0.00788777135312557,-0.00956191029399633,0.00443625450134277
-0.00169960781931877,0.0192002262920141,-0.000890067196451128
-0.00809119455516338,0.0181349627673626,0.0193499550223351
0.00895303580909967,-0.00317032379098237,0.000175197244971059
-0.0230048950761557,0.00748231960460544,-0.0147385047748685
0.0142793580889702,0.0192002262920141,-0.00941218249499798
0.00575724244117737,-0.00743138138204813,-0.00302059575915337
0.00362671399489045,-0.00317032379098237,-0.0104774460196495
-0.00915645994246006,-0.00103979511186481,0.0182846896350384
-0.00383013696409762,0.0106781125068665,0.00656678434461355
0.00362671399489045,0.00854758359491825,0.00976257678121328
-0.00383013696409762,0.00854758359491825,-0.00195533153600991
-0.0112869860604405,0.00109073356725276,-0.00621638912707567
0.0100183002650738,-0.00849664583802223,-0.0264564119279385
-0.00169960781931877,0.00109073356725276,-0.00408586021512747
0.00469197798520327,-0.00317032379098237,-0.00408586021512747
-0.00383013696409762,-0.00317032379098237,0.0150888999924064
0.00469197798520327,0.0117433769628406,0.00124046194832772
0.0174751505255699,0.00322126247920096,0.00656678434461355
0.00682250736281276,0.00641705514863133,-0.00834691803902388
-0.00915645994246006,0.00428652716800571,0.00763204740360379
0.00682250736281276,-0.0138229671865702,0.0193499550223351
-0.0123522505164146,0.0160044357180595,0.0193499550223351
0.00469197798520327,-0.00956191029399633,-0.000890067196451128
-0.0272659529000521,0.00854758359491825,-0.00834691803902388
0.0142793580889702,-0.0138229671865702,-0.0371090583503246
0.00682250736281276,0.0117433769628406,0.017219427973032
0.000430920859798789,0.0117433769628406,0.00976257678121328
0.000430920859798789,0.00428652716800571,-0.00728165358304977
-0.00809119455516338,-0.011692438274622,0.0129583701491356
0.00149618519935757,0.00961284805089235,-0.00728165358304977
-0.00169960781931877,-0.00317032379098237,0.0108278412371874
-0.00596066517755389,-0.00530085247009993,-0.0126079749315977
-0.00276487227529287,0.0149391712620854,0.00763204740360379
-0.00383013696409762,0.00428652716800571,-0.00621638912707567
0.00575724244117737,-0.00103979511186481,0.0108278412371874
0.0196056794375181,-0.00423558801412582,-0.0200648251920938
-0.00809119455516338,-0.0191492885351181,-0.00621638912707567
-0.00809119455516338,-0.0138229671865702,0.000175197244971059
0.0110835647210479,0.00641705514863133,0.000175197244971059
0.012148829177022,0.00748231960460544,-0.00302059575915337
-0.00596066517755389,-0.00849664583802223,0.00763204740360379
-0.00809119455516338,0.00854758359491825,0.0374594554305077
0.0142793580889702,-0.0127577027305961,-0.0104774460196495
-0.0144827794283628,0.00535179162397981,0.00337099027819931
0.00575724244117737,0.00215599802322686,-0.036043792963028
-0.00702592963352799,-0.00103979511186481,0.0140236355364323
-0.00276487227529287,-0.00530085247009993,-0.00302059575915337
0.000430920859798789,-0.00530085247009993,-0.00728165358304977
-0.0155480438843369,0.00641705514863133,0.0161541644483805
0.00575724244117737,-0.00530085247009993,-0.0168690327554941
0.00575724244117737,0.00215599802322686,0.00763204740360379
0.00788777135312557,0.00641705514863133,-0.0189995616674423
-0.0112869860604405,2.54695987678133E-05,0.00124046194832772
-0.00809119455516338,0.0181349627673626,0.00443625450134277
-0.00596066517755389,-0.00210505956783891,-0.00515112467110157
0.000430920859798789,-0.00956191029399633,0.0150888999924064
-0.00276487227529287,0.00748231960460544,-0.00834691803902388
0.00362671399489045,0.0138739068061113,0.00230572582222521
-0.0123522505164146,0.00535179162397981,0.00976257678121328
0.0174751505255699,0.00322126247920096,-0.0211300905793905
0.00575724244117737,-0.00530085247009993,0.00763204740360379
-0.0144827794283628,2.54695987678133E-05,-0.0104774460196495
0.00256144977174699,-0.00743138138204813,0.00763204740360379
0.00575724244117737,0.0149391712620854,-0.0115427104756236
-0.00276487227529287,-0.00210505956783891,0.00763204740360379
-0.0198091045022011,-0.0127577027305961,-0.00408586021512747
0.00575724244117737,-0.0127577027305961,-0.0200648251920938
-0.00169960781931877,0.00854758359491825,0.0182846896350384
-0.00276487227529287,0.0170696992427111,-0.00515112467110157
0.0110835647210479,-0.0180840250104666,-0.0189995616674423
0.00682250736281276,-0.0159534960985184,0.0182846896350384
-0.00596066517755389,0.00748231960460544,0.0182846896350384
-0.00596066517755389,-0.00956191029399633,-0.0104774460196495
-0.00702592963352799,0.00535179162397981,-0.00302059575915337
0.00788777135312557,-0.00423558801412582,-0.0211300905793905
-0.00596066517755389,-0.0170187596231699,-0.00941218249499798
-0.0134175149723887,-0.00743138138204813,0.00230572582222521
0.0164098870009184,-0.00743138138204813,0.00869731232523918
0.00149618519935757,-0.00956191029399633,-0.00834691803902388
-0.00809119455516338,0.0223960187286139,-0.00515112467110157
0.0153446225449443,-0.00956191029399633,0.00976257678121328
-0.0134175149723887,0.0192002262920141,-0.00195533153600991
0.0132140936329961,-0.00849664583802223,-0.0115427104756236
-0.0123522505164146,-0.00849664583802223,0.00763204740360379
0.00149618519935757,2.54695987678133E-05,-0.00621638912707567
0.0174751505255699,-0.0244756117463112,-0.000890067196451128
-0.000634343537967652,0.00322126247920096,-0.00941218249499798
-0.00809119455516338,0.0149391712620854,-0.00515112467110157
0.000430920859798789,-0.0127577027305961,0.00656678434461355
0.000430920859798789,2.54695987678133E-05,-0.00195533153600991
-0.0112869860604405,-0.022345082834363,0.00443625450134277
-0.00489540072157979,0.00109073356725276,0.00443625450134277
-0.0112869860604405,-0.00849664583802223,-0.00515112467110157
-0.00383013696409762,0.00641705514863133,0.00656678434461355
-0.00169960781931877,0.00215599802322686,0.00443625450134277
0.000430920859798789,2.54695987678133E-05,-0.00408586021512747
-0.000634343537967652,-0.00210505956783891,-0.00515112467110157
0.00682250736281276,-0.00530085247009993,0.0118931056931615
-0.00809119455516338,0.0298528745770454,-0.0104774460196495
0.0142793580889702,-0.00317032379098237,-0.00941218249499798
0.00256144977174699,0.00215599802322686,0.0118931056931615
0.0132140936329961,-0.00423558801412582,-0.0104774460196495
-0.00702592963352799,0.0160044357180595,0.00763204740360379
0.0164098870009184,-0.0202145539224148,-0.00302059575915337
-0.0112869860604405,0.00641705514863133,0.0129583701491356
-0.00489540072157979,-0.00317032379098237,-0.00408586021512747
0.00788777135312557,0.0106781125068665,0.00763204740360379
-0.0155480438843369,-0.00849664583802223,-0.00941218249499798
0.00149618519935757,-0.0138229671865702,0.00656678434461355
0.0100183002650738,0.00748231960460544,-0.0179342962801456
0.0164098870009184,0.00641705514863133,0.00230572582222521
-0.00489540072157979,2.54695987678133E-05,-0.00728165358304977
0.0100183002650738,0.00215599802322686,-0.0211300905793905
-0.00809119455516338,-0.0138229671865702,-0.0104774460196495
-0.00276487227529287,0.0106781125068665,0.0108278412371874
0.00575724244117737,-0.00103979511186481,-0.00834691803902388
-0.0102217216044664,0.00322126247920096,0.00230572582222521
0.00362671399489045,-0.0191492885351181,-0.000890067196451128
-0.00169960781931877,0.0106781125068665,-0.0147385047748685
-0.00276487227529287,-0.00636611692607403,0.0225457474589348
0.012148829177022,-0.00530085247009993,-0.00195533153600991
-0.00702592963352799,0.0223960187286139,0.0278720688074827
-0.0102217216044664,0.00322126247920096,-0.0158037673681974
0.0196056794375181,-0.00743138138204813,-0.0264564119279385
0.012148829177022,0.00322126247920096,0.0108278412371874
-0.00276487227529287,-0.011692438274622,-0.00195533153600991
-0.00596066517755389,0.00428652716800571,-0.00195533153600991
-0.000634343537967652,-0.00956191029399633,0.00443625450134277
0.00575724244117737,-0.00317032379098237,0.000175197244971059
0.00895303580909967,0.00854758359491825,-0.0211300905793905
-0.00276487227529287,-0.00317032379098237,0.00763204740360379
0.012148829177022,0.00854758359491825,0.00763204740360379
0.00149618519935757,0.00748231960460544,0.000175197244971059
0.0110835647210479,-0.0127577027305961,-0.000890067196451128
0.0110835647210479,-0.0127577027305961,-0.0136732403188944
0.00682250736281276,0.0149391712620854,-0.00941218249499798
-0.0112869860604405,-0.00849664583802223,0.0140236355364323
-0.00809119455516338,0.00428652716800571,-0.00302059575915337
-0.00383013696409762,-0.00743138138204813,-0.0243258830159903
0.00788777135312557,2.54695987678133E-05,0.0236110128462315
-0.0112869860604405,0.00322126247920096,-0.0136732403188944
0.00362671399489045,-0.00210505956783891,0.00124046194832772
-0.0144827794283628,0.0149391712620854,-0.0168690327554941
0.00469197798520327,0.0106781125068665,0.00443625450134277
-0.00489540072157979,-0.00849664583802223,-0.000890067196451128
0.00469197798520327,0.0245265476405621,0.00550151988863945
-0.00489540072157979,-0.00317032379098237,-0.00941218249499798
0.0100183002650738,2.54695987678133E-05,0.00869731232523918
0.0132140936329961,2.54695987678133E-05,0.00337099027819931
-0.0134175149723887,-0.00103979511186481,-0.00834691803902388
0.00682250736281276,-0.00743138138204813,-0.00302059575915337
-0.00809119455516338,-0.00423558801412582,0.00976257678121328
-0.00809119455516338,-0.00317032379098237,-0.0126079749315977
0.0153446225449443,-0.00423558801412582,-0.00728165358304977
0.00149618519935757,-0.00743138138204813,-0.00834691803902388
-0.00383013696409762,-0.00636611692607403,0.00230572582222521
0.00575724244117737,-0.00636611692607403,0.00337099027819931
-0.0134175149723887,0.00109073356725276,-0.00621638912707567
0.0132140936329961,0.0160044357180595,0.00124046194832772
0.00469197798520327,-0.0180840250104666,-0.00408586021512747
-0.00596066517755389,-0.00423558801412582,0.0108278412371874
-0.00809119455516338,0.0160044357180595,-0.00302059575915337
0.0110835647210479,-0.00103979511186481,-0.0168690327554941
-0.0102217216044664,-0.00423558801412582,0.0129583701491356
0.000430920859798789,-0.0180840250104666,-0.00728165358304977
-0.00702592963352799,-0.00956191029399633,0.00124046194832772
0.0164098870009184,0.0117433769628406,-0.00728165358304977
-0.0166133102029562,0.0149391712620854,-0.00941218249499798
-0.00915645994246006,0.00641705514863133,-0.00302059575915337
0.00895303580909967,-0.0148882325738668,0.00337099027819931
-0.0176785755902529,-0.00210505956783891,0.00443625450134277
0.00895303580909967,0.0128086432814598,-0.00515112467110157
0.00575724244117737,0.0138739068061113,0.000175197244971059
-0.00702592963352799,-0.00317032379098237,-0.00941218249499798
0.0142793580889702,-0.00743138138204813,0.000175197244971059
0.00788777135312557,-0.00849664583802223,-0.00195533153600991
-0.00809119455516338,-0.0212798174470663,-0.0168690327554941
-0.00809119455516338,0.00961284805089235,0.0204152185469866
-0.0102217216044664,0.00854758359491825,0.017219427973032
0.0100183002650738,-0.00423558801412582,-0.00195533153600991
-0.0144827794283628,0.00322126247920096,-0.0104774460196495
0.000430920859798789,0.00748231960460544,0.000175197244971059
0.00788777135312557,-0.00210505956783891,-0.0147385047748685
-0.0198091045022011,0.00428652716800571,0.00763204740360379
-0.000634343537967652,0.00535179162397981,-0.00941218249499798
0.00362671399489045,-0.00423558801412582,-0.00834691803902388
0.0110835647210479,0.00428652716800571,-0.000890067196451128
0.00362671399489045,0.00641705514863133,-0.0158037673681974
-0.00383013696409762,-0.0148882325738668,0.0161541644483805
-0.0123522505164146,-0.00636611692607403,0.00656678434461355
0.0174751505255699,-0.00423558801412582,-0.0211300905793905
0.00895303580909967,0.00961284805089235,0.00869731232523918
-0.00383013696409762,-0.0138229671865702,0.00443625450134277
-0.0102217216044664,0.00322126247920096,-0.00515112467110157
-0.00489540072157979,-0.0138229671865702,-0.0136732403188944
0.0132140936329961,0.00961284805089235,0.0118931056931615
0.00575724244117737,0.00428652716800571,0.00550151988863945
-0.00276487227529287,0.0106781125068665,0.0140236355364323
0.00149618519935757,-0.00636611692607403,-0.0168690327554941
0.000430920859798789,0.00322126247920096,0.0161541644483805
-0.0240701604634523,-0.00103979511186481,-0.00728165358304977
0.00362671399489045,0.0149391712620854,0.00337099027819931
0.00788777135312557,0.00322126247920096,0.0214804839342833
-0.00489540072157979,0.00109073356725276,-0.00728165358304977
0.00469197798520327,0.00535179162397981,0.000175197244971059
0.00256144977174699,0.0106781125068665,0.0118931056931615
0.00256144977174699,-0.00849664583802223,-0.00408586021512747
0.00575724244117737,-0.00849664583802223,-0.0253911484032869
0.00149618519935757,-0.0170187596231699,-0.00941218249499798
-0.00276487227529287,0.0192002262920141,0.00124046194832772
0.012148829177022,-0.00317032379098237,0.00337099027819931
-0.00276487227529287,-0.00423558801412582,0.00230572582222521
-0.00383013696409762,0.00428652716800571,0.00230572582222521
-0.00702592963352799,-0.011692438274622,-0.00621638912707567
0.0100183002650738,-0.00743138138204813,-0.00408586021512747
0.0153446225449443,0.00109073356725276,0.00124046194832772
0.00149618519935757,0.00535179162397981,0.00337099027819931
-0.00915645994246006,2.54695987678133E-05,0.00230572582222521
-0.00489540072157979,0.00109073356725276,0.00443625450134277
0.00895303580909967,0.00109073356725276,0.0161541644483805
-0.0251354239881039,0.00428652716800571,-0.00621638912707567
0.00362671399489045,0.00428652716800571,0.00124046194832772
-0.00489540072157979,-0.00636611692607403,-0.000890067196451128
0.0174751505255699,2.54695987678133E-05,0.00976257678121328
0.00469197798520327,0.00109073356725276,0.00337099027819931
-0.0123522505164146,0.00641705514863133,0.00656678434461355
0.0153446225449443,-0.00210505956783891,-0.00515112467110157
0.00256144977174699,2.54695987678133E-05,-0.00408586021512747
-0.00169960781931877,0.00215599802322686,0.00230572582222521
-0.0144827794283628,-0.00103979511186481,-0.0189995616674423
0.0206709448248148,0.00215599802322686,0.00550151988863945
0.00469197798520327,-0.00743138138204813,-0.0189995616674423
-0.00383013696409762,-0.00423558801412582,0.0118931056931615
-0.0102217216044664,0.0138739068061113,0.00230572582222521
-0.00809119455516338,2.54695987678133E-05,0.00656678434461355
0.00895303580909967,0.0192002262920141,-0.00834691803902388
-0.000634343537967652,-0.00743138138204813,0.00869731232523918
0.0132140936329961,0.00854758359491825,0.00443625450134277
-0.00383013696409762,0.00428652716800571,0.00230572582222521
0.00362671399489045,-0.00743138138204813,-0.00195533153600991
0.000430920859798789,0.00109073356725276,-0.00834691803902388
0.00256144977174699,0.0202654916793108,-0.00408586021512747
-0.00915645994246006,-0.00636611692607403,0.0214804839342833
-0.00915645994246006,0.00535179162397981,-0.00195533153600991
-0.00169960781931877,0.00961284805089235,-0.00408586021512747
0.00149618519935757,-0.0127577027305961,-0.0126079749315977
0.00682250736281276,0.00748231960460544,0.0108278412371874
0.00362671399489045,-0.00743138138204813,-0.0158037673681974
0.00256144977174699,0.00535179162397981,0.00443625450134277
0.00682250736281276,-0.00423558801412582,-0.0158037673681974
0.012148829177022,-0.00956191029399633,-0.0243258830159903
-0.0155480438843369,0.00215599802322686,0.024676276370883
0.00256144977174699,-0.00103979511186481,-0.0126079749315977
-0.0176785755902529,-0.00210505956783891,0.00869731232523918
0.0110835647210479,0.00322126247920096,0.00230572582222521
-0.00383013696409762,0.00535179162397981,0.0289373341947794
0.0132140936329961,-0.00530085247009993,-0.0147385047748685
-0.00169960781931877,-0.00530085247009993,0.0225457474589348
0.012148829177022,0.00748231960460544,-0.0179342962801456
-0.00596066517755389,-0.00849664583802223,0.000175197244971059
0.00575724244117737,-0.00317032379098237,-0.0264564119279385
0.00256144977174699,-0.00530085247009993,0.00763204740360379
0.00362671399489045,-0.00956191029399633,-0.00302059575915337
-0.0112869860604405,0.0128086432814598,-0.00408586021512747
0.00256144977174699,-0.00210505956783891,0.00763204740360379
-0.00596066517755389,0.0117433769628406,0.0108278412371874
-0.00276487227529287,-0.0127577027305961,-0.0179342962801456
0.0100183002650738,0.00641705514863133,0.0193499550223351
0.00256144977174699,-0.0106271747499704,-0.00408586021512747
-0.0102217216044664,0.00428652716800571,0.0108278412371874
0.0110835647210479,-0.00849664583802223,0.000175197244971059
-0.00809119455516338,0.00215599802322686,0.00976257678121328
-0.0102217216044664,0.00748231960460544,-0.00195533153600991
0.0100183002650738,2.54695987678133E-05,-0.0158037673681974
0.00362671399489045,0.00322126247920096,-0.0168690327554941
-0.00702592963352799,0.00428652716800571,0.00443625450134277
0.0174751505255699,0.0287876054644585,0.0140236355364323
0.00682250736281276,-0.0106271747499704,-0.0243258830159903
-0.00915645994246006,-0.00956191029399633,0.0182846896350384
-0.00596066517755389,0.0181349627673626,0.00656678434461355
0.0100183002650738,0.00641705514863133,-0.00408586021512747
-0.00809119455516338,-0.00317032379098237,0.00443625450134277
0.00256144977174699,-0.00210505956783891,0.00763204740360379
-0.0102217216044664,2.54695987678133E-05,0.00869731232523918
0.0142793580889702,-0.00210505956783891,-0.00195533153600991
0.000430920859798789,-0.00849664583802223,0.00869731232523918
0.000430920859798789,0.0106781125068665,0.00869731232523918
0.00256144977174699,-0.011692438274622,-0.00195533153600991
-0.00489540072157979,0.0160044357180595,0.00124046194832772
-0.0102217216044664,-0.00530085247009993,0.00550151988863945
-0.000634343537967652,-0.00743138138204813,0.0108278412371874
0.000430920859798789,2.54695987678133E-05,-0.0158037673681974
-0.00383013696409762,2.54695987678133E-05,0.00976257678121328
0.00362671399489045,0.0117433769628406,0.0129583701491356
-0.00596066517755389,-0.0191492885351181,-0.0275216773152351
0.0153446225449443,0.0213307552039623,0.0140236355364323
-0.000634343537967652,-0.00956191029399633,-0.0136732403188944
-0.000634343537967652,0.00215599802322686,0.0108278412371874
-0.0144827794283628,-0.0127577027305961,0.000175197244971059
0.00575724244117737,0.00854758359491825,-0.00515112467110157
-0.0144827794283628,0.00428652716800571,0.000175197244971059
-0.000634343537967652,-0.00956191029399633,-0.0115427104756236
0.00788777135312557,0.00641705514863133,0.00976257678121328
-0.0102217216044664,0.0170696992427111,0.00230572582222521
0.00149618519935757,-0.00743138138204813,0.00763204740360379
0.00682250736281276,0.00322126247920096,-0.00728165358304977
-0.00489540072157979,0.00428652716800571,-0.0147385047748685
0.00256144977174699,0.0170696992427111,0.00124046194832772
0.00682250736281276,-0.00636611692607403,0.00656678434461355
0.00256144977174699,-0.00210505956783891,-0.00302059575915337
-0.000634343537967652,0.0106781125068665,0.000175197244971059
-0.0187438391149044,0.00535179162397981,-0.0158037673681974
0.00362671399489045,-0.0127577027305961,0.000175197244971059
-0.00596066517755389,0.00428652716800571,0.00869731232523918
-0.000634343537967652,2.54695987678133E-05,0.00443625450134277
0.00575724244117737,-0.0127577027305961,-0.00941218249499798
0.00256144977174699,0.0117433769628406,-0.00195533153600991
-0.00169960781931877,-0.00636611692607403,0.00656678434461355
0.00682250736281276,-0.0127577027305961,-0.00302059575915337
0.00895303580909967,-0.00210505956783891,-0.00941218249499798
-0.0112869860604405,0.00854758359491825,-0.00621638912707567
0.012148829177022,-0.011692438274622,-0.00834691803902388
0.0100183002650738,0.00215599802322686,-0.000890067196451128
-0.000634343537967652,2.54695987678133E-05,-0.00195533153600991
-0.0112869860604405,-0.011692438274622,0.00337099027819931
0.00256144977174699,0.00109073356725276,0.00124046194832772
-0.00169960781931877,0.00961284805089235,-0.00515112467110157
0.00362671399489045,0.0170696992427111,-0.0104774460196495
0.00362671399489045,-0.0106271747499704,-0.00195533153600991
-0.00489540072157979,0.00854758359491825,0.0161541644483805
0.00469197798520327,-0.00530085247009993,-0.00728165358304977
-0.00915645994246006,0.0213307552039623,0.017219427973032
0.00469197798520327,-0.00423558801412582,0.000175197244971059
-0.0155480438843369,0.0106781125068665,0.00124046194832772
-0.00702592963352799,0.00854758359491825,-0.00834691803902388
-0.0112869860604405,-0.00530085247009993,0.0118931056931615
0.00362671399489045,2.54695987678133E-05,0.0161541644483805
0.00469197798520327,0.0128086432814598,0.00763204740360379
0.00256144977174699,-0.00103979511186481,0.000175197244971059
0.00149618519935757,0.00535179162397981,-0.00728165358304977
0.00469197798520327,0.00854758359491825,0.00443625450134277
-0.0176785755902529,-0.00210505956783891,0.00656678434461355
0.012148829177022,-0.0159534960985184,0.00550151988863945
0.00149618519935757,0.0117433769628406,-0.00515112467110157
-0.00809119455516338,-0.0202145539224148,-0.0232606194913387
0.00469197798520327,0.00535179162397981,0.000175197244971059
0.00469197798520327,0.00961284805089235,-0.0200648251920938
0.000430920859798789,0.00428652716800571,0.000175197244971059
0.00895303580909967,-0.00849664583802223,0.00550151988863945
0.00575724244117737,-0.0148882325738668,-0.0147385047748685
-0.0198091045022011,0.0192002262920141,0.00976257678121328
0.00895303580909967,-0.0170187596231699,-0.00195533153600991
-0.00915645994246006,0.0160044357180595,0.00550151988863945
-0.00169960781931877,0.00748231960460544,0.000175197244971059
0.00895303580909967,-0.0127577027305961,-0.00195533153600991
-0.0155480438843369,0.00854758359491825,0.00230572582222521
-0.000634343537967652,0.0128086432814598,-0.00302059575915337
0.0100183002650738,-0.00636611692607403,0.0118931056931615
-0.00489540072157979,-0.00849664583802223,-0.000890067196451128
0.0100183002650738,0.00641705514863133,0.00124046194832772
-0.0176785755902529,2.54695987678133E-05,-0.00195533153600991
0.00256144977174699,0.00109073356725276,-0.000890067196451128
0.0132140936329961,2.54695987678133E-05,-0.0168690327554941
-0.0155480438843369,0.0138739068061113,0.00443625450134277
-0.00383013696409762,0.00322126247920096,0.00976257678121328
0.00575724244117737,-0.0106271747499704,0.00124046194832772
-0.00596066517755389,-0.011692438274622,-0.00408586021512747
0.00362671399489045,-0.0138229671865702,-0.00302059575915337
-0.00596066517755389,-0.00210505956783891,-0.0104774460196495
0.000430920859798789,0.00748231960460544,-0.00302059575915337
0.00682250736281276,-0.00210505956783891,0.0278720688074827
-0.00169960781931877,0.0181349627673626,0.00337099027819931
0.0132140936329961,-0.00636611692607403,-0.000890067196451128
-0.00276487227529287,-0.00849664583802223,0.0129583701491356
-0.00169960781931877,-0.00956191029399633,-0.0179342962801456
-0.00809119455516338,-0.00103979511186481,0.0118931056931615
-0.000634343537967652,0.00748231960460544,-0.00515112467110157
0.00682250736281276,-0.0127577027305961,-0.000890067196451128
-0.0123522505164146,0.0117433769628406,0.00443625450134277
0.00256144977174699,-0.00210505956783891,-0.00195533153600991
-0.000634343537967652,0.0106781125068665,-0.0136732403188944
-0.0112869860604405,-0.00103979511186481,0.00124046194832772
-0.00383013696409762,-0.00530085247009993,-0.0147385047748685
0.00149618519935757,0.00109073356725276,0.00869731232523918
0.000430920859798789,0.00109073356725276,0.0108278412371874
-0.00489540072157979,0.00428652716800571,-0.038174320012331
-0.00276487227529287,-0.00530085247009993,0.0150888999924064
0.00575724244117737,-0.0127577027305961,-0.00302059575915337
-0.0134175149723887,0.00428652716800571,0.0161541644483805
-0.0123522505164146,-0.011692438274622,0.0129583701491356
0.000430920859798789,-0.022345082834363,-0.000890067196451128
-0.00702592963352799,-0.00423558801412582,0.00656678434461355
0.00256144977174699,-0.00956191029399633,0.00656678434461355
-0.00276487227529287,-0.00743138138204813,0.00124046194832772
0.012148829177022,0.00322126247920096,0.00550151988863945
-0.0134175149723887,0.00748231960460544,0.00443625450134277
-0.00596066517755389,0.0181349627673626,0.0161541644483805
-0.00276487227529287,0.00109073356725276,0.00124046194832772
-0.00169960781931877,-0.00636611692607403,-0.00621638912707567
0.00256144977174699,0.00428652716800571,0.00443625450134277
-0.00809119455516338,0.0117433769628406,-0.0158037673681974
0.0196056794375181,-0.00423558801412582,0.00443625450134277
-0.00809119455516338,0.00428652716800571,0.0161541644483805
0.00149618519935757,0.00535179162397981,-0.00515112467110157
0.0110835647210479,0.00748231960460544,-0.0221953541040421
-0.0187438391149044,-0.00423558801412582,0.0108278412371874
0.0132140936329961,0.00428652716800571,-0.0126079749315977
-0.00276487227529287,0.0170696992427111,0.0268068052828312
-0.00276487227529287,-0.00743138138204813,-0.0221953541040421
-0.00915645994246006,-0.00849664583802223,0.0129583701491356
0.00149618519935757,0.0138739068061113,-0.0232606194913387
-0.00702592963352799,-0.00743138138204813,0.0129583701491356
-0.00276487227529287,-0.0191492885351181,0.00337099027819931
0.0142793580889702,0.0106781125068665,-0.00408586021512747
-0.00596066517755389,-0.0138229671865702,-0.0126079749315977
0.0110835647210479,-0.00317032379098237,-0.00515112467110157
0.000430920859798789,-0.0159534960985184,-0.0136732403188944
0.0100183002650738,-0.00210505956783891,0.00550151988863945
-0.00489540072157979,-0.00849664583802223,-0.000890067196451128
0.0110835647210479,0.00961284805089235,0.00656678434461355
-0.00276487227529287,0.00322126247920096,-0.0136732403188944
0.00682250736281276,0.0149391712620854,0.017219427973032
0.00469197798520327,-0.0170187596231699,-0.00728165358304977
-0.00276487227529287,-0.0127577027305961,-0.0115427104756236
-0.000634343537967652,0.0309181399643421,0.0161541644483805
-0.00809119455516338,0.00535179162397981,0.0161541644483805
0.00362671399489045,0.00322126247920096,-0.0328480005264282
0.00895303580909967,-0.00423558801412582,0.00869731232523918
0.00682250736281276,-0.00636611692607403,0.00550151988863945
0.00469197798520327,0.00748231960460544,0.0108278412371874
-0.00169960781931877,2.54695987678133E-05,0.0140236355364323
-0.0166133102029562,-0.00636611692607403,0.000175197244971059
0.0110835647210479,-0.00743138138204813,0.000175197244971059
-0.0102217216044664,0.00748231960460544,0.0140236355364323
-0.00915645994246006,-0.00423558801412582,0.00230572582222521
-0.00915645994246006,-0.00210505956783891,-0.0200648251920938
0.00895303580909967,-0.0106271747499704,0.00337099027819931
0.00149618519935757,0.00322126247920096,-0.00408586021512747
-0.00169960781931877,-0.00530085247009993,-0.0179342962801456
0.00575724244117737,0.00109073356725276,-0.0126079749315977
-0.00169960781931877,0.0117433769628406,-0.00834691803902388
-0.0176785755902529,-0.011692438274622,0.00124046194832772
0.012148829177022,0.00215599802322686,-0.00408586021512747
-0.00383013696409762,0.00322126247920096,0.0118931056931615
-0.0134175149723887,2.54695987678133E-05,-0.00408586021512747
-0.0144827794283628,-0.0106271747499704,-0.0104774460196495
0.00362671399489045,-0.00636611692607403,0.0268068052828312
0.00256144977174699,0.0106781125068665,-0.0136732403188944
0.0153446225449443,-0.00317032379098237,0.00124046194832772
-0.00169960781931877,-0.011692438274622,0.0108278412371874
-0.00383013696409762,0.0160044357180595,-0.00195533153600991
-0.00915645994246006,-0.00210505956783891,-0.0179342962801456
0.00788777135312557,0.00109073356725276,0.0150888999924064
-0.00809119455516338,-0.00956191029399633,-0.0115427104756236
0.00788777135312557,2.54695987678133E-05,-0.00834691803902388
-0.00915645994246006,0.0117433769628406,0.0118931056931615
0.00682250736281276,0.00428652716800571,-0.00195533153600991
0.0110835647210479,0.00109073356725276,-0.0168690327554941
-0.000634343537967652,0.00322126247920096,-0.00408586021512747
-0.00383013696409762,-0.022345082834363,-0.00195533153600991
-0.00276487227529287,0.0106781125068665,0.00124046194832772
0.00682250736281276,-0.00956191029399633,0.00337099027819931
-0.00596066517755389,2.54695987678133E-05,-0.00728165358304977
0.0196056794375181,0.0138739068061113,-0.00941218249499798
-0.0198091045022011,-0.00317032379098237,-0.00302059575915337
-0.000634343537967652,2.54695987678133E-05,0.00124046194832772
0.0100183002650738,0.0106781125068665,-0.00728165358304977
0.00469197798520327,-0.00743138138204813,-0.00621638912707567
-0.00809119455516338,0.00854758359491825,0.00550151988863945
-0.00276487227529287,-0.00210505956783891,0.0108278412371874
-0.00276487227529287,2.54695987678133E-05,-0.0158037673681974
0.00788777135312557,0.00748231960460544,0.00869731232523918
0.000430920859798789,-0.0138229671865702,-0.00195533153600991
0.0110835647210479,0.00109073356725276,0.00124046194832772
0.00256144977174699,-0.0148882325738668,0.00337099027819931
-0.00169960781931877,0.00428652716800571,-0.00728165358304977
-0.0112869860604405,0.00961284805089235,-0.00834691803902388
0.000430920859798789,-0.0138229671865702,-0.0168690327554941
0.00469197798520327,0.00641705514863133,0.00976257678121328
0.00149618519935757,-0.00636611692607403,-0.0243258830159903
0.0164098870009184,-0.00423558801412582,0.00550151988863945
-0.00702592963352799,0.00109073356725276,-0.0104774460196495
0.00788777135312557,0.00641705514863133,-0.0168690327554941
0.000430920859798789,-0.00423558801412582,0.00230572582222521
0.000430920859798789,2.54695987678133E-05,0.017219427973032
-0.00809119455516338,0.00322126247920096,0.000175197244971059
0.0132140936329961,-0.00210505956783891,-0.00302059575915337
-0.0123522505164146,-0.00423558801412582,0.00763204740360379
0.00362671399489045,-0.00103979511186481,-0.00621638912707567
0.00362671399489045,0.00322126247920096,0.0204152185469866
0.00256144977174699,-0.00530085247009993,-0.000890067196451128
-0.00169960781931877,-0.00423558801412582,-0.00302059575915337
-0.00809119455516338,0.0117433769628406,0.00337099027819931
0.0110835647210479,-0.022345082834363,-0.00408586021512747
0.00788777135312557,-0.00530085247009993,0.00337099027819931
-0.00702592963352799,-0.00103979511186481,0.00443625450134277
0.00362671399489045,0.0160044357180595,0.0140236355364323
0.00575724244117737,-0.00636611692607403,-0.000890067196451128
-0.00169960781931877,-0.00743138138204813,-0.000890067196451128
-0.00169960781931877,0.00215599802322686,0.00550151988863945
0.000430920859798789,0.0192002262920141,-0.00941218249499798
0.00682250736281276,-0.0148882325738668,-0.00515112467110157
-0.000634343537967652,-0.00423558801412582,-0.0115427104756236
-0.00702592963352799,0.0117433769628406,-0.00195533153600991
0.00256144977174699,0.0149391712620854,-0.00834691803902388
0.0291930586099625,-0.0202145539224148,-0.000890067196451128
-0.0230048950761557,0.0128086432814598,0.00124046194832772
0.00788777135312557,-0.00743138138204813,0.00550151988863945
0.00256144977174699,-0.011692438274622,-0.00408586021512747
0.0217362083494663,0.00641705514863133,0.00550151988863945
-0.0208743661642075,0.00641705514863133,0.00550151988863945
0.00682250736281276,-0.0106271747499704,-0.0189995616674423
-0.00383013696409762,0.0213307552039623,0.0140236355364323
0.00362671399489045,-0.0180840250104666,0.00656678434461355
-0.00702592963352799,0.00428652716800571,0.0129583701491356
-0.00169960781931877,0.00854758359491825,-0.0232606194913387
-0.00596066517755389,-0.00530085247009993,0.0118931056931615
-0.00169960781931877,-0.00103979511186481,0.0161541644483805
0.00788777135312557,-0.0138229671865702,-0.00728165358304977
0.00575724244117737,0.00961284805089235,-0.00941218249499798
0.000430920859798789,0.00215599802322686,-0.00941218249499798
-0.00915645994246006,0.00961284805089235,0.00443625450134277
0.000430920859798789,-0.00530085247009993,0.00124046194832772
0.0110835647210479,-0.00636611692607403,0.0108278412371874
-0.000634343537967652,0.0106781125068665,0.0118931056931615
-0.00169960781931877,-0.00636611692607403,-0.0136732403188944
-0.00276487227529287,0.00428652716800571,0.000175197244971059
0.00149618519935757,0.00109073356725276,0.00550151988863945
-0.00276487227529287,-0.0212798174470663,0.00656678434461355
0.00575724244117737,-0.0148882325738668,0.000175197244971059
0.00469197798520327,0.00109073356725276,-0.0179342962801456
-0.0198091045022011,-0.00530085247009993,-0.00834691803902388
0.00895303580909967,-0.00210505956783891,0.00337099027819931
0.000430920859798789,-0.00956191029399633,0.00763204740360379
-0.000634343537967652,0.00109073356725276,-0.00515112467110157
0.0217362083494663,0.00215599802322686,-0.00195533153600991
0.00149618519935757,0.00854758359491825,-0.00728165358304977
-0.00489540072157979,0.00961284805089235,0.00869731232523918
0.00788777135312557,0.00961284805089235,-0.000890067196451128
0.00575724244117737,0.00854758359491825,-0.00621638912707567
-0.00169960781931877,-0.00423558801412582,0.0161541644483805
0.00575724244117737,-0.00956191029399633,-0.0179342962801456
0.000430920859798789,0.00641705514863133,0.00337099027819931
-0.000634343537967652,-0.00210505956783891,-0.00941218249499798
-0.0102217216044664,0.00109073356725276,0.00443625450134277
-0.00489540072157979,0.0117433769628406,-0.00408586021512747
0.000430920859798789,0.00854758359491825,-0.0126079749315977
-0.0112869860604405,-0.00317032379098237,0.0129583701491356
0.0164098870009184,0.00535179162397981,-0.000890067196451128
0.000430920859798789,-0.0106271747499704,-0.00941218249499798
-0.00169960781931877,0.00322126247920096,0.0161541644483805
0.00256144977174699,-0.0180840250104666,-0.0168690327554941
0.00149618519935757,0.00641705514863133,0.0140236355364323
-0.0112869860604405,-0.0212798174470663,-0.0104774460196495
0.00362671399489045,0.00322126247920096,-0.0221953541040421
-0.000634343537967652,-0.0159534960985184,0.0161541644483805
0.00256144977174699,0.0213307552039623,-0.00195533153600991
0.00788777135312557,0.00322126247920096,0.00230572582222521
-0.0102217216044664,0.00535179162397981,0.0118931056931615
0.0100183002650738,-0.011692438274622,-0.0200648251920938
0.0100183002650738,-0.00103979511186481,0.00230572582222521
-0.00809119455516338,0.00854758359491825,0.0268068052828312
0.0100183002650738,-0.00210505956783891,-0.0126079749315977
0.00469197798520327,0.00322126247920096,-0.0221953541040421
0.0110835647210479,-0.0148882325738668,0.0225457474589348
-0.00915645994246006,0.00854758359491825,-0.00302059575915337
0.00362671399489045,0.0202654916793108,0.00976257678121328
-0.00489540072157979,2.54695987678133E-05,0.000175197244971059
-0.000634343537967652,-0.0159534960985184,0.0193499550223351
-0.00383013696409762,-0.00210505956783891,-0.0115427104756236
0.000430920859798789,-0.0170187596231699,-0.000890067196451128
0.00895303580909967,0.00641705514863133,0.00869731232523918
0.0185404159128666,0.0106781125068665,-0.00515112467110157
0.00469197798520327,-0.00103979511186481,-0.0104774460196495
-0.000634343537967652,0.00428652716800571,0.017219427973032
0.0100183002650738,-0.0159534960985184,-0.00728165358304977
-0.0198091045022011,0.00854758359491825,0.00869731232523918
0.000430920859798789,-0.0191492885351181,0.00230572582222521
0.0100183002650738,0.0160044357180595,-0.00195533153600991
-0.00276487227529287,0.0234612841159105,-0.00728165358304977
0.00682250736281276,-0.0308671984821558,-0.00408586021512747
0.00256144977174699,0.0181349627673626,0.00656678434461355
0.00149618519935757,0.00535179162397981,-0.0115427104756236
-0.00915645994246006,-0.0148882325738668,0.0150888999924064
0.00895303580909967,-0.00743138138204813,-0.0168690327554941
0.0153446225449443,-0.0170187596231699,-0.00302059575915337
0.0100183002650738,-0.0180840250104666,-0.00195533153600991
0.00149618519935757,0.0128086432814598,0.00124046194832772
0.00469197798520327,-0.00743138138204813,-0.00195533153600991
0.012148829177022,0.00961284805089235,0.00656678434461355
-0.00169960781931877,0.00535179162397981,-0.00302059575915337
0.00575724244117737,0.0181349627673626,0.00869731232523918
-0.00596066517755389,0.00215599802322686,-0.00515112467110157
-0.0102217216044664,-0.00743138138204813,0.0310678668320179
0.000430920859798789,0.00748231960460544,0.00124046194832772
0.00256144977174699,0.00322126247920096,-0.00408586021512747
-0.000634343537967652,0.00109073356725276,-0.00408586021512747
-0.0123522505164146,-0.0127577027305961,-0.00728165358304977
0.00149618519935757,0.00854758359491825,0.00124046194832772
0.00788777135312557,-0.00210505956783891,0.0204152185469866
0.00149618519935757,0.0128086432814598,-0.00515112467110157
-0.00276487227529287,-0.0138229671865702,-0.0221953541040421
0.000430920859798789,0.00322126247920096,0.00869731232523918
0.000430920859798789,0.00215599802322686,-0.00408586021512747
-0.00383013696409762,0.00641705514863133,0.0108278412371874
-0.000634343537967652,-0.0138229671865702,-0.00195533153600991
0.00256144977174699,-0.00530085247009993,0.00230572582222521
-0.00276487227529287,-0.0148882325738668,-0.0253911484032869
-0.00915645994246006,0.0128086432814598,0.00976257678121328
-0.00169960781931877,0.00854758359491825,-0.0168690327554941
-0.000634343537967652,-0.00743138138204813,0.00763204740360379
-0.00809119455516338,-0.0191492885351181,0.00124046194832772
0.00895303580909967,0.00322126247920096,0.000175197244971059
0.0164098870009184,2.54695987678133E-05,0.00550151988863945
-0.00596066517755389,-0.00317032379098237,0.000175197244971059
-0.00169960781931877,0.00535179162397981,0.00337099027819931
0.0100183002650738,0.00215599802322686,0.00230572582222521
0.00469197798520327,-0.0244756117463112,-0.00195533153600991
0.00256144977174699,0.00535179162397981,0.00337099027819931
-0.0240701604634523,-0.00423558801412582,-0.00941218249499798
0.0142793580889702,0.0138739068061113,-0.0211300905793905
-0.00383013696409762,-0.00423558801412582,0.024676276370883
-0.00702592963352799,-0.00317032379098237,-0.0211300905793905
-0.00489540072157979,0.00641705514863133,0.000175197244971059
0.00256144977174699,-0.0159534960985184,0.00443625450134277
0.000430920859798789,-0.0127577027305961,0.00656678434461355
-0.00809119455516338,0.0106781125068665,-0.00195533153600991
-0.00276487227529287,-0.0191492885351181,0.00443625450134277
-0.000634343537967652,0.0192002262920141,-0.00728165358304977
-0.00169960781931877,-0.00956191029399633,-0.0136732403188944
0.00149618519935757,-0.0180840250104666,-0.00302059575915337
-0.00915645994246006,0.00748231960460544,0.0118931056931615
0.00256144977174699,-0.00849664583802223,-0.00834691803902388
0.00788777135312557,0.00854758359491825,-0.00941218249499798
0.00682250736281276,0.00535179162397981,0.0236110128462315
-0.00169960781931877,0.00641705514863133,-0.00195533153600991
0.00256144977174699,-0.00636611692607403,-0.00728165358304977
0.0174751505255699,-0.00210505956783891,0.000175197244971059
-0.0112869860604405,0.00109073356725276,-0.00302059575915337
0.00575724244117737,-0.00530085247009993,0.00550151988863945
0.00575724244117737,0.00535179162397981,0.00230572582222521
0.0142793580889702,-0.0159534960985184,-0.00302059575915337
0.0110835647210479,0.00535179162397981,-0.00515112467110157
0.00256144977174699,0.00322126247920096,0.00976257678121328
-0.00489540072157979,0.00322126247920096,-0.00834691803902388
0.00788777135312557,-0.00103979511186481,0.00550151988863945
-0.000634343537967652,-0.0180840250104666,0.00869731232523918
0.00149618519935757,0.00641705514863133,-0.0136732403188944
-0.00596066517755389,0.00428652716800571,0.00337099027819931
0.00362671399489045,0.0117433769628406,-0.00302059575915337
0.0196056794375181,0.0138739068061113,0.00763204740360379
-0.0176785755902529,-0.0106271747499704,-0.0147385047748685
-0.00915645994246006,0.0192002262920141,0.0118931056931615
0.000430920859798789,-0.00849664583802223,-0.0115427104756236
-0.000634343537967652,0.00109073356725276,0.0140236355364323
-0.00809119455516338,-0.00636611692607403,-0.0296522062271833
0.0132140936329961,2.54695987678133E-05,0.00124046194832772
0.00788777135312557,-0.00636611692607403,-0.00941218249499798
-0.00596066517755389,-0.00210505956783891,0.00230572582222521
-0.00702592963352799,-0.0106271747499704,-0.0221953541040421
0.00149618519935757,-0.00849664583802223,0.0150888999924064
-0.00915645994246006,2.54695987678133E-05,-0.000890067196451128
0.00682250736281276,-0.00423558801412582,-0.00408586021512747
0.0100183002650738,2.54695987678133E-05,0.000175197244971059
0.00256144977174699,-0.00423558801412582,0.0129583701491356
0.0100183002650738,0.00109073356725276,0.00656678434461355
-0.00596066517755389,0.00428652716800571,0.0140236355364323
0.000430920859798789,-0.00636611692607403,0.00124046194832772
0.00362671399489045,-0.0148882325738668,0.0129583701491356
-0.00702592963352799,0.00748231960460544,-0.0232606194913387
0.00895303580909967,0.00961284805089235,-0.000890067196451128
-0.00383013696409762,-0.00530085247009993,0.0140236355364323
-0.00169960781931877,0.00748231960460544,-0.0104774460196495
-0.00915645994246006,0.0106781125068665,0.00869731232523918
0.012148829177022,0.00961284805089235,-0.0126079749315977
0.00362671399489045,0.00322126247920096,-0.00302059575915337
0.000430920859798789,-0.0127577027305961,-0.0189995616674423
-0.00702592963352799,-0.0127577027305961,-0.0147385047748685
0.012148829177022,0.00854758359491825,-0.00408586021512747
0.00575724244117737,0.0128086432814598,-0.0147385047748685
0.00362671399489045,-0.00530085247009993,0.0129583701491356
-0.00489540072157979,0.00641705514863133,0.00443625450134277
0.000430920859798789,-0.00103979511186481,0.00976257678121328
-0.0134175149723887,-0.00103979511186481,-0.00941218249499798
0.0206709448248148,0.00322126247920096,-0.00302059575915337
0.00788777135312557,-0.00423558801412582,-0.00515112467110157
-0.00596066517755389,-0.00423558801412582,0.0108278412371874
0.0100183002650738,-0.00956191029399633,0.0108278412371874
-0.00809119455516338,0.00322126247920096,-0.00195533153600991
0.00788777135312557,-0.0159534960985184,-0.00728165358304977
0.0100183002650738,-0.00317032379098237,-0.00195533153600991
-0.00489540072157979,-0.00210505956783891,-0.00515112467110157
-0.00596066517755389,0.00215599802322686,-0.000890067196451128
0.00788777135312557,0.00854758359491825,0.00976257678121328
-0.0102217216044664,-0.0138229671865702,0.0140236355364323
0.0142793580889702,-0.00317032379098237,-0.0115427104756236
-0.00383013696409762,0.00535179162397981,-0.0168690327554941
-0.00276487227529287,-0.00743138138204813,0.00124046194832772
-0.00809119455516338,-0.00317032379098237,0.00869731232523918
-0.0155480438843369,0.0213307552039623,0.00443625450134277
0.00256144977174699,-0.00636611692607403,-0.00302059575915337
0.00469197798520327,0.0160044357180595,0.0204152185469866
0.0174751505255699,0.0170696992427111,0.036394190043211
-0.00915645994246006,-0.00849664583802223,-0.0115427104756236
0.00256144977174699,2.54695987678133E-05,0.00337099027819931
0.0164098870009184,0.00109073356725276,-0.00621638912707567
-0.0112869860604405,-0.00423558801412582,0.00763204740360379
-0.0112869860604405,-0.00956191029399633,-0.00195533153600991
0.012148829177022,0.00535179162397981,-0.000890067196451128
0.0100183002650738,0.00961284805089235,0.0140236355364323
-0.0134175149723887,-0.00210505956783891,0.0129583701491356
0.0238667353987694,-0.0170187596231699,-0.00195533153600991
-0.0102217216044664,-0.00103979511186481,-0.0136732403188944
0.00788777135312557,0.00854758359491825,-0.00515112467110157
-0.00809119455516338,0.0138739068061113,0.0140236355364323
0.0100183002650738,-0.00849664583802223,-0.00515112467110157
-0.00702592963352799,0.00322126247920096,0.00763204740360379
-0.000634343537967652,-0.00530085247009993,-0.00621638912707567
0.00469197798520327,0.00535179162397981,0.000175197244971059
-0.00915645994246006,-0.00849664583802223,-0.00515112467110157
-0.00915645994246006,0.00535179162397981,0.0257415417581797
0.00362671399489045,0.0117433769628406,0.00443625450134277
0.000430920859798789,-0.0180840250104666,0.00443625450134277
-0.0176785755902529,-0.0148882325738668,-0.0168690327554941
-0.00276487227529287,0.00215599802322686,0.0108278412371874
0.000430920859798789,0.0149391712620854,-0.00515112467110157
-0.00169960781931877,-0.00849664583802223,0.0118931056931615
0.00682250736281276,0.00322126247920096,-0.000890067196451128
-0.0112869860604405,0.00109073356725276,0.00124046194832772
0.012148829177022,0.00535179162397981,0.00443625450134277
0.00682250736281276,-0.0244756117463112,-0.00728165358304977
-0.00915645994246006,0.00854758359491825,0.00443625450134277
0.0132140936329961,0.0106781125068665,-0.0126079749315977
-0.0144827794283628,-0.00423558801412582,0.0118931056931615
0.00469197798520327,-0.00530085247009993,0.00443625450134277
-0.00383013696409762,-0.00423558801412582,-0.00302059575915337
0.00788777135312557,-0.00849664583802223,-0.00728165358304977
-0.00276487227529287,0.00641705514863133,-0.00302059575915337
0.00575724244117737,-0.00317032379098237,0.00124046194832772
-0.0134175149723887,-0.00423558801412582,0.00230572582222521
-0.00489540072157979,0.00109073356725276,-0.0349785275757313
0.00575724244117737,0.00854758359491825,-0.0115427104756236
-0.00489540072157979,-0.00743138138204813,0.0182846896350384
0.00256144977174699,0.00854758359491825,0.00124046194832772
-0.00596066517755389,-0.0170187596231699,-0.0126079749315977
0.00469197798520327,-0.00210505956783891,-0.0179342962801456
0.00256144977174699,-0.00743138138204813,-0.000890067196451128
-0.00596066517755389,-0.00636611692607403,0.0150888999924064
0.00575724244117737,0.00322126247920096,-0.00834691803902388
-0.00809119455516338,-0.00530085247009993,0.000175197244971059
0.00895303580909967,-0.00636611692607403,-0.0104774460196495
0.00682250736281276,0.00109073356725276,-0.00195533153600991
0.00788777135312557,-0.0244756117463112,-0.00941218249499798
-0.00596066517755389,0.00535179162397981,-0.0211300905793905
-0.00276487227529287,0.00428652716800571,0.00443625450134277
-0.00276487227529287,0.00428652716800571,0.00230572582222521
-0.0155480438843369,0.0117433769628406,0.00976257678121328
-0.00276487227529287,0.00109073356725276,-0.0104774460196495
0.00575724244117737,-0.00210505956783891,-0.00728165358304977
-0.0102217216044664,0.0149391712620854,0.000175197244971059
0.000430920859798789,0.00535179162397981,-0.00515112467110157
0.012148829177022,-0.022345082834363,-0.0253911484032869
0.0132140936329961,0.0192002262920141,0.017219427973032
0.00362671399489045,0.00322126247920096,0.00656678434461355
-0.00276487227529287,-0.0244756117463112,-0.000890067196451128
-0.0102217216044664,0.00322126247920096,0.00656678434461355
0.00362671399489045,-0.011692438274622,-0.0179342962801456
-0.00276487227529287,0.00641705514863133,0.00230572582222521
0.0110835647210479,0.00322126247920096,0.00230572582222521
0.00149618519935757,0.00215599802322686,0.00337099027819931
-0.000634343537967652,-0.0159534960985184,-0.000890067196451128
0.00575724244117737,0.0192002262920141,-0.00302059575915337
-0.00383013696409762,-0.00849664583802223,0.0204152185469866
0.00362671399489045,-0.00636611692607403,-0.00195533153600991
0.00895303580909967,-0.00103979511186481,-0.000890067196451128
0.0100183002650738,-0.00317032379098237,-0.0126079749315977
0.00469197798520327,0.00428652716800571,0.00869731232523918
-0.000634343537967652,0.00322126247920096,-0.00408586021512747
0.0132140936329961,-0.0106271747499704,-0.0147385047748685
0.00895303580909967,-0.00210505956783891,0.000175197244971059
-0.00702592963352799,0.00641705514863133,0.0108278412371874
0.00469197798520327,-0.00317032379098237,0.0108278412371874
-0.00276487227529287,-0.0212798174470663,-0.00728165358304977
0.000430920859798789,-0.00103979511186481,0.0182846896350384
-0.0123522505164146,-0.00636611692607403,-0.0158037673681974
-0.00276487227529287,-0.00103979511186481,0.000175197244971059
-0.00702592963352799,0.00322126247920096,0.00869731232523918
0.00788777135312557,-0.00317032379098237,0.00124046194832772
0.000430920859798789,0.00854758359491825,-0.00195533153600991
-0.00383013696409762,0.00854758359491825,0.0108278412371874
-0.0176785755902529,0.00109073356725276,0.0193499550223351
0.00895303580909967,-0.0127577027305961,-0.00515112467110157
0.00469197798520327,0.00961284805089235,-0.0211300905793905
-0.0123522505164146,2.54695987678133E-05,0.00656678434461355
0.0142793580889702,-0.0138229671865702,-0.00515112467110157
-0.00596066517755389,0.00854758359491825,0.00124046194832772
-0.000634343537967652,-0.0148882325738668,0.0140236355364323
0.0174751505255699,0.00109073356725276,0.0108278412371874
0.00895303580909967,-0.00530085247009993,-0.00621638912707567
-0.000634343537967652,0.00854758359491825,0.00763204740360379
0.00149618519935757,-0.00636611692607403,-0.00621638912707567
0.00362671399489045,-0.011692438274622,0.00230572582222521
-0.00596066517755389,2.54695987678133E-05,-0.0200648251920938
0.0100183002650738,2.54695987678133E-05,0.00230572582222521
-0.00383013696409762,-0.00743138138204813,-0.00834691803902388
0.00256144977174699,-0.00317032379098237,-0.000890067196451128
0.00469197798520327,0.0170696992427111,0.00550151988863945
-0.00915645994246006,-0.0106271747499704,0.00550151988863945
0.0100183002650738,0.00748231960460544,-0.0221953541040421
-0.00489540072157979,-0.0148882325738668,-0.00621638912707567
-0.00702592963352799,0.0128086432814598,0.017219427973032
-0.0166133102029562,-0.00317032379098237,0.000175197244971059
0.00362671399489045,-0.00423558801412582,0.0108278412371874
0.00788777135312557,0.00428652716800571,-0.0126079749315977
-0.000634343537967652,-0.00103979511186481,-0.0200648251920938
-0.0166133102029562,-0.00530085247009993,-0.00834691803902388
0.00149618519935757,-0.00530085247009993,-0.00941218249499798
-0.00169960781931877,0.0192002262920141,0.0108278412371874
-0.000634343537967652,-0.00317032379098237,0.00869731232523918
-0.00383013696409762,-0.00210505956783891,-0.0158037673681974
0.00362671399489045,-0.0127577027305961,0.00230572582222521
0.0164098870009184,0.00428652716800571,-0.000890067196451128
-0.00383013696409762,0.00535179162397981,0.0204152185469866
-0.00596066517755389,-0.00956191029399633,-0.0221953541040421
0.0100183002650738,-0.00956191029399633,0.0150888999924064
-0.00383013696409762,-0.011692438274622,0.00124046194832772
-0.0123522505164146,0.00641705514863133,0.0129583701491356
0.00149618519935757,-0.00210505956783891,-0.0243258830159903
0.0132140936329961,0.00109073356725276,0.00337099027819931
-0.0155480438843369,0.00215599802322686,0.00124046194832772
0.00788777135312557,0.00641705514863133,-0.0200648251920938
0.00575724244117737,-0.00423558801412582,0.0108278412371874
-0.00915645994246006,2.54695987678133E-05,-0.00195533153600991
0.00575724244117737,2.54695987678133E-05,0.00230572582222521
-0.0102217216044664,0.00961284805089235,-0.000890067196451128
0.00149618519935757,0.00109073356725276,0.00656678434461355
-0.00596066517755389,2.54695987678133E-05,0.0150888999924064
0.0174751505255699,-0.0138229671865702,-0.00515112467110157
-0.00169960781931877,0.0138739068061113,-0.00941218249499798
0.00575724244117737,-0.00423558801412582,0.00443625450134277
-0.0102217216044664,0.00109073356725276,-0.0275216773152351
0.0142793580889702,-0.00103979511186481,-0.00195533153600991
-0.0102217216044664,0.0106781125068665,0.0161541644483805
0.000430920859798789,0.00109073356725276,0.0118931056931615
-0.00383013696409762,-0.00849664583802223,-0.00195533153600991
-0.00276487227529287,-0.00956191029399633,-0.00302059575915337
0.00895303580909967,-0.00103979511186481,0.00230572582222521
0.000430920859798789,0.00961284805089235,-0.00621638912707567
-0.00276487227529287,-0.00103979511186481,-0.00195533153600991
0.00895303580909967,-0.00210505956783891,0.0182846896350384
0.00256144977174699,-0.0180840250104666,-0.0211300905793905
0.00788777135312557,0.00854758359491825,-0.0104774460196495
-0.00276487227529287,2.54695987678133E-05,0.0204152185469866
-0.00276487227529287,0.00641705514863133,0.0193499550223351
-0.00276487227529287,0.00535179162397981,0.00337099027819931
0.00895303580909967,-0.011692438274622,0.0140236355364323
-0.00169960781931877,-0.011692438274622,0.00656678434461355
-0.0112869860604405,0.0181349627673626,0.0129583701491356
0.00895303580909967,-0.00530085247009993,-0.00408586021512747
-0.00702592963352799,-0.0148882325738668,-0.0126079749315977
-0.00702592963352799,0.00428652716800571,0.00230572582222521
0.012148829177022,-0.0159534960985184,0.00230572582222521
0.0100183002650738,0.0213307552039623,0.00124046194832772
-0.00596066517755389,-0.00530085247009993,0.0182846896350384
-0.0102217216044664,-0.0127577027305961,-0.00834691803902388
-0.00596066517755389,0.00428652716800571,0.000175197244971059
0.0110835647210479,-0.00210505956783891,-0.00621638912707567
0.0110835647210479,-0.00103979511186481,0.00763204740360379
-0.00489540072157979,-0.0180840250104666,-0.00302059575915337
-0.00915645994246006,0.00215599802322686,-0.00941218249499798
-0.00383013696409762,0.00961284805089235,0.0278720688074827
0.0185404159128666,0.0170696992427111,-0.0126079749315977
0.00469197798520327,0.0128086432814598,-0.0232606194913387
-0.00276487227529287,-0.00210505956783891,0.00550151988863945
0.0185404159128666,-0.00956191029399633,-0.00728165358304977
-0.0144827794283628,0.0106781125068665,0.00337099027819931
0.00682250736281276,2.54695987678133E-05,0.00656678434461355
0.0217362083494663,-0.00530085247009993,-0.0115427104756236
-0.0134175149723887,-0.0191492885351181,-0.000890067196451128
0.0132140936329961,0.0170696992427111,-0.00515112467110157
0.012148829177022,0.0128086432814598,0.00337099027819931
0.00895303580909967,-0.0106271747499704,-0.00302059575915337
-0.0112869860604405,0.0117433769628406,0.0150888999924064
-0.000634343537967652,0.0170696992427111,-0.0253911484032869
0.000430920859798789,-0.0106271747499704,0.0118931056931615
-0.00915645994246006,0.00322126247920096,0.00763204740360379
-0.00169960781931877,-0.00743138138204813,0.0140236355364323
-0.00169960781931877,0.0298528745770454,-0.0211300905793905
0.0110835647210479,-0.00956191029399633,0.0204152185469866
-0.0176785755902529,0.00109073356725276,-0.00834691803902388
-0.00702592963352799,0.00748231960460544,0.0140236355364323
0.00575724244117737,-0.0191492885351181,0.00337099027819931
0.000430920859798789,-0.00317032379098237,0.0236110128462315
0.0185404159128666,-0.00317032379098237,-0.00515112467110157
-0.00383013696409762,-0.0138229671865702,0.00443625450134277
0.00256144977174699,-0.00103979511186481,0.00230572582222521
0.0153446225449443,0.00215599802322686,0.00869731232523918
-0.00809119455516338,-0.00317032379098237,-0.00195533153600991
0.00362671399489045,2.54695987678133E-05,-0.0104774460196495
-0.00383013696409762,0.00641705514863133,0.00124046194832772
0.00149618519935757,0.00535179162397981,-0.0189995616674423
0.00895303580909967,-0.011692438274622,-0.0189995616674423
-0.00915645994246006,-0.00636611692607403,0.0161541644483805
0.0110835647210479,0.0117433769628406,0.0193499550223351
0.00362671399489045,0.00748231960460544,-0.00408586021512747
-0.0123522505164146,0.00322126247920096,-0.00621638912707567
-0.00276487227529287,-0.011692438274622,0.0204152185469866
0.00469197798520327,-0.00849664583802223,0.0331983976066113
0.0153446225449443,0.00854758359491825,-0.0285869408398867
-0.00489540072157979,-0.00636611692607403,-0.00195533153600991
0.0132140936329961,-0.00849664583802223,-0.0264564119279385
0.00469197798520327,-0.00423558801412582,0.00763204740360379
-0.00702592963352799,0.00641705514863133,0.00124046194832772
0.00469197798520327,-0.00423558801412582,-0.0115427104756236
-0.000634343537967652,0.0160044357180595,0.0129583701491356
-0.00276487227529287,-0.00317032379098237,-0.0136732403188944
-0.0102217216044664,0.00109073356725276,0.00230572582222521
0.00682250736281276,0.00748231960460544,0.0140236355364323
0.000430920859798789,0.00535179162397981,0.0150888999924064
-0.000634343537967652,-0.00636611692607403,-0.00195533153600991
-0.00169960781931877,-0.00317032379098237,-0.00834691803902388
-0.00169960781931877,0.00961284805089235,0.0214804839342833
0.0100183002650738,-0.00743138138204813,-0.0232606194913387
-0.00276487227529287,2.54695987678133E-05,-0.00195533153600991
-0.00489540072157979,0.00322126247920096,0.00550151988863945
-0.00489540072157979,0.00535179162397981,-0.000890067196451128
0.0100183002650738,-0.00210505956783891,-0.00728165358304977
0.000430920859798789,-0.00423558801412582,0.00550151988863945
0.00682250736281276,0.00961284805089235,0.00443625450134277
0.0132140936329961,2.54695987678133E-05,-0.00621638912707567
-0.00809119455516338,-0.00530085247009993,0.00763204740360379
0.00149618519935757,-0.0148882325738668,0.0150888999924064
-0.00489540072157979,-0.0148882325738668,-0.00515112467110157
0.0153446225449443,0.00215599802322686,0.0214804839342833
-0.00276487227529287,-0.0266061406582594,-0.00408586021512747
0.000430920859798789,0.00322126247920096,0.00337099027819931
0.00788777135312557,0.00535179162397981,0.00869731232523918
0.0153446225449443,-0.0159534960985184,0.00976257678121328
0.0142793580889702,-0.00956191029399633,0.00443625450134277
-0.0102217216044664,0.00428652716800571,-0.0179342962801456
-0.00489540072157979,0.00854758359491825,0.0129583701491356
-0.000634343537967652,0.00535179162397981,-0.00195533153600991
0.00788777135312557,0.00641705514863133,-0.00941218249499798
0.000430920859798789,-0.00317032379098237,-0.0189995616674423
-0.00596066517755389,0.0117433769628406,0.00124046194832772
-0.00383013696409762,-0.00743138138204813,0.0289373341947794
-0.00169960781931877,-0.0180840250104666,-0.0189995616674423
0.0142793580889702,0.00428652716800571,-0.000890067196451128
-0.00169960781931877,-0.0180840250104666,-0.0104774460196495
0.00895303580909967,0.00641705514863133,-0.00302059575915337
-0.0134175149723887,-0.00956191029399633,0.0108278412371874
0.00362671399489045,0.00215599802322686,0.0108278412371874
-0.00383013696409762,-0.00103979511186481,0.00230572582222521
-0.00702592963352799,0.00854758359491825,-0.0328480005264282
0.00256144977174699,-0.0106271747499704,-0.00302059575915337
-0.00809119455516338,0.00854758359491825,0.00443625450134277
-0.0155480438843369,-0.00210505956783891,0.0204152185469866
0.00788777135312557,-0.0202145539224148,-0.0179342962801456
0.000430920859798789,-0.00423558801412582,-0.00515112467110157
-0.00169960781931877,0.0192002262920141,0.00763204740360379
-0.000634343537967652,-0.00210505956783891,0.00976257678121328
0.00575724244117737,0.0149391712620854,-0.000890067196451128
0.000430920859798789,-0.011692438274622,-0.0126079749315977
-0.000634343537967652,0.00322126247920096,0.00443625450134277
0.00575724244117737,-0.011692438274622,0.00656678434461355
-0.0155480438843369,-0.00423558801412582,0.00124046194832772
0.00682250736281276,0.00961284805089235,-0.00408586021512747
-0.00383013696409762,2.54695987678133E-05,-0.0307174697518349
0.00149618519935757,-0.00530085247009993,0.0118931056931615
-0.00915645994246006,0.0106781125068665,-0.0232606194913387
0.0132140936329961,-0.0202145539224148,-0.000890067196451128
-0.0166133102029562,-0.00423558801412582,-0.0147385047748685
-0.000634343537967652,0.0223960187286139,0.00656678434461355
0.00788777135312557,-0.00423558801412582,0.00337099027819931
-0.00809119455516338,0.0160044357180595,-0.0104774460196495
-0.0176785755902529,0.0138739068061113,0.00443625450134277
-0.0198091045022011,-0.0287366695702076,-0.00728165358304977
-0.00276487227529287,0.00748231960460544,0.0150888999924064
0.0142793580889702,-0.011692438274622,0.00443625450134277
-0.00383013696409762,0.0223960187286139,-0.0126079749315977
-0.00489540072157979,-0.00743138138204813,-0.00728165358304977
0.00895303580909967,0.00322126247920096,-0.0147385047748685
0.00575724244117737,-0.0148882325738668,0.00443625450134277
-0.00489540072157979,2.54695987678133E-05,-0.00408586021512747
0.00682250736281276,-0.00956191029399633,0.00763204740360379
-0.00489540072157979,0.00748231960460544,-0.0179342962801456
-0.00169960781931877,0.00961284805089235,-0.00408586021512747
-0.00383013696409762,-0.00530085247009993,-0.0104774460196495
0.00362671399489045,-0.00636611692607403,0.00763204740360379
-0.00809119455516338,-0.00423558801412582,0.00443625450134277
-0.00383013696409762,0.0149391712620854,-0.00408586021512747
-0.000634343537967652,-0.0180840250104666,-0.0115427104756236
-0.0134175149723887,0.00215599802322686,0.00337099027819931
0.00682250736281276,-0.00636611692607403,-0.0328480005264282
0.00469197798520327,-0.0170187596231699,0.017219427973032
-0.0123522505164146,-0.00317032379098237,-0.00621638912707567
-0.00489540072157979,0.0138739068061113,-0.00302059575915337
0.00469197798520327,0.00428652716800571,0.0182846896350384
0.00788777135312557,0.00961284805089235,-0.0168690327554941
0.00788777135312557,-0.00530085247009993,0.00656678434461355
-0.00383013696409762,-0.00849664583802223,-0.0126079749315977
0.00682250736281276,-0.0159534960985184,0.0214804839342833
-0.00809119455516338,2.54695987678133E-05,-0.0147385047748685
-0.00915645994246006,0.00641705514863133,-0.0115427104756236
0.0100183002650738,-0.0138229671865702,0.00763204740360379
-0.000634343537967652,0.00322126247920096,-0.00408586021512747
0.00682250736281276,-0.00636611692607403,-0.00621638912707567
0.00575724244117737,-0.011692438274622,-0.00302059575915337
-0.0176785755902529,0.0117433769628406,0.00976257678121328
0.00362671399489045,-0.0170187596231699,0.00337099027819931
-0.0123522505164146,-0.00423558801412582,0.00337099027819931
0.00362671399489045,0.00535179162397981,0.00337099027819931
0.00149618519935757,-0.00210505956783891,-0.00302059575915337
-0.00915645994246006,-0.00636611692607403,-0.00302059575915337
-0.00276487227529287,-0.00530085247009993,0.0140236355364323
-0.00809119455516338,0.00428652716800571,-0.00195533153600991
0.0132140936329961,-0.00956191029399633,0.00869731232523918
-0.0166133102029562,0.00641705514863133,-0.00408586021512747
-0.00383013696409762,0.00322126247920096,0.00124046194832772
0.00682250736281276,-0.00530085247009993,-0.0136732403188944
-0.0166133102029562,0.00961284805089235,0.00230572582222521
-0.00489540072157979,-0.0159534960985184,-0.00195533153600991
0.00362671399489045,0.0202654916793108,-0.00515112467110157
-0.00596066517755389,0.0202654916793108,-0.00515112467110157
0.00682250736281276,-0.00636611692607403,-0.00941218249499798
-0.0112869860604405,-0.00423558801412582,-0.0115427104756236
0.00256144977174699,0.00109073356725276,0.0140236355364323
0.000430920859798789,-0.00849664583802223,0.0129583701491356
-0.000634343537967652,-0.00103979511186481,-0.00621638912707567
-0.0112869860604405,-0.00103979511186481,-0.00728165358304977
-0.0102217216044664,0.00322126247920096,0.0140236355364323
-0.00383013696409762,0.00322126247920096,0.0161541644483805
0.00788777135312557,-0.00423558801412582,-0.000890067196451128
-0.00169960781931877,0.00961284805089235,0.00869731232523918
0.00256144977174699,-0.011692438274622,-0.0158037673681974
-0.00169960781931877,0.00641705514863133,0.017219427973032
0.00256144977174699,-0.00423558801412582,0.00337099027819931
0.0100183002650738,0.00215599802322686,-0.00195533153600991
-0.0144827794283628,0.00322126247920096,0.00763204740360379
-0.00276487227529287,0.00535179162397981,-0.0104774460196495
0.0100183002650738,-0.00423558801412582,-0.0136732403188944
-0.0112869860604405,-0.00317032379098237,0.00230572582222521
-0.00702592963352799,0.0138739068061113,0.00976257678121328
0.00788777135312557,0.00215599802322686,0.0129583701491356
0.00788777135312557,-0.00849664583802223,0.00230572582222521
0.00788777135312557,0.0106781125068665,0.0108278412371874
-0.00702592963352799,-0.0127577027305961,0.00443625450134277
-0.0144827794283628,-0.00636611692607403,-0.0275216773152351
0.00682250736281276,2.54695987678133E-05,0.000175197244971059
-0.0102217216044664,0.00215599802322686,0.00656678434461355
0.012148829177022,-0.00636611692607403,0.00443625450134277
-0.00276487227529287,0.00748231960460544,-0.00834691803902388
0.00362671399489045,0.00748231960460544,-0.00515112467110157
0.00469197798520327,-0.00423558801412582,0.0140236355364323
-0.00915645994246006,0.00322126247920096,0.00124046194832772
0.0100183002650738,0.00428652716800571,0.0193499550223351
-0.00276487227529287,0.00322126247920096,0.00337099027819931
0.00256144977174699,0.00215599802322686,0.0225457474589348
0.000430920859798789,0.00322126247920096,-0.0168690327554941
0.000430920859798789,-0.00317032379098237,0.00124046194832772
-0.00596066517755389,-0.00317032379098237,0.00550151988863945
-0.00915645994246006,0.0170696992427111,-0.00302059575915337
0.00256144977174699,-0.0138229671865702,0.017219427973032
-0.000634343537967652,-0.00530085247009993,-0.000890067196451128
-0.00702592963352799,0.00322126247920096,-0.00728165358304977
0.00895303580909967,0.00428652716800571,0.00869731232523918
0.00469197798520327,2.54695987678133E-05,-0.0136732403188944
-0.00596066517755389,0.0223960187286139,0.0118931056931615
0.00575724244117737,-0.00849664583802223,-0.00728165358304977
-0.00809119455516338,0.00961284805089235,-0.00195533153600991
0.0196056794375181,0.00109073356725276,0.0129583701491356
-0.0187438391149044,0.00535179162397981,-0.00302059575915337
0.00895303580909967,0.00641705514863133,-0.00834691803902388
0.00682250736281276,-0.00530085247009993,-0.0211300905793905
-0.00809119455516338,0.00535179162397981,0.0204152185469866
0.00788777135312557,-0.00743138138204813,0.00337099027819931
-0.0166133102029562,0.0138739068061113,0.0140236355364323
0.012148829177022,-0.0127577027305961,-0.0253911484032869
-0.00809119455516338,0.00109073356725276,-0.0189995616674423
0.00362671399489045,0.0138739068061113,-0.000890067196451128
-0.0102217216044664,-0.0106271747499704,0.0129583701491356
-0.000634343537967652,-0.00530085247009993,0.0182846896350384
0.00788777135312557,0.00854758359491825,-0.0126079749315977
-0.0134175149723887,-0.00210505956783891,0.017219427973032
0.0185404159128666,-0.00317032379098237,-0.0104774460196495
0.00362671399489045,-0.00849664583802223,-0.0158037673681974
0.00362671399489045,-0.00636611692607403,0.0214804839342833
-0.00383013696409762,-0.00849664583802223,0.00656678434461355
-0.00489540072157979,-0.00317032379098237,0.00337099027819931
-0.000634343537967652,-0.00103979511186481,-0.00941218249499798
0.0110835647210479,0.00854758359491825,0.00230572582222521
0.00149618519935757,0.0170696992427111,0.00656678434461355
-0.00383013696409762,-0.00423558801412582,0.00976257678121328
-0.00276487227529287,0.00535179162397981,-0.00515112467110157
0.00149618519935757,-0.0106271747499704,0.00550151988863945
-0.00383013696409762,-0.0106271747499704,0.0204152185469866
-0.00915645994246006,0.00854758359491825,0.00656678434461355
0.00362671399489045,-0.00636611692607403,-0.0211300905793905
-0.0251354239881039,0.00748231960460544,-0.00621638912707567
-0.00489540072157979,-0.0138229671865702,0.0214804839342833
0.00149618519935757,0.00322126247920096,0.00124046194832772
-0.00489540072157979,-0.00743138138204813,0.00869731232523918
0.00788777135312557,-0.011692438274622,0.00763204740360379
-0.00489540072157979,-0.00103979511186481,-0.0158037673681974
0.0142793580889702,-0.0106271747499704,-0.0104774460196495
-0.0134175149723887,-0.00210505956783891,-0.00302059575915337
-0.00915645994246006,-0.00530085247009993,-0.00302059575915337
-0.00169960781931877,0.0181349627673626,0.00230572582222521
0.00362671399489045,-0.00743138138204813,-0.0136732403188944
-0.000634343537967652,0.00535179162397981,0.0214804839342833
-0.0166133102029562,0.00428652716800571,-0.00195533153600991
0.000430920859798789,0.00322126247920096,-0.00515112467110157
-0.00169960781931877,0.00109073356725276,-0.0126079749315977
0.00682250736281276,-0.0127577027305961,0.00124046194832772
-0.0155480438843369,0.00854758359491825,0.0150888999924064
0.00682250736281276,-0.0202145539224148,-0.000890067196451128
-0.00702592963352799,-0.00103979511186481,-0.036043792963028
-0.0112869860604405,0.0160044357180595,0.0129583701491356
0.0174751505255699,-0.00743138138204813,-0.0253911484032869
0.0110835647210479,0.0181349627673626,-0.00195533153600991
-0.0112869860604405,0.00215599802322686,-0.0115427104756236
-0.00383013696409762,-0.0127577027305961,0.00124046194832772
-0.00915645994246006,0.00428652716800571,0.0214804839342833
0.012148829177022,2.54695987678133E-05,-0.0158037673681974
-0.0176785755902529,0.0160044357180595,0.0129583701491356
0.0164098870009184,-0.00636611692607403,-0.000890067196451128
-0.00702592963352799,2.54695987678133E-05,-0.0179342962801456
-0.000634343537967652,-0.0127577027305961,0.00976257678121328
0.012148829177022,0.0170696992427111,-0.00302059575915337
-0.0112869860604405,-0.00210505956783891,-0.00834691803902388
0.0100183002650738,2.54695987678133E-05,-0.00408586021512747
-0.0102217216044664,-0.0106271747499704,-0.0104774460196495
-0.00169960781931877,0.00535179162397981,0.00337099027819931
-0.00702592963352799,0.00322126247920096,-0.0147385047748685
-0.00169960781931877,0.00748231960460544,0.017219427973032
-0.0134175149723887,-0.0148882325738668,-0.0307174697518349
0.0142793580889702,-0.00103979511186481,-0.00302059575915337
-0.00596066517755389,0.00109073356725276,0.0214804839342833
0.0132140936329961,-0.00317032379098237,0.0129583701491356
-0.00915645994246006,0.00322126247920096,0.00656678434461355
0.00682250736281276,-0.0148882325738668,0.000175197244971059
0.00256144977174699,-0.011692438274622,0.00230572582222521
-0.00169960781931877,0.00961284805089235,-0.00728165358304977
-0.000634343537967652,-0.00317032379098237,-0.00621638912707567
0.00149618519935757,-0.0180840250104666,-0.00941218249499798
-0.00915645994246006,0.0138739068061113,-0.0158037673681974
-0.00169960781931877,0.00109073356725276,0.0150888999924064
0.000430920859798789,-0.0127577027305961,0.00443625450134277
0.00682250736281276,0.0266570765525103,-0.00195533153600991
0.00256144977174699,-0.00636611692607403,0.000175197244971059
0.0153446225449443,0.00428652716800571,0.00763204740360379
-0.00915645994246006,-0.00317032379098237,0.00550151988863945
0.00895303580909967,0.00215599802322686,0.0108278412371874
-0.0112869860604405,-0.00743138138204813,0.00976257678121328
0.00256144977174699,0.00215599802322686,-0.0104774460196495
0.0153446225449443,0.00215599802322686,-0.0147385047748685
-0.00702592963352799,-0.00956191029399633,0.00230572582222521
-0.00915645994246006,0.00109073356725276,-0.00195533153600991
-0.00596066517755389,-0.00530085247009993,0.00976257678121328
0.012148829177022,0.00322126247920096,-0.0158037673681974
-0.000634343537967652,0.00215599802322686,0.00550151988863945
-0.00169960781931877,0.00641705514863133,-0.0189995616674423
0.0142793580889702,-0.0191492885351181,0.00550151988863945
-0.00915645994246006,0.0213307552039623,-0.0147385047748685
0.0110835647210479,-0.0180840250104666,-0.0179342962801456
-0.0102217216044664,0.00428652716800571,0.00230572582222521
0.000430920859798789,-0.00210505956783891,-0.000890067196451128
0.0164098870009184,0.00535179162397981,0.00763204740360379
-0.0144827794283628,-0.00849664583802223,-0.0136732403188944
0.00256144977174699,-0.0170187596231699,-0.00195533153600991
0.00149618519935757,-0.00210505956783891,-0.00195533153600991
-0.0123522505164146,0.0149391712620854,0.0118931056931615
0.000430920859798789,0.0170696992427111,0.000175197244971059
-0.0102217216044664,-0.00849664583802223,0.000175197244971059
-0.00809119455516338,0.00748231960460544,0.00230572582222521
-0.00276487227529287,0.00109073356725276,0.00443625450134277
-0.00383013696409762,0.00748231960460544,0.00869731232523918
0.00575724244117737,-0.0138229671865702,-0.0179342962801456
-0.00596066517755389,0.00428652716800571,-0.00941218249499798
0.0110835647210479,-0.00530085247009993,-0.00302059575915337
0.00256144977174699,0.00748231960460544,-0.00302059575915337
-0.0112869860604405,-0.0148882325738668,0.00869731232523918
0.00362671399489045,-0.00103979511186481,-0.0243258830159903
0.012148829177022,0.00109073356725276,0.00230572582222521
-0.00383013696409762,-0.00956191029399633,-0.00728165358304977
0.00788777135312557,-0.00210505956783891,-0.00834691803902388
0.00362671399489045,-0.00423558801412582,0.0204152185469866
-0.00276487227529287,-0.00103979511186481,0.00443625450134277
0.0100183002650738,-0.00103979511186481,-0.0115427104756236
-0.0102217216044664,0.0128086432814598,-0.0136732403188944
0.00575724244117737,2.54695987678133E-05,-0.0115427104756236
0.00469197798520327,0.00215599802322686,0.00443625450134277
-0.0102217216044664,-0.00317032379098237,-0.00302059575915337
0.00256144977174699,-0.00743138138204813,-0.00621638912707567
0.00895303580909967,0.0117433769628406,0.00230572582222521
-0.00276487227529287,-0.00210505956783891,-0.0328480005264282
0.00469197798520327,-0.0106271747499704,0.0193499550223351
-0.00596066517755389,-0.0159534960985184,0.0140236355364323
0.000430920859798789,0.0181349627673626,-0.0147385047748685
0.0110835647210479,-0.00956191029399633,0.00443625450134277
-0.00276487227529287,-0.00317032379098237,0.00656678434461355
0.00895303580909967,0.00215599802322686,0.0129583701491356
-0.000634343537967652,0.00961284805089235,-0.0211300905793905
0.0100183002650738,0.00109073356725276,0.00337099027819931
-0.00383013696409762,0.00854758359491825,-0.00621638912707567
0.00682250736281276,2.54695987678133E-05,-0.00728165358304977
-0.0144827794283628,-0.00103979511186481,0.00763204740360379
0.022801473736763,-0.00849664583802223,0.00337099027819931
-0.00915645994246006,0.00215599802322686,0.0161541644483805
0.00256144977174699,-0.00743138138204813,-0.00941218249499798
0.00362671399489045,-0.00423558801412582,-0.00302059575915337
0.000430920859798789,0.00961284805089235,-0.00834691803902388
0.00149618519935757,-0.00743138138204813,0.00656678434461355
-0.00276487227529287,0.00215599802322686,-0.0179342962801456
-0.000634343537967652,-0.00103979511186481,0.0140236355364323
0.00149618519935757,0.00748231960460544,-0.0200648251920938
-0.00276487227529287,0.00215599802322686,-0.00834691803902388
0.00256144977174699,0.00641705514863133,0.00337099027819931
-0.00809119455516338,-0.00317032379098237,-0.00408586021512747
-0.00702592963352799,0.0138739068061113,0.00763204740360379
0.0132140936329961,-0.0106271747499704,-0.00621638912707567
0.00362671399489045,0.00215599802322686,-0.00195533153600991
-0.00383013696409762,-0.00743138138204813,0.00763204740360379
0.00256144977174699,0.00641705514863133,0.00763204740360379
-0.0166133102029562,-0.00423558801412582,0.0225457474589348
0.00256144977174699,0.00109073356725276,0.00124046194832772
-0.00596066517755389,0.0106781125068665,0.00976257678121328
-0.00383013696409762,-0.00743138138204813,-0.00195533153600991
0.0110835647210479,-0.00956191029399633,-0.00515112467110157
0.00895303580909967,-0.00210505956783891,-0.000890067196451128
-0.00169960781931877,0.00109073356725276,-0.00515112467110157
-0.00915645994246006,-0.00103979511186481,0.00976257678121328
0.0164098870009184,2.54695987678133E-05,0.0108278412371874
-0.00169960781931877,0.00322126247920096,0.00337099027819931
0.000430920859798789,-0.00636611692607403,0.00337099027819931
0.00895303580909967,-0.00210505956783891,-0.0232606194913387
-0.0134175149723887,0.00322126247920096,0.00763204740360379
0.00362671399489045,-0.00210505956783891,0.000175197244971059
0.00575724244117737,0.00961284805089235,0.00656678434461355
0.0110835647210479,-0.00956191029399633,0.0118931056931615
-0.0102217216044664,-0.00530085247009993,-0.00195533153600991
-0.00276487227529287,-0.00423558801412582,0.00443625450134277
-0.00276487227529287,0.00322126247920096,0.00976257678121328
0.00788777135312557,-0.00636611692607403,-0.0179342962801456
-0.0102217216044664,-0.0319324620068073,-0.0104774460196495
-0.00915645994246006,0.00109073356725276,0.017219427973032
-0.00915645994246006,0.00854758359491825,-0.00195533153600991
-0.000634343537967652,0.00428652716800571,0.0193499550223351
0.00788777135312557,0.0181349627673626,-0.0189995616674423
-0.0102217216044664,-0.00743138138204813,0.00230572582222521
-0.00489540072157979,-0.00636611692607403,-0.00195533153600991
0.00149618519935757,0.0149391712620854,0.00763204740360379
-0.00489540072157979,0.00322126247920096,-0.00621638912707567
-0.00169960781931877,-0.011692438274622,0.000175197244971059
0.00149618519935757,0.0181349627673626,-0.00728165358304977
-0.000634343537967652,-0.00530085247009993,0.00869731232523918
-0.0198091045022011,0.0149391712620854,0.0129583701491356
0.0100183002650738,0.00215599802322686,0.00550151988863945
0.00575724244117737,0.00641705514863133,-0.00621638912707567
0.00149618519935757,0.00535179162397981,-0.0168690327554941
-0.0112869860604405,-0.00317032379098237,0.0214804839342833
-0.000634343537967652,0.00961284805089235,0.00230572582222521
0.00149618519935757,0.00215599802322686,0.00337099027819931
-0.0102217216044664,-0.0180840250104666,-0.00195533153600991
-0.00596066517755389,-0.00530085247009993,0.0118931056931615
0.00788777135312557,0.0149391712620854,-0.00515112467110157
0.00575724244117737,-0.00423558801412582,0.00124046194832772
-0.00702592963352799,2.54695987678133E-05,-0.00834691803902388
-0.0102217216044664,0.0128086432814598,0.00656678434461355
-0.00383013696409762,-0.00103979511186481,0.00976257678121328
-0.00809119455516338,0.00641705514863133,-0.00515112467110157
0.00256144977174699,-0.00210505956783891,0.0108278412371874
0.00575724244117737,2.54695987678133E-05,-0.00302059575915337
-0.00915645994246006,-0.00530085247009993,0.0182846896350384
0.0100183002650738,0.00109073356725276,-0.0253911484032869
-0.0166133102029562,0.00215599802322686,0.0150888999924064
0.00788777135312557,0.00535179162397981,-0.00408586021512747
-0.0155480438843369,-0.0127577027305961,0.0118931056931615
0.0100183002650738,0.0213307552039623,0.00443625450134277
-0.00596066517755389,0.00322126247920096,0.00337099027819931
-0.000634343537967652,-0.0106271747499704,-0.00728165358304977
0.00469197798520327,-0.00636611692607403,-0.00515112467110157
0.00256144977174699,0.00109073356725276,0.000175197244971059
-0.0166133102029562,-0.00210505956783891,0.00124046194832772
-0.00596066517755389,0.0128086432814598,0.00763204740360379
0.0100183002650738,-0.00423558801412582,0.0182846896350384
-0.00702592963352799,0.00109073356725276,0.00550151988863945
0.00256144977174699,-0.00956191029399633,-0.0296522062271833
0.00149618519935757,-0.00210505956783891,0.0182846896350384
0.00469197798520327,-0.00423558801412582,-0.00515112467110157
0.00895303580909967,-0.011692438274622,-0.00621638912707567
0.00256144977174699,-0.011692438274622,0.000175197244971059
-0.00809119455516338,0.00535179162397981,0.000175197244971059
0.00788777135312557,-0.00530085247009993,0.00869731232523918
-0.00169960781931877,-0.00103979511186481,0.0129583701491356
-0.0144827794283628,-0.011692438274622,-0.0509574897587299
-0.00383013696409762,-0.00849664583802223,0.0118931056931615
-0.00383013696409762,0.00322126247920096,0.00230572582222521
-0.00489540072157979,-0.00103979511186481,-0.00195533153600991
0.00469197798520327,-0.00849664583802223,0.00337099027819931
-0.00169960781931877,0.0202654916793108,-0.00941218249499798
0.00895303580909967,0.0117433769628406,0.00656678434461355
-0.00915645994246006,0.0223960187286139,0.017219427973032
-0.000634343537967652,-0.00849664583802223,-0.00302059575915337
0.00788777135312557,-0.00103979511186481,0.000175197244971059
-0.00276487227529287,-0.00956191029399633,0.00976257678121328
0.00149618519935757,-0.00956191029399633,-0.0104774460196495
0.00149618519935757,-0.0138229671865702,-0.0168690327554941
-0.000634343537967652,2.54695987678133E-05,0.00869731232523918
0.0132140936329961,0.00215599802322686,0.0182846896350384
-0.00489540072157979,-0.00956191029399633,-0.00834691803902388
0.00469197798520327,-0.0106271747499704,0.00443625450134277
-0.0102217216044664,-0.00849664583802223,0.00550151988863945
0.0238667353987694,0.0117433769628406,-0.00728165358304977
-0.00915645994246006,-0.0180840250104666,-0.0179342962801456
-0.00169960781931877,0.00961284805089235,0.0225457474589348
0.00256144977174699,0.00535179162397981,0.00124046194832772
0.00149618519935757,0.00641705514863133,0.00869731232523918
-0.00169960781931877,0.00322126247920096,-0.0168690327554941
0.0174751505255699,-0.0180840250104666,-0.0115427104756236
-0.00169960781931877,0.0106781125068665,0.0108278412371874
0.0100183002650738,2.54695987678133E-05,-0.00834691803902388
-0.0144827794283628,0.0160044357180595,0.0129583701491356
0.00469197798520327,-0.00530085247009993,-0.00302059575915337
0.0132140936329961,-0.00636611692607403,-0.0126079749315977
-0.0198091045022011,0.00428652716800571,-0.0136732403188944
0.00256144977174699,-0.0138229671865702,0.00656678434461355
-0.00169960781931877,-0.00103979511186481,-0.00941218249499798
-0.00383013696409762,0.0117433769628406,0.00124046194832772
-0.00489540072157979,-0.00956191029399633,0.0268068052828312
0.000430920859798789,0.0234612841159105,0.00550151988863945
-0.00702592963352799,-0.0361935198307037,-0.0189995616674423
-0.00169960781931877,-0.00423558801412582,0.000175197244971059
0.00256144977174699,-0.00103979511186481,-0.00834691803902388
0.00788777135312557,0.00322126247920096,-0.0232606194913387
0.00256144977174699,0.00215599802322686,0.00337099027819931
0.00149618519935757,-0.0191492885351181,0.00656678434461355
-0.00702592963352799,0.0234612841159105,-0.00834691803902388
-0.00596066517755389,-0.0106271747499704,0.000175197244971059
0.0153446225449443,-0.00317032379098237,0.00124046194832772
0.000430920859798789,0.00854758359491825,0.0257415417581797
-0.00596066517755389,-0.00317032379098237,-0.0136732403188944
0.00256144977174699,-0.0106271747499704,-0.000890067196451128
-0.0102217216044664,0.0117433769628406,-0.00621638912707567
-0.00596066517755389,0.00322126247920096,0.0129583701491356
0.00362671399489045,-0.00103979511186481,-0.00834691803902388
-0.00809119455516338,0.00322126247920096,0.0161541644483805
0.00895303580909967,-0.00849664583802223,-0.0104774460196495
0.022801473736763,-0.00210505956783891,-0.00941218249499798
-0.00489540072157979,-0.0148882325738668,0.0182846896350384
-0.00489540072157979,0.0160044357180595,-0.00515112467110157
-0.000634343537967652,-0.022345082834363,-0.00195533153600991
-0.00383013696409762,-0.00530085247009993,0.00763204740360379
-0.00702592963352799,0.0117433769628406,0.00869731232523918
-0.00702592963352799,0.0223960187286139,-0.00834691803902388
-0.00169960781931877,-0.0287366695702076,-0.00728165358304977
0.0164098870009184,0.00748231960460544,-0.00621638912707567
0.00149618519935757,0.00748231960460544,-0.00515112467110157
-0.00383013696409762,-0.00210505956783891,0.017219427973032
-0.00596066517755389,-0.00636611692607403,-0.00621638912707567
0.0110835647210479,-0.00423558801412582,-0.00302059575915337
0.000430920859798789,-0.00103979511186481,-0.00515112467110157
0.000430920859798789,0.00535179162397981,-0.00941218249499798
0.0100183002650738,-0.0127577027305961,-0.00408586021512747
0.00256144977174699,0.0117433769628406,0.00124046194832772
0.000430920859798789,0.00109073356725276,0.00656678434461355
0.00256144977174699,-0.00849664583802223,-0.0158037673681974
-0.00702592963352799,0.00428652716800571,0.00869731232523918
0.00788777135312557,0.00109073356725276,-0.0104774460196495
-0.00809119455516338,0.00322126247920096,0.0236110128462315
-0.00702592963352799,0.00854758359491825,0.00869731232523918
0.00788777135312557,0.00748231960460544,0.0129583701491356
0.00362671399489045,0.0117433769628406,0.0150888999924064
-0.00383013696409762,-0.0170187596231699,-0.0126079749315977
-0.0102217216044664,0.00215599802322686,-0.0189995616674423
0.00575724244117737,-0.00103979511186481,0.00869731232523918
-0.00702592963352799,0.00322126247920096,-0.00728165358304977
-0.00276487227529287,-0.00849664583802223,0.0140236355364323
-0.00915645994246006,-0.00317032379098237,-0.0275216773152351
0.00788777135312557,0.00641705514863133,0.0118931056931615
-0.00276487227529287,-0.00849664583802223,0.0129583701491356
0.000430920859798789,-0.00423558801412582,0.00230572582222521
0.00788777135312557,0.00322126247920096,0.0161541644483805
-0.00383013696409762,-0.00317032379098237,-0.00728165358304977
-0.00596066517755389,0.00748231960460544,-0.00302059575915337
-0.0134175149723887,-0.00103979511186481,-0.00728165358304977
0.0217362083494663,-0.00743138138204813,0.000175197244971059
0.000430920859798789,-0.00317032379098237,-0.00515112467110157
0.00362671399489045,2.54695987678133E-05,-0.00302059575915337
0.00682250736281276,-0.00210505956783891,0.00230572582222521
-0.0176785755902529,0.00428652716800571,-0.00195533153600991
0.0153446225449443,-0.00849664583802223,-0.0147385047748685
0.00469197798520327,-0.0170187596231699,-0.0158037673681974
-0.0134175149723887,0.00641705514863133,-0.00941218249499798
0.00895303580909967,0.0106781125068665,0.00443625450134277
-0.00915645994246006,-0.00956191029399633,0.00763204740360379
-0.00383013696409762,0.00535179162397981,-0.0115427104756236
-0.0166133102029562,-0.00636611692607403,0.0257415417581797
0.0132140936329961,-0.011692438274622,-0.00408586021512747
-0.00702592963352799,0.00961284805089235,0.0161541644483805
-0.00383013696409762,-0.00956191029399633,-0.0136732403188944
-0.000634343537967652,0.00535179162397981,0.000175197244971059
0.00256144977174699,0.00322126247920096,0.00550151988863945
0.00256144977174699,0.00322126247920096,-0.00728165358304977
-0.0144827794283628,2.54695987678133E-05,0.00550151988863945
-0.00702592963352799,0.00322126247920096,0.0161541644483805
-0.0293964818120003,0.0128086432814598,0.0161541644483805
0.0153446225449443,-0.00956191029399633,0.00337099027819931
-0.00383013696409762,0.00428652716800571,-0.00302059575915337
-0.0112869860604405,0.0192002262920141,0.00550151988863945
0.012148829177022,-0.00849664583802223,0.00230572582222521
0.00149618519935757,0.0149391712620854,0.00230572582222521
0.0100183002650738,-0.0276714041829109,-0.0126079749315977
-0.0134175149723887,0.00322126247920096,0.00337099027819931
0.00469197798520327,-0.00210505956783891,0.0204152185469866
0.0110835647210479,-0.0106271747499704,0.0182846896350384
0.00469197798520327,0.00535179162397981,-0.0264564119279385
-0.00489540072157979,-0.00317032379098237,0.00124046194832772
-0.00276487227529287,0.00535179162397981,0.0118931056931615
0.00682250736281276,-0.0138229671865702,-0.0189995616674423
0.00469197798520327,0.00641705514863133,-0.0189995616674423
-0.00489540072157979,0.00428652716800571,0.00443625450134277
-0.00169960781931877,0.00109073356725276,-0.0104774460196495
-0.0123522505164146,0.00322126247920096,0.00656678434461355
0.000430920859798789,-0.00103979511186481,0.00337099027819931
0.0132140936329961,0.00322126247920096,0.000175197244971059
-0.00915645994246006,0.00535179162397981,-0.00515112467110157
0.00469197798520327,-0.00423558801412582,-0.0168690327554941
0.00256144977174699,0.00428652716800571,0.00976257678121328
0.00575724244117737,-0.00956191029399633,-0.00834691803902388
-0.00383013696409762,-0.0148882325738668,-0.0158037673681974
-0.00276487227529287,0.00641705514863133,-0.00834691803902388
-0.0272659529000521,0.0149391712620854,0.0150888999924064
-0.00489540072157979,0.0138739068061113,-0.0158037673681974
0.0110835647210479,-0.00423558801412582,0.0182846896350384
-0.00169960781931877,-0.00530085247009993,-0.00941218249499798
-0.00809119455516338,-0.0170187596231699,0.00550151988863945
0.0110835647210479,0.00322126247920096,-0.00302059575915337
0.00362671399489045,0.00961284805089235,0.0108278412371874
0.00256144977174699,-0.0127577027305961,-0.00515112467110157
0.00256144977174699,0.00428652716800571,0.00763204740360379
0.000430920859798789,0.00854758359491825,-0.00621638912707567
-0.00276487227529287,0.00535179162397981,0.0150888999924064
0.00256144977174699,-0.00317032379098237,0.00976257678121328
0.012148829177022,0.00109073356725276,-0.0221953541040421
-0.00809119455516338,-0.00423558801412582,-0.0104774460196495
0.00575724244117737,-0.00530085247009993,0.00763204740360379
-0.00915645994246006,-0.00849664583802223,-0.00302059575915337
-0.00169960781931877,-0.00636611692607403,0.00763204740360379
0.0153446225449443,0.00215599802322686,0.0182846896350384
0.000430920859798789,-0.00956191029399633,-0.0158037673681974
-0.00169960781931877,0.00215599802322686,0.0129583701491356
-0.00276487227529287,-0.0234103463590145,0.00656678434461355
-0.00915645994246006,0.0138739068061113,0.00230572582222521
-0.00809119455516338,-0.00317032379098237,0.0236110128462315
0.00682250736281276,-0.00423558801412582,-0.0200648251920938
0.00682250736281276,-0.00743138138204813,-0.00728165358304977
0.00469197798520327,0.00854758359491825,0.0150888999924064
-0.00596066517755389,-0.00210505956783891,-0.0232606194913387
0.00895303580909967,2.54695987678133E-05,0.00124046194832772
-0.00809119455516338,-0.00636611692607403,-0.00728165358304977
-0.00383013696409762,-0.0170187596231699,0.00869731232523918
-0.00596066517755389,0.00322126247920096,-0.0328480005264282
-0.000634343537967652,0.0138739068061113,0.0182846896350384
0.00575724244117737,-0.00956191029399633,-0.00621638912707567
-0.0123522505164146,0.00641705514863133,0.0278720688074827
-0.00915645994246006,-0.0180840250104666,-0.0104774460196495
0.00469197798520327,0.00535179162397981,-0.0147385047748685
-0.0134175149723887,0.00109073356725276,0.0108278412371874
0.00362671399489045,-0.00103979511186481,-0.00302059575915337
-0.00702592963352799,-0.00103979511186481,-0.00941218249499798
0.00788777135312557,-0.00423558801412582,0.00230572582222521
0.00575724244117737,2.54695987678133E-05,0.0129583701491356
-0.0112869860604405,-0.00849664583802223,-0.00408586021512747
0.00469197798520327,0.00535179162397981,0.00124046194832772
0.00362671399489045,0.00322126247920096,-0.0158037673681974
-0.00596066517755389,-0.00103979511186481,-0.0115427104756236
-0.00809119455516338,0.00641705514863133,0.00763204740360379
-0.00596066517755389,-0.00103979511186481,0.0108278412371874
-0.0123522505164146,-0.0202145539224148,-0.0264564119279385
-0.0144827794283628,0.00109073356725276,0.0108278412371874
0.00256144977174699,0.00641705514863133,0.000175197244971059
-0.00489540072157979,-0.0106271747499704,-0.000890067196451128
-0.000634343537967652,2.54695987678133E-05,0.00656678434461355
0.000430920859798789,0.00109073356725276,-0.0136732403188944
-0.00809119455516338,-0.00849664583802223,0.000175197244971059
-0.0102217216044664,-0.00103979511186481,-0.00195533153600991
0.00895303580909967,0.0181349627673626,0.0193499550223351
0.00362671399489045,0.00428652716800571,-0.0221953541040421
0.0142793580889702,0.00428652716800571,0.000175197244971059
-0.0144827794283628,-0.00636611692607403,0.00976257678121328
0.00362671399489045,-0.0159534960985184,-0.0136732403188944
0.00149618519935757,0.0117433769628406,0.024676276370883
-0.00702592963352799,0.00854758359491825,0.00124046194832772
0.0100183002650738,0.00322126247920096,-0.000890067196451128
0.00682250736281276,-0.00849664583802223,-0.00941218249499798
-0.00276487227529287,-0.011692438274622,-0.0147385047748685
-0.00276487227529287,-0.00103979511186481,0.00869731232523918
-0.0144827794283628,-0.00743138138204813,0.00763204740360379
0.00575724244117737,0.0181349627673626,0.0182846896350384
0.0142793580889702,-0.0244756117463112,-0.00302059575915337
-0.00383013696409762,-0.00423558801412582,-0.00302059575915337
-0.0166133102029562,0.00322126247920096,0.0225457474589348
-0.00915645994246006,0.0202654916793108,0.0129583701491356
0.00362671399489045,-0.00423558801412582,0.000175197244971059
-0.00915645994246006,-0.00743138138204813,-0.000890067196451128
-0.0251354239881039,0.00961284805089235,-0.00195533153600991
-0.00489540072157979,0.00535179162397981,-0.0104774460196495
0.00469197798520327,0.00428652716800571,-0.00515112467110157
0.00788777135312557,-0.0298019330948591,0.0161541644483805
-0.0219396315515041,0.0202654916793108,0.00337099027819931
-0.0134175149723887,0.00641705514863133,-0.00728165358304977
0.00469197798520327,-0.0212798174470663,-0.0126079749315977
-0.00702592963352799,0.0255918130278587,-0.000890067196451128
0.00788777135312557,0.00322126247920096,0.00124046194832772
-0.00596066517755389,-0.00743138138204813,-0.0189995616674423
-0.0155480438843369,0.00215599802322686,-0.0126079749315977
0.00575724244117737,0.0149391712620854,-0.00728165358304977
-0.0176785755902529,-0.00530085247009993,0.0108278412371874
-0.00276487227529287,0.0117433769628406,-0.0126079749315977
0.0164098870009184,2.54695987678133E-05,-0.00728165358304977
0.00682250736281276,0.00109073356725276,-0.0115427104756236
-0.0123522505164146,-0.0170187596231699,-0.0264564119279385
-0.0112869860604405,0.0181349627673626,0.00230572582222521
-0.00276487227529287,-0.00636611692607403,0.00230572582222521
0.00362671399489045,0.00748231960460544,0.0150888999924064
-0.0155480438843369,-0.00530085247009993,-0.0136732403188944
0.00788777135312557,0.0128086432814598,0.0278720688074827
-0.000634343537967652,-0.0127577027305961,-0.0104774460196495
0.00682250736281276,-0.00317032379098237,-0.0232606194913387
0.00256144977174699,0.00428652716800571,-0.00834691803902388
0.00256144977174699,-0.0148882325738668,-0.00195533153600991
0.00362671399489045,0.0128086432814598,-0.00408586021512747
0.0110835647210479,0.00428652716800571,0.0129583701491356
0.00362671399489045,-0.0191492885351181,0.00230572582222521
-0.000634343537967652,0.00748231960460544,-0.00195533153600991
-0.00276487227529287,2.54695987678133E-05,-0.00941218249499798
-0.00276487227529287,0.00109073356725276,0.0140236355364323
-0.00276487227529287,-0.00423558801412582,-0.00408586021512747
0.0164098870009184,-0.00530085247009993,-0.00728165358304977
-0.0166133102029562,0.00428652716800571,-0.00941218249499798
0.00149618519935757,-0.00317032379098237,0.00869731232523918
0.00362671399489045,0.00322126247920096,-0.00621638912707567
0.00256144977174699,-0.00956191029399633,-0.0104774460196495
0.00895303580909967,0.00535179162397981,0.00550151988863945
-0.00276487227529287,-0.00317032379098237,-0.00728165358304977
0.00575724244117737,-0.00743138138204813,0.00124046194832772
-0.0112869860604405,0.00428652716800571,0.0161541644483805
0.00362671399489045,-0.00743138138204813,-0.0158037673681974
-0.00169960781931877,-0.0276714041829109,-0.0211300905793905
0.0110835647210479,-0.00956191029399633,-0.00941218249499798
-0.0102217216044664,0.0192002262920141,0.00869731232523918
-0.00169960781931877,-0.00103979511186481,-0.00834691803902388
-0.00383013696409762,-0.00103979511186481,-0.0126079749315977
-0.00489540072157979,0.0106781125068665,-0.0168690327554941
-0.00169960781931877,-0.0191492885351181,-0.0115427104756236
0.00469197798520327,0.0117433769628406,0.0118931056931615
-0.00915645994246006,0.00428652716800571,-0.0104774460196495
0.00469197798520327,-0.0159534960985184,-0.00834691803902388
-0.00489540072157979,-0.00530085247009993,-0.00408586021512747
0.0100183002650738,0.00109073356725276,-0.00408586021512747
-0.00276487227529287,-0.0127577027305961,0.00550151988863945
-0.0102217216044664,0.00535179162397981,0.0161541644483805
-0.00169960781931877,-0.00317032379098237,0.00976257678121328
0.0132140936329961,0.00854758359491825,0.00656678434461355
-0.00809119455516338,-0.0170187596231699,-0.0179342962801456
0.00362671399489045,0.0117433769628406,-0.0126079749315977
0.00682250736281276,-0.00636611692607403,0.0214804839342833
0.00149618519935757,0.00428652716800571,0.00763204740360379
-0.000634343537967652,0.00322126247920096,0.00763204740360379
0.00149618519935757,-0.00317032379098237,-0.00621638912707567
-0.0102217216044664,-0.00210505956783891,0.0118931056931615
0.000430920859798789,-0.011692438274622,0.000175197244971059
0.0142793580889702,0.00215599802322686,0.0108278412371874
-0.00809119455516338,0.00215599802322686,0.0108278412371874
0.00256144977174699,0.00109073356725276,0.00230572582222521
0.00362671399489045,-0.00210505956783891,0.00869731232523918
-0.00809119455516338,-0.011692438274622,0.00763204740360379
-0.0155480438843369,-0.00530085247009993,-0.00621638912707567
0.0110835647210479,2.54695987678133E-05,0.00124046194832772
0.00575724244117737,0.00641705514863133,0.0118931056931615
-0.00276487227529287,-0.011692438274622,-0.00195533153600991
0.0164098870009184,0.0128086432814598,0.00337099027819931
-0.00276487227529287,0.0106781125068665,0.00763204740360379
0.0142793580889702,0.00428652716800571,-0.00408586021512747
0.000430920859798789,0.0128086432814598,0.00550151988863945
-0.00276487227529287,-0.0148882325738668,0.0150888999924064
-0.0102217216044664,0.00961284805089235,0.00124046194832772
-0.00915645994246006,-0.00636611692607403,0.0225457474589348
-0.0155480438843369,0.00322126247920096,-0.000890067196451128
0.00362671399489045,0.0106781125068665,-0.0221953541040421
-0.00489540072157979,0.00748231960460544,0.0161541644483805
-0.00169960781931877,0.00428652716800571,0.0129583701491356
0.00469197798520327,-0.00956191029399633,0.017219427973032
-0.00596066517755389,-0.00849664583802223,-0.00195533153600991
-0.0134175149723887,-0.00103979511186481,-0.00408586021512747
0.00469197798520327,-0.00636611692607403,-0.000890067196451128
0.00149618519935757,2.54695987678133E-05,0.00976257678121328
0.00256144977174699,-0.0255408752709627,-0.0126079749315977
0.00558162480592728,0.00169875868596137,-0.00813941843807697
0.00238583167083561,0.00276402314193547,0.0142311351373792
-0.00613628327846527,-0.0196065288037062,-0.0273141749203205
0.0119732115417719,0.0123514020815492,0.018492192029953
-0.00294049037620425,0.00169875868596137,-0.0124004753306508
-0.0157236624509096,0.0112861376255751,0.0121006052941084
0.00558162480592728,-0.00682335626333952,0.0142311351373792
0.00132056721486151,-0.0121496776118875,-0.00920468289405108
-0.00400575483217835,0.00169875868596137,-0.026248911395669
-0.00080996158067137,0.00809034518897533,0.0216879844665527
-0.00294049037620425,-0.00256229843944311,-0.0155962677672505
0.00451636034995317,-0.00256229843944311,0.0110353408381343
-0.00507101882249117,0.0187429878860712,0.0121006052941084
0.00238583167083561,-0.00362756289541721,-0.026248911395669
-0.00080996158067137,-0.00895388424396515,0.00997007638216019
0.0204953271895647,-0.00256229843944311,0.00570901948958635
-0.0167889278382063,0.0230040457099676,0.00783954747021198
0.0130384750664234,-0.00895388424396515,0.00251322565600276
0.00238583167083561,0.00489455228671432,0.00464375456795096
-0.0114626055583358,-0.00575809180736542,-0.00494362507015467
0.0130384750664234,0.00489455228671432,-0.0124004753306508
0.000255302817095071,-0.0164107363671064,0.00464375456795096
-0.00400575483217835,0.0176777243614197,0.0131658697500825
0.00558162480592728,-0.017475999891758,-0.0102699464187026
0.00558162480592728,0.0166124626994133,0.00677428394556046
-0.00613628327846527,-0.00149703433271498,-0.0124004753306508
0.0109079470857978,-0.0100191486999393,0.00251322565600276
-0.00507101882249117,0.00276402314193547,0.018492192029953
-0.0103973411023617,-0.000431769934948534,-0.0198573265224695
0.00664688926190138,-0.00895388424396515,-0.0155962677672505
0.00238583167083561,0.000633494753856212,-0.00920468289405108
-0.00720154773443937,-0.00149703433271498,0.00038269703509286
-0.00507101882249117,0.00169875868596137,0.00357849011197686
0.00451636034995317,-0.00575809180736542,0.00783954747021198
-0.00187522592023015,0.0198082532733679,0.00997007638216019
-0.00826681312173605,-0.00256229843944311,-0.0145310051739216
0.0109079470857978,-0.00149703433271498,-0.00600888952612877
-0.00187522592023015,0.00915560871362686,0.0152963995933533
0.00345109589397907,-0.0121496776118875,-0.0155962677672505
0.00238583167083561,0.0123514020815492,0.0195574555546045
-0.00507101882249117,0.00169875868596137,-0.000682567420881242
0.000255302817095071,0.0112861376255751,-0.00813941843807697
-0.00826681312173605,-0.00682335626333952,0.00357849011197686
-0.00613628327846527,-0.00256229843944311,0.00570901948958635
0.00345109589397907,0.00276402314193547,0.00464375456795096
-0.00507101882249117,-0.00149703433271498,-0.0102699464187026
0.00984268262982369,0.00702508026733995,0.0110353408381343
-0.00080996158067137,0.00169875868596137,0.00038269703509286
0.000255302817095071,-0.0153454709798098,0.0270143076777458
0.0162342675030231,0.0283303689211607,-0.0134657407179475
0.00558162480592728,0.0144819328561425,0.00890481192618609
-0.0103973411023617,-0.00575809180736542,-0.00387836038134992
-0.00080996158067137,0.00702508026733995,-0.00813941843807697
0.000255302817095071,0.00702508026733995,0.00464375456795096
-0.00826681312173605,0.00489455228671432,-0.00600888952612877
0.00664688926190138,0.0166124626994133,0.018492192029953
-0.0114626055583358,-0.00469282735139132,0.00038269703509286
0.000255302817095071,0.00702508026733995,-0.00494362507015467
0.00451636034995317,0.00915560871362686,-0.0145310051739216
0.00132056721486151,0.00915560871362686,0.00677428394556046
0.00238583167083561,-0.00149703433271498,0.00677428394556046
0.00238583167083561,0.00169875868596137,-0.000682567420881242
-0.00720154773443937,-0.00469282735139132,-0.00813941843807697
0.0151690039783716,-0.00682335626333952,-0.0187920611351728
-0.013593134470284,0.010220873169601,-0.00494362507015467
-0.00826681312173605,-0.00256229843944311,-0.00387836038134992
-0.0103973411023617,0.0187429878860712,0.0121006052941084
-0.00187522592023015,-0.00788861978799105,-0.00494362507015467
0.00132056721486151,0.00595981674268842,0.00251322565600276
-0.00187522592023015,0.0123514020815492,-0.000682567420881242
-0.0167889278382063,0.00702508026733995,0.00890481192618609
0.0130384750664234,-0.00256229843944311,-0.000682567420881242
-0.00720154773443937,-0.00256229843944311,-0.0134657407179475
-0.00187522592023015,0.00489455228671432,0.0163616631180048
0.000255302817095071,0.00489455228671432,-0.00707415398210287
-0.00080996158067137,0.0144819328561425,0.0280795712023973
0.00451636034995317,-0.0100191486999393,-0.00707415398210287
-0.00400575483217835,0.0166124626994133,-0.00494362507015467
-0.00720154773443937,0.00169875868596137,-0.00174783170223236
0.00771215371787548,-0.00149703433271498,-0.0113352108746767
-0.00720154773443937,-0.0110844131559134,0.00570901948958635
0.00132056721486151,0.0123514020815492,0.00783954747021198
-0.00826681312173605,-0.0217370577156544,0.00144796178210527
0.0119732115417719,0.00809034518897533,-0.0124004753306508
0.00132056721486151,-0.00362756289541721,0.0238185133785009
0.00132056721486151,-0.00149703433271498,-0.00387836038134992
-0.00826681312173605,-0.00469282735139132,-0.0241183862090111
0.00984268262982369,0.0123514020815492,0.00783954747021198
0.00238583167083561,-0.00788861978799105,-0.00920468289405108
-0.00613628327846527,0.0187429878860712,0.0270143076777458
-0.00294049037620425,0.0134166684001684,-0.0124004753306508
0.00664688926190138,0.00382928759790957,0.0195574555546045
-0.0221152473241091,0.00276402314193547,0.00038269703509286
-0.00826681312173605,0.010220873169601,0.0152963995933533
-0.00294049037620425,-0.00469282735139132,-0.0145310051739216
0.0258216485381126,0.00595981674268842,-0.00707415398210287
-0.00933207757771015,0.010220873169601,0.00144796178210527
-0.0103973411023617,0.0134166684001684,-0.0102699464187026
-0.00294049037620425,0.00915560871362686,0.00997007638216019
-0.0125278700143099,0.0166124626994133,-0.00494362507015467
0.00664688926190138,-0.00362756289541721,-0.00813941843807697
-0.0114626055583358,0.00702508026733995,0.00570901948958635
0.00345109589397907,-0.0110844131559134,-0.00707415398210287
0.000255302817095071,0.00915560871362686,-0.00281309592537582
-0.00720154773443937,-0.00256229843944311,0.00251322565600276
0.00664688926190138,0.00489455228671432,0.0110353408381343
0.00558162480592728,-0.00469282735139132,-0.0134657407179475
-0.0114626055583358,0.000633494753856212,-0.00174783170223236
0.00345109589397907,-0.00256229843944311,0.00890481192618609
-0.00400575483217835,0.010220873169601,0.0195574555546045
0.00132056721486151,-0.00575809180736542,-0.0102699464187026
-0.00507101882249117,0.00276402314193547,-0.000682567420881242
0.00238583167083561,-0.00469282735139132,0.0195574555546045
-0.00187522592023015,0.000633494753856212,0.00677428394556046
0.00345109589397907,0.00809034518897533,0.00357849011197686
0.0141037395223975,0.00276402314193547,-0.00387836038134992
-0.0167889278382063,-0.00575809180736542,0.0238185133785009
0.0109079470857978,0.010220873169601,-0.0113352108746767
0.0151690039783716,0.00702508026733995,0.0142311351373792
-0.0114626055583358,-0.00149703433271498,-0.0166615322232246
0.00664688926190138,-0.00149703433271498,0.0131658697500825
0.00664688926190138,-0.00575809180736542,-0.00494362507015467
-0.0146583989262581,0.000633494753856212,0.00357849011197686
-0.00933207757771015,-0.00362756289541721,0.00570901948958635
0.00664688926190138,-0.00895388424396515,-0.00813941843807697
0.00451636034995317,0.0123514020815492,-0.00387836038134992
0.00664688926190138,-0.00149703433271498,-0.00707415398210287
-0.00400575483217835,0.0155471973121166,0.00038269703509286
0.00238583167083561,-0.0142802065238357,0.00144796178210527
0.00664688926190138,-0.00149703433271498,-0.00174783170223236
0.00664688926190138,-0.00682335626333952,-0.00920468289405108
-0.00613628327846527,-0.00788861978799105,0.00570901948958635
-0.0157236624509096,0.00489455228671432,-0.00387836038134992
-0.00187522592023015,-0.0121496776118875,-0.0198573265224695
0.00132056721486151,0.000633494753856212,-0.0102699464187026
-0.00826681312173605,-0.000431769934948534,-0.000682567420881242
-0.00613628327846527,0.00169875868596137,-0.0187920611351728
0.0130384750664234,-0.00469282735139132,-0.0102699464187026
0.00238583167083561,0.000633494753856212,0.0142311351373792
0.00558162480592728,-0.00256229843944311,-0.0187920611351728
-0.013593134470284,0.010220873169601,0.00677428394556046
0.0109079470857978,-0.0142802065238357,0.0206227209419012
0.00238583167083561,0.00276402314193547,0.00144796178210527
0.00877741817384958,-0.0100191486999393,-0.00174783170223236
-0.00294049037620425,-0.00362756289541721,-0.0102699464187026
-0.00613628327846527,-0.00149703433271498,-0.00281309592537582
0.000255302817095071,0.0144819328561425,0.0110353408381343
-0.00080996158067137,-0.0132149420678616,-0.00387836038134992
0.0109079470857978,0.00382928759790957,0.0152963995933533
-0.00826681312173605,-0.00575809180736542,0.0238185133785009
-0.00294049037620425,0.00169875868596137,0.0121006052941084
0.0141037395223975,-0.0100191486999393,-0.000682567420881242
-0.0178541913628578,-0.00682335626333952,0.00570901948958635
0.00132056721486151,0.0176777243614197,-0.0177267976105213
0.00877741817384958,-0.0185412652790546,-0.00707415398210287
0.0141037395223975,0.00489455228671432,-0.00600888952612877
-0.00187522592023015,-0.00149703433271498,0.00997007638216019
-0.00933207757771015,0.000633494753856212,-0.000682567420881242
0.00877741817384958,-0.00469282735139132,-0.00600888952612877
0.00877741817384958,0.00169875868596137,0.0121006052941084
-0.00187522592023015,-0.0110844131559134,-0.00174783170223236
-0.00400575483217835,0.00276402314193547,-0.00281309592537582
0.00238583167083561,-0.0196065288037062,-0.00600888952612877
0.0109079470857978,0.0176777243614197,0.00038269703509286
-0.00187522592023015,-0.00469282735139132,-0.0166615322232246
-0.0114626055583358,0.00595981674268842,0.00357849011197686
0.00238583167083561,0.0240693110972643,-0.00281309592537582
-0.0189194567501545,-0.00362756289541721,0.0110353408381343
0.0194300636649132,0.00382928759790957,-0.026248911395669
-0.00294049037620425,0.0112861376255751,0.00144796178210527
0.00558162480592728,0.00276402314193547,-0.0155962677672505
0.00771215371787548,-0.00149703433271498,0.00677428394556046
-0.013593134470284,-0.00362756289541721,0.0131658697500825
0.00132056721486151,0.00702508026733995,-0.0177267976105213
0.0151690039783716,0.00809034518897533,0.0131658697500825
-0.00080996158067137,-0.0153454709798098,0.00570901948958635
-0.00933207757771015,-0.0100191486999393,0.00251322565600276
0.0130384750664234,-0.0121496776118875,0.00783954747021198
0.00132056721486151,-0.00256229843944311,-0.0145310051739216
0.00771215371787548,0.00809034518897533,0.0259490422904491
-0.0114626055583358,0.000633494753856212,-0.0241183862090111
-0.00294049037620425,0.00276402314193547,-0.00494362507015467
0.0109079470857978,0.0112861376255751,-0.00920468289405108
-0.00294049037620425,-0.0132149420678616,-0.00707415398210287
0.00238583167083561,-0.00256229843944311,-0.00813941843807697
-0.00720154773443937,0.00595981674268842,0.00144796178210527
0.00771215371787548,0.00595981674268842,-0.0177267976105213
-0.00613628327846527,0.00169875868596137,0.00570901948958635
0.00238583167083561,0.00276402314193547,-0.00813941843807697
-0.0103973411023617,-0.00575809180736542,0.00144796178210527
-0.00080996158067137,-0.00362756289541721,0.00357849011197686
-0.0146583989262581,-0.0110844131559134,0.00783954747021198
-0.00933207757771015,0.00169875868596137,-0.0198573265224695
-0.00826681312173605,0.00489455228671432,0.0227532498538494
0.0162342675030231,-0.0100191486999393,-0.0145310051739216
-0.00826681312173605,0.00809034518897533,-0.00813941843807697
0.0130384750664234,0.00276402314193547,0.00783954747021198
0.00558162480592728,-0.0110844131559134,-0.00813941843807697
-0.00400575483217835,0.00382928759790957,0.0121006052941084
0.00771215371787548,0.00489455228671432,0.00570901948958635
-0.0231805127114058,0.00276402314193547,-0.00813941843807697
-0.00187522592023015,0.00382928759790957,0.00997007638216019
-0.00826681312173605,0.00169875868596137,0.0206227209419012
-0.00080996158067137,0.00382928759790957,-0.0124004753306508
-0.00613628327846527,0.00382928759790957,-0.00813941843807697
-0.00294049037620425,0.010220873169601,0.00144796178210527
0.0141037395223975,-0.00682335626333952,-0.00281309592537582
-0.00294049037620425,0.000633494753856212,-0.0155962677672505
-0.00507101882249117,-0.00149703433271498,0.0131658697500825
-0.00507101882249117,0.0230040457099676,-0.00707415398210287
-0.00613628327846527,0.0176777243614197,0.0163616631180048
-0.00507101882249117,0.00276402314193547,-0.00387836038134992
0.00771215371787548,0.0208735167980194,0.0152963995933533
-0.0103973411023617,-0.0100191486999393,0.00038269703509286
-0.00613628327846527,0.000633494753856212,0.0142311351373792
-0.00187522592023015,0.0134166684001684,-0.000682567420881242
-0.00294049037620425,0.010220873169601,0.00570901948958635
0.00345109589397907,-0.00682335626333952,-0.00174783170223236
-0.00613628327846527,0.00382928759790957,-0.00387836038134992
0.00238583167083561,0.00382928759790957,-0.0102699464187026
0.00238583167083561,0.00489455228671432,0.0195574555546045
-0.00507101882249117,-0.00788861978799105,-0.0219878572970629
0.00345109589397907,-0.00362756289541721,0.00677428394556046
0.00345109589397907,0.00595981674268842,-0.00387836038134992
0.00877741817384958,-0.0196065288037062,0.00677428394556046
-0.00400575483217835,0.00276402314193547,-0.0347710251808166
0.00558162480592728,-0.000431769934948534,0.00570901948958635
-0.00933207757771015,-0.0196065288037062,0.00570901948958635
0.00132056721486151,0.0123514020815492,-0.0124004753306508
-0.00294049037620425,0.00169875868596137,0.00570901948958635
-0.00400575483217835,0.0176777243614197,-0.00281309592537582
0.0130384750664234,0.00276402314193547,-0.00174783170223236
-0.00080996158067137,0.0293956324458122,0.018492192029953
0.0183647964149714,-0.00895388424396515,-0.0166615322232246
-0.00613628327846527,0.000633494753856212,-0.00813941843807697
-0.00826681312173605,0.00489455228671432,0.00251322565600276
0.000255302817095071,-0.00149703433271498,-0.00600888952612877
0.00132056721486151,0.00382928759790957,0.0152963995933533
0.00664688926190138,-0.00362756289541721,0.0131658697500825
-0.00507101882249117,0.00595981674268842,0.00570901948958635
-0.00187522592023015,-0.030259171500802,-0.0198573265224695
-0.00187522592023015,0.0134166684001684,0.0110353408381343
0.00345109589397907,-0.0196065288037062,0.00357849011197686
-0.0114626055583358,0.00702508026733995,0.0110353408381343
0.0119732115417719,0.00595981674268842,-0.0102699464187026
-0.00826681312173605,-0.00469282735139132,-0.00707415398210287
0.00238583167083561,0.00489455228671432,-0.00174783170223236
-0.00400575483217835,0.0123514020815492,-0.00600888952612877
0.0151690039783716,-0.0142802065238357,-0.00813941843807697
-0.00613628327846527,-0.00895388424396515,-0.0155962677672505
0.00345109589397907,0.0123514020815492,0.00570901948958635
-0.00400575483217835,0.0144819328561425,0.00144796178210527
-0.00400575483217835,-0.00682335626333952,-0.000682567420881242
-0.00187522592023015,0.00915560871362686,0.0121006052941084
0.00238583167083561,-0.00575809180736542,0.00890481192618609
-0.00933207757771015,-0.00256229843944311,0.00038269703509286
0.0119732115417719,-0.00575809180736542,-0.0113352108746767
-0.013593134470284,0.00595981674268842,0.00038269703509286
0.00132056721486151,0.00702508026733995,-0.00174783170223236
-0.0125278700143099,0.00595981674268842,-0.0187920611351728
0.000255302817095071,0.00595981674268842,-0.00387836038134992
0.00984268262982369,-0.00256229843944311,0.0174269285053015
0.00132056721486151,-0.0142802065238357,0.00144796178210527
0.00132056721486151,0.00169875868596137,0.00357849011197686
0.00984268262982369,-0.00682335626333952,-0.00920468289405108
-0.0114626055583358,-0.0164107363671064,0.0206227209419012
0.000255302817095071,0.0144819328561425,-0.0155962677672505
0.000255302817095071,-0.00788861978799105,0.00144796178210527
0.00345109589397907,0.0230040457099676,-0.0102699464187026
-0.00187522592023015,0.00595981674268842,0.018492192029953
0.000255302817095071,-0.0121496776118875,-0.0166615322232246
-0.00933207757771015,0.00702508026733995,0.0195574555546045
0.00771215371787548,0.00702508026733995,0.00783954747021198
0.00984268262982369,-0.00788861978799105,0.00677428394556046
0.00877741817384958,-0.00575809180736542,0.00677428394556046
0.00558162480592728,0.0251345746219158,0.018492192029953
0.0194300636649132,-0.017475999891758,0.00144796178210527
-0.0125278700143099,0.00595981674268842,0.0216879844665527
0.0119732115417719,0.010220873169601,0.00357849011197686
-0.00933207757771015,-0.00469282735139132,0.00251322565600276
0.00558162480592728,0.0123514020815492,0.00997007638216019
0.00238583167083561,-0.00682335626333952,-0.00707415398210287
0.0162342675030231,-0.00575809180736542,-0.0155962677672505
-0.00613628327846527,0.000633494753856212,0.0131658697500825
-0.00507101882249117,0.000633494753856212,0.00570901948958635
0.00664688926190138,-0.00149703433271498,-0.0166615322232246
-0.00080996158067137,-0.017475999891758,0.00357849011197686
0.0141037395223975,0.0112861376255751,0.00144796178210527
-0.00080996158067137,-0.00256229843944311,0.0163616631180048
-0.00294049037620425,-0.00682335626333952,-0.00920468289405108
-0.00826681312173605,0.000633494753856212,0.00357849011197686
0.000255302817095071,0.00382928759790957,0.00570901948958635
0.00664688926190138,0.0144819328561425,-0.00707415398210287
-0.00294049037620425,-0.00149703433271498,-0.0145310051739216
0.000255302817095071,0.0443093329668045,-0.00174783170223236
-0.0103973411023617,0.000633494753856212,-0.000682567420881242
-0.0167889278382063,-0.00256229843944311,0.00251322565600276
0.00664688926190138,0.0240693110972643,-0.0166615322232246
0.00238583167083561,-0.017475999891758,-0.00174783170223236
0.00132056721486151,-0.0110844131559134,0.00464375456795096
0.00877741817384958,0.000633494753856212,-0.0241183862090111
0.00664688926190138,0.00702508026733995,0.00251322565600276
0.00345109589397907,-0.00149703433271498,-0.00707415398210287
-0.00613628327846527,0.010220873169601,0.0163616631180048
0.00238583167083561,-0.00256229843944311,0.0110353408381343
0.0119732115417719,-0.0132149420678616,0.00251322565600276
-0.00187522592023015,-0.00149703433271498,-0.0145310051739216
-0.0189194567501545,-0.00575809180736542,0.00783954747021198
0.0215605925768614,-0.00362756289541721,0.00890481192618609
-0.00507101882249117,0.00702508026733995,0.0110353408381343
-0.00400575483217835,0.00382928759790957,0.0152963995933533
0.00451636034995317,-0.00575809180736542,-0.00174783170223236
-0.00080996158067137,-0.00575809180736542,-0.00174783170223236
-0.00400575483217835,0.010220873169601,0.00357849011197686
0.00984268262982369,-0.0153454709798098,-0.0145310051739216
-0.0125278700143099,0.0176777243614197,0.0121006052941084
0.00664688926190138,-0.00895388424396515,-0.0155962677672505
0.00771215371787548,0.0166124626994133,0.00890481192618609
0.00132056721486151,0.00489455228671432,0.0110353408381343
0.0109079470857978,-0.017475999891758,0.0121006052941084
-0.013593134470284,0.0155471973121166,0.00677428394556046
-0.00080996158067137,-0.022802323102951,0.00464375456795096
-0.00507101882249117,-0.00256229843944311,-0.00281309592537582
0.00877741817384958,-0.00895388424396515,0.00890481192618609
-0.00720154773443937,0.00595981674268842,-0.0102699464187026
0.00877741817384958,-0.00575809180736542,0.0110353408381343
0.00451636034995317,0.0134166684001684,0.00890481192618609
-0.00613628327846527,-0.00682335626333952,0.0206227209419012
0.00558162480592728,0.00489455228671432,-0.0155962677672505
-0.00507101882249117,0.00382928759790957,-0.0177267976105213
-0.0103973411023617,-0.0153454709798098,0.00464375456795096
0.00238583167083561,-0.0121496776118875,-0.00707415398210287
0.00345109589397907,0.00276402314193547,0.00357849011197686
0.000255302817095071,-0.0110844131559134,0.00251322565600276
-0.00294049037620425,-0.00788861978799105,-0.00494362507015467
0.00877741817384958,0.00595981674268842,0.00570901948958635
-0.0146583989262581,-0.017475999891758,-0.0145310051739216
0.00238583167083561,0.0112861376255751,0.0312753655016422
-0.0157236624509096,-0.00895388424396515,-0.00707415398210287
-0.00400575483217835,-0.00149703433271498,0.00038269703509286
-0.00187522592023015,-0.00469282735139132,0.00677428394556046
-0.00507101882249117,0.010220873169601,-0.00707415398210287
-0.00400575483217835,-0.00362756289541721,-0.00813941843807697
0.0130384750664234,0.00276402314193547,-0.00707415398210287
0.00238583167083561,-0.0100191486999393,0.00357849011197686
0.00345109589397907,-0.0121496776118875,-0.0187920611351728
0.000255302817095071,0.0134166684001684,-0.00494362507015467
0.00664688926190138,-0.0132149420678616,0.0131658697500825
-0.00400575483217835,-0.0110844131559134,-0.0124004753306508
0.00984268262982369,-0.00469282735139132,0.00357849011197686
-0.00187522592023015,0.0176777243614197,0.00038269703509286
0.00558162480592728,0.000633494753856212,-0.0124004753306508
-0.0103973411023617,0.00276402314193547,-0.00813941843807697
0.00238583167083561,0.0198082532733679,0.0227532498538494
-0.0178541913628578,-0.0153454709798098,-0.0134657407179475
-0.00400575483217835,-0.00256229843944311,0.0121006052941084
0.00132056721486151,0.0123514020815492,0.0121006052941084
-0.00187522592023015,-0.00469282735139132,-0.00813941843807697
-0.00294049037620425,0.00809034518897533,-0.00494362507015467
0.00238583167083561,-0.017475999891758,-0.00281309592537582
-0.00933207757771015,0.00382928759790957,0.00464375456795096
0.00451636034995317,0.0155471973121166,0.00357849011197686
-0.0103973411023617,-0.000431769934948534,-0.00387836038134992
0.00664688926190138,0.0112861376255751,0.00251322565600276
-0.00187522592023015,0.00382928759790957,0.00890481192618609
0.00345109589397907,0.00169875868596137,-0.0102699464187026
0.00984268262982369,0.000633494753856212,0.00464375456795096
-0.00720154773443937,0.00276402314193547,-0.000682567420881242
0.00451636034995317,-0.000431769934948534,0.00677428394556046
0.0172995328903198,0.00276402314193547,-0.00281309592537582
-0.0146583989262581,0.00382928759790957,0.00997007638216019
0.00558162480592728,0.00595981674268842,-0.00600888952612877
-0.0125278700143099,-0.00469282735139132,0.00890481192618609
0.00451636034995317,-0.0142802065238357,-0.00813941843807697
-0.00826681312173605,-0.00575809180736542,-0.0113352108746767
0.0151690039783716,-0.00788861978799105,-0.020922590047121
-0.00400575483217835,0.00595981674268842,-0.000682567420881242
0.00558162480592728,0.00382928759790957,-0.0155962677672505
-0.0125278700143099,0.0144819328561425,0.00038269703509286
0.00238583167083561,0.0155471973121166,-0.00707415398210287
-0.0157236624509096,-0.0100191486999393,-0.00174783170223236
0.000255302817095071,-0.00788861978799105,-0.0113352108746767
0.00558162480592728,-0.00362756289541721,0.00464375456795096
-0.00613628327846527,0.0123514020815492,-0.000682567420881242
-0.00400575483217835,0.00489455228671432,-0.00600888952612877
-0.0167889278382063,0.00382928759790957,0.0238185133785009
0.00877741817384958,-0.00788861978799105,-0.00387836038134992
-0.0146583989262581,-0.00256229843944311,-0.00494362507015467
0.0109079470857978,-0.000431769934948534,-0.020922590047121
-0.00080996158067137,-0.00256229843944311,0.00997007638216019
0.00877741817384958,0.0166124626994133,-0.0145310051739216
-0.0103973411023617,0.00169875868596137,0.0163616631180048
0.00558162480592728,-0.00682335626333952,0.0142311351373792
0.0130384750664234,0.0123514020815492,-0.0198573265224695
-0.0103973411023617,-0.00895388424396515,-0.0124004753306508
-0.00080996158067137,-0.0142802065238357,0.0152963995933533
-0.00187522592023015,0.00915560871362686,-0.00813941843807697
-0.0125278700143099,-0.00788861978799105,0.0152963995933533
0.00664688926190138,-0.00788861978799105,-0.00920468289405108
-0.0167889278382063,0.00809034518897533,0.00038269703509286
0.00771215371787548,-0.0153454709798098,-0.0102699464187026
-0.00826681312173605,0.0176777243614197,0.0334058925509453
0.00558162480592728,0.000633494753856212,-0.00707415398210287
-0.00613628327846527,-0.00256229843944311,0.029144836589694
0.0119732115417719,0.00702508026733995,-0.00174783170223236
-0.0178541913628578,-0.00256229843944311,0.0195574555546045
0.00451636034995317,0.010220873169601,-0.00174783170223236
0.00771215371787548,0.00702508026733995,-0.00281309592537582
0.00451636034995317,0.00382928759790957,0.0216879844665527
0.00664688926190138,-0.0142802065238357,0.0174269285053015
-0.00826681312173605,0.0112861376255751,-0.00707415398210287
0.00238583167083561,-0.0100191486999393,-0.0145310051739216
0.0119732115417719,-0.00682335626333952,-0.00600888952612877
-0.0114626055583358,0.00169875868596137,0.00357849011197686
0.00345109589397907,-0.0110844131559134,0.0121006052941084
-0.00187522592023015,-0.0153454709798098,0.0195574555546045
-0.00080996158067137,-0.00149703433271498,-0.00174783170223236
-0.00187522592023015,0.0134166684001684,-0.00174783170223236
-0.00294049037620425,-0.00575809180736542,-0.0102699464187026
-0.00613628327846527,0.000633494753856212,0.0323406308889389
-0.00264650234021246,0.0053217364475131,-0.00291686924174428
0.0016145552508533,-0.00746143655851483,-0.0071779265999794
0.00694087706506252,0.00106067827437073,0.0109315663576126
-0.0132991457358003,0.00745226442813873,0.0034747167956084
-0.00690755946561694,-0.0138530237600207,0.00773577392101288
0.00907140597701073,-0.00426564319059253,-0.0071779265999794
-0.00584229500964284,-0.00639617210254073,-0.0082431910559535
0.00907140597701073,-0.00639617210254073,-0.00398213369771838
0.00374508369714022,0.0138438520953059,-0.00611266260966659
-0.00584229500964284,-0.00213511474430561,-0.00291686924174428
-0.010103352367878,-0.00639617210254073,0.0034747167956084
0.0016145552508533,-0.00213511474430561,0.0130620952695608
0.0016145552508533,-0.00746143655851483,-0.000786340679042041
0.0143977273255587,0.00106067827437073,0.0130620952695608
0.000549290794879198,0.00638699997216463,-0.00398213369771838
0.0101366704329848,-0.022375138476491,0.00773577392101288
-0.010103352367878,0.0159743800759316,-0.0167653057724237
-0.000515973544679582,-0.00533090764656663,-0.024222157895565
0.012267199344933,-4.58563044958282E-06,-0.00504739815369248
-0.00584229500964284,-0.00533090764656663,0.00773577392101288
-0.00584229500964284,0.0138438520953059,0.0002789237187244
0.0016145552508533,-0.00213511474430561,-0.000786340679042041
-0.0122338812798262,-0.00106985028833151,-0.00611266260966659
-0.000515973544679582,-0.00106985028833151,0.0247800052165985
0.0026798197068274,-0.0106572303920984,-0.0380705967545509
-0.00797282531857491,0.00745226442813873,0.0034747167956084
0.000549290794879198,-0.00106985028833151,0.00134418846573681
-0.00477703055366874,0.00638699997216463,0.00773577392101288
-0.0154296746477485,0.00745226442813873,0.0002789237187244
0.0143977273255587,0.00638699997216463,-0.00398213369771838
-0.00690755946561694,-0.0159835517406464,0.0130620952695608
0.000549290794879198,0.00638699997216463,0.00560524594038725
0.00481034815311432,-4.58563044958282E-06,0.00134418846573681
0.0016145552508533,-0.0138530237600207,0.0034747167956084
-0.00158123788423836,0.0234312303364277,0.0034747167956084
0.0112019348889589,-0.00426564319059253,0.0002789237187244
0.00694087706506252,0.0138438520953059,0.00134418846573681
-0.00690755946561694,-0.00959196593612433,0.00134418846573681
-0.00371176702901721,-0.00746143655851483,0.00667051039636135
0.00481034815311432,0.0138438520953059,0.0024094523396343
-0.00584229500964284,-0.00213511474430561,0.0194536820054054
-0.00903808977454901,-0.00959196593612433,0.0024094523396343
0.0016145552508533,0.00106067827437073,0.0151926269754767
0.00907140597701073,-4.58563044958282E-06,-0.00291686924174428
-0.00477703055366874,-0.00746143655851483,-0.00504739815369248
0.00907140597701073,0.0053217364475131,0.0002789237187244
-0.00264650234021246,-0.00426564319059253,0.0173231549561024
-0.00371176702901721,-0.0159835517406464,-0.00291686924174428
0.00481034815311432,0.00851752888411284,-0.00398213369771838
-0.00584229500964284,-0.00639617210254073,-0.00398213369771838
0.00374508369714022,0.0159743800759316,0.0024094523396343
-0.00264650234021246,-0.00426564319059253,0.00880103837698698
0.00907140597701073,-0.0159835517406464,-0.0103737199679017
-0.0111686168238521,0.0053217364475131,0.0034747167956084
0.0026798197068274,-0.0149182872846723,-0.00185160501860082
-0.00264650234021246,0.00106067827437073,0.00667051039636135
-0.0164949409663677,0.010648057796061,-0.0210263635963202
0.0101366704329848,-0.00533090764656663,0.0247800052165985
-0.0111686168238521,-0.0149182872846723,-0.00930845551192761
0.0101366704329848,-0.00320037896744907,-0.0071779265999794
-0.00690755946561694,0.00851752888411284,0.0141273625195026
-0.00158123788423836,0.010648057796061,0.0162578914314508
-0.00477703055366874,0.00319120706990361,0.0237147398293018
-0.00797282531857491,0.00319120706990361,-0.00185160501860082
0.0165282562375069,0.00106067827437073,0.00453998101875186
-0.00158123788423836,-0.00852670148015022,0.0119968308135867
0.00481034815311432,-4.58563044958282E-06,-0.0146347777917981
0.0112019348889589,0.00638699997216463,-0.00504739815369248
-0.00371176702901721,-0.00320037896744907,-0.0071779265999794
0.0026798197068274,0.00958279334008694,0.0141273625195026
-0.000515973544679582,0.004256471991539,-0.013569513335824
-0.00264650234021246,-0.00213511474430561,-0.00930845551192761
-0.0154296746477485,0.00319120706990361,0.0162578914314508
-0.0154296746477485,-0.0159835517406464,-0.0199611000716686
0.0112019348889589,0.00212594261392951,-0.0178305711597204
0.00374508369714022,0.00745226442813873,0.00453998101875186
-0.0132991457358003,-0.0159835517406464,-0.00930845551192761
0.0133324628695846,0.010648057796061,0.0109315663576126
0.0026798197068274,0.00638699997216463,-0.00504739815369248
-0.00797282531857491,0.0117133222520351,0.00134418846573681
-0.000515973544679582,0.00212594261392951,-0.0167653057724237
0.000549290794879198,0.00106067827437073,-0.0114389844238758
-0.000515973544679582,-0.0127877593040466,-0.00930845551192761
-0.00690755946561694,0.00638699997216463,0.0194536820054054
0.00481034815311432,0.0053217364475131,0.0183884184807539
0.000549290794879198,0.00212594261392951,0.0034747167956084
-0.00264650234021246,-0.00533090764656663,-0.00185160501860082
-0.00903808977454901,-4.58563044958282E-06,-0.0167653057724237
-0.00158123788423836,-0.0181140806525946,0.0002789237187244
-0.00690755946561694,0.0244964938610792,0.0034747167956084
0.00374508369714022,0.0170396436005831,0.0034747167956084
-0.00477703055366874,-0.0213098749518394,-0.000786340679042041
-0.00797282531857491,-4.58563044958282E-06,-0.00185160501860082
-0.0143644101917744,-0.0191793460398912,0.0002789237187244
0.0026798197068274,-0.00106985028833151,-0.00504739815369248
-0.00477703055366874,-4.58563044958282E-06,-0.0188958346843719
0.012267199344933,-0.00639617210254073,-0.0071779265999794
-0.0111686168238521,-0.0159835517406464,-0.000786340679042041
0.0282461643218994,0.00106067827437073,-0.00398213369771838
-0.0250170528888702,-0.0127877593040466,-0.0114389844238758
-0.00371176702901721,-0.00106985028833151,0.0119968308135867
-0.00903808977454901,-4.58563044958282E-06,0.0002789237187244
-0.00158123788423836,0.00638699997216463,-0.0210263635963202
-0.00158123788423836,-0.0245056673884392,-0.00291686924174428
0.00587561260908842,0.00212594261392951,-0.0103737199679017
0.00907140597701073,0.010648057796061,-0.00291686924174428
-0.010103352367878,-0.00213511474430561,-0.013569513335824
0.0112019348889589,0.00638699997216463,0.0034747167956084
-0.00797282531857491,-0.00533090764656663,-0.00930845551192761
-0.00477703055366874,0.00745226442813873,0.0141273625195026
0.0143977273255587,0.00212594261392951,-0.00185160501860082
0.00481034815311432,-0.0117224948480725,0.0024094523396343
-0.00264650234021246,0.004256471991539,-0.00611266260966659
-0.010103352367878,0.00106067827437073,-0.00611266260966659
-0.00158123788423836,-4.58563044958282E-06,-0.00398213369771838
-0.000515973544679582,-4.58563044958282E-06,-0.0146347777917981
0.0175935197621584,-0.00533090764656663,0.0130620952695608
-0.00371176702901721,0.004256471991539,-0.0231568925082684
-0.00477703055366874,0.0202354360371828,-0.0082431910559535
0.0133324628695846,-0.0170488152652979,-0.0125042488798499
-0.00371176702901721,-0.00426564319059253,0.00453998101875186
0.00694087706506252,0.00106067827437073,0.00134418846573681
-0.00158123788423836,0.01490911655128,0.00667051039636135
0.00907140597701073,-0.0117224948480725,-0.0146347777917981
-0.00797282531857491,-0.0159835517406464,-0.024222157895565
-0.00264650234021246,-0.00426564319059253,0.0109315663576126
-0.00690755946561694,0.0117133222520351,0.00560524594038725
0.000549290794879198,-0.00746143655851483,0.00453998101875186
0.0026798197068274,-0.0170488152652979,-0.0071779265999794
-0.00797282531857491,0.0138438520953059,0.00134418846573681
0.0197240505367517,-0.00320037896744907,0.00560524594038725
-0.00797282531857491,0.0127785876393318,0.00453998101875186
0.0165282562375069,0.0170396436005831,0.00773577392101288
-0.0154296746477485,-0.00959196593612433,-0.00611266260966659
0.0101366704329848,0.00638699997216463,-0.00611266260966659
-0.0239517875015736,-4.58563044958282E-06,0.00880103837698698
0.00587561260908842,-0.00320037896744907,-0.00504739815369248
-0.0143644101917744,0.022365964949131,0.00773577392101288
0.0026798197068274,0.00319120706990361,0.00986630190163851
-0.010103352367878,-0.0106572303920984,0.00560524594038725
-0.00264650234021246,-0.0191793460398912,0.0034747167956084
0.0154629917815328,-0.00213511474430561,0.0173231549561024
-0.0143644101917744,-0.00533090764656663,-0.0306137427687645
0.0101366704329848,-4.58563044958282E-06,0.0194536820054054
0.0101366704329848,0.0138438520953059,-0.00930845551192761
0.012267199344933,-0.0202446095645428,0.00134418846573681
-0.00690755946561694,0.00958279334008694,0.00880103837698698
-0.00158123788423836,0.004256471991539,-0.00504739815369248
0.0026798197068274,-0.00213511474430561,-0.00611266260966659
-0.00158123788423836,0.0117133222520351,0.0141273625195026
0.00800614152103663,-0.00106985028833151,0.0024094523396343
-0.00371176702901721,0.0170396436005831,-0.00291686924174428
0.0101366704329848,-0.0202446095645428,0.00667051039636135
-0.00903808977454901,-0.00320037896744907,-0.00185160501860082
0.00587561260908842,-0.00533090764656663,-0.0071779265999794
-0.00903808977454901,-0.00852670148015022,0.00880103837698698
0.0154629917815328,0.0053217364475131,-0.00185160501860082
-0.00584229500964284,-0.00852670148015022,-0.0114389844238758
-0.00584229500964284,0.00851752888411284,-0.0231568925082684
0.00587561260908842,0.0053217364475131,-0.00930845551192761
0.00907140597701073,-0.00639617210254073,-0.0125042488798499
0.0016145552508533,0.00745226442813873,0.0034747167956084
0.0026798197068274,0.0213007014244795,0.00134418846573681
0.0101366704329848,0.00212594261392951,0.0024094523396343
-0.000515973544679582,-0.00746143655851483,-0.0167653057724237
-0.00797282531857491,0.004256471991539,0.0130620952695608
0.00800614152103663,-0.022375138476491,-0.0220916289836168
-0.00584229500964284,0.0117133222520351,0.00667051039636135
0.00800614152103663,-0.00959196593612433,-0.0114389844238758
-0.0143644101917744,-0.00320037896744907,-0.00504739815369248
-0.010103352367878,0.0181049071252346,0.00134418846573681
0.0112019348889589,-0.0138530237600207,-0.0114389844238758
0.000549290794879198,-0.00959196593612433,-0.0157000422477722
0.0133324628695846,-0.0106572303920984,-0.0178305711597204
-0.00158123788423836,-0.00320037896744907,0.00134418846573681
-0.000515973544679582,-4.58563044958282E-06,0.00667051039636135
0.00481034815311432,0.0053217364475131,0.00453998101875186
-0.00158123788423836,-0.00426564319059253,0.00134418846573681
0.00374508369714022,-0.00213511474430561,0.0109315663576126
0.0026798197068274,0.004256471991539,-0.00930845551192761
-0.00371176702901721,-0.00426564319059253,-0.0071779265999794
-0.00158123788423836,0.0138438520953059,-0.0071779265999794
-0.000515973544679582,0.00958279334008694,-0.00504739815369248
0.00800614152103663,-0.00746143655851483,0.0183884184807539
-0.010103352367878,0.00319120706990361,-0.0125042488798499
-0.00264650234021246,-0.00320037896744907,0.0034747167956084
-0.00903808977454901,0.00212594261392951,-0.00611266260966659
-0.0122338812798262,0.0053217364475131,0.00880103837698698
0.0112019348889589,-0.0170488152652979,0.00134418846573681
-0.000515973544679582,0.00106067827437073,-0.0114389844238758
0.0165282562375069,-0.00426564319059253,-0.0082431910559535
-0.00477703055366874,-0.00213511474430561,-0.0125042488798499
-0.010103352367878,0.00958279334008694,0.0162578914314508
0.0026798197068274,-0.0117224948480725,-0.00504739815369248
0.00481034815311432,0.00212594261392951,-0.0125042488798499
0.0026798197068274,-0.00213511474430561,-0.013569513335824
-0.00903808977454901,0.0117133222520351,-0.0220916289836168
-0.0175602044910193,0.0053217364475131,0.00773577392101288
0.0101366704329848,-0.0202446095645428,0.0034747167956084
-0.00903808977454901,0.0053217364475131,0.0151926269754767
0.00694087706506252,0.010648057796061,0.00773577392101288
-0.00797282531857491,-4.58563044958282E-06,0.00986630190163851
0.00481034815311432,0.0191701725125313,0.0034747167956084
-0.00584229500964284,-0.00106985028833151,0.0024094523396343
0.000549290794879198,-0.0202446095645428,-0.0125042488798499
-0.00797282531857491,-0.00106985028833151,0.0002789237187244
-0.00797282531857491,0.0117133222520351,0.00773577392101288
0.0016145552508533,0.0053217364475131,-0.00185160501860082
-0.0111686168238521,-0.00320037896744907,-0.00291686924174428
0.0101366704329848,0.00106067827437073,-0.00185160501860082
0.0016145552508533,0.0053217364475131,-0.00930845551192761
-0.00264650234021246,0.01490911655128,0.00880103837698698
0.00800614152103663,-0.00320037896744907,-0.0146347777917981
-0.0175602044910193,-0.00213511474430561,0.00773577392101288
-0.00584229500964284,-0.0149182872846723,-0.0082431910559535
-0.0250170528888702,0.0117133222520351,0.00453998101875186
-0.00584229500964284,-0.00533090764656663,0.00134418846573681
0.0154629917815328,-4.58563044958282E-06,-0.0103737199679017
0.012267199344933,0.00319120706990361,-0.00291686924174428
-0.00584229500964284,0.00851752888411284,-0.00185160501860082
-0.00690755946561694,-0.00746143655851483,0.0034747167956084
-0.0122338812798262,0.00958279334008694,0.0183884184807539
-0.000515973544679582,-0.00213511474430561,-0.0082431910559535
-0.00158123788423836,0.00851752888411284,-0.00611266260966659
-0.00477703055366874,-0.00106985028833151,-0.00185160501860082
0.0143977273255587,0.0117133222520351,-0.00611266260966659
-0.00903808977454901,0.00851752888411284,-0.00291686924174428
-0.0186254680156708,0.004256471991539,0.00773577392101288
0.0186587851494551,-0.00959196593612433,0.0024094523396343
0.000549290794879198,-0.00852670148015022,0.00134418846573681
-0.0111686168238521,0.010648057796061,0.00667051039636135
-0.00158123788423836,-0.0106572303920984,-0.0125042488798499
-0.00477703055366874,0.00851752888411284,-0.0199611000716686
-0.00690755946561694,-0.00213511474430561,0.0322368592023849
-0.00158123788423836,0.00106067827437073,-0.0157000422477722
0.00694087706506252,0.00319120706990361,-0.0082431910559535
0.00800614152103663,-0.00852670148015022,-0.00611266260966659
0.0026798197068274,-0.029831986874342,-0.0114389844238758
0.00481034815311432,0.0287575516849756,-0.00398213369771838
-0.00158123788423836,0.00851752888411284,0.0024094523396343
-0.000515973544679582,0.00319120706990361,0.00560524594038725
-0.000515973544679582,-4.58563044958282E-06,0.00453998101875186
-0.00158123788423836,-0.00320037896744907,0.0269105341285467
-0.00903808977454901,-0.00213511474430561,-0.0125042488798499
-0.0111686168238521,-0.00746143655851483,0.00560524594038725
0.00587561260908842,0.004256471991539,0.0151926269754767
-0.00690755946561694,0.00106067827437073,-0.00398213369771838
0.0101366704329848,-4.58563044958282E-06,-0.013569513335824
0.0026798197068274,-0.00852670148015022,-0.0178305711597204
-0.0122338812798262,-4.58563044958282E-06,0.0173231549561024
0.0165282562375069,0.0234312303364277,-0.00611266260966659
0.00907140597701073,0.0053217364475131,-0.00930845551192761
-0.00477703055366874,-0.00959196593612433,-0.00185160501860082
0.00374508369714022,-0.00852670148015022,-0.0114389844238758
0.00907140597701073,0.00958279334008694,-0.000786340679042041
-0.00903808977454901,0.00212594261392951,0.00667051039636135
-0.00158123788423836,0.004256471991539,-0.0157000422477722
-0.00690755946561694,0.00851752888411284,-0.00185160501860082
0.00800614152103663,-0.00639617210254073,0.0151926269754767
-0.00371176702901721,-4.58563044958282E-06,0.0002789237187244
-0.000515973544679582,0.010648057796061,-0.00185160501860082
0.0186587851494551,-0.00533090764656663,-0.0103737199679017
-0.00903808977454901,0.0127785876393318,0.0141273625195026
0.00587561260908842,0.00319120706990361,-0.0071779265999794
0.00374508369714022,0.004256471991539,0.0173231549561024
0.0016145552508533,-0.0149182872846723,-0.0071779265999794
-0.0186254680156708,-4.58563044958282E-06,-0.0146347777917981
0.00587561260908842,0.00745226442813873,0.00880103837698698
-0.00584229500964284,-0.0202446095645428,-0.00504739815369248
0.0143977273255587,-0.00106985028833151,-0.00185160501860082
-0.000515973544679582,-0.00746143655851483,-0.00930845551192761
-0.00158123788423836,-0.0138530237600207,0.00986630190163851
-0.010103352367878,0.00638699997216463,-0.0071779265999794
-0.00690755946561694,-0.00213511474430561,0.0151926269754767
0.0143977273255587,-0.00426564319059253,0.00134418846573681
-0.0132991457358003,0.0117133222520351,0.00134418846573681
0.0175935197621584,-0.0138530237600207,-0.00504739815369248
-0.00371176702901721,0.00106067827437073,0.0024094523396343
-0.00690755946561694,0.0127785876393318,0.0034747167956084
0.00800614152103663,-0.00746143655851483,-0.00398213369771838
-0.00797282531857491,-0.00959196593612433,0.00773577392101288
-0.00477703055366874,-0.0191793460398912,-0.00398213369771838
-0.00477703055366874,0.00958279334008694,0.00986630190163851
-0.00264650234021246,0.00745226442813873,0.02584526874125
0.00587561260908842,0.01490911655128,-0.00611266260966659
0.0026798197068274,-0.00213511474430561,0.00880103837698698
-0.0111686168238521,0.00319120706990361,-0.00291686924174428
-0.00797282531857491,-4.58563044958282E-06,-0.0157000422477722
0.0229198448359966,-0.00213511474430561,0.00453998101875186
-0.0132991457358003,0.00745226442813873,-0.00398213369771838
-0.00158123788423836,-0.00426564319059253,0.0024094523396343
-0.0207559950649738,0.0053217364475131,0.0034747167956084
0.0143977273255587,0.004256471991539,-0.000786340679042041
0.0197240505367517,0.010648057796061,-0.0071779265999794
0.0101366704329848,-0.00852670148015022,0.00134418846573681
-0.00690755946561694,-4.58563044958282E-06,-0.00930845551192761
0.0112019348889589,-0.00746143655851483,0.0119968308135867
-0.0175602044910193,0.0159743800759316,0.00667051039636135
0.00800614152103663,0.004256471991539,-0.00185160501860082
0.0026798197068274,-0.00426564319059253,-0.0167653057724237
0.00694087706506252,0.004256471991539,0.00453998101875186
-0.010103352367878,-0.0191793460398912,0.0173231549561024
0.000549290794879198,0.0138438520953059,-0.00185160501860082
0.00800614152103663,-0.0170488152652979,-0.0146347777917981
0.00374508369714022,0.00212594261392951,0.0002789237187244
0.0016145552508533,-4.58563044958282E-06,-0.000786340679042041
0.00374508369714022,-0.0138530237600207,0.0130620952695608
0.00481034815311432,0.00851752888411284,-0.00504739815369248
-0.000515973544679582,0.0117133222520351,-0.0167653057724237
-0.00158123788423836,-0.00639617210254073,0.00773577392101288
0.0143977273255587,-0.00533090764656663,0.00560524594038725
-0.00584229500964284,-0.00533090764656663,0.00880103837698698
-0.010103352367878,0.0053217364475131,-0.013569513335824
-0.00690755946561694,-0.00106985028833151,-0.00930845551192761
-0.00264650234021246,0.004256471991539,0.00667051039636135
-0.010103352367878,0.00851752888411284,-0.0231568925082684
0.012267199344933,-0.00320037896744907,-0.0199611000716686
0.0026798197068274,0.004256471991539,0.00667051039636135
-0.00264650234021246,-0.00746143655851483,-0.0071779265999794
0.00481034815311432,0.010648057796061,0.0119968308135867
0.0026798197068274,-4.58563044958282E-06,-0.013569513335824
0.00800614152103663,-0.00639617210254073,0.0002789237187244
-0.0122338812798262,0.0053217364475131,-0.0146347777917981
0.00587561260908842,0.00958279334008694,0.0002789237187244
0.0016145552508533,0.00212594261392951,-0.00504739815369248
0.000549290794879198,-0.00746143655851483,0.00986630190163851
-0.00158123788423836,0.004256471991539,-0.0082431910559535
-0.010103352367878,-0.00213511474430561,0.00134418846573681
0.00694087706506252,0.00212594261392951,0.00560524594038725
-0.0175602044910193,-0.00533090764656663,0.00560524594038725
-0.0111686168238521,0.00212594261392951,-0.013569513335824
-0.000515973544679582,-0.00746143655851483,0.0151926269754767
0.00800614152103663,0.0138438520953059,-0.0157000422477722
0.000549290794879198,-0.00852670148015022,0.0002789237187244
0.0207893159240484,-0.00639617210254073,-0.00185160501860082
-0.0207559950649738,0.00638699997216463,0.00986630190163851
0.00800614152103663,-0.0149182872846723,-0.00291686924174428
-0.0143644101917744,0.004256471991539,-0.00398213369771838
0.0026798197068274,0.00958279334008694,0.0119968308135867
0.000549290794879198,-0.0234404038637876,-0.00930845551192761
-0.000515973544679582,-0.00320037896744907,0.00773577392101288
-0.0175602044910193,0.0159743800759316,0.0109315663576126
0.00694087706506252,0.0138438520953059,0.0311715938150883
-0.00903808977454901,-0.00106985028833151,-0.0157000422477722
0.0101366704329848,-0.0106572303920984,-0.00398213369771838
0.0026798197068274,0.00851752888411284,0.00560524594038725
0.0112019348889589,0.00851752888411284,-0.000786340679042041
0.00694087706506252,-0.0117224948480725,-0.00930845551192761
-0.00477703055366874,0.010648057796061,0.00986630190163851
-0.00158123788423836,0.00106067827437073,-0.0220916289836168
-0.0175602044910193,-0.00320037896744907,-0.00930845551192761
0.0016145552508533,-0.00320037896744907,0.00667051039636135
0.00907140597701073,-0.0127877593040466,-0.0082431910559535
-0.00903808977454901,0.00106067827437073,0.0002789237187244
0.00587561260908842,-0.0202446095645428,-0.00930845551192761
-0.00903808977454901,0.004256471991539,-0.013569513335824
0.00907140597701073,-0.00213511474430561,0.0162578914314508
-0.0154296746477485,-0.00320037896744907,0.00134418846573681
-0.010103352367878,0.00851752888411284,-0.00504739815369248
0.00587561260908842,0.00106067827437073,0.0002789237187244
0.012267199344933,-0.00320037896744907,-0.00504739815369248
-0.0111686168238521,0.00212594261392951,0.0141273625195026
0.00694087706506252,-0.0117224948480725,-0.0157000422477722
-0.00477703055366874,0.00106067827437073,0.0130620952695608
0.00374508369714022,0.0053217364475131,0.0247800052165985
0.000549290794879198,-0.00639617210254073,-0.0316790081560612
0.0026798197068274,0.0138438520953059,-0.0071779265999794
0.0112019348889589,0.0053217364475131,0.0002789237187244
-0.00797282531857491,-0.0106572303920984,-0.0114389844238758
-0.0111686168238521,0.0117133222520351,0.0109315663576126
0.0175935197621584,-0.00426564319059253,0.00560524594038725
-0.000515973544679582,0.010648057796061,-0.0188958346843719
0.00587561260908842,0.00745226442813873,-0.000786340679042041
-0.00690755946561694,0.00851752888411284,-0.00185160501860082
-0.010103352367878,0.0053217364475131,-0.00611266260966659
-0.000515973544679582,-0.00320037896744907,-0.00930845551192761
0.00800614152103663,0.01490911655128,-0.00398213369771838
0.00374508369714022,-0.0181140806525946,0.0034747167956084
-0.00158123788423836,0.00106067827437073,-0.00611266260966659
0.0186587851494551,0.00851752888411284,-0.0071779265999794
0.012267199344933,0.00745226442813873,0.0173231549561024
-0.000515973544679582,-0.00852670148015022,-0.00398213369771838
-0.00584229500964284,0.00106067827437073,0.0162578914314508
-0.00797282531857491,0.00106067827437073,-0.000786340679042041
0.0133324628695846,-0.00426564319059253,-0.00185160501860082
-0.00797282531857491,-0.0202446095645428,-0.00291686924174428
0.00694087706506252,-0.00213511474430561,0.0002789237187244
-0.00477703055366874,0.0170396436005831,0.00134418846573681
-0.00158123788423836,-0.00533090764656663,-0.0103737199679017
-0.00477703055366874,-4.58563044958282E-06,0.00773577392101288
0.00907140597701073,0.0202354360371828,-0.0082431910559535
-0.0132991457358003,-0.00106985028833151,0.0034747167956084
-0.00264650234021246,0.0159743800759316,0.00880103837698698
0.0026798197068274,0.00106067827437073,0.0205189473927021
0.00907140597701073,-0.00106985028833151,-0.00930845551192761
0.00374508369714022,-0.0106572303920984,-0.00504739815369248
0.000549290794879198,-0.0138530237600207,-0.000786340679042041
-0.00690755946561694,0.00212594261392951,0.0130620952695608
-0.00797282531857491,0.00106067827437073,-0.00930845551192761
-0.00584229500964284,-0.00959196593612433,0.00134418846573681
0.0152174206450582,0.00646352721378207,-0.00300504127517343
-0.00715313060209155,0.0128551153466105,-0.00300504127517343
-0.0114141879603267,0.00433299969881773,0.010843395255506
0.00456477794796228,0.00752879166975617,-0.00833136308938265
-0.0135447168722749,-0.000993322930298746,0.000190751772606745
0.012021629139781,0.0032677345443517,0.00551707437261939
0.00136898446362466,-0.0201680809259415,-0.000874512654263526
-0.0135447168722749,0.00113720563240349,-0.00620083464309573
0.00349951325915754,0.0032677345443517,0.0140391895547509
0.0109563646838069,-0.00738490931689739,0.00764760188758373
-0.00821839552372694,0.00859405659139156,0.00871286634355783
0.0109563646838069,-0.00418911594897509,-0.00620083464309573
-0.00502260169014335,0.020311962813139,-0.00939662754535675
-0.000761544331908226,-0.00312385149300098,0.004451809450984
0.0141521561890841,0.00539826415479183,-0.00620083464309573
-0.00182680867146701,-0.0201680809259415,0.000190751772606745
-0.00821839552372694,0.0032677345443517,0.0119086597114801
-0.00182680867146701,0.00859405659139156,-0.00513557018712163
-0.00502260169014335,-0.0169722884893417,-0.00513557018712163
0.0152174206450582,-0.00205858726985753,-0.0136576853692532
-0.0114141879603267,-0.00312385149300098,-0.0104618910700083
-0.00289207301102579,0.0128551153466105,0.004451809450984
-0.00289207301102579,0.0181814339011908,-0.00833136308938265
-0.00502260169014335,-0.00738490931689739,0.00658233882859349
0.0173479504883289,-0.0095154382288456,-0.00513557018712163
0.000303720065858215,0.0181814339011908,0.010843395255506
-0.000761544331908226,-0.000993322930298746,-0.0189840067178011
-0.00715313060209155,-0.00312385149300098,0.00338654476217926
0.00882583484053612,-0.00631964486092329,0.00125601643230766
-0.00608786614611745,0.00220247008837759,-0.00939662754535675
-0.0135447168722749,0.00113720563240349,0.00338654476217926
-0.00182680867146701,-0.00525438040494919,0.00764760188758373
-0.00289207301102579,0.0032677345443517,0.004451809450984
-0.00502260169014335,-0.0116459662094712,0.004451809450984
-0.00928365997970104,-0.00205858726985753,0.00764760188758373
0.00136898446362466,0.00646352721378207,-0.00193977693561465
0.000303720065858215,-0.00205858726985753,0.00977813079953194
0.0152174206450582,0.0128551153466105,-0.00193977693561465
0.0066953063942492,-0.000993322930298746,-0.00513557018712163
0.00989109929651022,0.0139203798025846,0.00764760188758373
0.00349951325915754,-0.00845017377287149,-0.00939662754535675
0.00349951325915754,0.00859405659139156,0.00658233882859349
0.00243424880318344,0.0213772282004356,0.004451809450984
0.000303720065858215,-0.0212333463132381,0.0129739241674542
0.00456477794796228,0.00965932104736567,-0.00300504127517343
0.0205437447875738,0.00113720563240349,-0.00407030573114753
0.00882583484053612,-0.0127112306654453,0.004451809450984
-0.000761544331908226,0.000071941758506,-0.0338977091014385
0.00989109929651022,-0.00205858726985753,0.0204307734966278
-0.000761544331908226,0.0107245855033398,0.00125601643230766
-0.00608786614611745,-0.00525438040494919,0.00125601643230766
0.0066953063942492,0.0032677345443517,0.00125601643230766
-0.00608786614611745,-0.00845017377287149,0.0119086597114801
0.00349951325915754,0.00113720563240349,0.00125601643230766
-0.0188710391521454,-0.00205858726985753,0.0278876237571239
0.00882583484053612,0.00433299969881773,-0.00939662754535675
-0.00608786614611745,-0.00312385149300098,-0.0296366512775421
0.00243424880318344,0.00113720563240349,0.0193655081093311
0.00563004240393639,0.00433299969881773,-0.00620083464309573
-0.000761544331908226,0.00752879166975617,0.00551707437261939
0.00882583484053612,-0.00418911594897509,0.004451809450984
0.000303720065858215,0.0128551153466105,-0.00620083464309573
-0.00821839552372694,0.00752879166975617,0.0321486853063107
0.01308689173311,-0.0105807026848197,-0.0136576853692532
-0.0156752448529005,-0.0116459662094712,-0.00193977693561465
0.0184132140129805,0.0224424917250872,0.010843395255506
-0.000761544331908226,-0.0105807026848197,0.000190751772606745
0.00989109929651022,-0.00738490931689739,-0.024310328066349
0.00776057038456202,-0.00738490931689739,0.00338654476217926
-0.0114141879603267,-0.000993322930298746,-0.00513557018712163
-0.00182680867146701,-0.0201680809259415,-0.00726609909906983
0.00349951325915754,-0.00205858726985753,0.00977813079953194
0.000303720065858215,0.00752879166975617,-0.0211145356297493
0.0162826851010323,0.00433299969881773,0.004451809450984
0.0205437447875738,-0.00312385149300098,0.004451809450984
-0.0103489235043526,-0.00205858726985753,-0.0115271555259824
0.0066953063942492,-0.00631964486092329,0.00125601643230766
-0.00821839552372694,-0.00312385149300098,-0.00726609909906983
0.00882583484053612,-0.00205858726985753,0.00658233882859349
0.000303720065858215,-0.0180375520139933,0.00232128030620515
0.00882583484053612,-0.00631964486092329,0.0129739241674542
-0.0114141879603267,0.0032677345443517,-0.0125924199819565
0.00349951325915754,0.00752879166975617,-0.0168534778058529
0.000303720065858215,0.00646352721378207,-0.00939662754535675
0.012021629139781,-0.00738490931689739,0.00551707437261939
-0.00182680867146701,0.00752879166975617,0.0140391895547509
-0.00715313060209155,-0.0105807026848197,0.00125601643230766
0.00563004240393639,0.0235077571123838,0.0214960370212793
0.00136898446362466,-0.0159070249646902,-0.00620083464309573
0.00243424880318344,0.0160509087145329,0.000190751772606745
-0.000761544331908226,0.0192466992884874,0.010843395255506
-0.0124794524163008,0.00752879166975617,-0.024310328066349
0.0141521561890841,-0.00631964486092329,0.00764760188758373
0.00349951325915754,0.0128551153466105,-0.0104618910700083
-0.00821839552372694,0.0032677345443517,0.00871286634355783
0.00349951325915754,-0.000993322930298746,0.0129739241674542
0.0109563646838069,0.0032677345443517,0.00232128030620515
-0.0103489235043526,0.00220247008837759,-0.00193977693561465
0.00882583484053612,0.00646352721378207,-0.000874512654263526
-0.00502260169014335,-0.00418911594897509,-0.00407030573114753
-0.00608786614611745,0.00113720563240349,-0.00300504127517343
0.00882583484053612,0.0128551153466105,0.015104454010725
-0.0135447168722749,0.000071941758506,0.010843395255506
0.0109563646838069,0.0181814339011908,0.00658233882859349
-0.00821839552372694,-0.0169722884893417,-0.024310328066349
-0.00502260169014335,-0.0095154382288456,0.0119086597114801
0.00989109929651022,-0.00418911594897509,-0.0168534778058529
0.012021629139781,0.0032677345443517,-0.00407030573114753
-0.0124794524163008,0.000071941758506,-0.0104618910700083
0.000303720065858215,-0.00738490931689739,-0.00193977693561465
-0.00182680867146701,0.0117898499593139,-0.00407030573114753
-0.00502260169014335,0.00433299969881773,0.00977813079953194
0.000303720065858215,-0.00205858726985753,-0.00939662754535675
0.000303720065858215,-0.0201680809259415,-0.0211145356297493
0.012021629139781,-0.00418911594897509,-0.00407030573114753
-0.0114141879603267,-0.0105807026848197,-0.0104618910700083
-0.00928365997970104,0.0117898499593139,0.00125601643230766
-0.00289207301102579,-0.00738490931689739,-0.00620083464309573
-0.00928365997970104,-0.0105807026848197,0.00125601643230766
0.00776057038456202,-0.00418911594897509,-0.00193977693561465
-0.0114141879603267,0.0245730206370354,0.00232128030620515
0.0109563646838069,-0.00312385149300098,-0.0104618910700083
-0.000761544331908226,0.00433299969881773,0.0129739241674542
0.00136898446362466,-0.0095154382288456,-0.000874512654263526
-0.00395733769983053,0.0128551153466105,-0.0115271555259824
-0.00608786614611745,-0.0095154382288456,0.000190751772606745
-0.00928365997970104,0.00113720563240349,0.00232128030620515
-0.00502260169014335,-0.00845017377287149,-0.00833136308938265
-0.00182680867146701,0.00646352721378207,-0.00407030573114753
0.00776057038456202,-0.0169722884893417,0.00232128030620515
0.01308689173311,0.00113720563240349,-0.00407030573114753
-0.00395733769983053,-0.0191028174012899,-0.00193977693561465
0.00243424880318344,0.0235077571123838,-0.000874512654263526
-0.00502260169014335,0.0032677345443517,-0.0189840067178011
0.0141521561890841,-0.0127112306654453,-0.0189840067178011
-0.00182680867146701,0.00539826415479183,0.00125601643230766
0.00349951325915754,-0.0127112306654453,0.00658233882859349
0.00349951325915754,0.00113720563240349,-0.0317671783268452
-0.0103489235043526,-0.00418911594897509,0.00871286634355783
0.0109563646838069,-0.0095154382288456,0.00658233882859349
-0.00182680867146701,0.00752879166975617,-0.000874512654263526
-0.000761544331908226,-0.00312385149300098,-0.00939662754535675
-0.00502260169014335,-0.00631964486092329,0.0119086597114801
0.00456477794796228,-0.0127112306654453,0.0204307734966278
0.000303720065858215,0.00646352721378207,-0.0104618910700083
0.000303720065858215,-0.00312385149300098,-0.00833136308938265
0.0141521561890841,-0.00525438040494919,0.00125601643230766
-0.00928365997970104,0.0107245855033398,0.00338654476217926
0.0141521561890841,0.0117898499593139,0.00764760188758373
-0.0124794524163008,-0.0148417605087161,-0.000874512654263526
-0.00289207301102579,0.00539826415479183,-0.000874512654263526
-0.000761544331908226,0.0032677345443517,0.0140391895547509
-0.014609981328249,0.00965932104736567,-0.0157882142812014
0.0066953063942492,0.00752879166975617,-0.00193977693561465
0.00882583484053612,-0.0169722884893417,-0.0104618910700083
-0.00182680867146701,0.00220247008837759,0.00977813079953194
-0.00821839552372694,0.0128551153466105,0.010843395255506
0.00776057038456202,-0.00205858726985753,-0.00833136308938265
-0.0103489235043526,-0.00525438040494919,0.00125601643230766
0.00989109929651022,-0.000993322930298746,-0.00193977693561465
-0.00182680867146701,-0.00631964486092329,0.0161697193980217
0.00563004240393639,0.00220247008837759,-0.0264408569782972
0.00989109929651022,-0.00418911594897509,0.0119086597114801
0.00136898446362466,0.000071941758506,0.00338654476217926
-0.00182680867146701,0.00646352721378207,-0.0147229498252273
0.00136898446362466,-0.00205858726985753,0.00977813079953194
0.0109563646838069,-0.00418911594897509,0.00764760188758373
0.00456477794796228,0.0107245855033398,0.0140391895547509
-0.00502260169014335,-0.00738490931689739,-0.00726609909906983
0.000303720065858215,-0.00631964486092329,-0.00300504127517343
0.00882583484053612,0.00539826415479183,0.000190751772606745
0.0152174206450582,-0.00738490931689739,-0.0200492721050978
0.00136898446362466,-0.00312385149300098,0.00764760188758373
-0.0103489235043526,-0.00312385149300098,0.00551707437261939
-0.00608786614611745,0.00113720563240349,0.00232128030620515
-0.000761544331908226,0.00433299969881773,-0.00193977693561465
0.00456477794796228,0.000071941758506,0.0278876237571239
0.00776057038456202,-0.00418911594897509,0.000190751772606745
0.0066953063942492,-0.00312385149300098,-0.000874512654263526
-0.00182680867146701,0.0160509087145329,0.000190751772606745
0.00349951325915754,-0.0191028174012899,-0.00193977693561465
0.00456477794796228,0.0171161703765392,0.0129739241674542
-0.00608786614611745,-0.00205858726985753,0.0172349829226732
-0.00821839552372694,-0.0159070249646902,-0.00407030573114753
-0.0124794524163008,0.00859405659139156,-0.00939662754535675
0.00456477794796228,-0.0148417605087161,-0.00833136308938265
0.00563004240393639,0.00113720563240349,0.015104454010725
-0.0199363026767969,0.000071941758506,0.00338654476217926
0.00989109929651022,0.00539826415479183,-0.00193977693561465
0.00349951325915754,0.00752879166975617,-0.00513557018712163
0.00563004240393639,0.000071941758506,0.0129739241674542
0.0109563646838069,-0.0127112306654453,-0.0157882142812014
-0.0188710391521454,0.0213772282004356,0.010843395255506
0.00563004240393639,-0.00205858726985753,0.00658233882859349
0.00349951325915754,0.00539826415479183,-0.00620083464309573
0.00563004240393639,-0.0201680809259415,0.00977813079953194
-0.00182680867146701,0.0139203798025846,0.00338654476217926
0.0066953063942492,-0.0169722884893417,-0.00939662754535675
-0.014609981328249,0.0160509087145329,0.0119086597114801
-0.00182680867146701,0.000071941758506,-0.0104618910700083
0.00456477794796228,-0.00631964486092329,0.0172349829226732
-0.00821839552372694,0.00220247008837759,-0.00726609909906983
-0.00395733769983053,-0.00418911594897509,-0.000874512654263526
0.0162826851010323,0.000071941758506,-0.0147229498252273
0.00882583484053612,-0.0116459662094712,0.0172349829226732
-0.00182680867146701,0.0128551153466105,-0.0104618910700083
-0.00715313060209155,-0.00845017377287149,-0.00939662754535675
0.00776057038456202,0.00220247008837759,-0.00407030573114753
0.00989109929651022,0.0107245855033398,0.00658233882859349
-0.00715313060209155,-0.0105807026848197,-0.00513557018712163
0.00563004240393639,0.00433299969881773,0.000190751772606745
-0.0199363026767969,0.000071941758506,-0.00620083464309573
0.00989109929651022,0.000071941758506,0.010843395255506
0.00776057038456202,-0.00525438040494919,0.00551707437261939
-0.0124794524163008,-0.00738490931689739,0.00125601643230766
-0.0188710391521454,0.00646352721378207,0.00232128030620515
0.0162826851010323,0.00220247008837759,-0.00620083464309573
-0.00608786614611745,0.00752879166975617,0.00764760188758373
0.00882583484053612,0.000071941758506,0.00551707437261939
0.00136898446362466,0.00646352721378207,-0.000874512654263526
-0.00715313060209155,0.00113720563240349,0.0129739241674542
-0.000761544331908226,0.00965932104736567,-0.00620083464309573
-0.0103489235043526,-0.00525438040494919,0.00871286634355783
-0.00289207301102579,-0.0116459662094712,-0.0168534778058529
0.00776057038456202,-0.0116459662094712,0.00551707437261939
-0.00395733769983053,0.0107245855033398,0.00551707437261939
0.00136898446362466,0.020311962813139,-0.00193977693561465
0.0066953063942492,-0.00845017377287149,-0.00726609909906983
-0.00715313060209155,-0.00205858726985753,-0.0125924199819565
0.0109563646838069,0.0128551153466105,0.0161697193980217
-0.00821839552372694,0.00859405659139156,0.00338654476217926
-0.000761544331908226,0.00433299969881773,0.004451809450984
-0.0135447168722749,0.00646352721378207,-0.0125924199819565
-0.00928365997970104,0.00965932104736567,-0.00193977693561465
-0.014609981328249,-0.00738490931689739,0.00764760188758373
0.000303720065858215,0.00220247008837759,-0.00300504127517343
-0.000761544331908226,-0.000993322930298746,0.010843395255506
-0.0114141879603267,-0.00312385149300098,-0.00513557018712163
0.00136898446362466,0.00859405659139156,0.00977813079953194
-0.00289207301102579,-0.00418911594897509,-0.0211145356297493
0.00349951325915754,-0.00631964486092329,0.00125601643230766
-0.00395733769983053,0.0181814339011908,0.0204307734966278
-0.00395733769983053,0.00220247008837759,-0.00620083464309573
0.00243424880318344,0.0128551153466105,-0.00833136308938265
0.00563004240393639,-0.00418911594897509,0.000190751772606745
0.0066953063942492,0.00752879166975617,0.00658233882859349
-0.0220668315887451,-0.00525438040494919,0.00977813079953194
0.00776057038456202,-0.00525438040494919,0.0129739241674542
0.00882583484053612,0.0117898499593139,-0.00193977693561465
0.00136898446362466,-0.0137764951214194,0.00977813079953194
0.000303720065858215,0.000071941758506,0.00551707437261939
0.00882583484053612,-0.0116459662094712,-0.00833136308938265
-0.0199363026767969,-0.0116459662094712,0.0129739241674542
0.00563004240393639,-0.00738490931689739,-0.00193977693561465
0.00243424880318344,0.00859405659139156,0.00232128030620515
-0.000761544331908226,-0.00738490931689739,0.004451809450984
0.00243424880318344,0.0128551153466105,0.00232128030620515
0.0173479504883289,-0.000993322930298746,0.010843395255506
-0.00608786614611745,-0.00738490931689739,0.010843395255506
0.00882583484053612,0.0139203798025846,-0.00726609909906983
0.0109563646838069,-0.0095154382288456,0.0140391895547509
-0.00715313060209155,-0.00418911594897509,-0.00407030573114753
0.00243424880318344,0.000071941758506,-0.00513557018712163
-0.00608786614611745,-0.00845017377287149,-0.00300504127517343
0.00136898446362466,-0.0159070249646902,0.00871286634355783
-0.0135447168722749,0.00113720563240349,-0.00939662754535675
0.00136898446362466,-0.00312385149300098,-0.00193977693561465
-0.000761544331908226,0.0117898499593139,0.010843395255506
0.00563004240393639,0.00220247008837759,-0.00833136308938265
-0.00715313060209155,0.00539826415479183,-0.00193977693561465
-0.00821839552372694,-0.0276249330490828,-0.00407030573114753
-0.00608786614611745,0.0139203798025846,-0.0147229498252273
0.00989109929651022,-0.0180375520139933,-0.00939662754535675
-0.0135447168722749,0.0128551153466105,0.0129739241674542
-0.00821839552372694,-0.0105807026848197,-0.00513557018712163
0.00136898446362466,0.0032677345443517,-0.000874512654263526
-0.00182680867146701,0.0160509087145329,0.004451809450984
-0.000761544331908226,-0.0127112306654453,-0.00193977693561465
0.00776057038456202,0.0139203798025846,0.000190751772606745
0.000303720065858215,0.00539826415479183,0.00232128030620515
0.00563004240393639,0.00646352721378207,-0.0125924199819565
-0.014609981328249,-0.00845017377287149,-0.00620083464309573
0.000303720065858215,-0.0095154382288456,-0.00726609909906983
0.00136898446362466,0.00113720563240349,-0.0136576853692532
-0.00928365997970104,0.00539826415479183,0.000190751772606745
-0.00502260169014335,0.000071941758506,0.00338654476217926
-0.00182680867146701,-0.0095154382288456,0.0129739241674542
0.00349951325915754,-0.0127112306654453,-0.0253755934536457
-0.00821839552372694,0.0181814339011908,0.0129739241674542
-0.000761544331908226,-0.00205858726985753,0.004451809450984
0.012021629139781,-0.00312385149300098,-0.0296366512775421
-0.00182680867146701,-0.000993322930298746,0.0310834217816591
-0.00289207301102579,-0.00631964486092329,-0.0200492721050978
0.000303720065858215,0.00433299969881773,0.0172349829226732
-0.00821839552372694,-0.00631964486092329,0.00338654476217926
0.0152174206450582,-0.00525438040494919,0.00232128030620515
0.000303720065858215,0.00220247008837759,-0.000874512654263526
0.0141521561890841,-0.00418911594897509,0.00551707437261939
-0.0103489235043526,0.00646352721378207,-0.0232450645416975
-0.00608786614611745,0.020311962813139,0.0129739241674542
0.00136898446362466,-0.00205858726985753,0.00232128030620515
-0.00395733769983053,-0.0105807026848197,-0.0157882142812014
-0.000761544331908226,-0.00418911594897509,-0.0157882142812014
-0.00608786614611745,0.0032677345443517,0.00764760188758373
0.00136898446362466,0.00113720563240349,0.00232128030620515
-0.000761544331908226,0.0107245855033398,0.00658233882859349
0.00243424880318344,-0.0095154382288456,0.0172349829226732
0.00243424880318344,0.000071941758506,0.000190751772606745
-0.00928365997970104,0.00220247008837759,-0.00513557018712163
0.0141521561890841,-0.00525438040494919,-0.000874512654263526
0.00136898446362466,0.00752879166975617,-0.00513557018712163
-0.0114141879603267,0.00646352721378207,0.0321486853063107
0.00243424880318344,0.00220247008837759,-0.0221797991544008
0.00882583484053612,-0.0095154382288456,0.00764760188758373
0.00776057038456202,0.0107245855033398,0.0257570948451757
0.0109563646838069,-0.0116459662094712,0.00658233882859349
-0.00608786614611745,0.0117898499593139,-0.00513557018712163
0.00349951325915754,-0.029755461961031,0.00338654476217926
-0.00821839552372694,0.00433299969881773,0.00658233882859349
-0.00715313060209155,-0.000993322930298746,0.000190751772606745
0.00882583484053612,-0.00312385149300098,-0.00833136308938265
-0.00715313060209155,0.00539826415479183,0.0183002445846796
0.00243424880318344,-0.00738490931689739,-0.024310328066349
-0.00608786614611745,0.00859405659139156,0.0140391895547509
0.00136898446362466,0.000071941758506,0.00658233882859349
0.0066953063942492,0.00220247008837759,-0.00407030573114753
-0.00608786614611745,0.00859405659139156,0.004451809450984
-0.00608786614611745,0.00752879166975617,0.0129739241674542
0.00456477794796228,-0.00418911594897509,0.0161697193980217
0.00776057038456202,0.00965932104736567,-0.00193977693561465
-0.00289207301102579,-0.0137764951214194,-0.0125924199819565
-0.00395733769983053,0.0032677345443517,0.004451809450984
0.00882583484053612,0.00752879166975617,-0.0104618910700083
0.000303720065858215,0.00220247008837759,-0.0136576853692532
0.000303720065858215,-0.0116459662094712,-0.0179187431931496
-0.00502260169014335,0.00859405659139156,0.00551707437261939
-0.00608786614611745,0.00433299969881773,0.00551707437261939
-0.00395733769983053,0.0032677345443517,0.00232128030620515
-0.00502260169014335,0.00433299969881773,-0.00833136308938265
-0.0124794524163008,-0.0201680809259415,0.004451809450984
0.0066953063942492,0.0149856442585588,-0.00193977693561465
-0.00289207301102579,0.00859405659139156,-0.000874512654263526
-0.000761544331908226,-0.00312385149300098,-0.00620083464309573
-0.00715313060209155,0.00220247008837759,0.004451809450984
-0.000761544331908226,0.00752879166975617,0.0129739241674542
-0.0103489235043526,-0.0148417605087161,-0.0136576853692532
-0.0103489235043526,0.0128551153466105,-0.0189840067178011
0.000303720065858215,-0.0127112306654453,-0.0115271555259824
0.00136898446362466,-0.00845017377287149,0.0268223602324724
-0.00608786614611745,0.0128551153466105,0.00338654476217926
-0.0156752448529005,0.00433299969881773,0.00232128030620515
0.00243424880318344,-0.00312385149300098,-0.00300504127517343
-0.00182680867146701,0.00220247008837759,-0.00833136308938265
0.00563004240393639,0.0032677345443517,-0.0115271555259824
0.01308689173311,0.00965932104736567,-0.00726609909906983
-0.00182680867146701,-0.00845017377287149,-0.0147229498252273
-0.00395733769983053,-0.00312385149300098,0.010843395255506
0.00563004240393639,0.0192466992884874,-0.00193977693561465
-0.000761544331908226,-0.0148417605087161,0.00232128030620515
0.00882583484053612,0.00752879166975617,0.0129739241674542
0.00136898446362466,-0.00418911594897509,0.0119086597114801
-0.000761544331908226,0.00859405659139156,-0.0232450645416975
0.01308689173311,-0.00738490931689739,-0.0189840067178011
-0.000761544331908226,0.0139203798025846,0.00764760188758373
-0.00502260169014335,0.00113720563240349,0.00764760188758373
0.00136898446362466,0.0032677345443517,-0.00726609909906983
0.0109563646838069,0.00965932104736567,0.00232128030620515
-0.0188710391521454,-0.0116459662094712,-0.00939662754535675
-0.00289207301102579,0.00113720563240349,0.004451809450984
-0.00395733769983053,0.0107245855033398,0.010843395255506
0.0109563646838069,0.025638286024332,0.0193655081093311
-0.0263278894126415,-0.00312385149300098,0.0140391895547509
-0.00608786614611745,0.00539826415479183,0.00658233882859349
-0.00608786614611745,0.00113720563240349,0.00658233882859349
-0.00715313060209155,0.0160509087145329,-0.00513557018712163
0.00563004240393639,-0.0244291387498379,0.00125601643230766
-0.00608786614611745,-0.00738490931689739,-0.0147229498252273
0.00989109929651022,0.0107245855033398,-0.0211145356297493
0.000303720065858215,-0.00205858726985753,0.0129739241674542
-0.00502260169014335,0.0032677345443517,0.0183002445846796
0.00776057038456202,0.00113720563240349,0.00338654476217926
-0.00395733769983053,0.00113720563240349,-0.0147229498252273
0.00456477794796228,0.00113720563240349,0.000190751772606745
-0.014609981328249,-0.0095154382288456,0.00551707437261939
0.01308689173311,-0.00525438040494919,-0.00833136308938265
-0.00289207301102579,-0.0116459662094712,-0.00620083464309573
0.000303720065858215,0.00220247008837759,0.00871286634355783
-0.00821839552372694,-0.00205858726985753,0.00871286634355783
0.0066953063942492,0.00433299969881773,0.00232128030620515
0.00456477794796228,0.00113720563240349,0.00338654476217926
0.00136898446362466,-0.00312385149300098,-0.00939662754535675
0.0152174206450582,-0.00631964486092329,-0.00726609909906983
0.00989109929651022,0.0149856442585588,-0.00300504127517343
-0.00502260169014335,-0.0116459662094712,0.00871286634355783
0.0205437447875738,-0.0116459662094712,-0.0168534778058529
0.00776057038456202,-0.000993322930298746,0.004451809450984
-0.00182680867146701,0.00113720563240349,0.00338654476217926
0.000303720065858215,0.0128551153466105,0.00871286634355783
-0.00715313060209155,-0.0201680809259415,-0.0125924199819565
0.00136898446362466,-0.00525438040494919,-0.000874512654263526
-0.0114141879603267,0.00646352721378207,0.00232128030620515
-0.0156752448529005,0.00220247008837759,-0.0253755934536457
-0.000761544331908226,-0.0180375520139933,-0.024310328066349
-0.0114141879603267,0.0181814339011908,0.0268223602324724
0.00882583484053612,-0.0116459662094712,0.00125601643230766
0.0162826851010323,0.00859405659139156,-0.0221797991544008
-0.00821839552372694,-0.0116459662094712,0.00551707437261939
0.012021629139781,0.0107245855033398,0.00338654476217926
0.0066953063942492,0.00220247008837759,0.004451809450984
-0.00821839552372694,-0.00631964486092329,-0.00833136308938265
0.00349951325915754,0.00859405659139156,-0.00407030573114753
-0.0103489235043526,0.00113720563240349,0.00338654476217926
-0.00182680867146701,-0.0169722884893417,0.00551707437261939
0.0066953063942492,0.0298993475735188,0.00232128030620515
-0.00502260169014335,0.00752879166975617,0.0183002445846796
0.012021629139781,-0.00205858726985753,-0.00726609909906983
0.000303720065858215,0.0160509087145329,-0.000874512654263526
0.0066953063942492,0.000071941758506,-0.000874512654263526
-0.00608786614611745,0.00539826415479183,-0.00513557018712163
0.00563004240393639,-0.00525438040494919,-0.00300504127517343
0.00136898446362466,-0.000993322930298746,0.0129739241674542
0.00456477794796228,0.00113720563240349,0.000190751772606745
-0.014609981328249,-0.00525438040494919,0.0161697193980217
0.00776057038456202,-0.00631964486092329,-0.00833136308938265
-0.0124794524163008,-0.00312385149300098,0.00232128030620515
-0.00182680867146701,-0.00738490931689739,0.015104454010725
0.00136898446362466,-0.00631964486092329,-0.0147229498252273
-0.0114141879603267,0.00433299969881773,0.00125601643230766
-0.000761544331908226,-0.000993322930298746,-0.0168534778058529
0.00243424880318344,0.0032677345443517,0.00232128030620515
0.012021629139781,-0.00525438040494919,-0.00620083464309573
-0.000761544331908226,0.00113720563240349,0.0129739241674542
-0.014609981328249,0.00220247008837759,-0.0200492721050978
0.00136898446362466,-0.00418911594897509,-0.00726609909906983
0.00243424880318344,-0.000993322930298746,-0.00939662754535675
0.00349951325915754,-0.00525438040494919,-0.00833136308938265
-0.00289207301102579,0.00965932104736567,0.010843395255506
0.00136898446362466,-0.00845017377287149,-0.00513557018712163
0.0205437447875738,-0.00312385149300098,-0.0392240323126316
0.012021629139781,0.0171161703765392,0.000190751772606745
0.0152174206450582,-0.0159070249646902,-0.00833136308938265
-0.0167405102401972,0.0117898499593139,0.00977813079953194
0.00136898446362466,0.00965932104736567,0.000190751772606745
0.022674273699522,-0.000993322930298746,0.00338654476217926
0.000303720065858215,-0.0137764951214194,0.000190751772606745
0.00456477794796228,-0.00312385149300098,-0.00939662754535675
-0.00608786614611745,-0.00205858726985753,0.0204307734966278
0.000303720065858215,0.000071941758506,0.00125601643230766
0.00989109929651022,0.000071941758506,0.00125601643230766
-0.00715313060209155,-0.0095154382288456,0.004451809450984
0.00776057038456202,0.000071941758506,0.010843395255506
-0.00821839552372694,0.00433299969881773,0.004451809450984
0.0066953063942492,0.00539826415479183,0.0140391895547509
-0.0103489235043526,0.000071941758506,0.0119086597114801
0.0066953063942492,0.000071941758506,-0.0168534778058529
0.00776057038456202,0.00965932104736567,0.00658233882859349
0.00456477794796228,0.0181814339011908,0.0140391895547509
-0.0156752448529005,-0.00631964486092329,0.000190751772606745
-0.00821839552372694,-0.00631964486092329,-0.00939662754535675
0.00456477794796228,-0.000993322930298746,-0.00513557018712163
0.00243424880318344,0.0128551153466105,0.00658233882859349
0.00776057038456202,-0.0127112306654453,-0.00939662754535675
0.00989109929651022,0.0149856442585588,0.00871286634355783
0.0173479504883289,-0.00525438040494919,-0.0168534778058529
-0.00289207301102579,0.00646352721378207,-0.0115271555259824
0.0066953063942492,0.0032677345443517,0.00551707437261939
-0.00289207301102579,0.00433299969881773,-0.0157882142812014
0.000303720065858215,-0.0286901965737343,-0.0115271555259824
-0.00289207301102579,-0.00205858726985753,-0.0115271555259824
-0.00395733769983053,0.00965932104736567,0.0161697193980217
0.00776057038456202,0.0107245855033398,-0.0147229498252273
0.000303720065858215,0.0107245855033398,-0.00939662754535675
0.00136898446362466,0.0224424917250872,-0.00407030573114753
-0.00928365997970104,-0.00205858726985753,0.00338654476217926
0.00882583484053612,-0.000993322930298746,-0.00407030573114753
-0.000761544331908226,0.00646352721378207,0.00338654476217926
0.00456477794796228,-0.0169722884893417,0.00232128030620515
-0.00289207301102579,-0.0095154382288456,-0.0189840067178011
-0.00182680867146701,0.0267035495489836,0.00232128030620515
0.0141521561890841,0.0107245855033398,0.0119086597114801
-0.0199363026767969,-0.0095154382288456,0.00551707437261939
0.00349951325915754,0.0128551153466105,0.00658233882859349
-0.0124794524163008,-0.0254944041371346,-0.00407030573114753
0.00456477794796228,-0.00312385149300098,0.00658233882859349
-0.00502260169014335,-0.000993322930298746,-0.0115271555259824
0.00243424880318344,-0.00525438040494919,-0.0168534778058529
-0.00928365997970104,-0.00631964486092329,-0.0317671783268452
-0.00182680867146701,-0.00631964486092329,-0.000874512654263526
0.000303720065858215,-0.0105807026848197,0.00125601643230766
-0.00928365997970104,0.0139203798025846,0.010843395255506
-0.00821839552372694,0.00113720563240349,-0.000874512654263526
-0.00608786614611745,0.00113720563240349,-0.00620083464309573
0.00136898446362466,0.00859405659139156,0.00871286634355783
0.00136898446362466,-0.0105807026848197,-0.00407030573114753
0.00989109929651022,0.00752879166975617,0.00764760188758373
-0.0124794524163008,0.00859405659139156,-0.0179187431931496
0.0141521561890841,0.0032677345443517,-0.000874512654263526
-0.014609981328249,-0.00205858726985753,-0.00939662754535675
0.00243424880318344,0.000071941758506,0.010843395255506
0.000303720065858215,0.00646352721378207,0.0129739241674542
0.0109563646838069,-0.00845017377287149,0.00658233882859349
-0.00395733769983053,0.00539826415479183,0.0172349829226732
0.00776057038456202,-0.00418911594897509,-0.00939662754535675
0.00563004240393639,0.00113720563240349,-0.0253755934536457
0.00563004240393639,0.00539826415479183,0.010843395255506
-0.000761544331908226,0.00220247008837759,-0.0147229498252273
0.0194784812629223,0.00859405659139156,0.0161697193980217
-0.0124794524163008,-0.0137764951214194,-0.00193977693561465
-0.000761544331908226,0.00539826415479183,0.0204307734966278
0.00882583484053612,-0.00312385149300098,-0.0168534778058529
0.0066953063942492,-0.00631964486092329,-0.000874512654263526
0.00243424880318344,0.0139203798025846,0.0129739241674542
-0.0124794524163008,-0.0169722884893417,0.004451809450984
0.00456477794796228,0.0128551153466105,0.0204307734966278
0.00136898446362466,0.000071941758506,-0.0125924199819565
-0.00928365997970104,-0.00738490931689739,-0.00620083464309573
0.000303720065858215,0.0032677345443517,0.00338654476217926
0.0162826851010323,0.00965932104736567,0.0129739241674542
-0.00715313060209155,0.00220247008837759,0.022561302408576
-0.00502260169014335,-0.000993322930298746,0.0140391895547509
0.00349951325915754,-0.00845017377287149,0.00232128030620515
-0.0124794524163008,-0.00631964486092329,-0.00833136308938265
-0.00289207301102579,0.00433299969881773,0.0257570948451757
-0.00182680867146701,0.0032677345443517,-0.0125924199819565
-0.014609981328249,-0.00312385149300098,0.000190751772606745
0.00136898446362466,0.0107245855033398,0.0246918313205242
-0.00715313060209155,-0.00631964486092329,-0.00407030573114753
0.0141521561890841,-0.00631964486092329,0.0119086597114801
0.00136898446362466,-0.0127112306654453,-0.00513557018712163
0.00456477794796228,0.00220247008837759,0.0310834217816591
-0.00395733769983053,0.000071941758506,0.004451809450984
-0.00715313060209155,0.00220247008837759,0.00125601643230766
-0.00182680867146701,-0.00312385149300098,0.00764760188758373
-0.00608786614611745,-0.0148417605087161,-0.00833136308938265
-0.0156752448529005,0.00539826415479183,-0.0125924199819565
0.0109563646838069,-0.00525438040494919,0.00551707437261939
0.00136898446362466,-0.00418911594897509,0.00125601643230766
0.00563004240393639,0.00433299969881773,0.00977813079953194
-0.014609981328249,-0.00312385149300098,0.000190751772606745
0.00776057038456202,0.00646352721378207,0.0204307734966278
-0.0135447168722749,0.00113720563240349,-0.0253755934536457
0.000303720065858215,-0.00631964486092329,0.004451809450984
-0.00182680867146701,-0.00418911594897509,0.00232128030620515
0.000303720065858215,0.00113720563240349,-0.0125924199819565
-0.000761544331908226,-0.00845017377287149,0.00338654476217926
-0.00928365997970104,0.0107245855033398,0.00338654476217926
0.00882583484053612,0.00646352721378207,-0.0115271555259824
0.000303720065858215,-0.00845017377287149,-0.0136576853692532
0.00349951325915754,0.00646352721378207,-0.00193977693561465
0.00456477794796228,-0.00312385149300098,0.00977813079953194
0.000303720065858215,-0.0116459662094712,-0.00620083464309573
-0.0114141879603267,-0.000993322930298746,0.00125601643230766
-0.00821839552372694,-0.00205858726985753,0.015104454010725
-0.00608786614611745,-0.0148417605087161,-0.00939662754535675
-0.00289207301102579,0.00220247008837759,-0.00193977693561465
0.00563004240393639,-0.00418911594897509,-0.0147229498252273
-0.00928365997970104,-0.00845017377287149,-0.000874512654263526
-0.0114141879603267,-0.00312385149300098,0.000190751772606745
0.00243424880318344,0.0213772282004356,0.00338654476217926
-0.00502260169014335,-0.0127112306654453,0.00125601643230766
0.00776057038456202,0.000071941758506,-0.0125924199819565
-0.0210015680640936,0.00965932104736567,0.00658233882859349
0.0162826851010323,-0.00738490931689739,0.00338654476217926
-0.00289207301102579,-0.0095154382288456,-0.0104618910700083
-0.0114141879603267,0.0149856442585588,0.0129739241674542
0.00349951325915754,-0.00312385149300098,0.00232128030620515
-0.0124794524163008,0.0107245855033398,-0.0115271555259824
-0.000761544331908226,0.00646352721378207,0.00977813079953194
-0.00502260169014335,0.00539826415479183,-0.00620083464309573
0.0162826851010323,0.0107245855033398,-0.0179187431931496
-0.00502260169014335,0.00433299969881773,-0.000874512654263526
0.000303720065858215,-0.00525438040494919,-0.00193977693561465
-0.00608786614611745,0.00646352721378207,0.00658233882859349
0.0173479504883289,0.00220247008837759,0.0119086597114801
-0.00715313060209155,-0.00525438040494919,0.00551707437261939
-0.00289207301102579,-0.0095154382288456,0.00125601643230766
0.00456477794796228,-0.00738490931689739,0.000190751772606745
0.00136898446362466,-0.00738490931689739,-0.00939662754535675
-0.000761544331908226,-0.00418911594897509,0.004451809450984
0.00776057038456202,0.00965932104736567,0.00338654476217926
-0.0103489235043526,0.00113720563240349,-0.00833136308938265
0.0109563646838069,-0.00525438040494919,0.00764760188758373
0.00776057038456202,-0.00205858726985753,-0.00407030573114753
0.00243424880318344,-0.00845017377287149,0.00232128030620515
0.000303720065858215,0.020311962813139,-0.00939662754535675
0.0109563646838069,-0.00312385149300098,0.00338654476217926
0.00882583484053612,-0.00631964486092329,0.004451809450984
0.00563004240393639,-0.00738490931689739,-0.0115271555259824
-0.00608786614611745,0.00220247008837759,0.0172349829226732
0.0066953063942492,-0.000993322930298746,-0.00726609909906983
0.000303720065858215,-0.00525438040494919,-0.00407030573114753
-0.0114141879603267,0.0107245855033398,0.00977813079953194
0.00776057038456202,0.00113720563240349,-0.00407030573114753
0.0109563646838069,-0.00525438040494919,-0.0200492721050978
0.0066953063942492,-0.0095154382288456,-0.0104618910700083
0.01308689173311,0.00539826415479183,-0.00300504127517343
-0.0167405102401972,-0.00631964486092329,0.00125601643230766
0.0109563646838069,0.00646352721378207,0.00232128030620515
-0.0188710391521454,-0.00631964486092329,0.000190751772606745
0.00563004240393639,0.00752879166975617,-0.0104618910700083
-0.0103489235043526,0.0117898499593139,0.00232128030620515
0.000303720065858215,-0.0169722884893417,-0.000874512654263526
-0.00928365997970104,0.00433299969881773,0.010843395255506
-0.00182680867146701,-0.0095154382288456,-0.0157882142812014
-0.00395733769983053,0.00539826415479183,-0.00193977693561465
-0.00608786614611745,-0.0169722884893417,-0.00726609909906983
-0.00502260169014335,-0.00525438040494919,0.00551707437261939
0.0066953063942492,0.00539826415479183,0.0119086597114801
0.000303720065858215,0.00539826415479183,0.0161697193980217
0.00349951325915754,-0.00738490931689739,-0.0104618910700083
0.00563004240393639,0.00539826415479183,-0.0115271555259824
0.00136898446362466,0.00859405659139156,0.00658233882859349
-0.0135447168722749,-0.0127112306654453,-0.0125924199819565
0.00456477794796228,0.00539826415479183,-0.0136576853692532
-0.00821839552372694,0.000071941758506,0.00551707437261939
-0.0124794524163008,0.00646352721378207,0.022561302408576
-0.00182680867146701,-0.00312385149300098,-0.0125924199819565
-0.000761544331908226,0.0181814339011908,0.00977813079953194
0.00563004240393639,-0.0137764951214194,-0.000874512654263526
-0.0188710391521454,0.0032677345443517,-0.00407030573114753
0.00136898446362466,0.00433299969881773,-0.000874512654263526
0.00349951325915754,-0.0159070249646902,-0.0136576853692532
-0.00821839552372694,-0.0127112306654453,0.00871286634355783
-0.00289207301102579,-0.00631964486092329,-0.0147229498252273
0.00563004240393639,-0.00418911594897509,-0.00193977693561465
-0.00502260169014335,-0.000993322930298746,-0.00193977693561465
0.0066953063942492,-0.00312385149300098,0.00338654476217926
-0.00928365997970104,0.00113720563240349,-0.0157882142812014
0.0109563646838069,0.0032677345443517,0.0119086597114801
-0.00289207301102579,-0.00205858726985753,0.00871286634355783
0.0162826851010323,0.00433299969881773,-0.00300504127517343
-0.00715313060209155,0.00433299969881773,0.0161697193980217
-0.00289207301102579,-0.00738490931689739,-0.00300504127517343
-0.00182680867146701,0.00965932104736567,0.00764760188758373
-0.00608786614611745,0.00220247008837759,0.00658233882859349
0.00989109929651022,-0.00312385149300098,-0.0115271555259824
-0.00608786614611745,0.00859405659139156,0.00125601643230766
0.0066953063942492,0.00113720563240349,-0.0104618910700083
-0.00395733769983053,0.00220247008837759,0.00125601643230766
0.00456477794796228,-0.00738490931689739,-0.00300504127517343
-0.0114141879603267,0.00752879166975617,-0.000874512654263526
-0.000761544331908226,-0.0116459662094712,0.00232128030620515
-0.0188710391521454,0.000071941758506,0.00232128030620515
-0.00821839552372694,0.00113720563240349,0.00764760188758373
0.00456477794796228,-0.00631964486092329,0.00658233882859349
0.012021629139781,0.0181814339011908,0.0172349829226732
0.012021629139781,-0.00205858726985753,-0.0189840067178011
-0.0167405102401972,-0.00205858726985753,-0.0125924199819565
-0.00715313060209155,-0.00525438040494919,-0.00300504127517343
-0.00182680867146701,-0.0105807026848197,-0.00193977693561465
-0.014609981328249,0.0181814339011908,-0.00939662754535675
0.00989109929651022,-0.00845017377287149,0.00232128030620515
0.00243424880318344,0.00539826415479183,-0.000874512654263526
0.000303720065858215,0.0032677345443517,-0.0136576853692532
0.00136898446362466,0.000071941758506,0.0140391895547509
-0.00502260169014335,-0.00312385149300098,0.0129739241674542
0.00776057038456202,0.0139203798025846,-0.0125924199819565
-0.00502260169014335,-0.00312385149300098,0.00551707437261939
-0.00182680867146701,-0.00312385149300098,0.010843395255506
-0.0114141879603267,0.00220247008837759,-0.0147229498252273
0.0141521561890841,0.0139203798025846,0.000190751772606745
-0.00502260169014335,0.00220247008837759,0.00764760188758373
-0.00821839552372694,-0.0148417605087161,-0.00513557018712163
0.00349951325915754,-0.00205858726985753,-0.00300504127517343
-0.000761544331908226,0.00433299969881773,0.00125601643230766
-0.000761544331908226,0.0149856442585588,-0.000874512654263526
-0.00821839552372694,0.0107245855033398,0.00764760188758373
0.0066953063942492,-0.0254944041371346,-0.0157882142812014
-0.0156752448529005,-0.0137764951214194,-0.000874512654263526
0.00349951325915754,0.0032677345443517,0.000190751772606745
0.0216090101748705,0.00646352721378207,-0.0147229498252273
0.0109563646838069,-0.00738490931689739,-0.0168534778058529
0.00776057038456202,0.00433299969881773,-0.00833136308938265
-0.0124794524163008,0.00220247008837759,0.00764760188758373
-0.00715313060209155,-0.00525438040494919,0.0140391895547509
0.0184132140129805,-0.000993322930298746,0.00232128030620515
-0.00502260169014335,-0.00205858726985753,-0.0115271555259824
0.00456477794796228,-0.00525438040494919,0.010843395255506
-0.000761544331908226,0.000071941758506,0.00658233882859349
-0.00821839552372694,0.00220247008837759,-0.0157882142812014
-0.00608786614611745,0.00220247008837759,-0.0104618910700083
0.00136898446362466,0.00220247008837759,0.00125601643230766
-0.00395733769983053,-0.00312385149300098,0.00125601643230766
-0.00395733769983053,0.00539826415479183,0.00658233882859349
0.00563004240393639,0.00113720563240349,0.015104454010725
0.00243424880318344,-0.0127112306654453,-0.00300504127517343
0.00243424880318344,-0.0105807026848197,-0.00513557018712163
0.0066953063942492,0.00433299969881773,-0.00193977693561465
-0.00715313060209155,-0.0105807026848197,0.0129739241674542
0.01308689173311,0.00646352721378207,0.000190751772606745
-0.00502260169014335,-0.0159070249646902,-0.00407030573114753
0.0184132140129805,0.0128551153466105,-0.00620083464309573
-0.000761544331908226,0.00433299969881773,0.0246918313205242
-0.00289207301102579,0.00220247008837759,0.004451809450984
-0.00715313060209155,-0.00418911594897509,0.010843395255506
0.00136898446362466,0.00965932104736567,-0.00726609909906983
0.00776057038456202,-0.00312385149300098,0.000190751772606745
-0.00182680867146701,-0.0116459662094712,0.0193655081093311
0.000303720065858215,0.0128551153466105,-0.00193977693561465
0.00136898446362466,-0.000993322930298746,0.0119086597114801
0.00243424880318344,-0.000993322930298746,0.00125601643230766
0.000303720065858215,0.00433299969881773,0.000190751772606745
0.00243424880318344,-0.00525438040494919,-0.00620083464309573
0.000303720065858215,0.00859405659139156,0.000190751772606745
0.00456477794796228,-0.0212333463132381,-0.00513557018712163
0.0066953063942492,0.0128551153466105,-0.0136576853692532
0.0237395353615284,0.0171161703765392,0.00764760188758373
-0.0124794524163008,-0.0095154382288456,-0.0296366512775421
-0.0114141879603267,-0.00525438040494919,-0.0211145356297493
-0.0124794524163008,-0.00312385149300098,0.0161697193980217
0.0152174206450582,-0.00845017377287149,-0.00407030573114753
0.00563004240393639,-0.00738490931689739,-0.00939662754535675
-0.00502260169014335,-0.00312385149300098,-0.0115271555259824
0.00882583484053612,-0.00312385149300098,0.00658233882859349
0.00456477794796228,0.000071941758506,-0.00939662754535675
-0.00289207301102579,0.00646352721378207,-0.000874512654263526
-0.00395733769983053,-0.00418911594897509,-0.0125924199819565
-0.00928365997970104,0.00433299969881773,0.000190751772606745
0.0066953063942492,0.0032677345443517,0.010843395255506
0.0173479504883289,-0.0095154382288456,-0.0157882142812014
-0.00182680867146701,0.00113720563240349,0.0140391895547509
-0.0135447168722749,-0.0127112306654453,0.015104454010725
-0.000761544331908226,-0.00631964486092329,-0.00300504127517343
-0.00395733769983053,-0.00631964486092329,0.004451809450984
-0.00608786614611745,0.0117898499593139,0.00764760188758373
0.00563004240393639,-0.0116459662094712,-0.0136576853692532
-0.00289207301102579,-0.00312385149300098,-0.0221797991544008
-0.00608786614611745,-0.0105807026848197,0.0140391895547509
0.00136898446362466,-0.00631964486092329,0.00658233882859349
0.00563004240393639,-0.00312385149300098,-0.0157882142812014
-0.0167405102401972,0.00646352721378207,0.004451809450984
0.01308689173311,-0.0105807026848197,0.00658233882859349
-0.00715313060209155,0.00859405659139156,0.010843395255506
-0.00289207301102579,-0.00845017377287149,-0.00513557018712163
0.00136898446362466,0.0032677345443517,-0.0136576853692532
0.00243424880318344,0.000071941758506,0.0119086597114801
-0.000761544331908226,-0.0137764951214194,-0.00726609909906983
0.000303720065858215,0.00646352721378207,0.00764760188758373
0.00349951325915754,-0.00312385149300098,-0.0168534778058529
-0.0114141879603267,0.00965932104736567,-0.0211145356297493
0.00456477794796228,-0.0191028174012899,0.00658233882859349
0.0109563646838069,-0.00631964486092329,-0.00300504127517343
0.00456477794796228,-0.00312385149300098,0.00871286634355783
-0.0135447168722749,-0.0137764951214194,0.0172349829226732
0.0141521561890841,0.000071941758506,-0.0168534778058529
0.0141521561890841,0.0117898499593139,-0.00300504127517343
0.0066953063942492,-0.0127112306654453,-0.0104618910700083
0.000303720065858215,0.00113720563240349,0.00764760188758373
-0.00715313060209155,0.0117898499593139,-0.00833136308938265
0.0066953063942492,0.000071941758506,-0.00939662754535675
0.0248047988861799,0.00539826415479183,0.0161697193980217
-0.0178057737648487,0.00113720563240349,0.00232128030620515
0.00456477794796228,-0.0095154382288456,0.00125601643230766
-0.0114141879603267,0.0128551153466105,-0.0136576853692532
-0.00395733769983053,0.0171161703765392,-0.00939662754535675
-0.000761544331908226,-0.000993322930298746,0.00125601643230766
-0.0220668315887451,-0.00312385149300098,0.00871286634355783
-0.00289207301102579,0.0171161703765392,0.00551707437261939
-0.00502260169014335,-0.0159070249646902,-0.00939662754535675
0.00349951325915754,0.00113720563240349,0.00125601643230766
-0.00289207301102579,0.00752879166975617,0.004451809450984
-0.00502260169014335,-0.00205858726985753,-0.0104618910700083
-0.0178057737648487,0.0139203798025846,0.00232128030620515
0.00243424880318344,-0.00845017377287149,0.00232128030620515
-0.00821839552372694,0.0139203798025846,0.000190751772606745
0.00882583484053612,-0.00312385149300098,0.0172349829226732
-0.0114141879603267,-0.0127112306654453,-0.00620083464309573
-0.00182680867146701,-0.0105807026848197,-0.0221797991544008
-0.000761544331908226,-0.0180375520139933,-0.00726609909906983
-0.000761544331908226,0.0032677345443517,-0.00407030573114753
0.00563004240393639,-0.0116459662094712,0.00232128030620515
0.00136898446362466,-0.0137764951214194,-0.0307019148021936
0.0066953063942492,0.0139203798025846,0.00125601643230766
-0.00182680867146701,0.0171161703765392,-0.00726609909906983
0.00563004240393639,-0.00418911594897509,-0.00193977693561465
-0.00182680867146701,0.00113720563240349,0.0129739241674542
-0.00289207301102579,-0.00205858726985753,-0.00407030573114753
-0.000761544331908226,-0.00205858726985753,-0.0115271555259824
0.0109563646838069,0.00220247008837759,-0.0136576853692532
-0.00715313060209155,-0.0095154382288456,-0.000874512654263526
0.00563004240393639,0.0160509087145329,-0.0104618910700083
-0.00821839552372694,-0.000993322930298746,0.00232128030620515
0.00882583484053612,0.00220247008837759,0.00338654476217926
0.00136898446362466,-0.0105807026848197,0.00338654476217926
-0.00928365997970104,0.000071941758506,-0.0115271555259824
0.00349951325915754,0.000071941758506,0.0183002445846796
0.00136898446362466,-0.00525438040494919,0.00764760188758373
-0.00395733769983053,0.0149856442585588,-0.00407030573114753
0.00456477794796228,-0.00631964486092329,0.0140391895547509
-0.00715313060209155,0.00220247008837759,-0.00300504127517343
-0.0114141879603267,-0.00312385149300098,0.00658233882859349
0.00349951325915754,0.00752879166975617,-0.0125924199819565
-0.00715313060209155,-0.0095154382288456,0.0140391895547509
0.0152174206450582,0.000071941758506,0.00338654476217926
-0.00928365997970104,0.00113720563240349,0.004451809450984
0.00776057038456202,-0.00205858726985753,0.004451809450984
-0.0103489235043526,-0.0105807026848197,0.0119086597114801
-0.00928365997970104,0.000071941758506,0.0193655081093311
-0.000761544331908226,0.0139203798025846,-0.00939662754535675
0.00243424880318344,-0.00312385149300098,-0.00939662754535675
-0.000761544331908226,-0.0233638752251863,0.00125601643230766
-0.0103489235043526,0.0139203798025846,0.00338654476217926
0.0109563646838069,-0.000993322930298746,-0.0275061223655939
-0.00395733769983053,-0.0095154382288456,0.00338654476217926
0.0109563646838069,-0.00312385149300098,0.00125601643230766
-0.00821839552372694,0.000071941758506,-0.00193977693561465
-0.00502260169014335,0.00539826415479183,0.0193655081093311
-0.00289207301102579,0.00220247008837759,-0.00620083464309573
-0.0124794524163008,0.00539826415479183,-0.00300504127517343
0.00882583484053612,0.00539826415479183,-0.00726609909906983
0.00456477794796228,-0.00631964486092329,-0.0221797991544008
-0.00395733769983053,0.00220247008837759,0.0204307734966278
0.000303720065858215,-0.0116459662094712,-0.00939662754535675
-0.00608786614611745,-0.00525438040494919,-0.000874512654263526
-0.0305889472365379,0.00220247008837759,-0.00193977693561465
0.0152174206450582,-0.00631964486092329,-0.000874512654263526
-0.014609981328249,-0.0116459662094712,0.0172349829226732
0.0205437447875738,0.00433299969881773,-0.00620083464309573
-0.0156752448529005,0.00113720563240349,0.00125601643230766
0.00989109929651022,0.00113720563240349,0.00871286634355783
0.00136898446362466,-0.0116459662094712,-0.0115271555259824
0.00136898446362466,-0.0105807026848197,0.00125601643230766
-0.00182680867146701,0.0032677345443517,0.00125601643230766
0.00882583484053612,0.0032677345443517,-0.0136576853692532
-0.00608786614611745,0.000071941758506,0.00977813079953194
0.0066953063942492,0.00752879166975617,-0.0168534778058529
-0.00502260169014335,-0.00845017377287149,0.00551707437261939
-0.00182680867146701,0.0117898499593139,-0.0136576853692532
-0.0103489235043526,0.00859405659139156,0.00764760188758373
0.00243424880318344,-0.00525438040494919,0.00764760188758373
-0.00395733769983053,0.00646352721378207,-0.0157882142812014
0.0066953063942492,0.00433299969881773,0.00764760188758373
-0.00502260169014335,-0.00738490931689739,-0.00407030573114753
0.0205437447875738,-0.0191028174012899,-0.00193977693561465
-0.00289207301102579,-0.00205858726985753,-0.00407030573114753
-0.00715313060209155,-0.00205858726985753,0.0140391895547509
-0.00608786614611745,-0.00631964486092329,-0.0232450645416975
-0.00289207301102579,-0.00525438040494919,0.00658233882859349
0.00882583484053612,0.0032677345443517,0.00551707437261939
0.00243424880318344,-0.00205858726985753,0.00338654476217926
0.0194784812629223,0.00433299969881773,-0.00620083464309573
0.000303720065858215,-0.00312385149300098,0.0129739241674542
0.000303720065858215,-0.000993322930298746,-0.00407030573114753
-0.00608786614611745,0.00646352721378207,0.00764760188758373
0.00136898446362466,0.00646352721378207,-0.0115271555259824
-0.00289207301102579,-0.00631964486092329,0.0204307734966278
0.012021629139781,0.0139203798025846,-0.00193977693561465
-0.0135447168722749,-0.0201680809259415,-0.00939662754535675
0.00136898446362466,0.000071941758506,0.010843395255506
-0.00502260169014335,0.00859405659139156,-0.0179187431931496
0.00776057038456202,-0.00631964486092329,-0.00513557018712163
0.00776057038456202,0.00646352721378207,0.0257570948451757
-0.00502260169014335,0.00113720563240349,-0.0168534778058529
0.000303720065858215,0.00646352721378207,0.00338654476217926
-0.014609981328249,0.00752879166975617,-0.00300504127517343
-0.014609981328249,-0.0105807026848197,0.000190751772606745
0.00563004240393639,0.0160509087145329,0.000190751772606745
0.0066953063942492,-0.00845017377287149,-0.00726609909906983
-0.0316542126238346,0.0117898499593139,-0.00726609909906983
0.0109563646838069,0.00965932104736567,0.00125601643230766
0.00882583484053612,-0.0222986098378897,0.0161697193980217
-0.014609981328249,0.0192466992884874,-0.00407030573114753
0.00349951325915754,0.00113720563240349,-0.0115271555259824
-0.0114141879603267,0.000071941758506,0.00232128030620515
-0.00928365997970104,-0.0148417605087161,0.00977813079953194
0.0152174206450582,0.00113720563240349,0.00977813079953194
0.00349951325915754,-0.0212333463132381,0.00764760188758373
-0.00715313060209155,0.00859405659139156,-0.0157882142812014
-0.00715313060209155,0.00646352721378207,0.00125601643230766
-0.00715313060209155,0.00965932104736567,0.0183002445846796
0.00243424880318344,-0.000993322930298746,-0.00620083464309573
-0.00182680867146701,-0.00631964486092329,0.00125601643230766
-0.000761544331908226,-0.00738490931689739,0.00871286634355783
0.00456477794796228,-0.00525438040494919,-0.000874512654263526
-0.00395733769983053,0.00646352721378207,0.00551707437261939
0.01308689173311,-0.00738490931689739,-0.00833136308938265
0.0184132140129805,-0.0105807026848197,-0.0200492721050978
0.012021629139781,-0.0191028174012899,0.00658233882859349
-0.00395733769983053,-0.0095154382288456,0.00338654476217926
-0.0103489235043526,-0.00418911594897509,-0.0200492721050978
0.0066953063942492,0.0032677345443517,0.010843395255506
-0.00502260169014335,-0.00631964486092329,-0.00193977693561465
0.00349951325915754,0.0245730206370354,-0.0157882142812014
0.00243424880318344,-0.000993322930298746,0.0129739241674542
-0.00395733769983053,-0.00418911594897509,0.010843395255506
0.012021629139781,-0.0095154382288456,-0.0232450645416975
0.00456477794796228,0.00859405659139156,-0.000874512654263526
0.00882583484053612,-0.00631964486092329,-0.00513557018712163
-0.00821839552372694,-0.0159070249646902,0.0140391895547509
-0.000761544331908226,0.00539826415479183,0.00977813079953194
-0.0135447168722749,-0.000993322930298746,-0.0168534778058529
0.01308689173311,-0.00418911594897509,0.00232128030620515
0.00136898446362466,0.00752879166975617,0.00977813079953194
0.00456477794796228,0.00539826415479183,-0.0285713858902454
-0.014609981328249,0.00965932104736567,0.0140391895547509
0.00243424880318344,-0.000993322930298746,0.0183002445846796
-0.00821839552372694,0.0032677345443517,-0.00407030573114753
0.00882583484053612,-0.000993322930298746,0.0161697193980217
0.00243424880318344,0.00646352721378207,-0.0221797991544008
-0.000761544331908226,-0.00205858726985753,0.00871286634355783
-0.0103489235043526,-0.0233638752251863,0.00658233882859349
0.00989109929651022,0.00859405659139156,0.0204307734966278
0.0066953063942492,-0.00738490931689739,-0.0221797991544008
0.00243424880318344,0.000071941758506,-0.00833136308938265
-0.00395733769983053,0.00220247008837759,-0.0147229498252273
0.00882583484053612,0.00859405659139156,0.00551707437261939
0.012021629139781,-0.00418911594897509,-0.0157882142812014
-0.00289207301102579,-0.00845017377287149,-0.000874512654263526
-0.00928365997970104,0.0171161703765392,0.000190751772606745
0.000303720065858215,-0.00845017377287149,-0.00939662754535675
0.000303720065858215,-0.00205858726985753,0.000190751772606745
0.00776057038456202,-0.0276249330490828,-0.0253755934536457
-0.0135447168722749,0.0245730206370354,0.00338654476217926
0.0109563646838069,0.00220247008837759,-0.00726609909906983
0.00563004240393639,-0.0169722884893417,0.00232128030620515
0.00349951325915754,0.0107245855033398,0.000190751772606745
0.00349951325915754,0.00113720563240349,0.0129739241674542
-0.00608786614611745,0.00220247008837759,-0.0125924199819565
-0.00821839552372694,0.0117898499593139,-0.000874512654263526
0.00882583484053612,-0.0159070249646902,-0.0200492721050978
0.00243424880318344,0.00220247008837759,0.0183002445846796
0.0109563646838069,0.0149856442585588,-0.0157882142812014
-0.00608786614611745,-0.0201680809259415,0.00551707437261939
0.0109563646838069,0.0128551153466105,-0.00300504127517343
0.00349951325915754,0.00220247008837759,0.010843395255506
0.00136898446362466,-0.0191028174012899,0.004451809450984
-0.014609981328249,0.00859405659139156,-0.00407030573114753
0.0109563646838069,-0.0169722884893417,0.00125601643230766
-0.00182680867146701,0.0139203798025846,-0.0221797991544008
0.00136898446362466,0.00859405659139156,0.00551707437261939
0.00882583484053612,-0.0159070249646902,0.00658233882859349
-0.014609981328249,0.0224424917250872,-0.00513557018712163
0.000303720065858215,-0.000993322930298746,0.00551707437261939
0.0066953063942492,-0.0095154382288456,-0.0115271555259824
0.00989109929651022,0.00220247008837759,-0.00407030573114753
-0.00821839552372694,-0.0116459662094712,-0.0104618910700083
0.00349951325915754,-0.00205858726985753,-0.000874512654263526
-0.014609981328249,0.0107245855033398,0.00551707437261939
-0.000761544331908226,-0.00205858726985753,0.0417360626161099
-0.00715313060209155,-0.00845017377287149,-0.00939662754535675
-0.000761544331908226,-0.00631964486092329,0.00871286634355783
-0.00715313060209155,0.00752879166975617,0.00338654476217926
0.00243424880318344,-0.00205858726985753,-0.0125924199819565
-0.00821839552372694,0.00113720563240349,0.00551707437261939
0.01308689173311,-0.00418911594897509,-0.00833136308938265
-0.0220668315887451,0.00859405659139156,0.0257570948451757
-0.00502260169014335,0.00646352721378207,0.00977813079953194
-0.00715313060209155,0.00646352721378207,-0.00193977693561465
0.0194784812629223,0.00646352721378207,-0.00300504127517343
-0.0114141879603267,0.00220247008837759,-0.0168534778058529
0.00243424880318344,-0.00205858726985753,0.00871286634355783
0.00563004240393639,0.00646352721378207,0.00232128030620515
-0.00715313060209155,0.00220247008837759,-0.0115271555259824
-0.0135447168722749,-0.00418911594897509,0.000190751772606745
-0.00289207301102579,-0.00205858726985753,-0.000874512654263526
0.00136898446362466,0.00539826415479183,0.0193655081093311
-0.0188710391521454,-0.0095154382288456,0.004451809450984
0.0184132140129805,-0.00418911594897509,-0.00833136308938265
-0.000761544331908226,0.00539826415479183,-0.0115271555259824
-0.0135447168722749,0.020311962813139,0.00658233882859349
0.00349951325915754,-0.000993322930298746,0.0140391895547509
-0.014609981328249,0.00113720563240349,0.00338654476217926
-0.00608786614611745,-0.0148417605087161,0.00871286634355783
0.01308689173311,0.00646352721378207,-0.0168534778058529
0.00243424880318344,0.0267035495489836,0.0140391895547509
0.00776057038456202,-0.0116459662094712,-0.00193977693561465
-0.0103489235043526,0.0181814339011908,0.0140391895547509
-0.000761544331908226,0.0107245855033398,-0.0125924199819565
-0.00715313060209155,0.00220247008837759,0.00232128030620515
0.0205437447875738,-0.0116459662094712,0.0129739241674542
-0.00928365997970104,0.00646352721378207,-0.00193977693561465
-0.0124794524163008,-0.0137764951214194,0.00551707437261939
-0.000761544331908226,0.00220247008837759,-0.00193977693561465
0.00349951325915754,-0.0116459662094712,0.015104454010725
0.012021629139781,0.00859405659139156,-0.00513557018712163
-0.0167405102401972,-0.0159070249646902,-0.00726609909906983
0.0066953063942492,0.00539826415479183,-0.00300504127517343
0.00882583484053612,0.0032677345443517,-0.00193977693561465
0.00456477794796228,-0.000993322930298746,-0.0104618910700083
0.0205437447875738,-0.0159070249646902,0.00338654476217926
0.00563004240393639,-0.0127112306654453,-0.0115271555259824
-0.00182680867146701,0.0107245855033398,0.00871286634355783
0.01308689173311,-0.0095154382288456,-0.000874512654263526
0.00243424880318344,0.00220247008837759,-0.00726609909906983
-0.00502260169014335,-0.0201680809259415,-0.00193977693561465
0.00349951325915754,-0.00205858726985753,-0.000874512654263526
0.00989109929651022,-0.00418911594897509,0.000190751772606745
0.000303720065858215,0.0117898499593139,-0.00726609909906983
-0.00928365997970104,0.00646352721378207,0.010843395255506
0.0141521561890841,0.0107245855033398,0.0172349829226732
-0.000761544331908226,-0.00845017377287149,-0.0328324437141418
-0.000761544331908226,0.00433299969881773,0.00871286634355783
0.0109563646838069,-0.00418911594897509,0.00232128030620515
-0.00289207301102579,0.00220247008837759,-0.00833136308938265
-0.00289207301102579,-0.0116459662094712,0.004451809450984
0.00349951325915754,0.00859405659139156,0.00338654476217926
-0.0114141879603267,0.00220247008837759,-0.00939662754535675
0.00989109929651022,-0.0180375520139933,-0.00513557018712163
-0.00928365997970104,0.00859405659139156,-0.00620083464309573
0.00349951325915754,-0.00205858726985753,0.00125601643230766
0.00456477794796228,-0.000993322930298746,-0.0157882142812014
0.00456477794796228,-0.0222986098378897,-0.00620083464309573
-0.00608786614611745,0.0032677345443517,0.00232128030620515
0.00349951325915754,-0.00418911594897509,-0.0136576853692532
0.000303720065858215,0.020311962813139,0.000190751772606745
0.00882583484053612,-0.0169722884893417,0.00871286634355783
-0.00395733769983053,0.0149856442585588,0.015104454010725
0.00563004240393639,0.00752879166975617,-0.0189840067178011
-0.0103489235043526,-0.00205858726985753,-0.00620083464309573
0.00136898446362466,0.00433299969881773,-0.00513557018712163
-0.0124794524163008,-0.0095154382288456,0.00764760188758373
0.00456477794796228,-0.00738490931689739,0.00658233882859349
0.0066953063942492,-0.00418911594897509,-0.00833136308938265
-0.00821839552372694,0.00646352721378207,0.00125601643230766
0.00136898446362466,-0.00525438040494919,0.00658233882859349
-0.00395733769983053,-0.0233638752251863,-0.0211145356297493
-0.00608786614611745,0.00752879166975617,0.015104454010725
0.00882583484053612,-0.000993322930298746,-0.0189840067178011
-0.0178057737648487,0.00113720563240349,0.000190751772606745
0.0162826851010323,0.00220247008837759,-0.024310328066349
-0.0103489235043526,0.00646352721378207,0.00125601643230766
-0.00715313060209155,0.00859405659139156,0.00658233882859349
0.01308689173311,0.00859405659139156,-0.00300504127517343
-0.0103489235043526,0.0107245855033398,-0.000874512654263526
0.00136898446362466,-0.0105807026848197,-0.000874512654263526
-0.00608786614611745,0.00859405659139156,-0.0157882142812014
-0.00608786614611745,0.0149856442585588,-0.00726609909906983
0.0152174206450582,-0.00631964486092329,-0.00726609909906983
-0.000761544331908226,0.0149856442585588,-0.0200492721050978
0.000303720065858215,-0.0095154382288456,0.000190751772606745
0.0109563646838069,0.00220247008837759,-0.00193977693561465
-0.00715313060209155,-0.0201680809259415,0.010843395255506
0.00989109929651022,0.00752879166975617,-0.0115271555259824
0.012021629139781,-0.00631964486092329,0.0300181526690722
-0.0124794524163008,-0.0137764951214194,0.000190751772606745
-0.00928365997970104,0.00220247008837759,0.00338654476217926
0.00349951325915754,-0.000993322930298746,-0.000874512654263526
0.00776057038456202,0.00752879166975617,-0.0115271555259824
-0.0135447168722749,-0.0105807026848197,0.0129739241674542
0.00989109929651022,-0.0095154382288456,-0.00620083464309573
0.000303720065858215,0.00539826415479183,0.004451809450984
0.0066953063942492,0.00539826415479183,0.0183002445846796
-0.00608786614611745,-0.00418911594897509,0.000190751772606745
0.00136898446362466,-0.00738490931689739,-0.00407030573114753
-0.00289207301102579,-0.00738490931689739,-0.00513557018712163
0.00456477794796228,-0.00205858726985753,0.0172349829226732
0.00563004240393639,-0.0159070249646902,0.00338654476217926
0.000303720065858215,0.0171161703765392,0.004451809450984
0.0162826851010323,-0.0180375520139933,-0.0104618910700083
-0.0124794524163008,-0.0127112306654453,-0.024310328066349
0.000303720065858215,0.00539826415479183,0.010843395255506
0.0066953063942492,0.00539826415479183,0.00125601643230766
0.00456477794796228,-0.00418911594897509,-0.0104618910700083
-0.00289207301102579,0.00220247008837759,0.004451809450984
-0.00502260169014335,-0.00631964486092329,-0.0147229498252273
0.0141521561890841,-0.00631964486092329,0.0214960370212793
-0.0124794524163008,0.0171161703765392,-0.0189840067178011
0.00776057038456202,-0.000993322930298746,0.0204307734966278
-0.00715313060209155,-0.00525438040494919,0.00338654476217926
0.00776057038456202,0.00220247008837759,-0.0275061223655939
-0.00289207301102579,-0.000993322930298746,0.0140391895547509
0.00882583484053612,0.00965932104736567,0.004451809450984
0.00349951325915754,-0.00738490931689739,0.022561302408576
-0.000761544331908226,0.020311962813139,0.00764760188758373
0.00563004240393639,-0.000993322930298746,0.0119086597114801
-0.00715313060209155,0.00433299969881773,0.00232128030620515
-0.00821839552372694,0.00113720563240349,0.0140391895547509
0.00776057038456202,0.00433299969881773,0.015104454010725
-0.00608786614611745,-0.00205858726985753,-0.0104618910700083
-0.00395733769983053,-0.00845017377287149,-0.000874512654263526
