0.0,0.0,0.0,0.0,0.0,0.0,0.0,0.0,0.0,0.0,0.0,0.0
-0.21685229241847992,1.1715712547302246,-2.8087189197540283,0.11893610656261444,1.1821776628494263,-2.80572772026062,-0.1982429176568985,1.960782527923584,-0.09717768430709839,0.14217372238636017,1.1575419902801514,-2.7989397048950195
-0.21685229241847992,1.171523094177246,-2.808680534362793,0.11893610656261444,1.1821776628494263,-2.8057661056518555,-0.1982429176568985,1.960782527923584,-0.09713933616876602,0.14217372238636017,1.1575419902801514,-2.798978090286255
-0.21697139739990234,1.171474814414978,-2.8087189197540283,0.11893610656261444,1.1821776628494263,-2.8057661056518555,-0.1980486810207367,1.960782527923584,-0.09713933616876602,0.14217372238636017,1.1575419902801514,-2.798978090286255
-0.21697139739990234,1.171474814414978,-2.8087189197540283,0.11705929040908813,1.1822258234024048,-2.80572772026062,-0.1980486810207367,1.960782527923584,-0.09717768430709839,0.1420220583677292,1.157477617263794,-2.7986109256744385
-0.2169112116098404,1.171474814414978,-2.8087189197540283,0.11699909716844559,1.1822258234024048,-2.8057661056518555,-0.1979522556066513,1.960782527923584,-0.09713933616876602,0.1419738531112671,1.1574896574020386,-2.798994541168213
-0.21683931350708008,1.1696053743362427,-2.8081984519958496,0.11689095944166183,1.1813143491744995,-2.8057661056518555,-0.19794054329395294,1.9600129127502441,-0.09717768430709839,0.14190194010734558,1.1574896574020386,-2.798994541168213
-0.2163950502872467,1.1697015762329102,-2.8086585998535156,0.1167474240064621,1.1813502311706543,-2.80572772026062,-0.1976286917924881,1.9601449966430664,-0.09721603244543076,0.14161404967308044,1.1575136184692383,-2.7989561557769775
-0.216071218252182,1.1697012186050415,-2.8086585998535156,0.11645925790071487,1.181362271308899,-2.8051304817199707,-0.19728058576583862,1.9601690769195557,-0.09721603244543076,0.14133813977241516,1.157525658607483,-2.798994541168213
-0.2156514972448349,1.1697611808776855,-2.8086202144622803,0.11631572246551514,1.181374192237854,-2.8055522441864014,-0.19706515967845917,1.9601447582244873,-2.8411788940429688,0.14109845459461212,1.157537579536438,-2.799377918243408
-0.21528024971485138,1.1698449850082397,-2.8086202144622803,0.11613595485687256,1.1814101934432983,-2.805513858795166,-0.19675354659557343,1.9601807594299316,-2.8407955169677734,0.14083479344844818,1.1575615406036377,-2.7994163036346436
-0.21476465463638306,1.1699649095535278,-2.808581829071045,0.11599214375019073,1.1814581155776978,-2.805513858795166,-0.19642972946166992,1.9602166414260864,-2.8407955169677734,0.1406310647726059,1.157633662223816,-2.798994541168213
-0.2142735868692398,1.1700966358184814,-2.8086202144622803,0.11598070710897446,1.1814939975738525,-2.805513858795166,-0.19610613584518433,1.9603008031845093,-2.8407955169677734,0.14047527313232422,1.1576697826385498,-2.798994541168213
-0.21380646526813507,1.170264482498169,-2.8086202144622803,0.115920789539814,1.1815299987792969,-2.8055520057678223,-0.19586673378944397,1.9602885246276855,-2.8407955169677734,0.1404276043176651,1.1576573848724365,-2.798994541168213
-0.21313562989234924,1.1704682111740112,-2.808696746826172,0.115920789539814,1.1815659999847412,-2.8055520057678223,-0.19549548625946045,1.9603724479675293,-2.8407955169677734,0.14005418121814728,1.1576933860778809,-2.798994541168213
-0.21276411414146423,1.1706119775772095,-2.808696746826172,0.11595673859119415,1.1815779209136963,-2.8055520057678223,-0.19524382054805756,1.9604324102401733,-2.8408336639404297,0.1404036283493042,1.1576933860778809,-2.798994541168213
-0.21245253086090088,1.1707319021224976,-2.808696746826172,0.11602891236543655,1.1815779209136963,-2.8054754734039307,-0.19511228799819946,1.9605042934417725,-2.8407955169677734,0.1404997855424881,1.1576933860778809,-2.7989561557769775
-0.2122248262166977,1.1708277463912964,-2.8085434436798096,0.11600467562675476,1.1815297603607178,-2.8054754734039307,-0.1950526237487793,1.9605522155761719,-2.8408336639404297,0.1405959278345108,1.1577054262161255,-2.7989561557769775
-0.21210527420043945,1.1708996295928955,-2.8085434436798096,0.11600467562675476,1.181589961051941,-2.8054754734039307,-0.1950046867132187,1.9605882167816162,-2.8407955169677734,0.14063188433647156,1.1577054262161255,-2.7989561557769775
-0.21203334629535675,1.1709356307983398,-2.808505058288574,0.11600467562675476,1.181601881980896,-2.8054754734039307,-0.19501668214797974,1.960612177848816,-2.8408336639404297,0.14068008959293365,1.1577054262161255,-2.7989561557769775
-0.2119974046945572,1.1709356307983398,-2.8085434436798096,0.11600467562675476,1.1816620826721191,-2.8054754734039307,-0.19513678550720215,1.9605519771575928,-2.8408336639404297,0.14068010449409485,1.1576933860778809,-2.798994541168213
-0.21205759048461914,1.1709235906600952,-2.8085434436798096,0.11600467562675476,1.1816139221191406,-2.8054754734039307,-0.1951967030763626,1.9605882167816162,-2.8408336639404297,0.14068008959293365,1.1577054262161255,-2.7989561557769775
-0.212141752243042,1.1709116697311401,-2.808581829071045,0.11600467562675476,1.1816139221191406,-2.8054373264312744,-0.19518445432186127,1.9605400562286377,-2.8408336639404297,0.1406438648700714,1.1577054262161255,-2.7989561557769775
-0.2121896892786026,1.1708996295928955,-2.808581829071045,0.11600467562675476,1.1816258430480957,-2.8054754734039307,-0.1952446550130844,1.9605761766433716,-2.8408336639404297,0.1406920701265335,1.1577054262161255,-2.798994541168213
-0.2122858315706253,1.1708875894546509,-2.8089654445648193,0.11600467562675476,1.1816378831863403,-2.8055520057678223,-0.19516021013259888,1.9605761766433716,-2.8407955169677734,0.1406438648700714,1.157765507698059,-2.798994541168213
-0.2123337686061859,1.1709238290786743,-2.808581829071045,0.11601666361093521,1.1816378831863403,-2.8055520057678223,-0.19519643485546112,1.9605882167816162,-2.8408336639404297,0.14060764014720917,1.157765507698059,-2.7986109256744385
-0.21236972510814667,1.1708636283874512,-2.808581829071045,0.11601666361093521,1.1816378831863403,-2.8055520057678223,-0.1951724737882614,1.9605882167816162,-2.8407955169677734,0.14055943489074707,1.1577173471450806,-2.798994541168213
-0.21239370107650757,1.170851707458496,-2.808581829071045,0.11600467562675476,1.1816498041152954,-2.8055520057678223,-0.19513651728630066,1.9606363773345947,-2.8408336639404297,0.14061963558197021,1.1577173471450806,-2.7986109256744385
-0.21234549582004547,1.1708396673202515,-2.808581829071045,0.11600467562675476,1.18166184425354,-2.805513858795166,-0.19511255621910095,1.9606363773345947,-2.8408336639404297,0.14061962068080902,1.1577293872833252,-2.7990329265594482
-0.21228529512882233,1.170791506767273,-2.8086202144622803,0.11600467562675476,1.18166184425354,-2.8055520057678223,-0.1951005607843399,1.9606363773345947,-2.8408336639404297,0.14065586030483246,1.1577293872833252,-2.798994541168213
-0.21224935352802277,1.170791506767273,-2.808581829071045,0.11600467562675476,1.18166184425354,-2.8059356212615967,-0.19511255621910095,1.9606363773345947,-2.8408336639404297,0.14070408046245575,1.1577293872833252,-2.7994163036346436
-0.21224962174892426,1.1707432270050049,-2.808581829071045,0.11601666361093521,1.18166184425354,-2.805513858795166,-0.1951245367527008,1.9605882167816162,-2.8407955169677734,0.14070408046245575,1.1577293872833252,-2.7989561557769775
-0.2121414691209793,1.170851707458496,-2.808581829071045,0.11600467562675476,1.18166184425354,-2.805513858795166,-0.1951245367527008,1.9606001377105713,-2.8407955169677734,0.14075228571891785,1.1577293872833252,-2.799377918243408
-0.212141752243042,1.1708636283874512,-2.8089654445648193,0.11601666361093521,1.1816136837005615,-2.805513858795166,-0.1951245367527008,1.9605882167816162,-2.8408336639404297,0.14075228571891785,1.1577293872833252,-2.798994541168213
-0.21210581064224243,1.170851707458496,-2.808581829071045,0.11601666361093521,1.1816136837005615,-2.8058974742889404,-0.1951245367527008,1.9605882167816162,-2.8408336639404297,0.14075228571891785,1.1577413082122803,-2.798994541168213
-0.21213003993034363,1.170851707458496,-2.808581829071045,0.11600467562675476,1.18166184425354,-2.805513858795166,-0.1951245367527008,1.9605882167816162,-2.8407955169677734,0.14075228571891785,1.1577413082122803,-2.798994541168213
-0.21217826008796692,1.1708998680114746,-2.8089654445648193,0.11599269509315491,1.18166184425354,-2.805513858795166,-0.1951245367527008,1.9605761766433716,-2.8408336639404297,0.1406438648700714,1.1577413082122803,-2.7990329265594482
-0.21222646534442902,1.1708998680114746,-2.808581829071045,0.11599269509315491,1.1816498041152954,-2.805513858795166,-0.1951245367527008,1.9605761766433716,-2.8408336639404297,0.14060765504837036,1.1577293872833252,-2.798994541168213
-0.21210581064224243,1.1708636283874512,-2.808581829071045,0.11600467562675476,1.1816498041152954,-2.805513858795166,-0.19513651728630066,1.9605761766433716,-2.8408336639404297,0.14060765504837036,1.1577413082122803,-2.798994541168213
-0.21211779117584229,1.170851707458496,-2.8089654445648193,0.11599269509315491,1.1816498041152954,-2.805513858795166,-0.19513651728630066,1.9606364965438843,-2.8408336639404297,0.14060765504837036,1.1577413082122803,-2.798994541168213
-0.21212977170944214,1.170851707458496,-2.808581829071045,0.11600467562675476,1.18166184425354,-2.805513858795166,-0.19513651728630066,1.9606364965438843,-2.8408336639404297,0.14065586030483246,1.1577413082122803,-2.7990329265594482
-0.21215374767780304,1.170851707458496,-2.808581829071045,0.11600467562675476,1.18166184425354,-2.805513858795166,-0.19513651728630066,1.9606001377105713,-2.8408336639404297,0.14065586030483246,1.1577413082122803,-2.7990329265594482
-0.212141752243042,1.1708154678344727,-2.808581829071045,0.11599269509315491,1.1817100048065186,-2.805513858795166,-0.19513651728630066,1.9606001377105713,-2.8408336639404297,0.14065586030483246,1.1577293872833252,-2.7990329265594482
-0.212141752243042,1.1708756685256958,-2.8089654445648193,0.11599269509315491,1.1816498041152954,-2.805513858795166,-0.19513651728630066,1.9606001377105713,-2.8407955169677734,0.14065586030483246,1.1577293872833252,-2.7990329265594482
-0.21212977170944214,1.1708756685256958,-2.8089654445648193,0.11598070710897446,1.1816498041152954,-2.805513858795166,-0.19513651728630066,1.9606001377105713,-2.8408336639404297,0.1406438648700714,1.1577293872833252,-2.798994541168213
-0.21211779117584229,1.1708875894546509,-2.808581829071045,0.11598070710897446,1.181601643562317,-2.805513858795166,-0.1951245367527008,1.9606603384017944,-2.8408336639404297,0.14063188433647156,1.1577293872833252,-2.7990329265594482
-0.21210581064224243,1.1708393096923828,-2.808581829071045,0.11598070710897446,1.1816498041152954,-2.805513858795166,-0.19511255621910095,1.9606603384017944,-2.8408336639404297,0.1406438648700714,1.1577413082122803,-2.799377918243408
-0.21215401589870453,1.1708996295928955,-2.808581829071045,0.11598070710897446,1.18166184425354,-2.805513858795166,-0.1951245367527008,1.960624098777771,-2.8407955169677734,0.14063188433647156,1.1577413082122803,-2.798994541168213
-0.21215401589870453,1.1708875894546509,-2.808581829071045,0.11598070710897446,1.1816498041152954,-2.805513858795166,-0.19511255621910095,1.960612177848816,-2.8408336639404297,0.14068008959293365,1.1577413082122803,-2.798994541168213
-0.21220223605632782,1.1708875894546509,-2.808581829071045,0.11598070710897446,1.18166184425354,-2.805513858795166,-0.1951245367527008,1.960624098777771,-2.8407955169677734,0.1406199038028717,1.1577413082122803,-2.7990329265594482
-0.21209381520748138,1.170935869216919,-2.808581829071045,0.1159687265753746,1.1816498041152954,-2.8054757118225098,-0.19511255621910095,1.960612177848816,-2.8407955169677734,0.14060792326927185,1.1577413082122803,-2.798994541168213
-0.21205759048461914,1.170947790145874,-2.808581829071045,0.11598070710897446,1.1816498041152954,-2.805513858795166,-0.19511255621910095,1.9605640172958374,-2.8407955169677734,0.14060792326927185,1.1577413082122803,-2.7990329265594482
-0.21209381520748138,1.170947790145874,-2.808581829071045,0.1159687265753746,1.1816498041152954,-2.8054757118225098,-0.19511255621910095,1.960612177848816,-2.8408336639404297,0.14060792326927185,1.1577413082122803,-2.7990329265594482
-0.2120456099510193,1.1708996295928955,-2.808581829071045,0.1159687265753746,1.1816498041152954,-2.805513858795166,-0.19511255621910095,1.960612177848816,-2.8408336639404297,0.1406199038028717,1.1577413082122803,-2.799377918243408
-0.2120456099510193,1.1708875894546509,-2.808581829071045,0.1159687265753746,1.1816498041152954,-2.805513858795166,-0.19511255621910095,1.960612177848816,-2.8407955169677734,0.1406199038028717,1.1577413082122803,-2.7990329265594482
-0.2120456099510193,1.1708394289016724,-2.808581829071045,0.1159687265753746,1.1816498041152954,-2.805513858795166,-0.19511255621910095,1.960612177848816,-2.8408336639404297,0.1406199038028717,1.1577413082122803,-2.798994541168213
-0.21209381520748138,1.1708394289016724,-2.808581829071045,0.11598070710897446,1.181601643562317,-2.805513858795166,-0.1951005607843399,1.960612177848816,-2.8408336639404297,0.1406199038028717,1.1577413082122803,-2.798994541168213
-0.21209381520748138,1.1707911491394043,-2.808581829071045,0.1159687265753746,1.18166184425354,-2.8054757118225098,-0.1951005607843399,1.960612177848816,-2.8408336639404297,0.14060792326927185,1.1577293872833252,-2.799377918243408
-0.21209381520748138,1.1707911491394043,-2.808581829071045,0.11598070710897446,1.1816498041152954,-2.8054757118225098,-0.1951005607843399,1.960612177848816,-2.8408336639404297,0.1406199038028717,1.1577413082122803,-2.7989561557769775
-0.21208183467388153,1.1708875894546509,-2.8086202144622803,0.1159687265753746,1.181697964668274,-2.805513858795166,-0.1951005607843399,1.960624098777771,-2.8408336639404297,0.14063188433647156,1.1577413082122803,-2.7989561557769775
-0.21206985414028168,1.170935869216919,-2.8086202144622803,0.1159687265753746,1.18166184425354,-2.805513858795166,-0.1951005607843399,1.9606603384017944,-2.8408336639404297,0.14060792326927185,1.1577293872833252,-2.7989561557769775
-0.21206985414028168,1.1708756685256958,-2.808581829071045,0.1159687265753746,1.1816498041152954,-2.805513858795166,-0.1951005607843399,1.9606603384017944,-2.8407955169677734,0.14060792326927185,1.1577293872833252,-2.7989561557769775
-0.21205787360668182,1.1708875894546509,-2.808581829071045,0.1159687265753746,1.1816498041152954,-2.805513858795166,-0.1951005607843399,1.9606001377105713,-2.840872049331665,0.14060792326927185,1.1577413082122803,-2.798994541168213
-0.21205787360668182,1.1708756685256958,-2.808581829071045,0.1159687265753746,1.18166184425354,-2.805513858795166,-0.1951005607843399,1.9606001377105713,-2.8408336639404297,0.14060792326927185,1.1577413082122803,-2.798994541168213
-0.21205787360668182,1.1708273887634277,-2.808581829071045,0.11598070710897446,1.18166184425354,-2.805513858795166,-0.1951005607843399,1.9606001377105713,-2.8408336639404297,0.14060792326927185,1.1577413082122803,-2.799377918243408
-0.21205787360668182,1.1708394289016724,-2.808581829071045,0.1159687265753746,1.1816498041152954,-2.805513858795166,-0.1951005607843399,1.9606001377105713,-2.8408336639404297,0.1406199038028717,1.1577413082122803,-2.7989561557769775
-0.21204587817192078,1.1708756685256958,-2.808581829071045,0.1159687265753746,1.18166184425354,-2.805513858795166,-0.1951005607843399,1.9606001377105713,-2.8407955169677734,0.1406199038028717,1.1577413082122803,-2.798994541168213
-0.21204587817192078,1.1709238290786743,-2.8085434436798096,0.11598070710897446,1.1816498041152954,-2.805513858795166,-0.1951005607843399,1.9605519771575928,-2.8408336639404297,0.14060792326927185,1.1577293872833252,-2.7989561557769775
-0.21204587817192078,1.1709721088409424,-2.808581829071045,0.1159687265753746,1.1816498041152954,-2.805513858795166,-0.1951005607843399,1.9605519771575928,-2.8407955169677734,0.14060792326927185,1.1577413082122803,-2.798994541168213
-0.21204587817192078,1.1709238290786743,-2.8089654445648193,0.1159687265753746,1.1816498041152954,-2.805513858795166,-0.1951005607843399,1.9605519771575928,-2.8408336639404297,0.14060792326927185,1.1577413082122803,-2.798994541168213
-0.21200966835021973,1.1708875894546509,-2.808581829071045,0.1159687265753746,1.1816498041152954,-2.805513858795166,-0.1951005607843399,1.9605519771575928,-2.8408336639404297,0.14060792326927185,1.1577413082122803,-2.798994541168213
-0.21204587817192078,1.1708756685256958,-2.808581829071045,0.11598070710897446,1.1816136837005615,-2.805513858795166,-0.1951005607843399,1.960612177848816,-2.8408336639404297,0.14060792326927185,1.157753348350525,-2.7989561557769775
-0.21204587817192078,1.1708875894546509,-2.808581829071045,0.1159687265753746,1.1816498041152954,-2.805513858795166,-0.1951005607843399,1.9606001377105713,-2.8408336639404297,0.1406199038028717,1.1577293872833252,-2.7989561557769775
-0.21210607886314392,1.1708394289016724,-2.8085434436798096,0.1159687265753746,1.181697964668274,-2.805513858795166,-0.1951005607843399,1.960612177848816,-2.8407955169677734,0.14060792326927185,1.1577293872833252,-2.7986109256744385
-0.21204587817192078,1.1708756685256958,-2.808581829071045,0.1159687265753746,1.1816498041152954,-2.805168628692627,-0.19511255621910095,1.9606001377105713,-2.8408336639404297,0.14060792326927185,1.1577293872833252,-2.798994541168213
-0.21204587817192078,1.1707911491394043,-2.8085434436798096,0.1159687265753746,1.18166184425354,-2.8054757118225098,-0.1951005607843399,1.9606001377105713,-2.8407955169677734,0.14060792326927185,1.1577293872833252,-2.798994541168213
-0.21204587817192078,1.1707429885864258,-2.808581829071045,0.1159687265753746,1.18166184425354,-2.805513858795166,-0.1951005607843399,1.9605882167816162,-2.8408336639404297,0.1405959278345108,1.1577293872833252,-2.798994541168213
-0.21204587817192078,1.1706948280334473,-2.8089654445648193,0.1159687265753746,1.1816136837005615,-2.8054757118225098,-0.1951005607843399,1.9606001377105713,-2.8408336639404297,0.14060792326927185,1.1577413082122803,-2.798994541168213
-0.21203389763832092,1.1706948280334473,-2.8086202144622803,0.11595673859119415,1.1816498041152954,-2.805513858795166,-0.1951005607843399,1.9606001377105713,-2.8408336639404297,0.14060792326927185,1.1577413082122803,-2.7989561557769775
-0.21198569238185883,1.1709357500076294,-2.8090038299560547,0.1159687265753746,1.1816498041152954,-2.8058974742889404,-0.1951005607843399,1.960612177848816,-2.8408336639404297,0.14060792326927185,1.1577293872833252,-2.7989561557769775
-0.21202191710472107,1.170935869216919,-2.8086202144622803,0.11595673859119415,1.181697964668274,-2.805513858795166,-0.19511255621910095,1.9606001377105713,-2.8408336639404297,0.1405959278345108,1.1577293872833252,-2.798994541168213
-0.21202191710472107,1.1709840297698975,-2.808581829071045,0.11595673859119415,1.181697964668274,-2.805513858795166,-0.1951005607843399,1.9606001377105713,-2.8407955169677734,0.1405959278345108,1.1577413082122803,-2.798994541168213
-0.21207012236118317,1.1710323095321655,-2.808581829071045,0.11595673859119415,1.181697964668274,-2.805513858795166,-0.19511255621910095,1.960612177848816,-2.8407955169677734,0.14060792326927185,1.1577413082122803,-2.798994541168213
-0.21202191710472107,1.171080470085144,-2.808581829071045,0.11595673859119415,1.18166184425354,-2.8054757118225098,-0.1951005607843399,1.960612177848816,-2.8408336639404297,0.1405959278345108,1.1577413082122803,-2.798994541168213
-0.21202191710472107,1.1708996295928955,-2.808581829071045,0.11595673859119415,1.1816498041152954,-2.8055520057678223,-0.1951005607843399,1.960612177848816,-2.840872049331665,0.1405959278345108,1.1577413082122803,-2.7989561557769775
-0.21202191710472107,1.1708875894546509,-2.808581829071045,0.11595673859119415,1.18166184425354,-2.8055520057678223,-0.1951005607843399,1.960612177848816,-2.8408336639404297,0.1405959278345108,1.1577413082122803,-2.798994541168213
-0.21202191710472107,1.1708393096923828,-2.808581829071045,0.11595673859119415,1.1816498041152954,-2.8055520057678223,-0.1951005607843399,1.960612177848816,-2.8408336639404297,0.1405959278345108,1.1577293872833252,-2.798994541168213
-0.21200993657112122,1.170851469039917,-2.808581829071045,0.11595673859119415,1.18166184425354,-2.8055520057678223,-0.1951005607843399,1.9606001377105713,-2.8408336639404297,0.14060792326927185,1.1577293872833252,-2.798994541168213
-0.21200993657112122,1.1708393096923828,-2.808581829071045,0.1159687265753746,1.18166184425354,-2.8055520057678223,-0.1951005607843399,1.9606001377105713,-2.8407955169677734,0.1405959278345108,1.1577293872833252,-2.798994541168213
-0.21199794113636017,1.170851469039917,-2.808581829071045,0.1159687265753746,1.1817100048065186,-2.8055520057678223,-0.19508858025074005,1.960612177848816,-2.8408336639404297,0.1405959278345108,1.1577293872833252,-2.798994541168213
-0.21200993657112122,1.1708875894546509,-2.808581829071045,0.11595673859119415,1.1817100048065186,-2.8055520057678223,-0.1951005607843399,1.9606001377105713,-2.8408336639404297,0.1405959278345108,1.1577413082122803,-2.7989561557769775
-0.21200993657112122,1.1708875894546509,-2.808581829071045,0.1159687265753746,1.18166184425354,-2.8055520057678223,-0.1951005607843399,1.9606001377105713,-2.8408336639404297,0.1405959278345108,1.1577293872833252,-2.798994541168213
-0.21200993657112122,1.1708875894546509,-2.808581829071045,0.11595673859119415,1.1816136837005615,-2.8055520057678223,-0.1951005607843399,1.960612177848816,-2.8408336639404297,0.1405959278345108,1.1577293872833252,-2.7989561557769775
-0.21199794113636017,1.1709357500076294,-2.808581829071045,0.1159687265753746,1.1816136837005615,-2.8055520057678223,-0.1951005607843399,1.960612177848816,-2.8408336639404297,0.1405959278345108,1.1577413082122803,-2.798994541168213
-0.21199794113636017,1.1709357500076294,-2.808581829071045,0.11595673859119415,1.1816136837005615,-2.8055520057678223,-0.1951005607843399,1.960612177848816,-2.8408336639404297,0.1405959278345108,1.1577413082122803,-2.798994541168213
-0.21199794113636017,1.1709840297698975,-2.8085434436798096,0.11595673859119415,1.1816498041152954,-2.8055520057678223,-0.1951005607843399,1.9606001377105713,-2.8408336639404297,0.1405959278345108,1.1577293872833252,-2.798649311065674
-0.21194973587989807,1.1709840297698975,-2.808581829071045,0.11595673859119415,1.18166184425354,-2.8055520057678223,-0.1951005607843399,1.960612177848816,-2.8408336639404297,0.1405959278345108,1.1577293872833252,-2.798994541168213
-0.21194973587989807,1.1709840297698975,-2.8089654445648193,0.11595673859119415,1.1817100048065186,-2.8055520057678223,-0.1951005607843399,1.9606001377105713,-2.8407955169677734,0.1405959278345108,1.1577413082122803,-2.798994541168213
-0.21198596060276031,1.1709840297698975,-2.808581829071045,0.1159687265753746,1.1817100048065186,-2.805513858795166,-0.1951005607843399,1.9606001377105713,-2.8407955169677734,0.1405959278345108,1.1577413082122803,-2.798994541168213
-0.21199794113636017,1.1709840297698975,-2.808581829071045,0.1159687265753746,1.1817100048065186,-2.8055520057678223,-0.19511255621910095,1.9606001377105713,-2.8408336639404297,0.1405959278345108,1.157753348350525,-2.798994541168213
-0.21199794113636017,1.1709357500076294,-2.8089654445648193,0.11595673859119415,1.1817100048065186,-2.8055520057678223,-0.1951005607843399,1.960612177848816,-2.840872049331665,0.1405959278345108,1.1577413082122803,-2.7989561557769775
-0.21199794113636017,1.1709357500076294,-2.8089654445648193,0.1159687265753746,1.1817100048065186,-2.8055520057678223,-0.1951005607843399,1.9606001377105713,-2.8408336639404297,0.14058394730091095,1.1577413082122803,-2.798994541168213
-0.21198596060276031,1.1709357500076294,-2.8089654445648193,0.11595673859119415,1.18166184425354,-2.8055520057678223,-0.19508858025074005,1.9606001377105713,-2.8408336639404297,0.1405477225780487,1.1577413082122803,-2.798994541168213
-0.21198596060276031,1.1708996295928955,-2.808581829071045,0.11595673859119415,1.18166184425354,-2.8055520057678223,-0.19508858025074005,1.9606001377105713,-2.8408336639404297,0.1405477225780487,1.1577413082122803,-2.798994541168213
-0.21198596060276031,1.1708875894546509,-2.808581829071045,0.1159687265753746,1.1816498041152954,-2.8055520057678223,-0.19508858025074005,1.9606001377105713,-2.8408336639404297,0.1405477225780487,1.1577413082122803,-2.798994541168213
-0.21198596060276031,1.1708875894546509,-2.808581829071045,0.1159687265753746,1.1816498041152954,-2.8055520057678223,-0.1951005607843399,1.9606001377105713,-2.8408336639404297,0.1405959278345108,1.1577413082122803,-2.798994541168213
-0.21198596060276031,1.1708996295928955,-2.8089654445648193,0.11595673859119415,1.18166184425354,-2.805513858795166,-0.1951005607843399,1.9606001377105713,-2.8407955169677734,0.1405959278345108,1.1577413082122803,-2.7989561557769775
-0.21198596060276031,1.1708996295928955,-2.808581829071045,0.11595673859119415,1.1817100048065186,-2.805513858795166,-0.1951005607843399,1.960612177848816,-2.8408336639404297,0.14060792326927185,1.1577413082122803,-2.798994541168213
-0.21197398006916046,1.1708875894546509,-2.8085434436798096,0.11595673859119415,1.1816498041152954,-2.805859327316284,-0.1951005607843399,1.9606001377105713,-2.8407955169677734,0.1405959278345108,1.1577413082122803,-2.798994541168213
-0.21197398006916046,1.1708875894546509,-2.808581829071045,0.11595673859119415,1.1816498041152954,-2.8054757118225098,-0.19508858025074005,1.9606603384017944,-2.8408336639404297,0.1405959278345108,1.1577413082122803,-2.798994541168213
-0.21197398006916046,1.1708996295928955,-2.808581829071045,0.11595673859119415,1.18166184425354,-2.805513858795166,-0.19508858025074005,1.9606603384017944,-2.8407955169677734,0.1405959278345108,1.1577293872833252,-2.7989561557769775
-0.21197398006916046,1.1709357500076294,-2.808581829071045,0.1159687265753746,1.181601643562317,-2.805513858795166,-0.1951005607843399,1.9606603384017944,-2.8408336639404297,0.1405477225780487,1.1577293872833252,-2.7989561557769775
-0.21197398006916046,1.1708996295928955,-2.808581829071045,0.1159687265753746,1.181601643562317,-2.805513858795166,-0.1951005607843399,1.9606603384017944,-2.8408336639404297,0.1405959278345108,1.1577293872833252,-2.798994541168213
-0.21197398006916046,1.1708996295928955,-2.808581829071045,0.1159687265753746,1.181601643562317,-2.805513858795166,-0.1951005607843399,1.9606603384017944,-2.840872049331665,0.1405959278345108,1.1577413082122803,-2.7989561557769775
-0.2119619995355606,1.170851469039917,-2.808581829071045,0.11595673859119415,1.181601643562317,-2.8054757118225098,-0.1951005607843399,1.9606603384017944,-2.8408336639404297,0.1405959278345108,1.1577293872833252,-2.7989561557769775
-0.21197398006916046,1.1708875894546509,-2.808581829071045,0.1159687265753746,1.1817100048065186,-2.805513858795166,-0.19508858025074005,1.960612177848816,-2.8407955169677734,0.14058394730091095,1.1577413082122803,-2.7989561557769775
-0.21197398006916046,1.1708393096923828,-2.808581829071045,0.1159687265753746,1.1817100048065186,-2.805513858795166,-0.1951005607843399,1.9606001377105713,-2.8408336639404297,0.1405959278345108,1.1577413082122803,-2.798649311065674
-0.21197398006916046,1.1708393096923828,-2.8086202144622803,0.11595673859119415,1.1816498041152954,-2.805513858795166,-0.1951005607843399,1.9606001377105713,-2.8407955169677734,0.1405959278345108,1.1577413082122803,-2.798994541168213
-0.21197398006916046,1.170851469039917,-2.808581829071045,0.11595673859119415,1.18166184425354,-2.805513858795166,-0.19508858025074005,1.960612177848816,-2.8408336639404297,0.1405959278345108,1.1577293872833252,-2.798994541168213
-0.21197398006916046,1.1708875894546509,-2.808581829071045,0.11595673859119415,1.1816498041152954,-2.805513858795166,-0.1951005607843399,1.960612177848816,-2.8408336639404297,0.1405959278345108,1.1577413082122803,-2.798994541168213
-0.2119619995355606,1.1709357500076294,-2.808581829071045,0.1159687265753746,1.1816136837005615,-2.8055520057678223,-0.19508858025074005,1.9606001377105713,-2.8408336639404297,0.1405959278345108,1.1577293872833252,-2.7989561557769775
-0.2119619995355606,1.1708996295928955,-2.808581829071045,0.11595673859119415,1.1816136837005615,-2.8054757118225098,-0.1951005607843399,1.9606001377105713,-2.8408336639404297,0.14058394730091095,1.1577413082122803,-2.7989561557769775
-0.2119619995355606,1.1709479093551636,-2.808581829071045,0.11595673859119415,1.1816498041152954,-2.805513858795166,-0.19508858025074005,1.9606001377105713,-2.8408336639404297,0.1405959278345108,1.1577293872833252,-2.7989561557769775
-0.2119619995355606,1.1709479093551636,-2.808581829071045,0.11595673859119415,1.181697964668274,-2.805513858795166,-0.19504037499427795,1.9606001377105713,-2.8408336639404297,0.14058394730091095,1.1577413082122803,-2.798994541168213
-0.2119619995355606,1.170996069908142,-2.808581829071045,0.11595673859119415,1.181697964668274,-2.805513858795166,-0.19508858025074005,1.9606001377105713,-2.8407955169677734,0.1405959278345108,1.1577413082122803,-2.798994541168213
-0.2119619995355606,1.1708875894546509,-2.808581829071045,0.11595673859119415,1.18166184425354,-2.805513858795166,-0.19508858025074005,1.9606001377105713,-2.8408336639404297,0.1405959278345108,1.1577413082122803,-2.798994541168213
-0.21190179884433746,1.1708996295928955,-2.808581829071045,0.11595673859119415,1.18166184425354,-2.805513858795166,-0.1951005607843399,1.960612177848816,-2.8407955169677734,0.1405959278345108,1.1577413082122803,-2.799339532852173
-0.2119619995355606,1.170851469039917,-2.8086202144622803,0.11595673859119415,1.1816498041152954,-2.8054757118225098,-0.1951005607843399,1.9606001377105713,-2.8408336639404297,0.14058394730091095,1.1577413082122803,-2.798994541168213
-0.21195000410079956,1.170803189277649,-2.808581829071045,0.11595673859119415,1.18166184425354,-2.805513858795166,-0.1951005607843399,1.9606482982635498,-2.8407955169677734,0.1405959278345108,1.1577413082122803,-2.7990329265594482
-0.21195000410079956,1.1708875894546509,-2.8089654445648193,0.1159687265753746,1.181601643562317,-2.8054757118225098,-0.19504037499427795,1.9606482982635498,-2.8408336639404297,0.1405959278345108,1.1577413082122803,-2.7990329265594482
-0.2119619995355606,1.1708996295928955,-2.808581829071045,0.11595673859119415,1.18166184425354,-2.805513858795166,-0.19504037499427795,1.9606482982635498,-2.8407955169677734,0.1405959278345108,1.1577293872833252,-2.7990329265594482
-0.2119619995355606,1.1708996295928955,-2.808581829071045,0.11595673859119415,1.1817100048065186,-2.805513858795166,-0.19508858025074005,1.960612177848816,-2.8408336639404297,0.1405959278345108,1.1577413082122803,-2.7990329265594482
-0.21195000410079956,1.1708996295928955,-2.808581829071045,0.11595673859119415,1.1817100048065186,-2.8055522441864014,-0.19508858025074005,1.9606001377105713,-2.8408336639404297,0.1405959278345108,1.1577293872833252,-2.798994541168213
-0.2119619995355606,1.1708996295928955,-2.808581829071045,0.11595673859119415,1.1816498041152954,-2.805513858795166,-0.19504037499427795,1.9606001377105713,-2.8408336639404297,0.14058394730091095,1.1577413082122803,-2.798994541168213
-0.21195000410079956,1.1708996295928955,-2.808581829071045,0.11595673859119415,1.18166184425354,-2.8054757118225098,-0.19504037499427795,1.9605640172958374,-2.8407955169677734,0.1405959278345108,1.1577413082122803,-2.798994541168213
-0.21195000410079956,1.1709479093551636,-2.808581829071045,0.11595673859119415,1.18166184425354,-2.805513858795166,-0.19504037499427795,1.960612177848816,-2.8407955169677734,0.14058394730091095,1.1577293872833252,-2.7990329265594482
-0.2119380235671997,1.1709479093551636,-2.808581829071045,0.1159687265753746,1.1816498041152954,-2.805859088897705,-0.1951005607843399,1.960612177848816,-2.8408336639404297,0.1405959278345108,1.1577293872833252,-2.798994541168213
-0.21195000410079956,1.1708875894546509,-2.808581829071045,0.11595673859119415,1.1816498041152954,-2.8051304817199707,-0.19508858025074005,1.9606001377105713,-2.8408336639404297,0.14058394730091095,1.1577413082122803,-2.798994541168213
-0.2119862288236618,1.1708996295928955,-2.808581829071045,0.11595673859119415,1.18166184425354,-2.8055520057678223,-0.19508858025074005,1.960612177848816,-2.8407955169677734,0.14058394730091095,1.1577293872833252,-2.7990329265594482
-0.2119862288236618,1.1708996295928955,-2.808581829071045,0.11595673859119415,1.181697964668274,-2.805513858795166,-0.19508858025074005,1.960612177848816,-2.8408336639404297,0.14058394730091095,1.1577293872833252,-2.798572540283203
-0.2119380235671997,1.1708875894546509,-2.808581829071045,0.11595673859119415,1.18166184425354,-2.805513858795166,-0.19508858025074005,1.960612177848816,-2.8407955169677734,0.1405959278345108,1.1577413082122803,-2.798994541168213
-0.2119380235671997,1.170851469039917,-2.8089654445648193,0.11595673859119415,1.1816498041152954,-2.805513858795166,-0.19508858025074005,1.960612177848816,-2.8407955169677734,0.14058394730091095,1.1577413082122803,-2.798572540283203
-0.2119380235671997,1.1708996295928955,-2.808581829071045,0.11595673859119415,1.18166184425354,-2.805513858795166,-0.19508858025074005,1.9606001377105713,-2.8407955169677734,0.1405959278345108,1.1577413082122803,-2.798994541168213
-0.2119380235671997,1.1708394289016724,-2.8089654445648193,0.11595673859119415,1.1816498041152954,-2.805513858795166,-0.19508858025074005,1.9606001377105713,-2.8408336639404297,0.14058394730091095,1.1577293872833252,-2.799339532852173
-0.2119380235671997,1.1708875894546509,-2.8086202144622803,0.11595673859119415,1.18166184425354,-2.8054757118225098,-0.19508858025074005,1.9606001377105713,-2.8407955169677734,0.14058394730091095,1.1577293872833252,-2.798649311065674
-0.2119380235671997,1.170947790145874,-2.8086202144622803,0.11595673859119415,1.1816498041152954,-2.8054757118225098,-0.19508858025074005,1.960612177848816,-2.8408336639404297,0.14058394730091095,1.1577293872833252,-2.798994541168213
-0.2119380235671997,1.1708875894546509,-2.8086202144622803,0.11595673859119415,1.18166184425354,-2.805513858795166,-0.19508858025074005,1.9606001377105713,-2.8408336639404297,0.14058394730091095,1.1577413082122803,-2.7989561557769775
-0.21192604303359985,1.170996069908142,-2.8086202144622803,0.11595673859119415,1.181697964668274,-2.805513858795166,-0.19508858025074005,1.9606001377105713,-2.8408336639404297,0.14058394730091095,1.1577413082122803,-2.798994541168213
-0.21192604303359985,1.170996069908142,-2.8086202144622803,0.11595673859119415,1.18166184425354,-2.805513858795166,-0.19508858025074005,1.9606001377105713,-2.8408336639404297,0.14058394730091095,1.1577293872833252,-2.7989561557769775
-0.21192604303359985,1.1710442304611206,-2.8086202144622803,0.11595673859119415,1.1816498041152954,-2.805513858795166,-0.19508858025074005,1.9606001377105713,-2.8407955169677734,0.1405959278345108,1.1577413082122803,-2.798994541168213
-0.21192604303359985,1.1709116697311401,-2.8089654445648193,0.11595673859119415,1.18166184425354,-2.8058974742889404,-0.1951005607843399,1.9606001377105713,-2.8407955169677734,0.1405959278345108,1.1577293872833252,-2.7989561557769775
-0.21192604303359985,1.1709116697311401,-2.808581829071045,0.11595673859119415,1.181601643562317,-2.8058974742889404,-0.1951005607843399,1.9606001377105713,-2.8408336639404297,0.1405959278345108,1.1577413082122803,-2.798994541168213
-0.21192604303359985,1.1708996295928955,-2.808581829071045,0.1159687265753746,1.181601643562317,-2.8058974742889404,-0.19508858025074005,1.9606001377105713,-2.8408336639404297,0.14058394730091095,1.1577293872833252,-2.798994541168213
-0.21192604303359985,1.1708513498306274,-2.808581829071045,0.11595673859119415,1.18166184425354,-2.8054757118225098,-0.19508858025074005,1.9606001377105713,-2.8408336639404297,0.14058394730091095,1.1577293872833252,-2.7989561557769775
-0.2119140625,1.1708513498306274,-2.808581829071045,0.11595673859119415,1.1816498041152954,-2.8054757118225098,-0.19508858025074005,1.960612177848816,-2.8407955169677734,0.14058394730091095,1.1577413082122803,-2.7990329265594482
-0.21192604303359985,1.1708513498306274,-2.808581829071045,0.11595673859119415,1.18166184425354,-2.805859327316284,-0.19508858025074005,1.960612177848816,-2.8408336639404297,0.14058394730091095,1.1577293872833252,-2.7986109256744385
-0.2119140625,1.1708513498306274,-2.808581829071045,0.11595673859119415,1.18166184425354,-2.805513858795166,-0.19508858025074005,1.9606001377105713,-2.8408336639404297,0.14053574204444885,1.1577413082122803,-2.798994541168213
-0.2119140625,1.1708996295928955,-2.808581829071045,0.11595673859119415,1.181601643562317,-2.8055520057678223,-0.19508858025074005,1.960612177848816,-2.8407955169677734,0.14058394730091095,1.1577413082122803,-2.7990329265594482
-0.2119140625,1.1708996295928955,-2.8089654445648193,0.11595673859119415,1.18166184425354,-2.8055520057678223,-0.19508858025074005,1.9606001377105713,-2.8407955169677734,0.14058394730091095,1.1577293872833252,-2.7990329265594482
-0.2119140625,1.1708996295928955,-2.808581829071045,0.11595673859119415,1.1816498041152954,-2.8055520057678223,-0.1950765997171402,1.960612177848816,-2.8408336639404297,0.14058394730091095,1.1577293872833252,-2.7990329265594482
-0.21192604303359985,1.1708996295928955,-2.808581829071045,0.11595673859119415,1.1816498041152954,-2.8055520057678223,-0.19508858025074005,1.9606001377105713,-2.8408336639404297,0.14058394730091095,1.1577293872833252,-2.799377918243408
-0.2119140625,1.1708996295928955,-2.808581829071045,0.11595673859119415,1.181697964668274,-2.8055520057678223,-0.1950765997171402,1.9606001377105713,-2.8408336639404297,0.14058394730091095,1.1577293872833252,-2.798994541168213
-0.2119140625,1.1709116697311401,-2.8089654445648193,0.11595673859119415,1.18166184425354,-2.8058974742889404,-0.19508858025074005,1.9606482982635498,-2.8408336639404297,0.14058394730091095,1.1577413082122803,-2.798994541168213
-0.2119140625,1.1708513498306274,-2.808581829071045,0.11595673859119415,1.18166184425354,-2.8054757118225098,-0.1950765997171402,1.9606001377105713,-2.8407955169677734,0.14058394730091095,1.1577413082122803,-2.7990329265594482
-0.2119140625,1.170803189277649,-2.808581829071045,0.11595673859119415,1.181601643562317,-2.8054757118225098,-0.19508858025074005,1.960612177848816,-2.8407955169677734,0.14058394730091095,1.1577413082122803,-2.798994541168213
-0.2119140625,1.170803189277649,-2.808581829071045,0.1159447580575943,1.181601643562317,-2.805513858795166,-0.1950765997171402,1.9605640172958374,-2.8407955169677734,0.14058394730091095,1.1577413082122803,-2.798994541168213
-0.2119140625,1.1708875894546509,-2.808581829071045,0.1159447580575943,1.181601643562317,-2.8054757118225098,-0.19508858025074005,1.9606001377105713,-2.8407955169677734,0.14058394730091095,1.1577413082122803,-2.798994541168213
-0.2119140625,1.170947790145874,-2.808581829071045,0.11595673859119415,1.18166184425354,-2.8054757118225098,-0.1950765997171402,1.9606001377105713,-2.8407955169677734,0.14058394730091095,1.1577413082122803,-2.798994541168213
-0.2119140625,1.170996069908142,-2.808581829071045,0.11595673859119415,1.1816498041152954,-2.8054757118225098,-0.19508858025074005,1.9606603384017944,-2.8407955169677734,0.1405959278345108,1.1577413082122803,-2.7990329265594482
-0.2119140625,1.1710925102233887,-2.8085434436798096,0.11595673859119415,1.18166184425354,-2.805513858795166,-0.1950765997171402,1.9606001377105713,-2.8408336639404297,0.1405959278345108,1.1577413082122803,-2.7990329265594482
-0.2119140625,1.1711406707763672,-2.8085434436798096,0.11595673859119415,1.18166184425354,-2.805513858795166,-0.1950765997171402,1.960612177848816,-2.8407955169677734,0.14058394730091095,1.1577413082122803,-2.7990329265594482
-0.21190208196640015,1.1711406707763672,-2.808581829071045,0.11595673859119415,1.1816498041152954,-2.805513858795166,-0.19508858025074005,1.960612177848816,-2.8407955169677734,0.14058394730091095,1.1577413082122803,-2.7990329265594482
-0.2119140625,1.1711406707763672,-2.808581829071045,0.1159687265753746,1.1816136837005615,-2.805513858795166,-0.19508858025074005,1.960612177848816,-2.8408336639404297,0.14058394730091095,1.1577413082122803,-2.7990329265594482
-0.21190208196640015,1.1711406707763672,-2.8085434436798096,0.1159687265753746,1.1816498041152954,-2.805513858795166,-0.1950765997171402,1.9605519771575928,-2.8407955169677734,0.14058394730091095,1.1577413082122803,-2.798994541168213
-0.21190208196640015,1.1710925102233887,-2.808581829071045,0.11595673859119415,1.18166184425354,-2.8054757118225098,-0.1950765997171402,1.9605519771575928,-2.8407955169677734,0.14058394730091095,1.1577413082122803,-2.798994541168213
-0.21190208196640015,1.1710442304611206,-2.808581829071045,0.11595673859119415,1.1817100048065186,-2.8054757118225098,-0.1950765997171402,1.9605519771575928,-2.8408336639404297,0.1405719667673111,1.1577293872833252,-2.7990329265594482
-0.21190208196640015,1.170996069908142,-2.808581829071045,0.11595673859119415,1.1817100048065186,-2.805513858795166,-0.1950765997171402,1.960612177848816,-2.8408336639404297,0.1405719667673111,1.1577413082122803,-2.7990329265594482
-0.21190208196640015,1.170947790145874,-2.808581829071045,0.11595673859119415,1.1816498041152954,-2.8055520057678223,-0.19508858025074005,1.9606001377105713,-2.8408336639404297,0.1405719667673111,1.1577413082122803,-2.798994541168213
-0.21190208196640015,1.170851469039917,-2.808581829071045,0.11595673859119415,1.18166184425354,-2.805513858795166,-0.1950765997171402,1.9606001377105713,-2.8408336639404297,0.1405719667673111,1.1577413082122803,-2.7990329265594482
-0.21190208196640015,1.170851469039917,-2.808581829071045,0.11595673859119415,1.1816498041152954,-2.8055520057678223,-0.1950765997171402,1.9606001377105713,-2.8408336639404297,0.14058394730091095,1.1577413082122803,-2.798994541168213
-0.2118900865316391,1.170803189277649,-2.8086202144622803,0.11595673859119415,1.1816498041152954,-2.805513858795166,-0.1950765997171402,1.9606001377105713,-2.8407955169677734,0.1405719667673111,1.1577293872833252,-2.798994541168213
-0.21190208196640015,1.170803189277649,-2.808581829071045,0.11595673859119415,1.1816136837005615,-2.8055520057678223,-0.19508858025074005,1.960612177848816,-2.8407955169677734,0.1405719667673111,1.1577413082122803,-2.798994541168213
-0.2118900865316391,1.170851469039917,-2.8086202144622803,0.11595673859119415,1.1816136837005615,-2.805513858795166,-0.1950765997171402,1.9606001377105713,-2.8408336639404297,0.1405719667673111,1.1577413082122803,-2.798994541168213
-0.2118900865316391,1.1708996295928955,-2.808581829071045,0.11595673859119415,1.1816498041152954,-2.805513858795166,-0.1950765997171402,1.9606001377105713,-2.8408336639404297,0.1405719667673111,1.1577293872833252,-2.798994541168213
-0.2118900865316391,1.1709479093551636,-2.808581829071045,0.11595673859119415,1.1816498041152954,-2.8055520057678223,-0.1950765997171402,1.9606001377105713,-2.8407955169677734,0.1405719667673111,1.1577413082122803,-2.798994541168213
-0.2118900865316391,1.1708996295928955,-2.808581829071045,0.11595673859119415,1.1816498041152954,-2.805513858795166,-0.1950765997171402,1.9606001377105713,-2.8408336639404297,0.1405719667673111,1.1577413082122803,-2.7989561557769775
-0.2118900865316391,1.1709479093551636,-2.8089654445648193,0.11595673859119415,1.181697964668274,-2.805859327316284,-0.19508858025074005,1.9606001377105713,-2.8408336639404297,0.1405719667673111,1.1577293872833252,-2.798649311065674
-0.2118900865316391,1.1709479093551636,-2.8085434436798096,0.11595673859119415,1.1816498041152954,-2.8055520057678223,-0.1950765997171402,1.9606001377105713,-2.8407955169677734,0.1405719667673111,1.1577413082122803,-2.798994541168213
-0.2118900865316391,1.1709479093551636,-2.808581829071045,0.11595673859119415,1.18166184425354,-2.805513858795166,-0.19508858025074005,1.9606482982635498,-2.8408336639404297,0.1405719667673111,1.1577413082122803,-2.798994541168213
-0.2118900865316391,1.1708996295928955,-2.808581829071045,0.11595673859119415,1.1816498041152954,-2.8054757118225098,-0.1950765997171402,1.960612177848816,-2.8408336639404297,0.1405719667673111,1.1577413082122803,-2.798994541168213
-0.2118900865316391,1.1708635091781616,-2.808581829071045,0.11595673859119415,1.18166184425354,-2.8058974742889404,-0.19508858025074005,1.960612177848816,-2.8408336639404297,0.1405719667673111,1.1577413082122803,-2.798994541168213
-0.2118900865316391,1.1709116697311401,-2.808581829071045,0.11595673859119415,1.18166184425354,-2.805513858795166,-0.19508858025074005,1.9606001377105713,-2.8408336639404297,0.1405719667673111,1.1577293872833252,-2.798994541168213
-0.21187810599803925,1.170863389968872,-2.8085434436798096,0.11595673859119415,1.1816498041152954,-2.805513858795166,-0.1950765997171402,1.9606001377105713,-2.8408336639404297,0.1405719667673111,1.1577293872833252,-2.798994541168213
-0.21182990074157715,1.1708996295928955,-2.808581829071045,0.1159687265753746,1.1816498041152954,-2.805513858795166,-0.1950765997171402,1.960612177848816,-2.8408336639404297,0.1405719667673111,1.1577413082122803,-2.7990329265594482
-0.21182990074157715,1.170851469039917,-2.8085434436798096,0.11595673859119415,1.1817100048065186,-2.805513858795166,-0.1950765997171402,1.9605640172958374,-2.8408336639404297,0.1406201720237732,1.1577413082122803,-2.7990329265594482
-0.21187810599803925,1.1708996295928955,-2.808581829071045,0.11595673859119415,1.18166184425354,-2.805513858795166,-0.1950765997171402,1.9606001377105713,-2.8408336639404297,0.1406201720237732,1.1577413082122803,-2.7986109256744385
-0.21187810599803925,1.1708996295928955,-2.808927059173584,0.11595673859119415,1.18166184425354,-2.8054757118225098,-0.1950765997171402,1.960612177848816,-2.8407955169677734,0.1406201720237732,1.1577413082122803,-2.7989561557769775
-0.21192631125450134,1.1708996295928955,-2.808581829071045,0.11595673859119415,1.1816498041152954,-2.805513858795166,-0.1950765997171402,1.9606001377105713,-2.8407955169677734,0.14055998623371124,1.1577413082122803,-2.798994541168213
-0.21192631125450134,1.1709598302841187,-2.808581829071045,0.11595673859119415,1.18166184425354,-2.805513858795166,-0.1950765997171402,1.9606001377105713,-2.8408336639404297,0.1405719667673111,1.1577413082122803,-2.7989561557769775
-0.21192631125450134,1.1709479093551636,-2.8086202144622803,0.11595673859119415,1.181601643562317,-2.805513858795166,-0.1950765997171402,1.960612177848816,-2.840872049331665,0.1405719667673111,1.1577413082122803,-2.7989561557769775
-0.21192631125450134,1.1709479093551636,-2.808581829071045,0.11595673859119415,1.181601643562317,-2.8054757118225098,-0.1950765997171402,1.9606001377105713,-2.8408336639404297,0.14055998623371124,1.1577413082122803,-2.799377918243408
-0.21192631125450134,1.170996069908142,-2.808581829071045,0.1159687265753746,1.1817100048065186,-2.8054757118225098,-0.1950765997171402,1.960612177848816,-2.8408336639404297,0.1405719667673111,1.1577413082122803,-2.798994541168213
-0.2118661254644394,1.170996069908142,-2.808581829071045,0.11595673859119415,1.1816498041152954,-2.805513858795166,-0.1950765997171402,1.9606001377105713,-2.8407955169677734,0.1405719667673111,1.1577413082122803,-2.798994541168213
-0.2118661254644394,1.170996069908142,-2.8089654445648193,0.11595673859119415,1.18166184425354,-2.805513858795166,-0.1950765997171402,1.9606603384017944,-2.8408336639404297,0.1405719667673111,1.1577413082122803,-2.798994541168213
-0.2118661254644394,1.1708635091781616,-2.808581829071045,0.11595673859119415,1.1816498041152954,-2.805513858795166,-0.19506461918354034,1.9606603384017944,-2.8407955169677734,0.1405719667673111,1.1577413082122803,-2.7986109256744385
-0.2118661254644394,1.1708996295928955,-2.808581829071045,0.11595673859119415,1.18166184425354,-2.805513858795166,-0.1950765997171402,1.9606603384017944,-2.8408336639404297,0.14055998623371124,1.1577293872833252,-2.798994541168213
-0.21187810599803925,1.1708513498306274,-2.808581829071045,0.11595673859119415,1.181601643562317,-2.8054757118225098,-0.1950765997171402,1.9605519771575928,-2.8408336639404297,0.14055998623371124,1.1577413082122803,-2.798994541168213
-0.21187810599803925,1.1709116697311401,-2.808581829071045,0.1159447580575943,1.18166184425354,-2.8054757118225098,-0.19508858025074005,1.9605519771575928,-2.8408336639404297,0.14055998623371124,1.1577293872833252,-2.7989561557769775
-0.2118661254644394,1.1709116697311401,-2.808581829071045,0.11595673859119415,1.18166184425354,-2.8054757118225098,-0.19508858025074005,1.9605519771575928,-2.8408336639404297,0.14055998623371124,1.1577293872833252,-2.798994541168213
-0.2118179202079773,1.1708996295928955,-2.808581829071045,0.1159447580575943,1.18166184425354,-2.8054757118225098,-0.1950765997171402,1.9605519771575928,-2.8407955169677734,0.1405719667673111,1.1577293872833252,-2.7989561557769775
-0.2118179202079773,1.1709116697311401,-2.808581829071045,0.11595673859119415,1.18166184425354,-2.805513858795166,-0.1950765997171402,1.9605519771575928,-2.8408336639404297,0.1405719667673111,1.1577413082122803,-2.798994541168213
-0.2118179202079773,1.1708996295928955,-2.808581829071045,0.1159447580575943,1.18166184425354,-2.8054757118225098,-0.1950765997171402,1.9605519771575928,-2.8408336639404297,0.1405719667673111,1.1577293872833252,-2.7989561557769775
-0.2119143307209015,1.1708996295928955,-2.8085434436798096,0.1159447580575943,1.1817100048065186,-2.805513858795166,-0.1950765997171402,1.9606001377105713,-2.8408336639404297,0.14055998623371124,1.1577413082122803,-2.799377918243408
-0.2119143307209015,1.1708996295928955,-2.808581829071045,0.1159447580575943,1.18166184425354,-2.8054757118225098,-0.1950765997171402,1.960612177848816,-2.8407955169677734,0.1405719667673111,1.1577413082122803,-2.798994541168213
-0.2119143307209015,1.1708996295928955,-2.808581829071045,0.11595673859119415,1.1816498041152954,-2.805513858795166,-0.19508858025074005,1.9606001377105713,-2.8407955169677734,0.1405719667673111,1.1577413082122803,-2.798994541168213
-0.2119143307209015,1.1708996295928955,-2.8089654445648193,0.11595673859119415,1.1816498041152954,-2.805513858795166,-0.1950765997171402,1.960612177848816,-2.8407955169677734,0.1405719667673111,1.1577413082122803,-2.798994541168213
-0.2119143307209015,1.1709116697311401,-2.8085434436798096,0.11595673859119415,1.18166184425354,-2.805513858795166,-0.1950765997171402,1.9606001377105713,-2.8408336639404297,0.1405719667673111,1.1577413082122803,-2.7989561557769775
-0.21185414493083954,1.1709116697311401,-2.808581829071045,0.1159447580575943,1.1816498041152954,-2.805513858795166,-0.1950765997171402,1.9606001377105713,-2.8408336639404297,0.14055998623371124,1.1577413082122803,-2.7989561557769775
-0.2118661254644394,1.170851469039917,-2.808581829071045,0.1159447580575943,1.1816498041152954,-2.805513858795166,-0.1950765997171402,1.9606001377105713,-2.8408336639404297,0.140523761510849,1.1577413082122803,-2.798994541168213
-0.2118661254644394,1.1709116697311401,-2.808581829071045,0.11595673859119415,1.18166184425354,-2.8054757118225098,-0.1950765997171402,1.9606001377105713,-2.8408336639404297,0.1405719667673111,1.1577413082122803,-2.7989561557769775
-0.2118661254644394,1.1709116697311401,-2.808581829071045,0.11595673859119415,1.1816498041152954,-2.805513858795166,-0.1950765997171402,1.960612177848816,-2.8407955169677734,0.1405719667673111,1.1577413082122803,-2.798994541168213
-0.2118661254644394,1.1709116697311401,-2.808581829071045,0.11595673859119415,1.18166184425354,-2.805513858795166,-0.1950765997171402,1.960612177848816,-2.8407955169677734,0.1405719667673111,1.1577413082122803,-2.798994541168213
-0.2118661254644394,1.1709599494934082,-2.808581829071045,0.1159447580575943,1.1816498041152954,-2.805513858795166,-0.1950765997171402,1.960612177848816,-2.8407955169677734,0.14055998623371124,1.1577413082122803,-2.7989561557769775
-0.21185414493083954,1.170947790145874,-2.808581829071045,0.1159447580575943,1.18166184425354,-2.805513858795166,-0.1950765997171402,1.9605640172958374,-2.8408336639404297,0.14055998623371124,1.1577413082122803,-2.798994541168213
-0.21185414493083954,1.1709116697311401,-2.808581829071045,0.1159447580575943,1.1816498041152954,-2.805513858795166,-0.1950765997171402,1.9606001377105713,-2.8408336639404297,0.14055998623371124,1.1577413082122803,-2.798994541168213
-0.2118661254644394,1.1708996295928955,-2.808581829071045,0.11595673859119415,1.18166184425354,-2.8054757118225098,-0.1950765997171402,1.9606001377105713,-2.8408336639404297,0.14055998623371124,1.1577413082122803,-2.798994541168213
-0.2118661254644394,1.1708996295928955,-2.808581829071045,0.1159447580575943,1.1816498041152954,-2.805513858795166,-0.19506461918354034,1.9606001377105713,-2.8407955169677734,0.14055998623371124,1.1577413082122803,-2.7989561557769775
-0.21185414493083954,1.1708635091781616,-2.808581829071045,0.11595673859119415,1.18166184425354,-2.805513858795166,-0.19506461918354034,1.9606001377105713,-2.8408336639404297,0.14055998623371124,1.1577413082122803,-2.7990329265594482
-0.21185414493083954,1.1709116697311401,-2.808581829071045,0.11595673859119415,1.181601643562317,-2.8054757118225098,-0.19506461918354034,1.9606001377105713,-2.8407955169677734,0.1405719667673111,1.1577413082122803,-2.798994541168213
-0.21185414493083954,1.1708996295928955,-2.808581829071045,0.11595673859119415,1.18166184425354,-2.8054757118225098,-0.1950765997171402,1.9606001377105713,-2.8407955169677734,0.14055998623371124,1.1577293872833252,-2.798994541168213
-0.21185414493083954,1.1708996295928955,-2.8090038299560547,0.11595673859119415,1.1816498041152954,-2.805513858795166,-0.1950765997171402,1.9606001377105713,-2.8408336639404297,0.14055998623371124,1.1577413082122803,-2.7989561557769775
-0.21185414493083954,1.1708996295928955,-2.808581829071045,0.11595673859119415,1.18166184425354,-2.805513858795166,-0.19506461918354034,1.9606001377105713,-2.8408336639404297,0.1405719667673111,1.1577413082122803,-2.798994541168213
-0.21185414493083954,1.1708996295928955,-2.808581829071045,0.11595673859119415,1.18166184425354,-2.8054757118225098,-0.1950765997171402,1.9606001377105713,-2.8408336639404297,0.1405719667673111,1.1577413082122803,-2.798994541168213
-0.21180593967437744,1.1709599494934082,-2.808581829071045,0.1159447580575943,1.18166184425354,-2.8058974742889404,-0.19506461918354034,1.9606001377105713,-2.8408336639404297,0.14055998623371124,1.1577413082122803,-2.798994541168213
-0.21185414493083954,1.1709599494934082,-2.808581829071045,0.1159447580575943,1.18166184425354,-2.805513858795166,-0.1950765997171402,1.9606001377105713,-2.8408336639404297,0.1405719667673111,1.1577413082122803,-2.7989561557769775
-0.2118421494960785,1.170947790145874,-2.808581829071045,0.11595673859119415,1.18166184425354,-2.805513858795166,-0.1950765997171402,1.9606001377105713,-2.8408336639404297,0.14055998623371124,1.1577413082122803,-2.798994541168213
-0.2118421494960785,1.170947790145874,-2.808581829071045,0.1159447580575943,1.1816498041152954,-2.8055520057678223,-0.1950765997171402,1.9606001377105713,-2.8408336639404297,0.1405719667673111,1.1577413082122803,-2.798994541168213
-0.21185414493083954,1.1708996295928955,-2.808581829071045,0.1159447580575943,1.1817100048065186,-2.8055520057678223,-0.1950765997171402,1.9606001377105713,-2.8407955169677734,0.1405719667673111,1.1577413082122803,-2.798994541168213
-0.21185414493083954,1.1708996295928955,-2.808581829071045,0.11595673859119415,1.1816498041152954,-2.8055520057678223,-0.19506461918354034,1.9606001377105713,-2.8408336639404297,0.14055998623371124,1.1577413082122803,-2.798994541168213
-0.21180593967437744,1.1708996295928955,-2.808581829071045,0.1159447580575943,1.18166184425354,-2.8055520057678223,-0.1950765997171402,1.9606001377105713,-2.8408336639404297,0.1405719667673111,1.1577413082122803,-2.7989561557769775
-0.2118421494960785,1.170863389968872,-2.808581829071045,0.11595673859119415,1.1816498041152954,-2.805513858795166,-0.19506461918354034,1.9606001377105713,-2.8407955169677734,0.14055998623371124,1.1577413082122803,-2.798994541168213
-0.2118421494960785,1.170863389968872,-2.808581829071045,0.1159447580575943,1.18166184425354,-2.8055520057678223,-0.1950765997171402,1.9606001377105713,-2.8407955169677734,0.14055998623371124,1.1577413082122803,-2.7989561557769775
-0.2118903547525406,1.1709116697311401,-2.808581829071045,0.11595673859119415,1.18166184425354,-2.805513858795166,-0.19506461918354034,1.9606001377105713,-2.8407955169677734,0.14055998623371124,1.1577413082122803,-2.798994541168213
-0.2118903547525406,1.1709116697311401,-2.808581829071045,0.1159447580575943,1.18166184425354,-2.8055520057678223,-0.1950765997171402,1.9606001377105713,-2.8407955169677734,0.14055998623371124,1.1577413082122803,-2.798994541168213
-0.2118903547525406,1.1709116697311401,-2.8085434436798096,0.11595673859119415,1.1816498041152954,-2.8055520057678223,-0.1950765997171402,1.9606001377105713,-2.8408336639404297,0.14055998623371124,1.1577413082122803,-2.7989561557769775
-0.2118903547525406,1.1709116697311401,-2.808581829071045,0.11595673859119415,1.1816136837005615,-2.805513858795166,-0.1950765997171402,1.960612177848816,-2.8408336639404297,0.14055998623371124,1.1577293872833252,-2.798994541168213
-0.2118903547525406,1.1710081100463867,-2.808581829071045,0.11595673859119415,1.1816498041152954,-2.8055520057678223,-0.19506461918354034,1.9606001377105713,-2.8408336639404297,0.14055998623371124,1.1577413082122803,-2.798649311065674
-0.2118903547525406,1.1710563898086548,-2.808581829071045,0.11595673859119415,1.1816498041152954,-2.8058974742889404,-0.19506461918354034,1.9606001377105713,-2.8408336639404297,0.14055998623371124,1.1577293872833252,-2.798994541168213
-0.2118903547525406,1.1711045503616333,-2.808581829071045,0.11595673859119415,1.181697964668274,-2.8054757118225098,-0.19506461918354034,1.9606001377105713,-2.8408336639404297,0.14055998623371124,1.1577413082122803,-2.798994541168213
-0.21183016896247864,1.1709116697311401,-2.808581829071045,0.11595673859119415,1.18166184425354,-2.8054757118225098,-0.19506461918354034,1.9606001377105713,-2.8407955169677734,0.14055998623371124,1.1577413082122803,-2.7989561557769775
-0.21183016896247864,1.1709116697311401,-2.808581829071045,0.11595673859119415,1.18166184425354,-2.805513858795166,-0.19506461918354034,1.9606001377105713,-2.8408336639404297,0.14055998623371124,1.1577413082122803,-2.7989561557769775
-0.21183016896247864,1.1709116697311401,-2.808581829071045,0.1159447580575943,1.1816498041152954,-2.805513858795166,-0.19506461918354034,1.9606001377105713,-2.8407955169677734,0.1405719667673111,1.1577413082122803,-2.7989561557769775
-0.21183016896247864,1.1708635091781616,-2.808581829071045,0.11595673859119415,1.1816498041152954,-2.805513858795166,-0.19506461918354034,1.9606001377105713,-2.8408336639404297,0.14055998623371124,1.1577413082122803,-2.7989561557769775
-0.2118421494960785,1.1708152294158936,-2.8089654445648193,0.11595673859119415,1.18166184425354,-2.8058974742889404,-0.19506461918354034,1.9606001377105713,-2.8407955169677734,0.14055998623371124,1.1577413082122803,-2.798994541168213
-0.2118421494960785,1.1708996295928955,-2.8089654445648193,0.1159447580575943,1.18166184425354,-2.8058974742889404,-0.19506461918354034,1.9606001377105713,-2.8408336639404297,0.14055998623371124,1.1577413082122803,-2.798994541168213
-0.2118421494960785,1.170863389968872,-2.808581829071045,0.11595673859119415,1.1816136837005615,-2.8054757118225098,-0.1950765997171402,1.9606482982635498,-2.8408336639404297,0.1405719667673111,1.1577413082122803,-2.799339532852173
-0.2118421494960785,1.1709235906600952,-2.808581829071045,0.11595673859119415,1.1816498041152954,-2.805513858795166,-0.19506461918354034,1.9606482982635498,-2.8408336639404297,0.14051178097724915,1.1577413082122803,-2.799339532852173
-0.2118421494960785,1.1709116697311401,-2.8086202144622803,0.11595673859119415,1.18166184425354,-2.805859327316284,-0.1950765997171402,1.960612177848816,-2.8407955169677734,0.14051178097724915,1.1577413082122803,-2.7990329265594482
-0.2118421494960785,1.1709116697311401,-2.808581829071045,0.1159447580575943,1.18166184425354,-2.805513858795166,-0.19506461918354034,1.960612177848816,-2.8407955169677734,0.14055998623371124,1.1577413082122803,-2.7990329265594482
-0.21183016896247864,1.1709599494934082,-2.808581829071045,0.11595673859119415,1.18166184425354,-2.805513858795166,-0.1950765997171402,1.9606001377105713,-2.8407955169677734,0.14055998623371124,1.1577413082122803,-2.798994541168213
-0.2118421494960785,1.1708996295928955,-2.808581829071045,0.11595673859119415,1.18166184425354,-2.805513858795166,-0.19506461918354034,1.9606001377105713,-2.8408336639404297,0.14055998623371124,1.1577413082122803,-2.7990329265594482
-0.2117939442396164,1.1709599494934082,-2.808581829071045,0.1159447580575943,1.18166184425354,-2.8055520057678223,-0.19506461918354034,1.9606001377105713,-2.8408336639404297,0.14055998623371124,1.1577413082122803,-2.7990329265594482
-0.2117939442396164,1.1709599494934082,-2.808581829071045,0.11595673859119415,1.18166184425354,-2.8055520057678223,-0.19506461918354034,1.960612177848816,-2.8408336639404297,0.14055998623371124,1.1577413082122803,-2.7990329265594482
-0.21183016896247864,1.1709599494934082,-2.8089654445648193,0.1159447580575943,1.18166184425354,-2.8055520057678223,-0.1950765997171402,1.9606001377105713,-2.8408336639404297,0.14055998623371124,1.1577413082122803,-2.7990329265594482
-0.21183016896247864,1.1709116697311401,-2.8086202144622803,0.1159447580575943,1.18166184425354,-2.805513858795166,-0.1950765997171402,1.9606001377105713,-2.8407955169677734,0.14055998623371124,1.1577413082122803,-2.7990329265594482
-0.21187837421894073,1.1708635091781616,-2.808581829071045,0.11595673859119415,1.1816498041152954,-2.8055520057678223,-0.1950765997171402,1.9605640172958374,-2.8408336639404297,0.1405719667673111,1.1577413082122803,-2.7990329265594482
-0.21187837421894073,1.1708152294158936,-2.808581829071045,0.11595673859119415,1.1817100048065186,-2.805859327316284,-0.1950765997171402,1.9606001377105713,-2.8408336639404297,0.1405719667673111,1.1577413082122803,-2.799377918243408
-0.21187837421894073,1.170767068862915,-2.808581829071045,0.11595673859119415,1.1817100048065186,-2.8055520057678223,-0.19506461918354034,1.9606001377105713,-2.8407955169677734,0.14055998623371124,1.1577413082122803,-2.7986109256744385
-0.21187837421894073,1.1707189083099365,-2.808581829071045,0.11595673859119415,1.1816498041152954,-2.8055520057678223,-0.19506461918354034,1.9606001377105713,-2.8408336639404297,0.14055998623371124,1.1577413082122803,-2.7989561557769775
-0.21187837421894073,1.1709116697311401,-2.808581829071045,0.1159447580575943,1.1816498041152954,-2.8055520057678223,-0.19506461918354034,1.9606001377105713,-2.8407955169677734,0.14055998623371124,1.1577413082122803,-2.7989561557769775
-0.21187837421894073,1.1709598302841187,-2.808581829071045,0.11595673859119415,1.1816498041152954,-2.8055520057678223,-0.19506461918354034,1.9606001377105713,-2.8408336639404297,0.14055998623371124,1.1577413082122803,-2.7989561557769775
-0.21187837421894073,1.1710079908370972,-2.8085434436798096,0.1159447580575943,1.1816136837005615,-2.8055520057678223,-0.1950765997171402,1.9606001377105713,-2.8408336639404297,0.1405479907989502,1.1577413082122803,-2.7989561557769775
-0.21187837421894073,1.1709718704223633,-2.808581829071045,0.11595673859119415,1.1816136837005615,-2.8058974742889404,-0.1950765997171402,1.960612177848816,-2.8408336639404297,0.1405479907989502,1.1577413082122803,-2.798994541168213
-0.21183016896247864,1.1709598302841187,-2.808581829071045,0.11595673859119415,1.1816498041152954,-2.8054757118225098,-0.19506461918354034,1.960612177848816,-2.8407955169677734,0.1405479907989502,1.157753348350525,-2.798994541168213
-0.21181818842887878,1.1710081100463867,-2.8089654445648193,0.1159447580575943,1.1816498041152954,-2.805513858795166,-0.1950765997171402,1.9606001377105713,-2.8407955169677734,0.14055998623371124,1.157753348350525,-2.798994541168213
-0.21183016896247864,1.1710081100463867,-2.808581829071045,0.1159447580575943,1.18166184425354,-2.805513858795166,-0.1950765997171402,1.9606001377105713,-2.8408336639404297,0.14055998623371124,1.1577413082122803,-2.798994541168213
-0.21181818842887878,1.1709235906600952,-2.808581829071045,0.1159447580575943,1.1816498041152954,-2.8054757118225098,-0.19506461918354034,1.9606001377105713,-2.840872049331665,0.14055998623371124,1.1577413082122803,-2.7990329265594482
-0.21181818842887878,1.170863389968872,-2.8085434436798096,0.1159447580575943,1.1816498041152954,-2.805513858795166,-0.19506461918354034,1.960612177848816,-2.8408336639404297,0.14055998623371124,1.1577413082122803,-2.798994541168213
-0.21183016896247864,1.1708152294158936,-2.808581829071045,0.1159447580575943,1.18166184425354,-2.8054757118225098,-0.1950765997171402,1.9606001377105713,-2.8407955169677734,0.14055998623371124,1.1577413082122803,-2.798994541168213
-0.21183016896247864,1.1709235906600952,-2.808581829071045,0.1159447580575943,1.1816136837005615,-2.805513858795166,-0.19506461918354034,1.9606001377105713,-2.8408336639404297,0.1405479907989502,1.1577413082122803,-2.7990329265594482
-0.21183016896247864,1.1709235906600952,-2.808581829071045,0.1159447580575943,1.1816136837005615,-2.805513858795166,-0.19506461918354034,1.9606001377105713,-2.8407955169677734,0.14055998623371124,1.1577413082122803,-2.7990329265594482
-0.21181818842887878,1.1709235906600952,-2.808581829071045,0.1159447580575943,1.1816498041152954,-2.8055522441864014,-0.19506461918354034,1.9605882167816162,-2.8408336639404297,0.1405479907989502,1.1577413082122803,-2.7990329265594482
-0.21183016896247864,1.1709116697311401,-2.808581829071045,0.1159447580575943,1.18166184425354,-2.805513858795166,-0.19506461918354034,1.9606001377105713,-2.8408336639404297,0.1405479907989502,1.1577413082122803,-2.7986109256744385
-0.21181818842887878,1.1709598302841187,-2.808581829071045,0.11595673859119415,1.18166184425354,-2.805513858795166,-0.19506461918354034,1.9606001377105713,-2.8407955169677734,0.14055998623371124,1.1577413082122803,-2.7989561557769775
-0.21181818842887878,1.1710081100463867,-2.808581829071045,0.11595673859119415,1.1817100048065186,-2.8054757118225098,-0.19506461918354034,1.9606001377105713,-2.8408336639404297,0.14055998623371124,1.1577413082122803,-2.7989561557769775
-0.21181818842887878,1.1710081100463867,-2.808581829071045,0.11595673859119415,1.1817100048065186,-2.805513858795166,-0.19506461918354034,1.9606001377105713,-2.8407955169677734,0.14055998623371124,1.1577413082122803,-2.798994541168213
-0.21181818842887878,1.1709235906600952,-2.808927059173584,0.1159447580575943,1.1816498041152954,-2.8054757118225098,-0.19506461918354034,1.9606001377105713,-2.8407955169677734,0.14055998623371124,1.1577413082122803,-2.798994541168213
-0.21181818842887878,1.1709235906600952,-2.8086202144622803,0.11595673859119415,1.18166184425354,-2.805513858795166,-0.19506461918354034,1.9606001377105713,-2.8408336639404297,0.1405479907989502,1.1577413082122803,-2.799377918243408
-0.2117699831724167,1.1709116697311401,-2.8086585998535156,0.11595673859119415,1.18166184425354,-2.8054757118225098,-0.19506461918354034,1.9606001377105713,-2.8408336639404297,0.14055998623371124,1.1577413082122803,-2.798994541168213
-0.21181818842887878,1.1708754301071167,-2.808581829071045,0.1159447580575943,1.18166184425354,-2.8059356212615967,-0.19506461918354034,1.9605882167816162,-2.8407955169677734,0.14055998623371124,1.1577413082122803,-2.7989561557769775
-0.21181818842887878,1.1709116697311401,-2.808581829071045,0.1159447580575943,1.18166184425354,-2.805513858795166,-0.19506461918354034,1.9606001377105713,-2.8408336639404297,0.14055998623371124,1.1577413082122803,-2.7989561557769775
-0.21181818842887878,1.170863389968872,-2.808581829071045,0.11595673859119415,1.1816498041152954,-2.8055520057678223,-0.19506461918354034,1.9605882167816162,-2.8407955169677734,0.1405479907989502,1.1577413082122803,-2.7989561557769775
-0.21181818842887878,1.1708152294158936,-2.808581829071045,0.11595673859119415,1.1816498041152954,-2.805513858795166,-0.19506461918354034,1.9606001377105713,-2.8408336639404297,0.14055998623371124,1.1577293872833252,-2.7989561557769775
-0.21181818842887878,1.1708152294158936,-2.808581829071045,0.1159447580575943,1.18166184425354,-2.8055520057678223,-0.19506461918354034,1.9606001377105713,-2.840872049331665,0.1405479907989502,1.1577293872833252,-2.798994541168213
-0.21181818842887878,1.1708754301071167,-2.808581829071045,0.1159447580575943,1.18166184425354,-2.805513858795166,-0.19506461918354034,1.9606001377105713,-2.8408336639404297,0.1405479907989502,1.1577413082122803,-2.798994541168213
-0.21180620789527893,1.1708754301071167,-2.808581829071045,0.11595673859119415,1.18166184425354,-2.8055520057678223,-0.19506461918354034,1.9606001377105713,-2.8408336639404297,0.14055998623371124,1.1577413082122803,-2.798994541168213
-0.21181818842887878,1.1709598302841187,-2.808581829071045,0.11595673859119415,1.1816498041152954,-2.8058974742889404,-0.1950765997171402,1.9606001377105713,-2.8408336639404297,0.1405479907989502,1.1577413082122803,-2.798994541168213
-0.21175800263881683,1.1709599494934082,-2.808581829071045,0.1159447580575943,1.1816498041152954,-2.8055520057678223,-0.19506461918354034,1.9606001377105713,-2.8407955169677734,0.1405479907989502,1.1577413082122803,-2.798994541168213
-0.21180620789527893,1.1709717512130737,-2.8089654445648193,0.11595673859119415,1.18166184425354,-2.8055520057678223,-0.19506461918354034,1.9606001377105713,-2.8407955169677734,0.14055998623371124,1.1577293872833252,-2.7989561557769775
-0.21185441315174103,1.1710200309753418,-2.8086202144622803,0.11595673859119415,1.1816498041152954,-2.805513858795166,-0.19506461918354034,1.9606001377105713,-2.8408336639404297,0.14055998623371124,1.1577293872833252,-2.798994541168213
-0.21185441315174103,1.1710681915283203,-2.808581829071045,0.1159447580575943,1.18166184425354,-2.8054757118225098,-0.19506461918354034,1.9606001377105713,-2.8407955169677734,0.14055998623371124,1.1577413082122803,-2.798994541168213
-0.21181818842887878,1.1710681915283203,-2.808581829071045,0.11595673859119415,1.1817100048065186,-2.805513858795166,-0.19506461918354034,1.9606001377105713,-2.8408336639404297,0.1405479907989502,1.1577413082122803,-2.798994541168213
-0.21180620789527893,1.1709717512130737,-2.808581829071045,0.11595673859119415,1.1817100048065186,-2.8054757118225098,-0.19506461918354034,1.9606001377105713,-2.8407955169677734,0.14055998623371124,1.1577413082122803,-2.7989561557769775
-0.21180620789527893,1.1709116697311401,-2.808581829071045,0.1159447580575943,1.1816498041152954,-2.8054757118225098,-0.19506461918354034,1.9606001377105713,-2.8408336639404297,0.14051178097724915,1.1577413082122803,-2.798572540283203
-0.21180620789527893,1.1708271503448486,-2.808581829071045,0.1159447580575943,1.1816498041152954,-2.805513858795166,-0.19506461918354034,1.9606001377105713,-2.8407955169677734,0.14051178097724915,1.1577413082122803,-2.7990329265594482
-0.21175800263881683,1.1707789897918701,-2.808581829071045,0.1159447580575943,1.18166184425354,-2.805513858795166,-0.1950526237487793,1.9606001377105713,-2.8407955169677734,0.1405479907989502,1.1577413082122803,-2.798994541168213
-0.21175800263881683,1.1707789897918701,-2.8089654445648193,0.1159447580575943,1.18166184425354,-2.8055522441864014,-0.19506461918354034,1.9606001377105713,-2.8408336639404297,0.1405961960554123,1.1577413082122803,-2.798994541168213
-0.21179421246051788,1.1708271503448486,-2.808581829071045,0.11595673859119415,1.1816498041152954,-2.805513858795166,-0.19506461918354034,1.9605519771575928,-2.8407955169677734,0.1405479907989502,1.1577413082122803,-2.798994541168213
-0.21185441315174103,1.1709599494934082,-2.808581829071045,0.1159447580575943,1.181601643562317,-2.8054757118225098,-0.19506461918354034,1.9605519771575928,-2.8407955169677734,0.1405479907989502,1.1577413082122803,-2.7989561557769775
-0.21185441315174103,1.1709717512130737,-2.808581829071045,0.11595673859119415,1.1816498041152954,-2.805513858795166,-0.19506461918354034,1.9605519771575928,-2.8407955169677734,0.1405479907989502,1.1577413082122803,-2.798994541168213
-0.21179421246051788,1.1709116697311401,-2.8086202144622803,0.1159447580575943,1.1816498041152954,-2.805513858795166,-0.19506461918354034,1.9605519771575928,-2.8407955169677734,0.1405479907989502,1.1577413082122803,-2.7989561557769775
-0.21179421246051788,1.1709235906600952,-2.808581829071045,0.11595673859119415,1.1816498041152954,-2.805513858795166,-0.1950526237487793,1.9605519771575928,-2.8407955169677734,0.1405479907989502,1.1577413082122803,-2.7989561557769775
-0.21179421246051788,1.1708753108978271,-2.808581829071045,0.11595673859119415,1.18166184425354,-2.805513858795166,-0.1950526237487793,1.9605519771575928,-2.8407955169677734,0.1405479907989502,1.1577413082122803,-2.7989561557769775
-0.21179421246051788,1.1708635091781616,-2.808581829071045,0.1159447580575943,1.18166184425354,-2.8054757118225098,-0.1950526237487793,1.9605519771575928,-2.8408336639404297,0.1405479907989502,1.1577413082122803,-2.798994541168213
-0.21179421246051788,1.1708271503448486,-2.8085434436798096,0.1159447580575943,1.1816498041152954,-2.8054757118225098,-0.19506461918354034,1.9605519771575928,-2.8408336639404297,0.1405479907989502,1.1577413082122803,-2.798994541168213
-0.21175800263881683,1.1707789897918701,-2.808581829071045,0.1159447580575943,1.1816498041152954,-2.8058974742889404,-0.19506461918354034,1.9605519771575928,-2.8407955169677734,0.14055998623371124,1.1577413082122803,-2.798994541168213
-0.21180620789527893,1.1707789897918701,-2.808581829071045,0.11595673859119415,1.18166184425354,-2.805859327316284,-0.19506461918354034,1.9605519771575928,-2.8407955169677734,0.1405479907989502,1.1577413082122803,-2.798994541168213
-0.21180620789527893,1.1708271503448486,-2.808581829071045,0.11595673859119415,1.1816498041152954,-2.805513858795166,-0.19506461918354034,1.9606001377105713,-2.8407955169677734,0.1405479907989502,1.1577413082122803,-2.798994541168213
-0.21184241771697998,1.1709598302841187,-2.808581829071045,0.1159447580575943,1.1816136837005615,-2.8055520057678223,-0.19506461918354034,1.9606001377105713,-2.8407955169677734,0.14055998623371124,1.1577413082122803,-2.7990329265594482
-0.21180620789527893,1.1709235906600952,-2.808581829071045,0.11595673859119415,1.18166184425354,-2.8059356212615967,-0.19506461918354034,1.960612177848816,-2.8408336639404297,0.1405479907989502,1.1577413082122803,-2.798994541168213
-0.21180620789527893,1.1709599494934082,-2.808581829071045,0.1159447580575943,1.18166184425354,-2.805513858795166,-0.19506461918354034,1.9605640172958374,-2.8408336639404297,0.14055998623371124,1.1577293872833252,-2.7990329265594482
-0.21180620789527893,1.1709116697311401,-2.808581829071045,0.1159447580575943,1.1816498041152954,-2.8054757118225098,-0.19506461918354034,1.9606001377105713,-2.8408336639404297,0.1405479907989502,1.1577413082122803,-2.798994541168213
-0.21180620789527893,1.1709235906600952,-2.8089654445648193,0.11595673859119415,1.1817100048065186,-2.8054757118225098,-0.19506461918354034,1.9606001377105713,-2.8407955169677734,0.1405479907989502,1.1577293872833252,-2.798994541168213
-0.21179421246051788,1.1709235906600952,-2.808581829071045,0.1159447580575943,1.1816498041152954,-2.805513858795166,-0.19506461918354034,1.9606001377105713,-2.8408336639404297,0.1405479907989502,1.1577413082122803,-2.7990329265594482
-0.2117460072040558,1.1709235906600952,-2.808581829071045,0.1159447580575943,1.1816498041152954,-2.805513858795166,-0.19506461918354034,1.9606001377105713,-2.8408336639404297,0.14053601026535034,1.1577413082122803,-2.798994541168213
-0.21178223192691803,1.1709235906600952,-2.808581829071045,0.11595673859119415,1.1816498041152954,-2.805513858795166,-0.19506461918354034,1.9606001377105713,-2.8408336639404297,0.1405479907989502,1.1577293872833252,-2.7990329265594482
-0.21179421246051788,1.1709235906600952,-2.808581829071045,0.1159447580575943,1.1816498041152954,-2.805513858795166,-0.19506461918354034,1.9606001377105713,-2.8407955169677734,0.1405479907989502,1.1577413082122803,-2.798994541168213
-0.21179421246051788,1.1709235906600952,-2.808581829071045,0.1159447580575943,1.181601643562317,-2.8054757118225098,-0.19506461918354034,1.9606001377105713,-2.8407955169677734,0.1405479907989502,1.1577413082122803,-2.798994541168213
-0.21179421246051788,1.170863389968872,-2.808581829071045,0.11595673859119415,1.18166184425354,-2.8054757118225098,-0.19506461918354034,1.9606482982635498,-2.8408336639404297,0.1405479907989502,1.1577413082122803,-2.7990329265594482
-0.21178223192691803,1.170863389968872,-2.8086202144622803,0.1159447580575943,1.1816498041152954,-2.8054757118225098,-0.19506461918354034,1.9606482982635498,-2.8408336639404297,0.1405479907989502,1.1577413082122803,-2.798994541168213
-0.21178223192691803,1.1708754301071167,-2.808581829071045,0.11595673859119415,1.1816498041152954,-2.8054757118225098,-0.1950765997171402,1.9606482982635498,-2.8407955169677734,0.1405479907989502,1.1577413082122803,-2.798994541168213
-0.21179421246051788,1.1709116697311401,-2.8086202144622803,0.1159447580575943,1.1816498041152954,-2.805513858795166,-0.19506461918354034,1.9606001377105713,-2.8407955169677734,0.1405479907989502,1.1577293872833252,-2.799377918243408
-0.21179421246051788,1.1709116697311401,-2.8086202144622803,0.1159447580575943,1.18166184425354,-2.8055522441864014,-0.19506461918354034,1.9606001377105713,-2.8407955169677734,0.1405479907989502,1.1577413082122803,-2.7990329265594482
-0.21179421246051788,1.1709235906600952,-2.8086202144622803,0.11595673859119415,1.1816498041152954,-2.805513858795166,-0.1950765997171402,1.9606001377105713,-2.8408336639404297,0.14055998623371124,1.1577413082122803,-2.798994541168213
-0.21178223192691803,1.1709717512130737,-2.8086202144622803,0.1159447580575943,1.1816498041152954,-2.805168628692627,-0.19506461918354034,1.9606001377105713,-2.8408336639404297,0.1405479907989502,1.1577413082122803,-2.798649311065674
-0.21178223192691803,1.1710200309753418,-2.8086202144622803,0.1159447580575943,1.1816498041152954,-2.8054757118225098,-0.19506461918354034,1.960612177848816,-2.8407955169677734,0.1405479907989502,1.1577413082122803,-2.7989561557769775
-0.21178223192691803,1.1709116697311401,-2.8086202144622803,0.1159447580575943,1.18166184425354,-2.8054757118225098,-0.19506461918354034,1.9606001377105713,-2.8408336639404297,0.1405479907989502,1.1577293872833252,-2.798994541168213
-0.21179421246051788,1.1710200309753418,-2.808581829071045,0.11595673859119415,1.1816498041152954,-2.805513858795166,-0.19506461918354034,1.9606001377105713,-2.8408336639404297,0.1405479907989502,1.1577413082122803,-2.798994541168213
-0.21173402667045593,1.1710200309753418,-2.808581829071045,0.11595673859119415,1.18166184425354,-2.805513858795166,-0.19506461918354034,1.9606001377105713,-2.8407955169677734,0.1404997855424881,1.1577293872833252,-2.7989561557769775
-0.21173402667045593,1.1709235906600952,-2.808581829071045,0.1159447580575943,1.1817100048065186,-2.8058974742889404,-0.19506461918354034,1.9606001377105713,-2.8408336639404297,0.14053601026535034,1.1577413082122803,-2.7989561557769775
-0.21178223192691803,1.1709116697311401,-2.808581829071045,0.1159447580575943,1.1817100048065186,-2.805513858795166,-0.19506461918354034,1.9606001377105713,-2.8408336639404297,0.1405479907989502,1.1577413082122803,-2.7989561557769775
-0.21177025139331818,1.1708635091781616,-2.808581829071045,0.1159447580575943,1.1817100048065186,-2.8054757118225098,-0.1950526237487793,1.9606001377105713,-2.8408336639404297,0.1405479907989502,1.1577413082122803,-2.798994541168213
-0.21177025139331818,1.1709235906600952,-2.808581829071045,0.11595673859119415,1.1816498041152954,-2.8054757118225098,-0.1950526237487793,1.9606001377105713,-2.8408336639404297,0.1405479907989502,1.1577413082122803,-2.798994541168213
-0.21178223192691803,1.1708753108978271,-2.808581829071045,0.1159447580575943,1.1816498041152954,-2.805513858795166,-0.1950526237487793,1.9606001377105713,-2.8408336639404297,0.1405479907989502,1.1577413082122803,-2.7989561557769775
-0.21183043718338013,1.1709116697311401,-2.808581829071045,0.1159447580575943,1.1816498041152954,-2.805513858795166,-0.1950526237487793,1.9606482982635498,-2.8407955169677734,0.1405479907989502,1.1577413082122803,-2.798994541168213
-0.21183043718338013,1.1708754301071167,-2.8086202144622803,0.11595673859119415,1.18166184425354,-2.805513858795166,-0.1950526237487793,1.960612177848816,-2.8408336639404297,0.1405479907989502,1.1577413082122803,-2.798994541168213
-0.21183043718338013,1.1708754301071167,-2.808581829071045,0.11595673859119415,1.1816498041152954,-2.805513858795166,-0.1950526237487793,1.9606001377105713,-2.8407955169677734,0.1405479907989502,1.1577413082122803,-2.7986109256744385
-0.21183043718338013,1.1708754301071167,-2.808581829071045,0.1159447580575943,1.1816498041152954,-2.8054757118225098,-0.19506461918354034,1.9606001377105713,-2.8407955169677734,0.1405479907989502,1.1577413082122803,-2.7990329265594482
-0.21183043718338013,1.1708271503448486,-2.808581829071045,0.1159447580575943,1.18166184425354,-2.805513858795166,-0.19506461918354034,1.9606001377105713,-2.8407955169677734,0.14053601026535034,1.1577413082122803,-2.7990329265594482
-0.21178223192691803,1.1708271503448486,-2.808581829071045,0.1159447580575943,1.1816498041152954,-2.8054757118225098,-0.1950526237487793,1.9605519771575928,-2.8408336639404297,0.14053601026535034,1.1577293872833252,-2.7990329265594482
-0.21177025139331818,1.1708271503448486,-2.808581829071045,0.1159447580575943,1.18166184425354,-2.8054757118225098,-0.1950526237487793,1.9605519771575928,-2.8408336639404297,0.1405479907989502,1.1577293872833252,-2.798994541168213
-0.21177025139331818,1.1708271503448486,-2.808581829071045,0.11595673859119415,1.18166184425354,-2.805513858795166,-0.1950526237487793,1.9605519771575928,-2.8407955169677734,0.1405479907989502,1.1577413082122803,-2.7990329265594482
-0.21178223192691803,1.1708754301071167,-2.808581829071045,0.1159447580575943,1.181601643562317,-2.8054757118225098,-0.1950526237487793,1.9605519771575928,-2.8407955169677734,0.1405479907989502,1.1577413082122803,-2.7986109256744385
-0.21177025139331818,1.1709116697311401,-2.808581829071045,0.11595673859119415,1.1816498041152954,-2.805513858795166,-0.1950526237487793,1.9606001377105713,-2.8407955169677734,0.14053601026535034,1.1577413082122803,-2.7990329265594482
-0.21183043718338013,1.1709717512130737,-2.808581829071045,0.1159447580575943,1.18166184425354,-2.805513858795166,-0.1950526237487793,1.9606001377105713,-2.8408336639404297,0.14053601026535034,1.1577413082122803,-2.7990329265594482
-0.21183043718338013,1.1709116697311401,-2.808581829071045,0.11595673859119415,1.18166184425354,-2.8054757118225098,-0.1950526237487793,1.9606482982635498,-2.8408336639404297,0.14053601026535034,1.1577413082122803,-2.7990329265594482
-0.21177025139331818,1.1709116697311401,-2.808581829071045,0.1159447580575943,1.18166184425354,-2.8054757118225098,-0.19506461918354034,1.9606482982635498,-2.8408336639404297,0.1405479907989502,1.1577293872833252,-2.7990329265594482
-0.21178223192691803,1.1708754301071167,-2.808581829071045,0.1159447580575943,1.1816498041152954,-2.8054757118225098,-0.19506461918354034,1.9606001377105713,-2.8408336639404297,0.14053601026535034,1.1577413082122803,-2.799377918243408
-0.21178223192691803,1.1708754301071167,-2.808581829071045,0.1159447580575943,1.18166184425354,-2.805513858795166,-0.19506461918354034,1.9606001377105713,-2.8408336639404297,0.1405479907989502,1.1577413082122803,-2.7990329265594482
-0.21177025139331818,1.1709116697311401,-2.8085434436798096,0.1159447580575943,1.1816498041152954,-2.805859327316284,-0.19506461918354034,1.9606001377105713,-2.8408336639404297,0.1405479907989502,1.1577413082122803,-2.798994541168213
-0.21178223192691803,1.1709116697311401,-2.808581829071045,0.1159447580575943,1.1816498041152954,-2.8055520057678223,-0.1950526237487793,1.9606001377105713,-2.8408336639404297,0.1405479907989502,1.1577293872833252,-2.798994541168213
-0.21178223192691803,1.1709235906600952,-2.808581829071045,0.1159447580575943,1.18166184425354,-2.8055520057678223,-0.1950526237487793,1.9606001377105713,-2.8408336639404297,0.1405479907989502,1.1577293872833252,-2.798994541168213
-0.21178223192691803,1.1709599494934082,-2.808581829071045,0.1159447580575943,1.1816498041152954,-2.8055520057678223,-0.1950526237487793,1.9606001377105713,-2.8408336639404297,0.14053601026535034,1.1577413082122803,-2.798994541168213
-0.21178223192691803,1.1709235906600952,-2.808581829071045,0.11595673859119415,1.1816498041152954,-2.8058974742889404,-0.1950526237487793,1.9606001377105713,-2.8408336639404297,0.14053601026535034,1.1577413082122803,-2.7989561557769775
-0.21177025139331818,1.1709235906600952,-2.808581829071045,0.11595673859119415,1.1816498041152954,-2.805513858795166,-0.1950526237487793,1.9606001377105713,-2.8407955169677734,0.1405479907989502,1.1577413082122803,-2.798994541168213
-0.21178223192691803,1.1709717512130737,-2.808581829071045,0.11595673859119415,1.1816498041152954,-2.805513858795166,-0.19506461918354034,1.9606001377105713,-2.8407955169677734,0.1405479907989502,1.1577413082122803,-2.798994541168213
-0.21177025139331818,1.1709235906600952,-2.8086202144622803,0.1159447580575943,1.181601643562317,-2.805513858795166,-0.19506461918354034,1.9606001377105713,-2.8407955169677734,0.14053601026535034,1.1577413082122803,-2.7989561557769775
-0.21177025139331818,1.1708754301071167,-2.808581829071045,0.1159447580575943,1.1816498041152954,-2.805513858795166,-0.1950526237487793,1.9606001377105713,-2.8408336639404297,0.14053601026535034,1.1577293872833252,-2.798994541168213
-0.21178223192691803,1.1708754301071167,-2.808581829071045,0.1159447580575943,1.1816498041152954,-2.805513858795166,-0.19506461918354034,1.9606001377105713,-2.8408336639404297,0.1405479907989502,1.1577413082122803,-2.798994541168213
-0.21178223192691803,1.1708754301071167,-2.8089654445648193,0.11595673859119415,1.181697964668274,-2.805513858795166,-0.19506461918354034,1.9606001377105713,-2.8408336639404297,0.1405479907989502,1.1577293872833252,-2.798994541168213
-0.21177025139331818,1.1709356307983398,-2.808581829071045,0.11595673859119415,1.18166184425354,-2.8058974742889404,-0.19506461918354034,1.9606001377105713,-2.8407955169677734,0.1405479907989502,1.1577293872833252,-2.7990329265594482
-0.21177025139331818,1.1709235906600952,-2.808581829071045,0.11595673859119415,1.18166184425354,-2.8058974742889404,-0.19506461918354034,1.9606001377105713,-2.8407955169677734,0.1405479907989502,1.1577293872833252,-2.799377918243408
-0.21177025139331818,1.1709235906600952,-2.808581829071045,0.11595673859119415,1.18166184425354,-2.8058974742889404,-0.19506461918354034,1.9606001377105713,-2.8407955169677734,0.14053601026535034,1.1577413082122803,-2.7989561557769775
-0.21177025139331818,1.1709235906600952,-2.808581829071045,0.1159447580575943,1.18166184425354,-2.8054757118225098,-0.1950526237487793,1.9606001377105713,-2.8408336639404297,0.14053601026535034,1.1577413082122803,-2.798994541168213
-0.21177025139331818,1.1709235906600952,-2.8085434436798096,0.1159447580575943,1.18166184425354,-2.8054757118225098,-0.1950526237487793,1.960612177848816,-2.8408336639404297,0.1405479907989502,1.1577413082122803,-2.7989561557769775
-0.21178223192691803,1.1709235906600952,-2.8089654445648193,0.1159447580575943,1.1816136837005615,-2.8054757118225098,-0.19506461918354034,1.9606001377105713,-2.8408336639404297,0.14053601026535034,1.1577413082122803,-2.798994541168213
-0.21177025139331818,1.1709235906600952,-2.8089654445648193,0.1159447580575943,1.1816498041152954,-2.805513858795166,-0.1950526237487793,1.9606001377105713,-2.8408336639404297,0.1405479907989502,1.1577413082122803,-2.7989561557769775
-0.21177025139331818,1.1709235906600952,-2.808581829071045,0.1159447580575943,1.1816498041152954,-2.805513858795166,-0.1950526237487793,1.9606482982635498,-2.8407955169677734,0.1405479907989502,1.1577413082122803,-2.798994541168213
-0.21177025139331818,1.1709356307983398,-2.8086202144622803,0.1159447580575943,1.18166184425354,-2.8058974742889404,-0.19506461918354034,1.9606482982635498,-2.8408336639404297,0.14053601026535034,1.1577413082122803,-2.7989561557769775
-0.21172204613685608,1.1709717512130737,-2.8086202144622803,0.1159447580575943,1.1817100048065186,-2.805513858795166,-0.1950526237487793,1.9605519771575928,-2.8408336639404297,0.14053601026535034,1.157753348350525,-2.7989561557769775
-0.21172204613685608,1.1709356307983398,-2.8086202144622803,0.1159447580575943,1.1816498041152954,-2.805859327316284,-0.1950526237487793,1.9605519771575928,-2.8408336639404297,0.14053601026535034,1.1577413082122803,-2.7989561557769775
-0.21172204613685608,1.1709235906600952,-2.8086202144622803,0.11595673859119415,1.18166184425354,-2.8055520057678223,-0.19506461918354034,1.960612177848816,-2.8408336639404297,0.14053601026535034,1.157753348350525,-2.798994541168213
-0.21180647611618042,1.1708754301071167,-2.808581829071045,0.1159447580575943,1.1816498041152954,-2.805859327316284,-0.19506461918354034,1.9606001377105713,-2.8408336639404297,0.1405479907989502,1.1577413082122803,-2.798994541168213
-0.21177025139331818,1.1708754301071167,-2.8089654445648193,0.1159447580575943,1.18166184425354,-2.8055520057678223,-0.19506461918354034,1.9606001377105713,-2.8408336639404297,0.14053601026535034,1.1577413082122803,-2.798994541168213
-0.21177025139331818,1.1708754301071167,-2.808581829071045,0.1159447580575943,1.1816498041152954,-2.805513858795166,-0.19506461918354034,1.960612177848816,-2.8408336639404297,0.14053601026535034,1.1577413082122803,-2.798994541168213
-0.21177025139331818,1.1709356307983398,-2.808581829071045,0.1159447580575943,1.181697964668274,-2.8055520057678223,-0.19506461918354034,1.960612177848816,-2.8407955169677734,0.14053601026535034,1.1577413082122803,-2.799377918243408
-0.21175827085971832,1.1709235906600952,-2.808581829071045,0.1159447580575943,1.1816498041152954,-2.8055520057678223,-0.19506461918354034,1.960612177848816,-2.8408336639404297,0.14053601026535034,1.157753348350525,-2.798994541168213
-0.21177025139331818,1.1709235906600952,-2.808581829071045,0.1159447580575943,1.18166184425354,-2.8055520057678223,-0.1950526237487793,1.960612177848816,-2.8407955169677734,0.14053601026535034,1.1577413082122803,-2.7989561557769775
-0.21171006560325623,1.1709717512130737,-2.808581829071045,0.1159447580575943,1.18166184425354,-2.8058974742889404,-0.19506461918354034,1.9606001377105713,-2.8408336639404297,0.14053601026535034,1.1577413082122803,-2.7989561557769775
-0.21177025139331818,1.1709717512130737,-2.8085434436798096,0.1159447580575943,1.18166184425354,-2.8054757118225098,-0.1950526237487793,1.9606001377105713,-2.8407955169677734,0.14053601026535034,1.1577413082122803,-2.798994541168213
-0.21177025139331818,1.1709717512130737,-2.808581829071045,0.11595673859119415,1.1816498041152954,-2.8054757118225098,-0.1950526237487793,1.9606001377105713,-2.8408336639404297,0.14053601026535034,1.1577293872833252,-2.7990329265594482
-0.21177025139331818,1.1709235906600952,-2.808581829071045,0.11595673859119415,1.181601643562317,-2.805513858795166,-0.1950526237487793,1.9606001377105713,-2.8407955169677734,0.14053601026535034,1.1577413082122803,-2.798994541168213
-0.21180647611618042,1.1708754301071167,-2.808581829071045,0.1159447580575943,1.18166184425354,-2.8059356212615967,-0.1950526237487793,1.9606001377105713,-2.8408336639404297,0.14053601026535034,1.157753348350525,-2.798572540283203
-0.21175827085971832,1.170863389968872,-2.808581829071045,0.1159447580575943,1.18166184425354,-2.805513858795166,-0.1950526237487793,1.9606001377105713,-2.8407955169677734,0.14053601026535034,1.1577413082122803,-2.798994541168213
-0.21175827085971832,1.1709235906600952,-2.8085434436798096,0.1159447580575943,1.18166184425354,-2.805859327316284,-0.1950526237487793,1.9606001377105713,-2.8408336639404297,0.14053601026535034,1.1577413082122803,-2.798994541168213
-0.21175827085971832,1.1708754301071167,-2.808581829071045,0.1159447580575943,1.1817100048065186,-2.8055520057678223,-0.1950526237487793,1.9606001377105713,-2.8408336639404297,0.1405479907989502,1.1577413082122803,-2.7990329265594482
-0.21177025139331818,1.1708754301071167,-2.8085434436798096,0.1159447580575943,1.1817100048065186,-2.8058974742889404,-0.1950526237487793,1.9606001377105713,-2.8408336639404297,0.14053601026535034,1.1577413082122803,-2.7990329265594482
-0.21171006560325623,1.1709235906600952,-2.8089654445648193,0.11595673859119415,1.1817100048065186,-2.805513858795166,-0.1950526237487793,1.9606001377105713,-2.8408336639404297,0.1405479907989502,1.1577413082122803,-2.7990329265594482
-0.21175827085971832,1.170983910560608,-2.808581829071045,0.1159447580575943,1.18166184425354,-2.805513858795166,-0.19506461918354034,1.9606482982635498,-2.8407955169677734,0.14053601026535034,1.1577413082122803,-2.798994541168213
-0.21175827085971832,1.1709235906600952,-2.8089654445648193,0.1159447580575943,1.18166184425354,-2.8058974742889404,-0.19506461918354034,1.9606482982635498,-2.8408336639404297,0.14053601026535034,1.1577413082122803,-2.7990329265594482
-0.21175827085971832,1.1709235906600952,-2.808581829071045,0.1159447580575943,1.1816136837005615,-2.8055520057678223,-0.19506461918354034,1.9605640172958374,-2.8408336639404297,0.14053601026535034,1.1577413082122803,-2.7990329265594482
-0.21177025139331818,1.1709235906600952,-2.808581829071045,0.11595673859119415,1.1816136837005615,-2.805513858795166,-0.19506461918354034,1.9606001377105713,-2.8407955169677734,0.14053601026535034,1.1577413082122803,-2.798994541168213
-0.21180647611618042,1.1708753108978271,-2.8086202144622803,0.11595673859119415,1.181697964668274,-2.8055520057678223,-0.1950526237487793,1.9606001377105713,-2.8408336639404297,0.14053601026535034,1.1577413082122803,-2.7990329265594482
-0.21175827085971832,1.1708271503448486,-2.8086202144622803,0.1159447580575943,1.18166184425354,-2.805513858795166,-0.1950526237487793,1.9606001377105713,-2.8408336639404297,0.14053601026535034,1.1577293872833252,-2.7990329265594482
-0.21177025139331818,1.1708271503448486,-2.8086202144622803,0.11595673859119415,1.18166184425354,-2.805513858795166,-0.1950526237487793,1.960612177848816,-2.8408336639404297,0.14053601026535034,1.1577413082122803,-2.798994541168213
-0.21177025139331818,1.1708271503448486,-2.8086202144622803,0.1159447580575943,1.18166184425354,-2.8055520057678223,-0.1950526237487793,1.9606001377105713,-2.8407955169677734,0.14053601026535034,1.1577293872833252,-2.798649311065674
-0.21175827085971832,1.1708753108978271,-2.8086202144622803,0.1159447580575943,1.1816737651824951,-2.805513858795166,-0.1950526237487793,1.9605640172958374,-2.8408336639404297,0.14053601026535034,1.1577413082122803,-2.798994541168213
-0.21175827085971832,1.1708753108978271,-2.8086202144622803,0.1159447580575943,1.18166184425354,-2.8055520057678223,-0.1950526237487793,1.9606001377105713,-2.8407955169677734,0.14053601026535034,1.157753348350525,-2.798994541168213
-0.21175827085971832,1.1709235906600952,-2.8086202144622803,0.1159447580575943,1.18166184425354,-2.8055520057678223,-0.1950526237487793,1.9606001377105713,-2.8408336639404297,0.14053601026535034,1.1577413082122803,-2.798994541168213
-0.21175827085971832,1.1709235906600952,-2.8086202144622803,0.1159447580575943,1.18166184425354,-2.8055520057678223,-0.1950526237487793,1.9606001377105713,-2.8408336639404297,0.14053601026535034,1.1577413082122803,-2.799377918243408
-0.21175827085971832,1.1709235906600952,-2.8086202144622803,0.11593277007341385,1.18166184425354,-2.8055520057678223,-0.19506461918354034,1.9606001377105713,-2.8408336639404297,0.14053601026535034,1.1577413082122803,-2.798994541168213
-0.21175827085971832,1.1709356307983398,-2.8086202144622803,0.1159447580575943,1.181601643562317,-2.805513858795166,-0.1950526237487793,1.9606001377105713,-2.8408336639404297,0.1405479907989502,1.1577413082122803,-2.798994541168213
-0.21180647611618042,1.1708753108978271,-2.8086202144622803,0.1159447580575943,1.181601643562317,-2.8055520057678223,-0.19506461918354034,1.9606001377105713,-2.8407955169677734,0.14053601026535034,1.1577413082122803,-2.7989561557769775
-0.21180647611618042,1.1708753108978271,-2.8089654445648193,0.1159447580575943,1.1816498041152954,-2.8055520057678223,-0.19506461918354034,1.9606001377105713,-2.8407955169677734,0.14053601026535034,1.1577413082122803,-2.7989561557769775
-0.21180647611618042,1.1709235906600952,-2.808581829071045,0.1159447580575943,1.18166184425354,-2.805513858795166,-0.1950526237487793,1.9605882167816162,-2.8407955169677734,0.14053601026535034,1.1577413082122803,-2.7989561557769775
-0.21180647611618042,1.1709718704223633,-2.808581829071045,0.1159447580575943,1.18166184425354,-2.805513858795166,-0.1950526237487793,1.9606001377105713,-2.8407955169677734,0.14053601026535034,1.1577413082122803,-2.798994541168213
-0.21180647611618042,1.1709235906600952,-2.808581829071045,0.11595673859119415,1.181697964668274,-2.8055520057678223,-0.1950526237487793,1.9606001377105713,-2.8407955169677734,0.14053601026535034,1.1577413082122803,-2.7989561557769775
-0.21175827085971832,1.1709235906600952,-2.8085434436798096,0.11595673859119415,1.1816498041152954,-2.805513858795166,-0.1950526237487793,1.9605882167816162,-2.8407955169677734,0.1405479907989502,1.1577413082122803,-2.7989561557769775
-0.21174627542495728,1.1709235906600952,-2.808581829071045,0.1159447580575943,1.18166184425354,-2.8055520057678223,-0.19506461918354034,1.9606001377105713,-2.8407955169677734,0.1404997855424881,1.1577413082122803,-2.798994541168213
-0.21175827085971832,1.1709235906600952,-2.8085434436798096,0.1159447580575943,1.18166184425354,-2.805513858795166,-0.19506461918354034,1.9606001377105713,-2.8407955169677734,0.14053601026535034,1.1577293872833252,-2.798994541168213
-0.21175827085971832,1.1709235906600952,-2.8089654445648193,0.11595673859119415,1.1816498041152954,-2.8058974742889404,-0.1950526237487793,1.9606001377105713,-2.8407955169677734,0.14053601026535034,1.1577413082122803,-2.798994541168213
-0.21180647611618042,1.1709235906600952,-2.808581829071045,0.1159447580575943,1.1816136837005615,-2.805513858795166,-0.1950526237487793,1.9606482982635498,-2.8408336639404297,0.14058421552181244,1.1577413082122803,-2.798994541168213
-0.21180647611618042,1.1709235906600952,-2.808581829071045,0.11595673859119415,1.1816498041152954,-2.805513858795166,-0.1950526237487793,1.9606482982635498,-2.8408336639404297,0.14058421552181244,1.1577413082122803,-2.7986109256744385
-0.21180647611618042,1.1709235906600952,-2.808581829071045,0.1159447580575943,1.1816498041152954,-2.805513858795166,-0.1950526237487793,1.9606482982635498,-2.8408336639404297,0.14058421552181244,1.1577413082122803,-2.7990329265594482
-0.21175827085971832,1.1709235906600952,-2.8089654445648193,0.1159447580575943,1.1816498041152954,-2.8055522441864014,-0.1950526237487793,1.9606482982635498,-2.8408336639404297,0.14058421552181244,1.1577293872833252,-2.7990329265594482
-0.21175827085971832,1.1709717512130737,-2.808581829071045,0.1159447580575943,1.1817100048065186,-2.805513858795166,-0.1950526237487793,1.9606001377105713,-2.8408336639404297,0.14058421552181244,1.1577413082122803,-2.799377918243408
-0.21171006560325623,1.1708754301071167,-2.8085434436798096,0.1159447580575943,1.18166184425354,-2.8055520057678223,-0.1950526237487793,1.9605519771575928,-2.8408336639404297,0.14058421552181244,1.1577413082122803,-2.798994541168213
-0.21174627542495728,1.1709356307983398,-2.808581829071045,0.1159447580575943,1.18166184425354,-2.8055520057678223,-0.1950526237487793,1.9605519771575928,-2.8408336639404297,0.14058421552181244,1.1577413082122803,-2.798994541168213
-0.21175827085971832,1.1709235906600952,-2.808581829071045,0.1159447580575943,1.1816136837005615,-2.805859327316284,-0.1950526237487793,1.9605519771575928,-2.8408336639404297,0.1405479907989502,1.1577413082122803,-2.798994541168213
-0.21174627542495728,1.1708753108978271,-2.808581829071045,0.1159447580575943,1.1816498041152954,-2.805513858795166,-0.19506461918354034,1.9605519771575928,-2.8408336639404297,0.1405479907989502,1.1577413082122803,-2.798994541168213
-0.21174627542495728,1.1709356307983398,-2.808581829071045,0.11595673859119415,1.18166184425354,-2.805513858795166,-0.1950526237487793,1.9605519771575928,-2.8408336639404297,0.14053601026535034,1.1577413082122803,-2.798994541168213
-0.21175827085971832,1.1708754301071167,-2.808581829071045,0.11595673859119415,1.1817100048065186,-2.805513858795166,-0.19506461918354034,1.9605519771575928,-2.8407955169677734,0.14053601026535034,1.1577413082122803,-2.798572540283203
-0.21175827085971832,1.1709235906600952,-2.808581829071045,0.1159447580575943,1.1816498041152954,-2.805513858795166,-0.1950526237487793,1.9605519771575928,-2.8408336639404297,0.14053601026535034,1.1577413082122803,-2.7990329265594482
-0.21174627542495728,1.1709235906600952,-2.808581829071045,0.1159447580575943,1.18166184425354,-2.805513858795166,-0.1950526237487793,1.9605519771575928,-2.8408336639404297,0.14053601026535034,1.1577413082122803,-2.7990329265594482
-0.21174627542495728,1.1709718704223633,-2.808581829071045,0.1159447580575943,1.181601643562317,-2.805513858795166,-0.1950526237487793,1.960612177848816,-2.8407955169677734,0.1405240297317505,1.1577413082122803,-2.7990329265594482
-0.21169807016849518,1.1710200309753418,-2.8090038299560547,0.1159447580575943,1.18166184425354,-2.8055520057678223,-0.1950526237487793,1.9606603384017944,-2.8408336639404297,0.14053601026535034,1.1577413082122803,-2.798994541168213
-0.21169807016849518,1.1710200309753418,-2.808581829071045,0.1159447580575943,1.1816498041152954,-2.8055520057678223,-0.1950526237487793,1.9606001377105713,-2.8407955169677734,0.14053601026535034,1.1577413082122803,-2.798994541168213
-0.21174627542495728,1.1709235906600952,-2.808581829071045,0.11595673859119415,1.1816498041152954,-2.8058974742889404,-0.1950526237487793,1.9606001377105713,-2.8407955169677734,0.14053601026535034,1.1577293872833252,-2.7990329265594482
-0.21175827085971832,1.1709356307983398,-2.808581829071045,0.1159447580575943,1.1816498041152954,-2.805513858795166,-0.1950526237487793,1.9606001377105713,-2.8407955169677734,0.1404997855424881,1.1577413082122803,-2.798994541168213
-0.21174627542495728,1.1709235906600952,-2.808581829071045,0.1159447580575943,1.1816498041152954,-2.805513858795166,-0.1950526237487793,1.9606001377105713,-2.8408336639404297,0.14053601026535034,1.1577413082122803,-2.7990329265594482
-0.21174627542495728,1.1709235906600952,-2.808581829071045,0.11595673859119415,1.18166184425354,-2.8054757118225098,-0.1950526237487793,1.9605882167816162,-2.8408336639404297,0.14053601026535034,1.1577413082122803,-2.798994541168213
-0.21174627542495728,1.1708753108978271,-2.808581829071045,0.11595673859119415,1.1816498041152954,-2.805513858795166,-0.1950526237487793,1.9606001377105713,-2.8407955169677734,0.14053601026535034,1.157753348350525,-2.7990329265594482
-0.21174627542495728,1.1708753108978271,-2.8086202144622803,0.1159447580575943,1.18166184425354,-2.8054757118225098,-0.1950526237487793,1.9606001377105713,-2.8408336639404297,0.14053601026535034,1.1577413082122803,-2.798994541168213
-0.21174627542495728,1.1708874702453613,-2.808581829071045,0.11595673859119415,1.18166184425354,-2.8054757118225098,-0.1950526237487793,1.9606001377105713,-2.8407955169677734,0.14058421552181244,1.1577413082122803,-2.7986109256744385
-0.21169807016849518,1.1708753108978271,-2.808581829071045,0.1159447580575943,1.18166184425354,-2.805513858795166,-0.1950526237487793,1.9606482982635498,-2.8408336639404297,0.14053601026535034,1.1577413082122803,-2.798994541168213
-0.21169807016849518,1.1709356307983398,-2.808581829071045,0.1159447580575943,1.18166184425354,-2.805513858795166,-0.19506461918354034,1.9606482982635498,-2.8407955169677734,0.14053601026535034,1.1577413082122803,-2.798572540283203
-0.21173429489135742,1.1709235906600952,-2.8089654445648193,0.1159447580575943,1.18166184425354,-2.805513858795166,-0.19506461918354034,1.9606482982635498,-2.8408336639404297,0.14053601026535034,1.1577413082122803,-2.798994541168213
-0.21173429489135742,1.1709235906600952,-2.808581829071045,0.1159447580575943,1.1816498041152954,-2.805513858795166,-0.1950526237487793,1.9606482982635498,-2.8408336639404297,0.1405240297317505,1.1577413082122803,-2.7990329265594482
-0.21174627542495728,1.1709718704223633,-2.808581829071045,0.1159447580575943,1.18166184425354,-2.805513858795166,-0.19506461918354034,1.960612177848816,-2.8408336639404297,0.1405240297317505,1.1577413082122803,-2.798994541168213
-0.21174627542495728,1.1709718704223633,-2.8090038299560547,0.1159447580575943,1.18166184425354,-2.805513858795166,-0.1950526237487793,1.9606001377105713,-2.8407955169677734,0.14053601026535034,1.1577413082122803,-2.798994541168213
-0.21174627542495728,1.1709718704223633,-2.808581829071045,0.1159447580575943,1.18166184425354,-2.805513858795166,-0.1950526237487793,1.9606001377105713,-2.8408336639404297,0.14053601026535034,1.1577413082122803,-2.798994541168213
-0.21174627542495728,1.1710200309753418,-2.808581829071045,0.1159447580575943,1.1817100048065186,-2.8059356212615967,-0.1950526237487793,1.9606001377105713,-2.8407955169677734,0.14053601026535034,1.1577413082122803,-2.798994541168213
-0.21174627542495728,1.1710200309753418,-2.808581829071045,0.1159447580575943,1.1817100048065186,-2.805513858795166,-0.1950526237487793,1.9606001377105713,-2.8408336639404297,0.14053601026535034,1.1577293872833252,-2.798994541168213
-0.21174627542495728,1.1710200309753418,-2.8085434436798096,0.1159447580575943,1.18166184425354,-2.805859327316284,-0.1950526237487793,1.9606001377105713,-2.8407955169677734,0.14053601026535034,1.1577413082122803,-2.798994541168213
-0.21173429489135742,1.1709356307983398,-2.808581829071045,0.1159447580575943,1.18166184425354,-2.8055520057678223,-0.19506461918354034,1.9606001377105713,-2.8408336639404297,0.1405240297317505,1.1577413082122803,-2.798994541168213
-0.21173429489135742,1.1709235906600952,-2.808581829071045,0.1159447580575943,1.1816498041152954,-2.805513858795166,-0.1950526237487793,1.9606001377105713,-2.8408336639404297,0.14053601026535034,1.1577413082122803,-2.7989561557769775
-0.21174627542495728,1.1709235906600952,-2.808581829071045,0.1159447580575943,1.18166184425354,-2.805513858795166,-0.1950526237487793,1.960612177848816,-2.8408336639404297,0.14053601026535034,1.1577413082122803,-2.798994541168213
-0.21173429489135742,1.1708754301071167,-2.808927059173584,0.1159447580575943,1.18166184425354,-2.805513858795166,-0.1950526237487793,1.9606001377105713,-2.8408336639404297,0.1405240297317505,1.1577413082122803,-2.798994541168213
-0.21174627542495728,1.1708271503448486,-2.8086202144622803,0.1159447580575943,1.18166184425354,-2.8054757118225098,-0.19506461918354034,1.9606001377105713,-2.8408336639404297,0.14053601026535034,1.157753348350525,-2.798994541168213
-0.21173429489135742,1.1708271503448486,-2.8086202144622803,0.11595673859119415,1.18166184425354,-2.8058974742889404,-0.1950526237487793,1.9606001377105713,-2.8407955169677734,0.14053601026535034,1.1577413082122803,-2.798994541168213
-0.21174627542495728,1.1707789897918701,-2.8086202144622803,0.1159447580575943,1.18166184425354,-2.805513858795166,-0.1950526237487793,1.9606001377105713,-2.8408336639404297,0.1405479907989502,1.1577413082122803,-2.798994541168213
-0.21174627542495728,1.1709235906600952,-2.8089654445648193,0.1159447580575943,1.18166184425354,-2.805513858795166,-0.1950526237487793,1.9606001377105713,-2.8408336639404297,0.14053601026535034,1.1577413082122803,-2.7989561557769775
-0.21174627542495728,1.1709235906600952,-2.808581829071045,0.1159447580575943,1.18166184425354,-2.8054757118225098,-0.1950526237487793,1.960612177848816,-2.8408336639404297,0.14053601026535034,1.157753348350525,-2.798994541168213
-0.21174627542495728,1.1709717512130737,-2.808581829071045,0.1159447580575943,1.18166184425354,-2.805513858795166,-0.1950526237487793,1.9606001377105713,-2.8408336639404297,0.14053601026535034,1.1577413082122803,-2.798994541168213
-0.21173429489135742,1.1709717512130737,-2.808581829071045,0.1159447580575943,1.1816136837005615,-2.8058974742889404,-0.1950526237487793,1.9606001377105713,-2.8407955169677734,0.14053601026535034,1.1577413082122803,-2.7989561557769775
-0.21173429489135742,1.1710200309753418,-2.808581829071045,0.1159447580575943,1.1816498041152954,-2.8054757118225098,-0.19504064321517944,1.960612177848816,-2.8408336639404297,0.14053601026535034,1.1577413082122803,-2.798994541168213
-0.21173429489135742,1.1710200309753418,-2.808581829071045,0.1159447580575943,1.18166184425354,-2.805513858795166,-0.19504064321517944,1.9606001377105713,-2.8408336639404297,0.14053601026535034,1.1577413082122803,-2.7989561557769775
-0.21173429489135742,1.1709837913513184,-2.808581829071045,0.1159447580575943,1.18166184425354,-2.805513858795166,-0.19504064321517944,1.9606001377105713,-2.8408336639404297,0.1405240297317505,1.1577413082122803,-2.7989561557769775
-0.21174627542495728,1.1709235906600952,-2.808581829071045,0.1159447580575943,1.181697964668274,-2.8055520057678223,-0.1950526237487793,1.9606001377105713,-2.8408336639404297,0.1405240297317505,1.1577413082122803,-2.7989561557769775
-0.21173429489135742,1.1709235906600952,-2.808581829071045,0.11593277007341385,1.1816136837005615,-2.8055520057678223,-0.1950526237487793,1.9606001377105713,-2.8407955169677734,0.1405240297317505,1.1577413082122803,-2.798994541168213
-0.21174627542495728,1.1709235906600952,-2.808581829071045,0.1159447580575943,1.1816136837005615,-2.8055520057678223,-0.19504064321517944,1.9606001377105713,-2.8408336639404297,0.1405240297317505,1.1577413082122803,-2.798994541168213
-0.21173429489135742,1.1709235906600952,-2.8089654445648193,0.1159447580575943,1.1816136837005615,-2.805513858795166,-0.1950526237487793,1.9606001377105713,-2.8407955169677734,0.1405240297317505,1.1577413082122803,-2.798994541168213
-0.21169807016849518,1.1709235906600952,-2.808581829071045,0.1159447580575943,1.1816136837005615,-2.8055520057678223,-0.1950526237487793,1.9605882167816162,-2.8407955169677734,0.14053601026535034,1.1577413082122803,-2.7990329265594482
-0.21173429489135742,1.1709235906600952,-2.808581829071045,0.1159447580575943,1.18166184425354,-2.8055520057678223,-0.19506461918354034,1.9606001377105713,-2.8408336639404297,0.1404758244752884,1.1577413082122803,-2.7990329265594482
-0.21173429489135742,1.1708754301071167,-2.808581829071045,0.1159447580575943,1.18166184425354,-2.8055520057678223,-0.1950526237487793,1.9606001377105713,-2.8408336639404297,0.1405240297317505,1.1577413082122803,-2.7990329265594482
-0.21173429489135742,1.1709235906600952,-2.808581829071045,0.1159447580575943,1.18166184425354,-2.8058974742889404,-0.1950526237487793,1.9606001377105713,-2.8407955169677734,0.14053601026535034,1.1577413082122803,-2.798994541168213
-0.21178250014781952,1.1709235906600952,-2.808581829071045,0.1159447580575943,1.18166184425354,-2.8054757118225098,-0.1950526237487793,1.9606001377105713,-2.8407955169677734,0.1405240297317505,1.1577413082122803,-2.798994541168213
-0.21178250014781952,1.1709235906600952,-2.808581829071045,0.1159447580575943,1.18166184425354,-2.805513858795166,-0.1950526237487793,1.9606001377105713,-2.8408336639404297,0.1405240297317505,1.1577293872833252,-2.798994541168213
-0.21178250014781952,1.1709356307983398,-2.8085434436798096,0.1159447580575943,1.1816498041152954,-2.805513858795166,-0.1950526237487793,1.9606001377105713,-2.8407955169677734,0.1405240297317505,1.1577413082122803,-2.7989561557769775
-0.21178250014781952,1.1709356307983398,-2.808581829071045,0.1159447580575943,1.1816498041152954,-2.8054757118225098,-0.1950526237487793,1.9606482982635498,-2.8408336639404297,0.14053601026535034,1.1577413082122803,-2.798994541168213
-0.21178250014781952,1.1709356307983398,-2.808581829071045,0.1159447580575943,1.181697964668274,-2.8059356212615967,-0.19504064321517944,1.9606482982635498,-2.8407955169677734,0.1405240297317505,1.1577413082122803,-2.799339532852173
-0.21167410910129547,1.1708754301071167,-2.808581829071045,0.1159447580575943,1.181697964668274,-2.805513858795166,-0.1950526237487793,1.9606482982635498,-2.8408336639404297,0.1405240297317505,1.157753348350525,-2.7990329265594482
-0.21173429489135742,1.1708754301071167,-2.808581829071045,0.11593277007341385,1.181697964668274,-2.805513858795166,-0.1950526237487793,1.9606482982635498,-2.8408336639404297,0.1405240297317505,1.1577413082122803,-2.7990329265594482
-0.21172231435775757,1.1709235906600952,-2.808581829071045,0.1159447580575943,1.18166184425354,-2.805513858795166,-0.1950526237487793,1.9606482982635498,-2.8407955169677734,0.1404758244752884,1.1577413082122803,-2.7990329265594482
-0.21173429489135742,1.1709235906600952,-2.8086202144622803,0.1159447580575943,1.181601643562317,-2.805513858795166,-0.19504064321517944,1.960612177848816,-2.8408336639404297,0.14053601026535034,1.1577413082122803,-2.798994541168213
-0.21178250014781952,1.1709356307983398,-2.8086202144622803,0.1159447580575943,1.181601643562317,-2.8059356212615967,-0.1950526237487793,1.9606001377105713,-2.8407955169677734,0.14053601026535034,1.1577413082122803,-2.798994541168213
-0.21172231435775757,1.1709717512130737,-2.8086202144622803,0.1159447580575943,1.181601643562317,-2.8054757118225098,-0.1950526237487793,1.9605519771575928,-2.8408336639404297,0.1405240297317505,1.1577413082122803,-2.7990329265594482
-0.21173429489135742,1.1709717512130737,-2.8086202144622803,0.1159447580575943,1.1817100048065186,-2.805513858795166,-0.19504064321517944,1.9606001377105713,-2.8408336639404297,0.14053601026535034,1.1577413082122803,-2.798994541168213
-0.21173429489135742,1.1709235906600952,-2.8086202144622803,0.1159447580575943,1.1816498041152954,-2.805513858795166,-0.1950526237487793,1.9606001377105713,-2.8408336639404297,0.1405240297317505,1.1577413082122803,-2.7990329265594482
-0.21172231435775757,1.1709356307983398,-2.8086202144622803,0.1159447580575943,1.18166184425354,-2.8054757118225098,-0.19504064321517944,1.9606001377105713,-2.8408336639404297,0.1405240297317505,1.1577413082122803,-2.798994541168213
-0.21172231435775757,1.1709235906600952,-2.8086202144622803,0.1159447580575943,1.181710124015808,-2.8055522441864014,-0.19504064321517944,1.9606001377105713,-2.8408336639404297,0.1405240297317505,1.1577413082122803,-2.798994541168213
-0.21172231435775757,1.1708754301071167,-2.8086202144622803,0.1159447580575943,1.18166184425354,-2.8054757118225098,-0.1950526237487793,1.9606001377105713,-2.8407955169677734,0.14053601026535034,1.1577413082122803,-2.799377918243408
-0.21172231435775757,1.1708754301071167,-2.8086202144622803,0.1159447580575943,1.18166184425354,-2.8054757118225098,-0.1950526237487793,1.9606001377105713,-2.8408336639404297,0.1405240297317505,1.1577413082122803,-2.798994541168213
-0.21172231435775757,1.1709356307983398,-2.8086202144622803,0.1159447580575943,1.1816498041152954,-2.8054757118225098,-0.1950526237487793,1.9606001377105713,-2.8407955169677734,0.1405240297317505,1.1577413082122803,-2.7989561557769775
-0.21173429489135742,1.1709235906600952,-2.8086202144622803,0.1159447580575943,1.1816498041152954,-2.805513858795166,-0.1950526237487793,1.9606001377105713,-2.8408336639404297,0.1405240297317505,1.1577293872833252,-2.7989561557769775
-0.21173429489135742,1.1709356307983398,-2.8086202144622803,0.1159447580575943,1.1816498041152954,-2.8054754734039307,-0.1950526237487793,1.9606001377105713,-2.8408336639404297,0.1405240297317505,1.1577413082122803,-2.798994541168213
-0.21172231435775757,1.1709235906600952,-2.8086202144622803,0.1159447580575943,1.181697964668274,-2.8055520057678223,-0.19504064321517944,1.9606482982635498,-2.8407955169677734,0.1405240297317505,1.1577413082122803,-2.798994541168213
-0.21173429489135742,1.1709356307983398,-2.8086202144622803,0.1159447580575943,1.18166184425354,-2.8059356212615967,-0.1950526237487793,1.9606482982635498,-2.8407955169677734,0.1405240297317505,1.1577413082122803,-2.7989561557769775
-0.21172231435775757,1.1709356307983398,-2.8086202144622803,0.1159447580575943,1.18166184425354,-2.805513858795166,-0.19504064321517944,1.9606482982635498,-2.8408336639404297,0.1405240297317505,1.1577413082122803,-2.7989561557769775
-0.21172231435775757,1.1709356307983398,-2.808581829071045,0.1159447580575943,1.1816136837005615,-2.805513858795166,-0.19504064321517944,1.9606482982635498,-2.8407955169677734,0.1405240297317505,1.1577413082122803,-2.7989561557769775
-0.21172231435775757,1.1709717512130737,-2.808581829071045,0.1159447580575943,1.1816498041152954,-2.8054757118225098,-0.19504064321517944,1.9606001377105713,-2.8408336639404297,0.1405240297317505,1.1577413082122803,-2.798994541168213
-0.21173429489135742,1.1709356307983398,-2.808581829071045,0.1159447580575943,1.1816498041152954,-2.8058974742889404,-0.1950526237487793,1.9605882167816162,-2.8408336639404297,0.1405240297317505,1.1577413082122803,-2.7989561557769775
-0.21172231435775757,1.170983910560608,-2.808581829071045,0.1159447580575943,1.18166184425354,-2.8054757118225098,-0.1950526237487793,1.9606001377105713,-2.8408336639404297,0.1405240297317505,1.1577413082122803,-2.7989561557769775
-0.21172231435775757,1.1709235906600952,-2.808581829071045,0.1159447580575943,1.1817100048065186,-2.8054757118225098,-0.1950526237487793,1.9606001377105713,-2.8407955169677734,0.14053601026535034,1.1577413082122803,-2.798994541168213
-0.21167410910129547,1.1709356307983398,-2.808581829071045,0.1159447580575943,1.1817100048065186,-2.805513858795166,-0.1950526237487793,1.9606001377105713,-2.8408336639404297,0.14053601026535034,1.1577413082122803,-2.7989561557769775
-0.21167410910129547,1.1708754301071167,-2.808581829071045,0.11593277007341385,1.1817100048065186,-2.8058974742889404,-0.1950526237487793,1.9605519771575928,-2.8407955169677734,0.1405240297317505,1.1577413082122803,-2.7989561557769775
-0.21173429489135742,1.1709356307983398,-2.8085434436798096,0.1159447580575943,1.18166184425354,-2.8055520057678223,-0.1950526237487793,1.9605519771575928,-2.8407955169677734,0.1405240297317505,1.1577413082122803,-2.798994541168213
-0.21172231435775757,1.1708753108978271,-2.808581829071045,0.1159447580575943,1.18166184425354,-2.8058974742889404,-0.1950526237487793,1.9605519771575928,-2.8407955169677734,0.1405240297317505,1.1577413082122803,-2.798649311065674
-0.21177051961421967,1.1709718704223633,-2.808581829071045,0.11593277007341385,1.18166184425354,-2.805513858795166,-0.1950526237487793,1.9605519771575928,-2.8408336639404297,0.1404758244752884,1.1577413082122803,-2.798994541168213
-0.21177051961421967,1.1709718704223633,-2.808581829071045,0.11593277007341385,1.1816498041152954,-2.8055522441864014,-0.1950526237487793,1.9606001377105713,-2.8408336639404297,0.1404758244752884,1.1577413082122803,-2.798994541168213
-0.21173429489135742,1.1709356307983398,-2.808581829071045,0.11593277007341385,1.1817100048065186,-2.805859088897705,-0.1950526237487793,1.960612177848816,-2.8407955169677734,0.14051204919815063,1.1577413082122803,-2.7989561557769775
-0.21172231435775757,1.1709837913513184,-2.808581829071045,0.1159447580575943,1.1816498041152954,-2.805513858795166,-0.19504064321517944,1.9606001377105713,-2.8407955169677734,0.14056025445461273,1.1577413082122803,-2.7989561557769775
-0.21172231435775757,1.1710320711135864,-2.8090038299560547,0.1159447580575943,1.18166184425354,-2.805513858795166,-0.1950526237487793,1.960612177848816,-2.8408336639404297,0.1405240297317505,1.1577413082122803,-2.798917770385742
-0.21172231435775757,1.1709235906600952,-2.8085434436798096,0.1159447580575943,1.1816498041152954,-2.805513858795166,-0.1950526237487793,1.9606001377105713,-2.8407955169677734,0.1405240297317505,1.1577413082122803,-2.7989561557769775
-0.21172231435775757,1.1709235906600952,-2.808581829071045,0.1159447580575943,1.18166184425354,-2.805513858795166,-0.19504064321517944,1.9605519771575928,-2.8407955169677734,0.1405240297317505,1.1577413082122803,-2.798994541168213
-0.21167410910129547,1.1709356307983398,-2.808581829071045,0.1159447580575943,1.181601643562317,-2.8054757118225098,-0.1950526237487793,1.9605519771575928,-2.8407955169677734,0.1405240297317505,1.1577413082122803,-2.798994541168213
-0.21167410910129547,1.1708754301071167,-2.808581829071045,0.1159447580575943,1.181601643562317,-2.805513858795166,-0.1950526237487793,1.9605519771575928,-2.8408336639404297,0.1405240297317505,1.1577413082122803,-2.798994541168213
-0.21172231435775757,1.1709356307983398,-2.808581829071045,0.1159447580575943,1.18166184425354,-2.805513858795166,-0.1950526237487793,1.9605519771575928,-2.8408336639404297,0.1405240297317505,1.1577413082122803,-2.798994541168213
-0.21172231435775757,1.1709235906600952,-2.808581829071045,0.1159447580575943,1.18166184425354,-2.805513858795166,-0.1950526237487793,1.9605519771575928,-2.8408336639404297,0.1404758244752884,1.157753348350525,-2.7989561557769775
-0.21172231435775757,1.1709235906600952,-2.808581829071045,0.1159447580575943,1.18166184425354,-2.805513858795166,-0.19504064321517944,1.9605519771575928,-2.8407955169677734,0.1404758244752884,1.1577413082122803,-2.798994541168213
-0.21172231435775757,1.1708874702453613,-2.808581829071045,0.1159447580575943,1.1817100048065186,-2.805513858795166,-0.1950526237487793,1.9605519771575928,-2.8407955169677734,0.1405240297317505,1.1577413082122803,-2.7989561557769775
-0.21172231435775757,1.1709235906600952,-2.808581829071045,0.1159447580575943,1.1817100048065186,-2.8054757118225098,-0.19504064321517944,1.9605519771575928,-2.8408336639404297,0.1405240297317505,1.1577413082122803,-2.798994541168213
-0.21172231435775757,1.1709235906600952,-2.808581829071045,0.1159447580575943,1.1816498041152954,-2.8054757118225098,-0.19504064321517944,1.9605519771575928,-2.8407955169677734,0.14053601026535034,1.1577413082122803,-2.798994541168213
-0.21171033382415771,1.1709235906600952,-2.808581829071045,0.1159447580575943,1.18166184425354,-2.805513858795166,-0.1950526237487793,1.9605519771575928,-2.8407955169677734,0.1405240297317505,1.1577293872833252,-2.798994541168213
-0.21167410910129547,1.1709356307983398,-2.808581829071045,0.1159447580575943,1.1816136837005615,-2.8054757118225098,-0.1950526237487793,1.9605519771575928,-2.8408336639404297,0.1405240297317505,1.1577293872833252,-2.798994541168213
-0.21167410910129547,1.1709356307983398,-2.808581829071045,0.11595673859119415,1.1816498041152954,-2.805513858795166,-0.1950526237487793,1.9606001377105713,-2.8408336639404297,0.1405240297317505,1.1577293872833252,-2.798994541168213
-0.21167410910129547,1.1709235906600952,-2.808581829071045,0.1159447580575943,1.1816498041152954,-2.805513858795166,-0.1950526237487793,1.9605400562286377,-2.8408336639404297,0.14053601026535034,1.1577413082122803,-2.798994541168213
-0.21171033382415771,1.170983910560608,-2.808581829071045,0.1159447580575943,1.18166184425354,-2.805513858795166,-0.1950526237487793,1.9606001377105713,-2.8407955169677734,0.1405240297317505,1.1577413082122803,-2.798994541168213
-0.21172231435775757,1.170983910560608,-2.808581829071045,0.1159447580575943,1.1816498041152954,-2.805513858795166,-0.1950526237487793,1.9606001377105713,-2.8408336639404297,0.1405240297317505,1.1577413082122803,-2.798994541168213
-0.21172231435775757,1.1710320711135864,-2.8089654445648193,0.1159447580575943,1.18166184425354,-2.8054757118225098,-0.19504064321517944,1.9606001377105713,-2.8408336639404297,0.1405240297317505,1.1577413082122803,-2.798994541168213
-0.21171033382415771,1.1709718704223633,-2.8085434436798096,0.1159447580575943,1.1816498041152954,-2.8054757118225098,-0.1950526237487793,1.9606001377105713,-2.8407955169677734,0.1405240297317505,1.1577413082122803,-2.798572540283203
-0.21172231435775757,1.1709718704223633,-2.8090038299560547,0.1159447580575943,1.18166184425354,-2.805513858795166,-0.1950526237487793,1.9606001377105713,-2.8407955169677734,0.1405240297317505,1.1577413082122803,-2.7986109256744385
-0.21172231435775757,1.1709718704223633,-2.808581829071045,0.1159447580575943,1.1816498041152954,-2.8054757118225098,-0.1950526237487793,1.9606482982635498,-2.8407955169677734,0.1405240297317505,1.1577413082122803,-2.7990329265594482
-0.21172231435775757,1.1709356307983398,-2.8089654445648193,0.1159447580575943,1.18166184425354,-2.8054757118225098,-0.1950526237487793,1.960612177848816,-2.8407955169677734,0.1405240297317505,1.1577413082122803,-2.799377918243408
-0.21171033382415771,1.1708873510360718,-2.8086202144622803,0.1159447580575943,1.18166184425354,-2.8054757118225098,-0.1950526237487793,1.960612177848816,-2.8408336639404297,0.1405240297317505,1.1577413082122803,-2.798994541168213
-0.21166212856769562,1.1708873510360718,-2.808581829071045,0.1159447580575943,1.1816498041152954,-2.805513858795166,-0.1950526237487793,1.9606001377105713,-2.8408336639404297,0.1405240297317505,1.1577413082122803,-2.7990329265594482
-0.21171033382415771,1.1708754301071167,-2.808581829071045,0.1159447580575943,1.18166184425354,-2.805513858795166,-0.19504064321517944,1.9605519771575928,-2.8408336639404297,0.1405240297317505,1.1577413082122803,-2.7990329265594482
-0.21172231435775757,1.1708271503448486,-2.808581829071045,0.1159447580575943,1.18166184425354,-2.805513858795166,-0.1950526237487793,1.9605519771575928,-2.8408336639404297,0.1405240297317505,1.1577413082122803,-2.798994541168213
-0.21172231435775757,1.1708874702453613,-2.808581829071045,0.1159447580575943,1.1816498041152954,-2.8054754734039307,-0.19504064321517944,1.9605519771575928,-2.8408336639404297,0.1405240297317505,1.1577293872833252,-2.7990329265594482
-0.21177051961421967,1.1708874702453613,-2.808581829071045,0.1159447580575943,1.1816498041152954,-2.8054373264312744,-0.1950526237487793,1.9606001377105713,-2.8408336639404297,0.1405240297317505,1.1577413082122803,-2.7990329265594482
-0.21177051961421967,1.1709235906600952,-2.808581829071045,0.1159447580575943,1.18166184425354,-2.8054373264312744,-0.1950526237487793,1.9606001377105713,-2.8407955169677734,0.1405240297317505,1.1577413082122803,-2.7990329265594482
-0.21172231435775757,1.1709356307983398,-2.808581829071045,0.11595673859119415,1.1816498041152954,-2.8054754734039307,-0.1950526237487793,1.9606001377105713,-2.8408336639404297,0.1405240297317505,1.157753348350525,-2.798994541168213
-0.21171033382415771,1.1710320711135864,-2.8085434436798096,0.1159447580575943,1.1816498041152954,-2.8054754734039307,-0.19504064321517944,1.9605640172958374,-2.8407955169677734,0.1405240297317505,1.1577413082122803,-2.798649311065674
-0.21171033382415771,1.1709718704223633,-2.808581829071045,0.1159447580575943,1.1816498041152954,-2.8054754734039307,-0.19504064321517944,1.9606001377105713,-2.8408336639404297,0.1405240297317505,1.1577293872833252,-2.7989561557769775
-0.21171033382415771,1.1709235906600952,-2.808581829071045,0.1159447580575943,1.18166184425354,-2.8054754734039307,-0.19504064321517944,1.9606001377105713,-2.8407955169677734,0.1405240297317505,1.1577293872833252,-2.798994541168213
-0.21171033382415771,1.1709235906600952,-2.808581829071045,0.1159447580575943,1.1816498041152954,-2.805859327316284,-0.1950526237487793,1.9606001377105713,-2.8407955169677734,0.1405240297317505,1.1577413082122803,-2.7990329265594482
-0.21171033382415771,1.1708874702453613,-2.808581829071045,0.1159447580575943,1.18166184425354,-2.805513858795166,-0.19504064321517944,1.9606001377105713,-2.8408336639404297,0.14051204919815063,1.1577413082122803,-2.798994541168213
-0.21171033382415771,1.1708753108978271,-2.808581829071045,0.11593277007341385,1.18166184425354,-2.805513858795166,-0.1950526237487793,1.9606001377105713,-2.8408336639404297,0.14051204919815063,1.1577413082122803,-2.7990329265594482
-0.21172231435775757,1.1708874702453613,-2.808581829071045,0.1159447580575943,1.18166184425354,-2.8055520057678223,-0.1950526237487793,1.960612177848816,-2.8407955169677734,0.1405240297317505,1.1577413082122803,-2.7990329265594482
-0.21172231435775757,1.1708754301071167,-2.8086202144622803,0.1159447580575943,1.1816498041152954,-2.8058974742889404,-0.1950526237487793,1.9606001377105713,-2.8408336639404297,0.1405240297317505,1.1577413082122803,-2.7990329265594482
-0.21172231435775757,1.1708391904830933,-2.808581829071045,0.1159447580575943,1.1817100048065186,-2.805513858795166,-0.19504064321517944,1.9606001377105713,-2.8408336639404297,0.1405240297317505,1.1577413082122803,-2.798994541168213
-0.21171033382415771,1.1708754301071167,-2.808581829071045,0.1159447580575943,1.18166184425354,-2.805513858795166,-0.1950526237487793,1.9606001377105713,-2.8407955169677734,0.1405240297317505,1.1577413082122803,-2.7986109256744385
-0.21172231435775757,1.1708754301071167,-2.808581829071045,0.1159447580575943,1.18166184425354,-2.8054757118225098,-0.1950526237487793,1.9605519771575928,-2.8408336639404297,0.1405240297317505,1.1577413082122803,-2.798994541168213
-0.21172231435775757,1.1709356307983398,-2.8085434436798096,0.1159447580575943,1.18166184425354,-2.805513858795166,-0.19504064321517944,1.9605519771575928,-2.8408336639404297,0.1405240297317505,1.1577413082122803,-2.7990329265594482
-0.21172231435775757,1.1710200309753418,-2.8085434436798096,0.1159447580575943,1.18166184425354,-2.8054757118225098,-0.19504064321517944,1.9605519771575928,-2.8407955169677734,0.1405240297317505,1.1577413082122803,-2.7990329265594482
-0.21171033382415771,1.1709717512130737,-2.808581829071045,0.11593277007341385,1.181601643562317,-2.805513858795166,-0.1950526237487793,1.9605519771575928,-2.8408336639404297,0.1405240297317505,1.1577413082122803,-2.798994541168213
-0.21172231435775757,1.170983910560608,-2.808581829071045,0.11593277007341385,1.18166184425354,-2.805513858795166,-0.19504064321517944,1.9605519771575928,-2.8407955169677734,0.1405240297317505,1.1577293872833252,-2.7990329265594482
-0.21172231435775757,1.1710803508758545,-2.808581829071045,0.1159447580575943,1.1816498041152954,-2.8054757118225098,-0.1950526237487793,1.9605519771575928,-2.8407955169677734,0.1405240297317505,1.1577413082122803,-2.798994541168213
-0.21172231435775757,1.1709717512130737,-2.808581829071045,0.1159447580575943,1.18166184425354,-2.8054757118225098,-0.1950526237487793,1.9605519771575928,-2.8408336639404297,0.14051204919815063,1.1577413082122803,-2.7986109256744385
-0.21171033382415771,1.1708874702453613,-2.808581829071045,0.11593277007341385,1.181697964668274,-2.805513858795166,-0.1950526237487793,1.960612177848816,-2.8407955169677734,0.1405240297317505,1.1577413082122803,-2.798994541168213
-0.21171033382415771,1.1708874702453613,-2.808581829071045,0.1159447580575943,1.1816498041152954,-2.8054757118225098,-0.1950526237487793,1.960612177848816,-2.8408336639404297,0.14051204919815063,1.1577413082122803,-2.798994541168213
-0.21171033382415771,1.1708391904830933,-2.8085434436798096,0.1159447580575943,1.18166184425354,-2.805513858795166,-0.19504064321517944,1.9606001377105713,-2.8408336639404297,0.1405240297317505,1.157753348350525,-2.7990329265594482
-0.21171033382415771,1.1707910299301147,-2.808581829071045,0.1159447580575943,1.18166184425354,-2.805513858795166,-0.19504064321517944,1.9606001377105713,-2.8408336639404297,0.1405240297317505,1.1577413082122803,-2.798994541168213
-0.21171033382415771,1.1707427501678467,-2.808581829071045,0.1159447580575943,1.18166184425354,-2.805513858795166,-0.1950526237487793,1.9606001377105713,-2.8407955169677734,0.1405240297317505,1.157753348350525,-2.7990329265594482
-0.21171033382415771,1.1706945896148682,-2.808581829071045,0.1159447580575943,1.1816136837005615,-2.8054757118225098,-0.1950526237487793,1.9606001377105713,-2.8407955169677734,0.14051204919815063,1.1577413082122803,-2.798994541168213
-0.21171033382415771,1.1706945896148682,-2.808581829071045,0.1159447580575943,1.1816498041152954,-2.805513858795166,-0.19504064321517944,1.9606001377105713,-2.8407955169677734,0.1405240297317505,1.1577413082122803,-2.7990329265594482
-0.21171033382415771,1.1706945896148682,-2.808581829071045,0.1159447580575943,1.181697964668274,-2.805859327316284,-0.1950526237487793,1.9606001377105713,-2.8408336639404297,0.1405240297317505,1.1577413082122803,-2.7990329265594482
-0.21171033382415771,1.1707427501678467,-2.8085434436798096,0.1159447580575943,1.18166184425354,-2.8055520057678223,-0.1950526237487793,1.9606001377105713,-2.8407955169677734,0.1405240297317505,1.1577413082122803,-2.7990329265594482
-0.21172231435775757,1.170983910560608,-2.808581829071045,0.11593277007341385,1.1816498041152954,-2.805513858795166,-0.1950526237487793,1.9606001377105713,-2.8408336639404297,0.1405240297317505,1.1577413082122803,-2.798994541168213
-0.21171033382415771,1.1709837913513184,-2.808581829071045,0.1159447580575943,1.18166184425354,-2.8054757118225098,-0.19504064321517944,1.9606001377105713,-2.8408336639404297,0.14051204919815063,1.1577413082122803,-2.798994541168213
-0.21166212856769562,1.1709235906600952,-2.8089654445648193,0.1159447580575943,1.18166184425354,-2.8054757118225098,-0.19504064321517944,1.9606001377105713,-2.8407955169677734,0.1405240297317505,1.1577413082122803,-2.798994541168213
-0.21166212856769562,1.1709235906600952,-2.808581829071045,0.11593277007341385,1.18166184425354,-2.8058974742889404,-0.19504064321517944,1.9606001377105713,-2.8407955169677734,0.14051204919815063,1.1577413082122803,-2.798994541168213
-0.21166212856769562,1.1709356307983398,-2.808581829071045,0.1159447580575943,1.1816136837005615,-2.805513858795166,-0.19504064321517944,1.9606001377105713,-2.8408336639404297,0.14051204919815063,1.1577413082122803,-2.7986109256744385
-0.21166212856769562,1.1709356307983398,-2.808581829071045,0.1159447580575943,1.1816498041152954,-2.805513858795166,-0.19504064321517944,1.9606001377105713,-2.8408336639404297,0.14051204919815063,1.1577413082122803,-2.798994541168213
-0.21171033382415771,1.1709356307983398,-2.808581829071045,0.1159447580575943,1.1816136837005615,-2.805513858795166,-0.19504064321517944,1.9606001377105713,-2.8408336639404297,0.1405240297317505,1.1577413082122803,-2.7989561557769775
-0.21171033382415771,1.1709356307983398,-2.808581829071045,0.1159447580575943,1.1816498041152954,-2.805513858795166,-0.19504064321517944,1.9606001377105713,-2.8407955169677734,0.1405240297317505,1.1577413082122803,-2.798994541168213
-0.21171033382415771,1.1709235906600952,-2.808581829071045,0.1159447580575943,1.18166184425354,-2.805859327316284,-0.1950526237487793,1.9606001377105713,-2.8408336639404297,0.1405240297317505,1.1577413082122803,-2.7990329265594482
-0.21171033382415771,1.1709356307983398,-2.808581829071045,0.1159447580575943,1.1817100048065186,-2.8058974742889404,-0.19504064321517944,1.9606001377105713,-2.8408336639404297,0.14051204919815063,1.1577413082122803,-2.7986109256744385
-0.21171033382415771,1.1709235906600952,-2.808581829071045,0.1159447580575943,1.18166184425354,-2.805513858795166,-0.1950526237487793,1.9606001377105713,-2.8408336639404297,0.14051204919815063,1.1577413082122803,-2.7990329265594482
-0.21171033382415771,1.1709356307983398,-2.808581829071045,0.1159447580575943,1.18166184425354,-2.8054757118225098,-0.19504064321517944,1.9606001377105713,-2.8407955169677734,0.14051204919815063,1.1577413082122803,-2.799377918243408
-0.21169833838939667,1.170983910560608,-2.8085434436798096,0.1159447580575943,1.18166184425354,-2.8054757118225098,-0.19504064321517944,1.9606001377105713,-2.8408336639404297,0.14051204919815063,1.1577413082122803,-2.798994541168213
-0.21169833838939667,1.1709837913513184,-2.808581829071045,0.11593277007341385,1.181601643562317,-2.805513858795166,-0.19504064321517944,1.9606001377105713,-2.8408336639404297,0.14051204919815063,1.1577413082122803,-2.7989561557769775
-0.21171033382415771,1.1709837913513184,-2.808581829071045,0.1159447580575943,1.18166184425354,-2.8058974742889404,-0.1950526237487793,1.9606001377105713,-2.8408336639404297,0.14051204919815063,1.1577413082122803,-2.798994541168213
-0.21171033382415771,1.1709718704223633,-2.808581829071045,0.1159447580575943,1.18166184425354,-2.805513858795166,-0.19504064321517944,1.9606001377105713,-2.8407955169677734,0.1405240297317505,1.1577413082122803,-2.798994541168213
-0.21174654364585876,1.1709356307983398,-2.808581829071045,0.1159447580575943,1.181697964668274,-2.805513858795166,-0.19504064321517944,1.9606001377105713,-2.8408336639404297,0.14051204919815063,1.1577413082122803,-2.7989561557769775
-0.21169833838939667,1.1708753108978271,-2.808581829071045,0.1159447580575943,1.1816498041152954,-2.805513858795166,-0.19504064321517944,1.960612177848816,-2.8407955169677734,0.14051204919815063,1.157753348350525,-2.798994541168213
-0.21171033382415771,1.1709356307983398,-2.808581829071045,0.1159447580575943,1.1816498041152954,-2.8054757118225098,-0.19504064321517944,1.9606001377105713,-2.8407955169677734,0.14051204919815063,1.1577413082122803,-2.7989561557769775
-0.21171033382415771,1.1709235906600952,-2.808581829071045,0.1159447580575943,1.1816498041152954,-2.8054757118225098,-0.19504064321517944,1.9606001377105713,-2.8408336639404297,0.14056025445461273,1.157753348350525,-2.798994541168213
-0.21169833838939667,1.1709356307983398,-2.808581829071045,0.1159447580575943,1.1816498041152954,-2.8054757118225098,-0.19504064321517944,1.9606001377105713,-2.8408336639404297,0.14056025445461273,1.1577413082122803,-2.798994541168213
-0.21169833838939667,1.1708874702453613,-2.808581829071045,0.1159447580575943,1.1816136837005615,-2.805513858795166,-0.19504064321517944,1.9606482982635498,-2.8408336639404297,0.1405240297317505,1.1577413082122803,-2.7989561557769775
-0.21169833838939667,1.1708874702453613,-2.808581829071045,0.1159447580575943,1.1816498041152954,-2.805513858795166,-0.19504064321517944,1.960612177848816,-2.8407955169677734,0.14051204919815063,1.1577413082122803,-2.798994541168213
-0.21171033382415771,1.1708874702453613,-2.808581829071045,0.11593277007341385,1.1816498041152954,-2.805513858795166,-0.19504064321517944,1.9606001377105713,-2.8408336639404297,0.14051204919815063,1.157753348350525,-2.798649311065674
-0.21169833838939667,1.1709356307983398,-2.808581829071045,0.11593277007341385,1.1816498041152954,-2.805513858795166,-0.1950526237487793,1.9606001377105713,-2.8407955169677734,0.14051204919815063,1.1577413082122803,-2.798994541168213
-0.21171033382415771,1.1709837913513184,-2.808581829071045,0.1159447580575943,1.181697964668274,-2.805513858795166,-0.19504064321517944,1.9606001377105713,-2.8407955169677734,0.14051204919815063,1.157753348350525,-2.798994541168213
-0.2117585390806198,1.171080231666565,-2.808581829071045,0.11593277007341385,1.18166184425354,-2.8054757118225098,-0.1950526237487793,1.9605519771575928,-2.8407955169677734,0.1405240297317505,1.1577413082122803,-2.798994541168213
-0.21169833838939667,1.1709717512130737,-2.808581829071045,0.11593277007341385,1.18166184425354,-2.8054757118225098,-0.1950526237487793,1.9605519771575928,-2.8408336639404297,0.1405240297317505,1.157753348350525,-2.798994541168213
-0.21171033382415771,1.1709356307983398,-2.808581829071045,0.1159447580575943,1.18166184425354,-2.805513858795166,-0.19504064321517944,1.9605519771575928,-2.8407955169677734,0.14051204919815063,1.1577413082122803,-2.7989561557769775
-0.21169833838939667,1.1709235906600952,-2.808581829071045,0.1159447580575943,1.181601643562317,-2.805513858795166,-0.1950526237487793,1.9605519771575928,-2.8407955169677734,0.14051204919815063,1.1577413082122803,-2.798994541168213
-0.21169833838939667,1.1709356307983398,-2.8086202144622803,0.1159447580575943,1.18166184425354,-2.8054373264312744,-0.19504064321517944,1.9605519771575928,-2.8408336639404297,0.14051204919815063,1.1577413082122803,-2.799377918243408
-0.21169833838939667,1.1708874702453613,-2.8089654445648193,0.1159447580575943,1.18166184425354,-2.8054754734039307,-0.1950526237487793,1.9605519771575928,-2.8408336639404297,0.14051204919815063,1.1577413082122803,-2.798572540283203
-0.21171033382415771,1.1709235906600952,-2.808581829071045,0.1159447580575943,1.1816498041152954,-2.8054757118225098,-0.19504064321517944,1.9605519771575928,-2.8408336639404297,0.14051204919815063,1.1577413082122803,-2.7990329265594482
-0.21165013313293457,1.1708874702453613,-2.808581829071045,0.1159447580575943,1.1816498041152954,-2.8054757118225098,-0.19504064321517944,1.9605519771575928,-2.8408336639404297,0.14051204919815063,1.1577413082122803,-2.7990329265594482
-0.21165013313293457,1.1708754301071167,-2.8085434436798096,0.1159447580575943,1.1817100048065186,-2.8054757118225098,-0.1950286626815796,1.9605519771575928,-2.8408336639404297,0.14051204919815063,1.1577413082122803,-2.7986109256744385
-0.21165013313293457,1.1709235906600952,-2.808581829071045,0.1159447580575943,1.1817100048065186,-2.8054757118225098,-0.19504064321517944,1.9605519771575928,-2.8408336639404297,0.14051204919815063,1.1577413082122803,-2.798994541168213
-0.21165013313293457,1.1709235906600952,-2.808581829071045,0.1159447580575943,1.18166184425354,-2.805513858795166,-0.1950526237487793,1.9605519771575928,-2.8408336639404297,0.14051204919815063,1.157753348350525,-2.798994541168213
-0.2117585390806198,1.1709837913513184,-2.808581829071045,0.1159447580575943,1.18166184425354,-2.805513858795166,-0.19504064321517944,1.9605519771575928,-2.8408336639404297,0.14051204919815063,1.1577413082122803,-2.798994541168213
-0.2117585390806198,1.1710200309753418,-2.808581829071045,0.1159447580575943,1.1816498041152954,-2.805513858795166,-0.19504064321517944,1.9605519771575928,-2.8407955169677734,0.14051204919815063,1.1577413082122803,-2.7986109256744385
-0.21169833838939667,1.1709717512130737,-2.808581829071045,0.1159447580575943,1.1816498041152954,-2.8058974742889404,-0.19504064321517944,1.9605519771575928,-2.8408336639404297,0.14051204919815063,1.1577413082122803,-2.798994541168213
-0.21169833838939667,1.170983910560608,-2.808581829071045,0.11593277007341385,1.1816498041152954,-2.8054757118225098,-0.19504064321517944,1.9605519771575928,-2.8408336639404297,0.14051204919815063,1.157753348350525,-2.798994541168213
-0.21169833838939667,1.1709235906600952,-2.808581829071045,0.1159447580575943,1.1816498041152954,-2.805513858795166,-0.19504064321517944,1.9605519771575928,-2.8408336639404297,0.1405000537633896,1.1577413082122803,-2.798994541168213
-0.21169833838939667,1.1709356307983398,-2.8089654445648193,0.1159447580575943,1.1817100048065186,-2.805513858795166,-0.19504064321517944,1.9606001377105713,-2.8407955169677734,0.14051204919815063,1.1577413082122803,-2.798994541168213
-0.21169833838939667,1.1709356307983398,-2.808581829071045,0.1159447580575943,1.18166184425354,-2.8054757118225098,-0.1950526237487793,1.9606001377105713,-2.8408336639404297,0.14051204919815063,1.1577413082122803,-2.798994541168213
-0.21165013313293457,1.1708873510360718,-2.808581829071045,0.11593277007341385,1.1816980838775635,-2.805513858795166,-0.19504064321517944,1.9605519771575928,-2.8408336639404297,0.14051204919815063,1.1577413082122803,-2.7990329265594482
-0.21165013313293457,1.1708873510360718,-2.808581829071045,0.11593277007341385,1.181613564491272,-2.805513858795166,-0.1950526237487793,1.9605519771575928,-2.8408336639404297,0.14051204919815063,1.1577413082122803,-2.7990329265594482
-0.21165013313293457,1.1709356307983398,-2.808581829071045,0.1159447580575943,1.181613564491272,-2.8054757118225098,-0.1950526237487793,1.9605519771575928,-2.8408336639404297,0.14051204919815063,1.1577413082122803,-2.798994541168213
-0.21169833838939667,1.1709356307983398,-2.808581829071045,0.1159447580575943,1.1815654039382935,-2.8054757118225098,-0.19504064321517944,1.9605882167816162,-2.8408336639404297,0.14051204919815063,1.1577413082122803,-2.798994541168213
-0.21169833838939667,1.1708874702453613,-2.808581829071045,0.11593277007341385,1.1815654039382935,-2.805513858795166,-0.19504064321517944,1.9605882167816162,-2.8408336639404297,0.14051204919815063,1.1577413082122803,-2.798994541168213
-0.21169833838939667,1.1709356307983398,-2.808581829071045,0.1159447580575943,1.1816498041152954,-2.805513858795166,-0.19504064321517944,1.9606001377105713,-2.8407955169677734,0.1405000537633896,1.1577413082122803,-2.7986109256744385
-0.21169833838939667,1.1709356307983398,-2.808581829071045,0.1159447580575943,1.18166184425354,-2.805513858795166,-0.19504064321517944,1.9606001377105713,-2.8408336639404297,0.14051204919815063,1.157753348350525,-2.798994541168213
-0.21168635785579681,1.1709235906600952,-2.808581829071045,0.11593277007341385,1.1816498041152954,-2.805513858795166,-0.19504064321517944,1.9606001377105713,-2.8407955169677734,0.14051204919815063,1.1577413082122803,-2.7990329265594482
-0.21169833838939667,1.170983910560608,-2.808581829071045,0.11593277007341385,1.18166184425354,-2.805513858795166,-0.19504064321517944,1.9605882167816162,-2.8408336639404297,0.14051204919815063,1.1577413082122803,-2.799377918243408
-0.21165013313293457,1.1709717512130737,-2.808581829071045,0.1159447580575943,1.1816498041152954,-2.8055520057678223,-0.19504064321517944,1.9606001377105713,-2.8408336639404297,0.1405240297317505,1.1577413082122803,-2.7989561557769775
-0.21165013313293457,1.1709356307983398,-2.808581829071045,0.1159447580575943,1.1816498041152954,-2.805513858795166,-0.1950526237487793,1.9605882167816162,-2.8408336639404297,0.14046384394168854,1.1577413082122803,-2.7989561557769775
-0.21168635785579681,1.170983910560608,-2.808581829071045,0.1159447580575943,1.1816498041152954,-2.8055520057678223,-0.19504064321517944,1.9606001377105713,-2.8408336639404297,0.14046384394168854,1.1577413082122803,-2.7989561557769775
-0.2117345631122589,1.170983910560608,-2.808581829071045,0.1159447580575943,1.18166184425354,-2.8055520057678223,-0.19504064321517944,1.9606001377105713,-2.8408336639404297,0.14046384394168854,1.1577413082122803,-2.798994541168213
-0.21168635785579681,1.1709356307983398,-2.808581829071045,0.1159447580575943,1.18166184425354,-2.8055520057678223,-0.1950526237487793,1.9606482982635498,-2.8407955169677734,0.14051204919815063,1.1577413082122803,-2.798994541168213
-0.21169833838939667,1.1708874702453613,-2.808581829071045,0.1159447580575943,1.18166184425354,-2.8055520057678223,-0.19504064321517944,1.9606482982635498,-2.8407955169677734,0.14051204919815063,1.1577413082122803,-2.798994541168213
-0.21169833838939667,1.1708753108978271,-2.808581829071045,0.11593277007341385,1.1816498041152954,-2.805513858795166,-0.19504064321517944,1.9606001377105713,-2.8407955169677734,0.14051204919815063,1.1577413082122803,-2.7989561557769775
-0.21169833838939667,1.1708874702453613,-2.808581829071045,0.1159447580575943,1.1816498041152954,-2.8055520057678223,-0.19504064321517944,1.9606001377105713,-2.8407955169677734,0.14051204919815063,1.1577413082122803,-2.798994541168213
-0.21168635785579681,1.1708393096923828,-2.808581829071045,0.1159447580575943,1.1816498041152954,-2.8055520057678223,-0.19504064321517944,1.9606001377105713,-2.8408336639404297,0.14051204919815063,1.1577413082122803,-2.798994541168213
-0.21168635785579681,1.1708393096923828,-2.808581829071045,0.1159447580575943,1.1816498041152954,-2.805513858795166,-0.1950526237487793,1.9606001377105713,-2.8407955169677734,0.14051204919815063,1.157753348350525,-2.798994541168213
-0.21163815259933472,1.1708874702453613,-2.808581829071045,0.1159447580575943,1.18166184425354,-2.805513858795166,-0.19504064321517944,1.9606001377105713,-2.8408336639404297,0.14051204919815063,1.1577413082122803,-2.7989561557769775
-0.21163815259933472,1.1709356307983398,-2.808581829071045,0.1159447580575943,1.18166184425354,-2.8058974742889404,-0.19504064321517944,1.9606001377105713,-2.8408336639404297,0.14051204919815063,1.1577413082122803,-2.798994541168213
-0.21163815259933472,1.170983910560608,-2.808581829071045,0.11593277007341385,1.18166184425354,-2.805513858795166,-0.19504064321517944,1.9606001377105713,-2.8408336639404297,0.14051204919815063,1.1577413082122803,-2.798994541168213
-0.21168635785579681,1.1710320711135864,-2.8086202144622803,0.1159447580575943,1.1816498041152954,-2.805513858795166,-0.19504064321517944,1.9606001377105713,-2.8407955169677734,0.1405000537633896,1.1577413082122803,-2.798994541168213
-0.21168635785579681,1.170983910560608,-2.808581829071045,0.1159447580575943,1.18166184425354,-2.8058974742889404,-0.1950526237487793,1.9606001377105713,-2.8407955169677734,0.14051204919815063,1.1577413082122803,-2.7990329265594482
-0.21168635785579681,1.170983910560608,-2.808581829071045,0.1159447580575943,1.18166184425354,-2.805513858795166,-0.1950526237487793,1.9606001377105713,-2.8407955169677734,0.14051204919815063,1.1577413082122803,-2.798994541168213
-0.2117345631122589,1.170983910560608,-2.808581829071045,0.1159447580575943,1.18166184425354,-2.8055520057678223,-0.19504064321517944,1.9606001377105713,-2.8407955169677734,0.14051204919815063,1.1577413082122803,-2.798994541168213
-0.21169833838939667,1.170983910560608,-2.8085434436798096,0.1159447580575943,1.1816136837005615,-2.8055520057678223,-0.19504064321517944,1.9606001377105713,-2.8408336639404297,0.14051204919815063,1.157753348350525,-2.7990329265594482
-0.21168635785579681,1.1709356307983398,-2.808581829071045,0.1159447580575943,1.1816136837005615,-2.8058974742889404,-0.19504064321517944,1.9606001377105713,-2.8408336639404297,0.14051204919815063,1.157753348350525,-2.7990329265594482
-0.21168635785579681,1.1708874702453613,-2.808581829071045,0.1159447580575943,1.18166184425354,-2.805513858795166,-0.1950526237487793,1.9606001377105713,-2.8408336639404297,0.1405000537633896,1.1577413082122803,-2.798994541168213
-0.21163815259933472,1.1708391904830933,-2.8089654445648193,0.11593277007341385,1.181697964668274,-2.805513858795166,-0.1950526237487793,1.9606001377105713,-2.8408336639404297,0.14051204919815063,1.1577413082122803,-2.7989561557769775
-0.21163815259933472,1.1707910299301147,-2.8089654445648193,0.11593277007341385,1.18166184425354,-2.8055520057678223,-0.19504064321517944,1.9606001377105713,-2.8407955169677734,0.14051204919815063,1.1577413082122803,-2.7989561557769775
-0.21163815259933472,1.1709235906600952,-2.808581829071045,0.1159447580575943,1.1816498041152954,-2.8055520057678223,-0.19504064321517944,1.9606001377105713,-2.8407955169677734,0.14051204919815063,1.1577293872833252,-2.7989561557769775
-0.21163815259933472,1.1709356307983398,-2.808581829071045,0.1159447580575943,1.18166184425354,-2.805513858795166,-0.19504064321517944,1.9606001377105713,-2.8408336639404297,0.14051204919815063,1.1577293872833252,-2.798994541168213
-0.21168635785579681,1.1709356307983398,-2.8085434436798096,0.1159447580575943,1.18166184425354,-2.8055520057678223,-0.19504064321517944,1.9605882167816162,-2.8408336639404297,0.14051204919815063,1.1577293872833252,-2.798994541168213
-0.21168635785579681,1.1709837913513184,-2.808581829071045,0.11593277007341385,1.181601643562317,-2.805513858795166,-0.1950526237487793,1.9606482982635498,-2.8408336639404297,0.1405000537633896,1.1577413082122803,-2.798994541168213
-0.2117345631122589,1.1710320711135864,-2.808581829071045,0.11593277007341385,1.18166184425354,-2.805513858795166,-0.19504064321517944,1.9606482982635498,-2.8408336639404297,0.1405000537633896,1.1577413082122803,-2.7989561557769775
-0.2117345631122589,1.171080231666565,-2.808581829071045,0.11593277007341385,1.1817100048065186,-2.805513858795166,-0.19504064321517944,1.9606482982635498,-2.8407955169677734,0.1405000537633896,1.1577413082122803,-2.799377918243408
-0.2117345631122589,1.171080231666565,-2.808581829071045,0.1159447580575943,1.1816498041152954,-2.8055520057678223,-0.19504064321517944,1.9606001377105713,-2.8408336639404297,0.14051204919815063,1.1577293872833252,-2.7990329265594482
-0.21168635785579681,1.171128511428833,-2.8086202144622803,0.1159447580575943,1.1816498041152954,-2.8055520057678223,-0.19504064321517944,1.9605518579483032,-2.8407955169677734,0.1405000537633896,1.1577293872833252,-2.798994541168213
-0.21168635785579681,1.171128511428833,-2.808581829071045,0.1159447580575943,1.18166184425354,-2.8055520057678223,-0.1950526237487793,1.9605518579483032,-2.8407955169677734,0.14051204919815063,1.1577413082122803,-2.7990329265594482
-0.21167437732219696,1.171080231666565,-2.808581829071045,0.1159447580575943,1.18166184425354,-2.805513858795166,-0.1950526237487793,1.9605036973953247,-2.8408336639404297,0.14051204919815063,1.1577413082122803,-2.798994541168213
-0.21167437732219696,1.171080231666565,-2.808581829071045,0.1159447580575943,1.18166184425354,-2.805513858795166,-0.19504064321517944,1.9605882167816162,-2.8407955169677734,0.14051204919815063,1.1577293872833252,-2.798994541168213
-0.21168635785579681,1.1710320711135864,-2.808581829071045,0.11593277007341385,1.18166184425354,-2.8054757118225098,-0.1950526237487793,1.9605399370193481,-2.8407955169677734,0.1405240297317505,1.1577413082122803,-2.7989561557769775
-0.21168635785579681,1.1710320711135864,-2.808581829071045,0.11593277007341385,1.18166184425354,-2.8055520057678223,-0.19504064321517944,1.9606484174728394,-2.8407955169677734,0.14051204919815063,1.1577413082122803,-2.798994541168213
-0.21168635785579681,1.1709356307983398,-2.808581829071045,0.1159447580575943,1.1816498041152954,-2.8055520057678223,-0.19504064321517944,1.9606484174728394,-2.8408336639404297,0.14051204919815063,1.1577413082122803,-2.7989561557769775
-0.21167437732219696,1.1709837913513184,-2.8086202144622803,0.11593277007341385,1.1816498041152954,-2.8055522441864014,-0.19504064321517944,1.9606484174728394,-2.8408336639404297,0.14051204919815063,1.1577413082122803,-2.7989561557769775
-0.21168635785579681,1.1709837913513184,-2.8086202144622803,0.1159447580575943,1.18166184425354,-2.805513858795166,-0.1950526237487793,1.9606484174728394,-2.8408336639404297,0.14051204919815063,1.157753348350525,-2.7989561557769775
-0.21168635785579681,1.1709837913513184,-2.8086202144622803,0.1159447580575943,1.18166184425354,-2.805513858795166,-0.1950526237487793,1.960612177848816,-2.8408336639404297,0.14051204919815063,1.1577413082122803,-2.798994541168213
-0.21168635785579681,1.1708754301071167,-2.8086202144622803,0.1159447580575943,1.18166184425354,-2.805935859680176,-0.19504064321517944,1.9606482982635498,-2.8407955169677734,0.14051204919815063,1.1577413082122803,-2.798994541168213
-0.21168635785579681,1.1709356307983398,-2.8086202144622803,0.1159447580575943,1.18166184425354,-2.8054754734039307,-0.19504064321517944,1.9606482982635498,-2.8408336639404297,0.1405000537633896,1.1577413082122803,-2.798994541168213
-0.21168635785579681,1.1708873510360718,-2.8086202144622803,0.11593277007341385,1.18166184425354,-2.8054754734039307,-0.19504064321517944,1.9606001377105713,-2.8407955169677734,0.14051204919815063,1.1577293872833252,-2.798994541168213
-0.21168635785579681,1.1708391904830933,-2.8086202144622803,0.11593277007341385,1.1816498041152954,-2.8054754734039307,-0.19504064321517944,1.9606001377105713,-2.8407955169677734,0.14051204919815063,1.1577413082122803,-2.799377918243408
-0.21168635785579681,1.1707910299301147,-2.8086202144622803,0.11593277007341385,1.18166184425354,-2.8054373264312744,-0.19504064321517944,1.9605882167816162,-2.8407955169677734,0.14051204919815063,1.1577413082122803,-2.798994541168213
-0.21168635785579681,1.1707910299301147,-2.8086202144622803,0.1159447580575943,1.18166184425354,-2.8054754734039307,-0.1950526237487793,1.9606001377105713,-2.8408336639404297,0.14051204919815063,1.1577413082122803,-2.798994541168213
-0.21167437732219696,1.1708391904830933,-2.8086202144622803,0.11593277007341385,1.1816498041152954,-2.8058974742889404,-0.19504064321517944,1.9606001377105713,-2.8407955169677734,0.14051204919815063,1.1577413082122803,-2.798994541168213
-0.21167437732219696,1.1708391904830933,-2.8086202144622803,0.11593277007341385,1.181601643562317,-2.8055520057678223,-0.19504064321517944,1.9606001377105713,-2.8407955169677734,0.14051204919815063,1.1577413082122803,-2.798994541168213
-0.21167437732219696,1.1709356307983398,-2.8086202144622803,0.1159447580575943,1.18166184425354,-2.805513858795166,-0.19504064321517944,1.9606482982635498,-2.8407955169677734,0.14051204919815063,1.1577413082122803,-2.7990329265594482
-0.21168635785579681,1.1709356307983398,-2.8086202144622803,0.1159447580575943,1.18166184425354,-2.805513858795166,-0.19504064321517944,1.9605882167816162,-2.8408336639404297,0.1405240297317505,1.1577413082122803,-2.7990329265594482
-0.21167437732219696,1.170947551727295,-2.8086202144622803,0.11593277007341385,1.18166184425354,-2.8055522441864014,-0.19504064321517944,1.9606001377105713,-2.840872049331665,0.14051204919815063,1.157753348350525,-2.7990329265594482
-0.21168635785579681,1.170947551727295,-2.8086202144622803,0.1159447580575943,1.1816498041152954,-2.805513858795166,-0.19504064321517944,1.9605519771575928,-2.8407955169677734,0.14051204919815063,1.157753348350525,-2.7990329265594482
-0.21167437732219696,1.170947551727295,-2.808581829071045,0.1159447580575943,1.1816498041152954,-2.805513858795166,-0.1950526237487793,1.9606001377105713,-2.8408336639404297,0.14051204919815063,1.1577413082122803,-2.798994541168213
-0.21167437732219696,1.1709356307983398,-2.808581829071045,0.1159447580575943,1.18166184425354,-2.805513858795166,-0.19504064321517944,1.9606001377105713,-2.8408336639404297,0.1405000537633896,1.1577413082122803,-2.799339532852173
-0.21168635785579681,1.1709356307983398,-2.808581829071045,0.11593277007341385,1.1816498041152954,-2.805513858795166,-0.19504064321517944,1.9606001377105713,-2.8407955169677734,0.14051204919815063,1.1577413082122803,-2.7986109256744385
-0.21168635785579681,1.1708874702453613,-2.808581829071045,0.11593277007341385,1.1816498041152954,-2.8054757118225098,-0.19504064321517944,1.9606482982635498,-2.8408336639404297,0.14051204919815063,1.1577413082122803,-2.798994541168213
-0.21167437732219696,1.1708391904830933,-2.808581829071045,0.11593277007341385,1.1816498041152954,-2.8058974742889404,-0.19504064321517944,1.9606001377105713,-2.8408336639404297,0.14051204919815063,1.1577413082122803,-2.798994541168213
-0.21168635785579681,1.1708874702453613,-2.808581829071045,0.11593277007341385,1.1816498041152954,-2.805513858795166,-0.19504064321517944,1.9606001377105713,-2.8407955169677734,0.1405000537633896,1.1577413082122803,-2.798994541168213
-0.21168635785579681,1.1708874702453613,-2.8089654445648193,0.11593277007341385,1.18166184425354,-2.8054757118225098,-0.1950526237487793,1.9606001377105713,-2.8407955169677734,0.14051204919815063,1.1577413082122803,-2.799377918243408
-0.21167437732219696,1.1708874702453613,-2.808581829071045,0.1159447580575943,1.181601643562317,-2.8054757118225098,-0.19504064321517944,1.9606001377105713,-2.8407955169677734,0.14051204919815063,1.1577413082122803,-2.7990329265594482
-0.21167437732219696,1.1709356307983398,-2.808581829071045,0.11593277007341385,1.1816498041152954,-2.8059356212615967,-0.19504064321517944,1.9605519771575928,-2.8407955169677734,0.1405000537633896,1.1577413082122803,-2.7990329265594482
-0.21167437732219696,1.1709356307983398,-2.8089654445648193,0.1159447580575943,1.1816498041152954,-2.805513858795166,-0.19504064321517944,1.9605519771575928,-2.8408336639404297,0.14051204919815063,1.1577413082122803,-2.7990329265594482
-0.21167437732219696,1.1709356307983398,-2.808581829071045,0.11593277007341385,1.1816498041152954,-2.805513858795166,-0.19504064321517944,1.9605882167816162,-2.8408336639404297,0.14051204919815063,1.1577413082122803,-2.7990329265594482
-0.21167437732219696,1.1708874702453613,-2.808581829071045,0.1159447580575943,1.181697964668274,-2.8058974742889404,-0.19504064321517944,1.9605882167816162,-2.8407955169677734,0.14051204919815063,1.1577413082122803,-2.798994541168213
-0.21172258257865906,1.1708391904830933,-2.808581829071045,0.11593277007341385,1.181697964668274,-2.805513858795166,-0.19504064321517944,1.9606001377105713,-2.8407955169677734,0.14051204919815063,1.1577413082122803,-2.798994541168213
-0.21168635785579681,1.1708391904830933,-2.8089654445648193,0.1159447580575943,1.18166184425354,-2.805513858795166,-0.19504064321517944,1.9606001377105713,-2.8407955169677734,0.14046384394168854,1.1577293872833252,-2.7990329265594482
-0.21167437732219696,1.170947551727295,-2.808581829071045,0.11593277007341385,1.1816498041152954,-2.805513858795166,-0.19504064321517944,1.9606001377105713,-2.8408336639404297,0.14046384394168854,1.1577413082122803,-2.7994163036346436
-0.21167437732219696,1.1709356307983398,-2.808581829071045,0.1159447580575943,1.1816136837005615,-2.8054757118225098,-0.19504064321517944,1.9606001377105713,-2.8408336639404297,0.14046384394168854,1.1577413082122803,-2.798994541168213
-0.21167437732219696,1.1709356307983398,-2.808581829071045,0.1159447580575943,1.1816498041152954,-2.8054757118225098,-0.19504064321517944,1.9606001377105713,-2.8407955169677734,0.14051204919815063,1.1577413082122803,-2.7989561557769775
-0.21167437732219696,1.1709356307983398,-2.808581829071045,0.1159447580575943,1.1816498041152954,-2.805513858795166,-0.19504064321517944,1.9606001377105713,-2.8408336639404297,0.14051204919815063,1.1577413082122803,-2.7989561557769775
-0.21167437732219696,1.1709837913513184,-2.808581829071045,0.1159447580575943,1.18166184425354,-2.8051304817199707,-0.19504064321517944,1.9606001377105713,-2.8407955169677734,0.14051204919815063,1.157753348350525,-2.7989561557769775
-0.21168635785579681,1.1709356307983398,-2.808581829071045,0.1159447580575943,1.1817100048065186,-2.8054757118225098,-0.1950526237487793,1.9606001377105713,-2.8408336639404297,0.1405240297317505,1.1577413082122803,-2.7989561557769775
-0.21167437732219696,1.1709837913513184,-2.808581829071045,0.1159447580575943,1.1817100048065186,-2.805513858795166,-0.19504064321517944,1.9605882167816162,-2.8408336639404297,0.14051204919815063,1.1577413082122803,-2.7989561557769775
-0.21167437732219696,1.1709837913513184,-2.808581829071045,0.1159447580575943,1.1817100048065186,-2.8058974742889404,-0.19504064321517944,1.9606482982635498,-2.8408336639404297,0.14051204919815063,1.1577413082122803,-2.798994541168213
-0.21167437732219696,1.1709837913513184,-2.808581829071045,0.11593277007341385,1.1816498041152954,-2.8054757118225098,-0.19504064321517944,1.9606482982635498,-2.8407955169677734,0.14051204919815063,1.157753348350525,-2.799377918243408
-0.21167437732219696,1.1709837913513184,-2.808581829071045,0.1159447580575943,1.18166184425354,-2.805513858795166,-0.19504064321517944,1.9605882167816162,-2.8408336639404297,0.14046384394168854,1.1577413082122803,-2.798994541168213
-0.21168635785579681,1.1709356307983398,-2.808581829071045,0.1159447580575943,1.181601643562317,-2.805513858795166,-0.19504064321517944,1.9606001377105713,-2.8407955169677734,0.1405240297317505,1.1577413082122803,-2.7989561557769775
-0.21167437732219696,1.1708873510360718,-2.808581829071045,0.11593277007341385,1.18166184425354,-2.8054757118225098,-0.19504064321517944,1.9606001377105713,-2.8408336639404297,0.14056025445461273,1.1577293872833252,-2.7989561557769775
-0.21167437732219696,1.1708391904830933,-2.808581829071045,0.11593277007341385,1.18166184425354,-2.8058974742889404,-0.19504064321517944,1.9606001377105713,-2.8408336639404297,0.14056025445461273,1.1577293872833252,-2.798994541168213
-0.21167437732219696,1.1707910299301147,-2.808581829071045,0.1159447580575943,1.18166184425354,-2.8054757118225098,-0.1950526237487793,1.9605882167816162,-2.8408336639404297,0.14056025445461273,1.1577413082122803,-2.798994541168213
-0.21167437732219696,1.1707910299301147,-2.8085434436798096,0.1159447580575943,1.18166184425354,-2.8054757118225098,-0.19504064321517944,1.9605882167816162,-2.8408336639404297,0.14056025445461273,1.1577293872833252,-2.798994541168213
-0.21167437732219696,1.1709235906600952,-2.8089654445648193,0.11593277007341385,1.1816498041152954,-2.805513858795166,-0.19504064321517944,1.9606001377105713,-2.8408336639404297,0.14051204919815063,1.1577413082122803,-2.7990329265594482
-0.21167437732219696,1.1709837913513184,-2.808581829071045,0.11593277007341385,1.1816498041152954,-2.805513858795166,-0.19504064321517944,1.9606001377105713,-2.8408336639404297,0.1405000537633896,1.1577293872833252,-2.798994541168213
-0.21167437732219696,1.1709717512130737,-2.8090038299560547,0.1159447580575943,1.1816498041152954,-2.805513858795166,-0.19504064321517944,1.9606001377105713,-2.8408336639404297,0.14051204919815063,1.1577413082122803,-2.7990329265594482
-0.21167437732219696,1.1709356307983398,-2.8085434436798096,0.1159447580575943,1.18166184425354,-2.8054757118225098,-0.19504064321517944,1.9606482982635498,-2.8407955169677734,0.14046384394168854,1.1577413082122803,-2.798994541168213
-0.21162617206573486,1.1709837913513184,-2.8085434436798096,0.11593277007341385,1.18166184425354,-2.8054757118225098,-0.1950526237487793,1.9606482982635498,-2.8408336639404297,0.14051204919815063,1.1577413082122803,-2.798649311065674
-0.21162617206573486,1.1709356307983398,-2.8085434436798096,0.1159447580575943,1.1816498041152954,-2.8054757118225098,-0.1950526237487793,1.9606482982635498,-2.840872049331665,0.14051204919815063,1.1577413082122803,-2.798994541168213
-0.2116623967885971,1.1709356307983398,-2.808505058288574,0.11593277007341385,1.1816498041152954,-2.8054757118225098,-0.19504064321517944,1.9606482982635498,-2.8408336639404297,0.14051204919815063,1.1577413082122803,-2.799339532852173
-0.21172258257865906,1.1708874702453613,-2.8085434436798096,0.11593277007341385,1.18166184425354,-2.8059356212615967,-0.19504064321517944,1.9606482982635498,-2.8408336639404297,0.1405000537633896,1.1577413082122803,-2.7990329265594482
-0.21172258257865906,1.1708992719650269,-2.8089654445648193,0.11593277007341385,1.1816498041152954,-2.805513858795166,-0.19504064321517944,1.9605882167816162,-2.8408336639404297,0.14051204919815063,1.1577413082122803,-2.7990329265594482
-0.21167437732219696,1.1708874702453613,-2.808581829071045,0.11593277007341385,1.1816498041152954,-2.805513858795166,-0.19504064321517944,1.9606001377105713,-2.8407955169677734,0.1405000537633896,1.1577413082122803,-2.7990329265594482
-0.21167437732219696,1.1708393096923828,-2.808581829071045,0.11593277007341385,1.18166184425354,-2.8058974742889404,-0.19504064321517944,1.9605519771575928,-2.8407955169677734,0.14051204919815063,1.1577413082122803,-2.7990329265594482
-0.21167437732219696,1.1708993911743164,-2.808581829071045,0.1159447580575943,1.18166184425354,-2.8054757118225098,-0.19504064321517944,1.9605882167816162,-2.8408336639404297,0.1405000537633896,1.1577413082122803,-2.7990329265594482
-0.2116623967885971,1.1709356307983398,-2.808581829071045,0.1159447580575943,1.1816498041152954,-2.805513858795166,-0.1950286626815796,1.9605882167816162,-2.8407955169677734,0.14051204919815063,1.1577413082122803,-2.798994541168213
-0.211614191532135,1.1709837913513184,-2.808581829071045,0.11593277007341385,1.1817100048065186,-2.8054757118225098,-0.19504064321517944,1.9605882167816162,-2.8408336639404297,0.14051204919815063,1.1577413082122803,-2.798994541168213
-0.2116623967885971,1.1710320711135864,-2.808581829071045,0.1159447580575943,1.1816498041152954,-2.805859327316284,-0.19504064321517944,1.9605882167816162,-2.8408336639404297,0.14051204919815063,1.1577413082122803,-2.7990329265594482
-0.2117106020450592,1.171080231666565,-2.8089654445648193,0.1159447580575943,1.18166184425354,-2.8055520057678223,-0.19504064321517944,1.9606001377105713,-2.8408336639404297,0.1405000537633896,1.1577413082122803,-2.7990713119506836
-0.21167437732219696,1.1711766719818115,-2.808581829071045,0.11593277007341385,1.18166184425354,-2.8055520057678223,-0.19504064321517944,1.9606001377105713,-2.8407955169677734,0.14051204919815063,1.1577413082122803,-2.798994541168213
-0.21167437732219696,1.17122483253479,-2.8089654445648193,0.11593277007341385,1.1816136837005615,-2.805513858795166,-0.19504064321517944,1.9606001377105713,-2.8408336639404297,0.14051204919815063,1.1577413082122803,-2.798572540283203
-0.2116623967885971,1.17122483253479,-2.8089654445648193,0.11593277007341385,1.18166184425354,-2.805513858795166,-0.19504064321517944,1.9606001377105713,-2.8407955169677734,0.1405000537633896,1.1577413082122803,-2.798994541168213
-0.21167437732219696,1.171273112297058,-2.8085434436798096,0.11593277007341385,1.1816498041152954,-2.805513858795166,-0.19504064321517944,1.9605882167816162,-2.8408336639404297,0.14051204919815063,1.1577413082122803,-2.798994541168213
-0.2116623967885971,1.17122483253479,-2.808581829071045,0.1159447580575943,1.18166184425354,-2.805513858795166,-0.19504064321517944,1.9605882167816162,-2.8407955169677734,0.1405000537633896,1.1577413082122803,-2.799377918243408
-0.21167437732219696,1.1708874702453613,-2.808581829071045,0.1159447580575943,1.18166184425354,-2.8058974742889404,-0.19504064321517944,1.9606001377105713,-2.8408336639404297,0.1405000537633896,1.1577413082122803,-2.7990329265594482
-0.2116623967885971,1.1708993911743164,-2.808581829071045,0.11593277007341385,1.18166184425354,-2.8054757118225098,-0.19504064321517944,1.9605882167816162,-2.8407955169677734,0.1405000537633896,1.1577413082122803,-2.798994541168213
-0.2116623967885971,1.1708874702453613,-2.808581829071045,0.1159447580575943,1.1817100048065186,-2.805513858795166,-0.19504064321517944,1.9605882167816162,-2.8408336639404297,0.14051204919815063,1.1577413082122803,-2.7990329265594482
-0.2116623967885971,1.1708992719650269,-2.808581829071045,0.1159447580575943,1.1817100048065186,-2.8054757118225098,-0.19504064321517944,1.9605882167816162,-2.8408336639404297,0.1405000537633896,1.1577413082122803,-2.798994541168213
-0.21172258257865906,1.1708992719650269,-2.8085434436798096,0.11593277007341385,1.1817100048065186,-2.805513858795166,-0.19504064321517944,1.9606001377105713,-2.8407955169677734,0.1405000537633896,1.1577413082122803,-2.798994541168213
-0.21167437732219696,1.1709356307983398,-2.808581829071045,0.1159447580575943,1.18166184425354,-2.805859327316284,-0.19504064321517944,1.9606001377105713,-2.8408336639404297,0.1405000537633896,1.1577413082122803,-2.7989561557769775
-0.2116623967885971,1.170983910560608,-2.808581829071045,0.1159447580575943,1.1816136837005615,-2.8055520057678223,-0.19504064321517944,1.9606001377105713,-2.8408336639404297,0.1404518485069275,1.157753348350525,-2.798994541168213
-0.21167437732219696,1.1709957122802734,-2.8086202144622803,0.11593277007341385,1.1816136837005615,-2.8055520057678223,-0.1949804425239563,1.9606001377105713,-2.8407955169677734,0.1404518485069275,1.1577413082122803,-2.7989561557769775
-0.2116623967885971,1.1709837913513184,-2.8086202144622803,0.1159447580575943,1.1816498041152954,-2.8055520057678223,-0.1950286626815796,1.9606001377105713,-2.8408336639404297,0.1404518485069275,1.1577413082122803,-2.798994541168213
-0.211614191532135,1.1709356307983398,-2.8086202144622803,0.1159447580575943,1.1816498041152954,-2.805513858795166,-0.19504064321517944,1.9606001377105713,-2.8408336639404297,0.14056025445461273,1.1577413082122803,-2.798994541168213
-0.2116623967885971,1.1709837913513184,-2.8086202144622803,0.11593277007341385,1.18166184425354,-2.8055520057678223,-0.1950526237487793,1.9606001377105713,-2.8407955169677734,0.1405000537633896,1.1577413082122803,-2.7990329265594482
-0.2116623967885971,1.1710320711135864,-2.8086202144622803,0.1159447580575943,1.1817100048065186,-2.8058974742889404,-0.19504064321517944,1.9605882167816162,-2.8407955169677734,0.1405000537633896,1.1577293872833252,-2.7990329265594482
-0.21167437732219696,1.1710320711135864,-2.8089654445648193,0.1159447580575943,1.18166184425354,-2.8059356212615967,-0.19504064321517944,1.9605882167816162,-2.8407955169677734,0.1405000537633896,1.1577413082122803,-2.7990329265594482
-0.21172258257865906,1.1710320711135864,-2.808581829071045,0.11593277007341385,1.1816498041152954,-2.8054757118225098,-0.19504064321517944,1.9605882167816162,-2.8408336639404297,0.1405000537633896,1.1577413082122803,-2.7990329265594482
-0.21167437732219696,1.1709837913513184,-2.8089654445648193,0.1159447580575943,1.1816498041152954,-2.805859327316284,-0.19504064321517944,1.9606001377105713,-2.8408336639404297,0.1405000537633896,1.1577293872833252,-2.7990329265594482
-0.21167437732219696,1.170947551727295,-2.808581829071045,0.11593277007341385,1.181601643562317,-2.805513858795166,-0.19504064321517944,1.9606001377105713,-2.8408336639404297,0.1405000537633896,1.1577293872833252,-2.798994541168213
-0.2116623967885971,1.1708874702453613,-2.808581829071045,0.1159447580575943,1.18166184425354,-2.805513858795166,-0.19504064321517944,1.9606001377105713,-2.8408336639404297,0.1405000537633896,1.1577293872833252,-2.798994541168213
-0.2116623967885971,1.1708874702453613,-2.8086202144622803,0.1159447580575943,1.18166184425354,-2.805513858795166,-0.19504064321517944,1.9606482982635498,-2.8408336639404297,0.1405000537633896,1.1577293872833252,-2.7990329265594482
-0.21167437732219696,1.1708391904830933,-2.808581829071045,0.1159447580575943,1.18166184425354,-2.805513858795166,-0.19504064321517944,1.9606001377105713,-2.8407955169677734,0.1405000537633896,1.1577293872833252,-2.798994541168213
-0.211614191532135,1.1708391904830933,-2.808581829071045,0.11593277007341385,1.1817100048065186,-2.8059356212615967,-0.19504064321517944,1.9605882167816162,-2.8408336639404297,0.1405000537633896,1.1577413082122803,-2.7990329265594482
-0.211614191532135,1.1709356307983398,-2.808505058288574,0.1159447580575943,1.18166184425354,-2.805513858795166,-0.19504064321517944,1.9605882167816162,-2.8407955169677734,0.14051204919815063,1.1577413082122803,-2.798994541168213
-0.21167437732219696,1.170983910560608,-2.8085434436798096,0.11593277007341385,1.18166184425354,-2.805513858795166,-0.19504064321517944,1.9605882167816162,-2.8407955169677734,0.14051204919815063,1.1577413082122803,-2.7990329265594482
-0.2116623967885971,1.1709957122802734,-2.808581829071045,0.1159447580575943,1.18166184425354,-2.805513858795166,-0.19504064321517944,1.9605882167816162,-2.8408336639404297,0.1405000537633896,1.1577413082122803,-2.7990329265594482
-0.2116623967885971,1.1709356307983398,-2.8085434436798096,0.1159447580575943,1.181601643562317,-2.8054757118225098,-0.19504064321517944,1.9605882167816162,-2.8408336639404297,0.14051204919815063,1.1577413082122803,-2.7990329265594482
-0.2116623967885971,1.1709356307983398,-2.8085434436798096,0.1159447580575943,1.1816498041152954,-2.8054757118225098,-0.19504064321517944,1.9606482982635498,-2.8407955169677734,0.14051204919815063,1.1577413082122803,-2.7990329265594482
-0.2116623967885971,1.1709356307983398,-2.8085434436798096,0.11593277007341385,1.18166184425354,-2.805513858795166,-0.19504064321517944,1.9606482982635498,-2.8408336639404297,0.1405000537633896,1.1577413082122803,-2.7990329265594482
-0.21167437732219696,1.1708874702453613,-2.8085434436798096,0.1159447580575943,1.18166184425354,-2.8058974742889404,-0.19504064321517944,1.9605882167816162,-2.8408336639404297,0.1405000537633896,1.1577413082122803,-2.7989561557769775
-0.2117106020450592,1.1707910299301147,-2.808581829071045,0.1159447580575943,1.1817100048065186,-2.8055522441864014,-0.1950526237487793,1.9606001377105713,-2.8408336639404297,0.1405000537633896,1.1577413082122803,-2.7989561557769775
-0.2116623967885971,1.1708874702453613,-2.808581829071045,0.11593277007341385,1.18166184425354,-2.805859327316284,-0.19504064321517944,1.9605882167816162,-2.8408336639404297,0.1405000537633896,1.1577413082122803,-2.798994541168213
-0.2116623967885971,1.1708874702453613,-2.808581829071045,0.1159447580575943,1.18166184425354,-2.8055520057678223,-0.19504064321517944,1.9606001377105713,-2.8408336639404297,0.1405000537633896,1.1577413082122803,-2.7989561557769775
-0.2116623967885971,1.1709356307983398,-2.808581829071045,0.11593277007341385,1.1816498041152954,-2.805513858795166,-0.19499242305755615,1.9606001377105713,-2.8408336639404297,0.1405000537633896,1.1577413082122803,-2.7990329265594482
-0.2116623967885971,1.170995831489563,-2.808581829071045,0.11593277007341385,1.18166184425354,-2.8055520057678223,-0.19504064321517944,1.9606001377105713,-2.8408336639404297,0.14051204919815063,1.1577413082122803,-2.798994541168213
-0.211614191532135,1.1709356307983398,-2.808581829071045,0.1159447580575943,1.181697964668274,-2.8055520057678223,-0.19504064321517944,1.9605882167816162,-2.8407955169677734,0.1405000537633896,1.1577413082122803,-2.7990329265594482
-0.21165040135383606,1.1709837913513184,-2.8086202144622803,0.1159447580575943,1.18166184425354,-2.8055520057678223,-0.19504064321517944,1.9605399370193481,-2.8408336639404297,0.1405000537633896,1.1577413082122803,-2.798994541168213
-0.21165040135383606,1.1709837913513184,-2.808581829071045,0.11593277007341385,1.1816498041152954,-2.805513858795166,-0.19504064321517944,1.9606001377105713,-2.8407955169677734,0.1405000537633896,1.1577413082122803,-2.798994541168213
-0.2116623967885971,1.1709356307983398,-2.8089654445648193,0.11593277007341385,1.1816498041152954,-2.805513858795166,-0.19504064321517944,1.9606364965438843,-2.8408336639404297,0.1405000537633896,1.157753348350525,-2.7990329265594482
-0.2117106020450592,1.1708993911743164,-2.808581829071045,0.11593277007341385,1.1816136837005615,-2.805513858795166,-0.19504064321517944,1.9606001377105713,-2.8408336639404297,0.1405000537633896,1.1577413082122803,-2.7990329265594482
-0.2117106020450592,1.1708992719650269,-2.808581829071045,0.11593277007341385,1.1816136837005615,-2.805513858795166,-0.19504064321517944,1.9606001377105713,-2.8408336639404297,0.1405000537633896,1.1577413082122803,-2.7990329265594482
-0.2117106020450592,1.1708874702453613,-2.808581829071045,0.11593277007341385,1.1816498041152954,-2.8055520057678223,-0.19504064321517944,1.9605882167816162,-2.8407955169677734,0.1405000537633896,1.1577293872833252,-2.798994541168213
-0.2117106020450592,1.1708993911743164,-2.808581829071045,0.1159447580575943,1.1817100048065186,-2.805513858795166,-0.19499242305755615,1.9606001377105713,-2.8407955169677734,0.1405000537633896,1.1577413082122803,-2.7990329265594482
-0.2117106020450592,1.170851230621338,-2.808581829071045,0.1159447580575943,1.18166184425354,-2.8054757118225098,-0.19504064321517944,1.9606001377105713,-2.8407955169677734,0.14051204919815063,1.1577293872833252,-2.7990329265594482
-0.21165040135383606,1.1709356307983398,-2.808581829071045,0.1159447580575943,1.1816498041152954,-2.805513858795166,-0.1950286626815796,1.9606001377105713,-2.8408336639404297,0.1405000537633896,1.1577293872833252,-2.7990329265594482
-0.211614191532135,1.1709356307983398,-2.808581829071045,0.11593277007341385,1.18166184425354,-2.805513858795166,-0.19504064321517944,1.9606001377105713,-2.8407955169677734,0.1405000537633896,1.1577413082122803,-2.7990329265594482
-0.211614191532135,1.1709837913513184,-2.808581829071045,0.1159447580575943,1.18166184425354,-2.805513858795166,-0.19508886337280273,1.9606001377105713,-2.8408336639404297,0.1405000537633896,1.1577413082122803,-2.7990329265594482
-0.21165040135383606,1.1710319519042969,-2.808581829071045,0.1159447580575943,1.1816498041152954,-2.805513858795166,-0.19508886337280273,1.9606001377105713,-2.8408336639404297,0.1405000537633896,1.1577413082122803,-2.7990329265594482
-0.2116623967885971,1.1711283922195435,-2.808581829071045,0.1159447580575943,1.181601643562317,-2.805513858795166,-0.19508886337280273,1.9606001377105713,-2.8407955169677734,0.1405000537633896,1.157753348350525,-2.798994541168213
-0.21169860661029816,1.1711766719818115,-2.808581829071045,0.1159447580575943,1.1817100048065186,-2.8054757118225098,-0.19508886337280273,1.9606001377105713,-2.8408336639404297,0.1405000537633896,1.1577413082122803,-2.798994541168213
-0.21169860661029816,1.17122483253479,-2.808581829071045,0.11593277007341385,1.1817100048065186,-2.805513858795166,-0.19508886337280273,1.9606001377105713,-2.8408336639404297,0.1405000537633896,1.1577413082122803,-2.7986109256744385
-0.2116623967885971,1.171273112297058,-2.808581829071045,0.1159447580575943,1.18166184425354,-2.8054757118225098,-0.19508886337280273,1.9606001377105713,-2.8408336639404297,0.14051204919815063,1.1577413082122803,-2.798994541168213
-0.211614191532135,1.171273112297058,-2.808581829071045,0.1159447580575943,1.1816498041152954,-2.8054757118225098,-0.19508886337280273,1.9606001377105713,-2.8407955169677734,0.1405000537633896,1.1577413082122803,-2.798994541168213
-0.21167437732219696,1.17122483253479,-2.8089654445648193,0.11593277007341385,1.1816498041152954,-2.8054757118225098,-0.19508886337280273,1.9606001377105713,-2.8408336639404297,0.1405000537633896,1.1577293872833252,-2.798994541168213
-0.2116623967885971,1.1711766719818115,-2.808581829071045,0.1159447580575943,1.18166184425354,-2.805513858795166,-0.19508886337280273,1.9606001377105713,-2.8408336639404297,0.1405000537633896,1.1577413082122803,-2.7989561557769775
-0.2116623967885971,1.170947551727295,-2.808581829071045,0.11593277007341385,1.1816136837005615,-2.8054757118225098,-0.19504064321517944,1.9606001377105713,-2.8408336639404297,0.1405000537633896,1.1577293872833252,-2.798994541168213
-0.2116623967885971,1.1708873510360718,-2.808581829071045,0.11593277007341385,1.1816498041152954,-2.805513858795166,-0.19504064321517944,1.9606001377105713,-2.8408336639404297,0.1405000537633896,1.157753348350525,-2.798994541168213
-0.2117106020450592,1.1708874702453613,-2.808581829071045,0.11593277007341385,1.18166184425354,-2.805513858795166,-0.1950286626815796,1.9606001377105713,-2.8408336639404297,0.1405000537633896,1.1577413082122803,-2.798994541168213
-0.2117106020450592,1.170947551727295,-2.808581829071045,0.11593277007341385,1.18166184425354,-2.8058974742889404,-0.19504064321517944,1.9606001377105713,-2.8407955169677734,0.1405000537633896,1.1577413082122803,-2.7990329265594482
-0.2117106020450592,1.1709356307983398,-2.8086202144622803,0.11593277007341385,1.181697964668274,-2.805513858795166,-0.19504064321517944,1.9605882167816162,-2.8408336639404297,0.1405000537633896,1.1577413082122803,-2.7990329265594482
-0.21167437732219696,1.170947551727295,-2.8086202144622803,0.1159447580575943,1.1816498041152954,-2.8054757118225098,-0.19504064321517944,1.9606482982635498,-2.8407955169677734,0.1405000537633896,1.1577293872833252,-2.798994541168213
-0.21167437732219696,1.1709356307983398,-2.808927059173584,0.1159447580575943,1.18166184425354,-2.8054757118225098,-0.19504064321517944,1.9606482982635498,-2.8407955169677734,0.1405000537633896,1.1577413082122803,-2.798994541168213
-0.2116623967885971,1.170947551727295,-2.8086202144622803,0.11593277007341385,1.1816498041152954,-2.805859327316284,-0.19504064321517944,1.9606482982635498,-2.8408336639404297,0.1405000537633896,1.1577293872833252,-2.7989561557769775
-0.2116623967885971,1.170947551727295,-2.808581829071045,0.11593277007341385,1.18166184425354,-2.8055520057678223,-0.19504064321517944,1.9606001377105713,-2.8408336639404297,0.1405000537633896,1.1577413082122803,-2.7989561557769775
-0.21165040135383606,1.1709356307983398,-2.808581829071045,0.11593277007341385,1.1816136837005615,-2.805859327316284,-0.19504064321517944,1.9606001377105713,-2.8408336639404297,0.1405000537633896,1.1577293872833252,-2.798649311065674
-0.21165040135383606,1.1709356307983398,-2.808581829071045,0.11593277007341385,1.1816136837005615,-2.8055520057678223,-0.19507688283920288,1.9606001377105713,-2.8407955169677734,0.1405000537633896,1.1577413082122803,-2.798994541168213
-0.2116623967885971,1.1709356307983398,-2.808581829071045,0.11593277007341385,1.181697964668274,-2.8055520057678223,-0.19504064321517944,1.9606001377105713,-2.8407955169677734,0.1405000537633896,1.1577413082122803,-2.798994541168213
-0.21165040135383606,1.1709356307983398,-2.808581829071045,0.11593277007341385,1.18166184425354,-2.805513858795166,-0.19504064321517944,1.9606001377105713,-2.8407955169677734,0.1405000537633896,1.1577413082122803,-2.799339532852173
-0.2116623967885971,1.1709356307983398,-2.808581829071045,0.11593277007341385,1.1816498041152954,-2.805513858795166,-0.19499242305755615,1.9606482982635498,-2.8408336639404297,0.1405000537633896,1.1577413082122803,-2.798994541168213
-0.2116623967885971,1.1709356307983398,-2.808581829071045,0.1159447580575943,1.18166184425354,-2.8055520057678223,-0.19504064321517944,1.9606482982635498,-2.8408336639404297,0.14051204919815063,1.1577413082122803,-2.799377918243408
-0.2116623967885971,1.1709356307983398,-2.808581829071045,0.1159447580575943,1.1816498041152954,-2.8055520057678223,-0.19504064321517944,1.9605882167816162,-2.8408336639404297,0.14051204919815063,1.1577413082122803,-2.7990329265594482
-0.211614191532135,1.1709356307983398,-2.808581829071045,0.11593277007341385,1.1816498041152954,-2.8055520057678223,-0.19504064321517944,1.9605882167816162,-2.8408336639404297,0.1405000537633896,1.1577413082122803,-2.7990329265594482
-0.21165040135383606,1.1708873510360718,-2.808581829071045,0.11593277007341385,1.1816498041152954,-2.8058974742889404,-0.19504064321517944,1.9606001377105713,-2.8407955169677734,0.1405000537633896,1.1577413082122803,-2.7990329265594482
-0.2117106020450592,1.170947551727295,-2.8089654445648193,0.11593277007341385,1.18166184425354,-2.805513858795166,-0.19504064321517944,1.9606001377105713,-2.8407955169677734,0.14051204919815063,1.1577413082122803,-2.799377918243408
-0.21165040135383606,1.1709356307983398,-2.8085434436798096,0.11593277007341385,1.18166184425354,-2.8054757118225098,-0.19504064321517944,1.9606001377105713,-2.8407955169677734,0.1405000537633896,1.157753348350525,-2.798994541168213
-0.2116623967885971,1.1709356307983398,-2.808581829071045,0.11593277007341385,1.18166184425354,-2.805513858795166,-0.1950286626815796,1.9606001377105713,-2.8407955169677734,0.1405000537633896,1.1577413082122803,-2.7990329265594482
-0.211614191532135,1.170947551727295,-2.808581829071045,0.1159447580575943,1.18166184425354,-2.8055520057678223,-0.1950286626815796,1.9606001377105713,-2.8407955169677734,0.1405000537633896,1.1577413082122803,-2.7990329265594482
-0.2116623967885971,1.1708391904830933,-2.808581829071045,0.11593277007341385,1.1817100048065186,-2.8055520057678223,-0.19504064321517944,1.9606001377105713,-2.8408336639404297,0.14051204919815063,1.1577413082122803,-2.7990329265594482
-0.21165040135383606,1.1709356307983398,-2.808581829071045,0.11593277007341385,1.181758165359497,-2.805513858795166,-0.19504064321517944,1.9606001377105713,-2.8408336639404297,0.1405000537633896,1.1577413082122803,-2.7990329265594482
-0.21165040135383606,1.1708993911743164,-2.8089654445648193,0.1159447580575943,1.1818064451217651,-2.8059356212615967,-0.19504064321517944,1.9606001377105713,-2.8408336639404297,0.14051204919815063,1.1577413082122803,-2.7990329265594482
-0.21165040135383606,1.1708993911743164,-2.808581829071045,0.11593277007341385,1.181758165359497,-2.805513858795166,-0.19504064321517944,1.9606001377105713,-2.8407955169677734,0.1405000537633896,1.1577413082122803,-2.7990329265594482
-0.21165040135383606,1.1709356307983398,-2.808581829071045,0.1159447580575943,1.18166184425354,-2.805513858795166,-0.19504064321517944,1.9606001377105713,-2.8408336639404297,0.1405000537633896,1.157753348350525,-2.7990329265594482
-0.21165040135383606,1.1709957122802734,-2.808581829071045,0.11593277007341385,1.1816136837005615,-2.8054757118225098,-0.19504064321517944,1.9606001377105713,-2.8408336639404297,0.1405000537633896,1.1577413082122803,-2.799377918243408
-0.21165040135383606,1.1709356307983398,-2.808581829071045,0.11593277007341385,1.1816136837005615,-2.8055522441864014,-0.19504064321517944,1.9606001377105713,-2.8408336639404297,0.1405000537633896,1.157753348350525,-2.798994541168213
-0.21165040135383606,1.1709837913513184,-2.8089654445648193,0.1159447580575943,1.1816136837005615,-2.805513858795166,-0.1950286626815796,1.9606001377105713,-2.8407955169677734,0.1405000537633896,1.1577413082122803,-2.7990329265594482
-0.21165040135383606,1.170995831489563,-2.808581829071045,0.11593277007341385,1.1816136837005615,-2.805513858795166,-0.1950286626815796,1.9605882167816162,-2.8407955169677734,0.1405000537633896,1.157753348350525,-2.798572540283203
-0.21160219609737396,1.1709356307983398,-2.808581829071045,0.11593277007341385,1.1816498041152954,-2.8054757118225098,-0.19504064321517944,1.9606001377105713,-2.8407955169677734,0.1405000537633896,1.1577413082122803,-2.7990329265594482
-0.21160219609737396,1.170995831489563,-2.808581829071045,0.11593277007341385,1.1817100048065186,-2.805513858795166,-0.19504064321517944,1.9606001377105713,-2.8407955169677734,0.1405000537633896,1.1577413082122803,-2.7986109256744385
-0.21165040135383606,1.1710439920425415,-2.8089654445648193,0.11593277007341385,1.1817100048065186,-2.8054757118225098,-0.1950286626815796,1.9606001377105713,-2.8407955169677734,0.1405000537633896,1.1577413082122803,-2.798994541168213
-0.21165040135383606,1.1710439920425415,-2.808581829071045,0.1159447580575943,1.1817100048065186,-2.805513858795166,-0.19504064321517944,1.9606001377105713,-2.8408336639404297,0.14051204919815063,1.1577413082122803,-2.7989561557769775
-0.21165040135383606,1.170947551727295,-2.808581829071045,0.11593277007341385,1.1816498041152954,-2.8055520057678223,-0.1950286626815796,1.9606001377105713,-2.8407955169677734,0.14051204919815063,1.1577413082122803,-2.7994163036346436
-0.21165040135383606,1.1708873510360718,-2.8089654445648193,0.11593277007341385,1.1816136837005615,-2.8055520057678223,-0.19504064321517944,1.9605882167816162,-2.8407955169677734,0.1405000537633896,1.1577413082122803,-2.798994541168213
-0.21165040135383606,1.1708993911743164,-2.808581829071045,0.1159447580575943,1.1816498041152954,-2.805513858795166,-0.19504064321517944,1.9606001377105713,-2.8407955169677734,0.1405000537633896,1.1577413082122803,-2.798994541168213
-0.21165040135383606,1.1708511114120483,-2.808581829071045,0.11593277007341385,1.18166184425354,-2.8055520057678223,-0.19504064321517944,1.9606001377105713,-2.8408336639404297,0.14048807322978973,1.1577413082122803,-2.7989561557769775
-0.21165040135383606,1.1708029508590698,-2.808581829071045,0.11593277007341385,1.18166184425354,-2.805513858795166,-0.19504064321517944,1.9606001377105713,-2.8408336639404297,0.1405000537633896,1.1577413082122803,-2.798994541168213
-0.21165040135383606,1.1708029508590698,-2.808581829071045,0.11593277007341385,1.1817100048065186,-2.8055520057678223,-0.1950286626815796,1.9605882167816162,-2.8407955169677734,0.1405000537633896,1.1577413082122803,-2.7989561557769775
-0.21165040135383606,1.1708029508590698,-2.8089654445648193,0.1159447580575943,1.1816498041152954,-2.8055520057678223,-0.19504064321517944,1.9605882167816162,-2.8408336639404297,0.1405000537633896,1.1577413082122803,-2.7986109256744385
-0.21165040135383606,1.1709837913513184,-2.808581829071045,0.11593277007341385,1.18166184425354,-2.8058974742889404,-0.19504064321517944,1.9606001377105713,-2.8407955169677734,0.1405000537633896,1.157753348350525,-2.798994541168213
-0.2116623967885971,1.170995831489563,-2.808581829071045,0.11593277007341385,1.18166184425354,-2.8058974742889404,-0.19504064321517944,1.9605882167816162,-2.8408336639404297,0.1405000537633896,1.1577413082122803,-2.798994541168213
-0.21165040135383606,1.170995831489563,-2.8085434436798096,0.11593277007341385,1.1816498041152954,-2.805513858795166,-0.19507688283920288,1.9606001377105713,-2.8408336639404297,0.1405000537633896,1.1577293872833252,-2.798994541168213
-0.21165040135383606,1.1710439920425415,-2.808581829071045,0.1159447580575943,1.18166184425354,-2.8054757118225098,-0.19504064321517944,1.9606001377105713,-2.8408336639404297,0.1404518485069275,1.1577413082122803,-2.7990329265594482
-0.21165040135383606,1.1710439920425415,-2.808581829071045,0.11593277007341385,1.1816498041152954,-2.805513858795166,-0.19504064321517944,1.9606001377105713,-2.8408336639404297,0.1404518485069275,1.1577413082122803,-2.798994541168213
-0.21165040135383606,1.1709356307983398,-2.808581829071045,0.11593277007341385,1.18166184425354,-2.8054757118225098,-0.19499242305755615,1.9606001377105713,-2.8407955169677734,0.1405000537633896,1.1577413082122803,-2.798994541168213
-0.21165040135383606,1.1709356307983398,-2.808581829071045,0.1159447580575943,1.1816498041152954,-2.805513858795166,-0.19499242305755615,1.9606001377105713,-2.8408336639404297,0.1405000537633896,1.1577293872833252,-2.798994541168213
-0.2116384208202362,1.1708992719650269,-2.808581829071045,0.11593277007341385,1.18166184425354,-2.805513858795166,-0.19499242305755615,1.9605882167816162,-2.8408336639404297,0.1405000537633896,1.1577413082122803,-2.7990329265594482
-0.21165040135383606,1.170947551727295,-2.808581829071045,0.1159447580575943,1.1816498041152954,-2.805513858795166,-0.19499242305755615,1.9606001377105713,-2.8407955169677734,0.1405000537633896,1.1577413082122803,-2.798994541168213
-0.21165040135383606,1.170947551727295,-2.8089654445648193,0.11593277007341385,1.18166184425354,-2.805513858795166,-0.19499242305755615,1.9606001377105713,-2.8408336639404297,0.14048807322978973,1.1577413082122803,-2.798994541168213
-0.21160219609737396,1.170947551727295,-2.808581829071045,0.11593277007341385,1.18166184425354,-2.805513858795166,-0.19504064321517944,1.9606001377105713,-2.8408336639404297,0.1405000537633896,1.1577413082122803,-2.798572540283203
-0.2116384208202362,1.1709356307983398,-2.808581829071045,0.1159447580575943,1.1816498041152954,-2.805513858795166,-0.1950286626815796,1.9606001377105713,-2.8407955169677734,0.14048807322978973,1.1577413082122803,-2.7990329265594482
-0.21165040135383606,1.170947551727295,-2.808581829071045,0.11593277007341385,1.1816498041152954,-2.805513858795166,-0.19508886337280273,1.9606001377105713,-2.8407955169677734,0.14048807322978973,1.1577413082122803,-2.798994541168213
-0.2116866260766983,1.1709356307983398,-2.808581829071045,0.11593277007341385,1.1816498041152954,-2.8054757118225098,-0.19508886337280273,1.9606001377105713,-2.8408336639404297,0.1405000537633896,1.1577413082122803,-2.798994541168213
-0.2116384208202362,1.170995831489563,-2.808581829071045,0.11593277007341385,1.18166184425354,-2.8054757118225098,-0.1950286626815796,1.9606001377105713,-2.8408336639404297,0.14053627848625183,1.1577413082122803,-2.798994541168213
-0.21165040135383606,1.1709356307983398,-2.808581829071045,0.11593277007341385,1.18166184425354,-2.8054757118225098,-0.1950286626815796,1.9606001377105713,-2.8408336639404297,0.1405000537633896,1.1577413082122803,-2.798994541168213
-0.21165040135383606,1.170947551727295,-2.808581829071045,0.11593277007341385,1.1816498041152954,-2.8054757118225098,-0.19504064321517944,1.9606001377105713,-2.8408336639404297,0.1405000537633896,1.1577413082122803,-2.799339532852173
-0.21165040135383606,1.1708992719650269,-2.8089654445648193,0.11593277007341385,1.1816136837005615,-2.8054757118225098,-0.1950286626815796,1.9606001377105713,-2.8408336639404297,0.1405000537633896,1.1577413082122803,-2.7990329265594482
-0.21160219609737396,1.170947551727295,-2.808581829071045,0.11593277007341385,1.1816498041152954,-2.805859327316284,-0.1950286626815796,1.9605882167816162,-2.8408336639404297,0.14048807322978973,1.1577413082122803,-2.799377918243408
-0.21160219609737396,1.1709356307983398,-2.808581829071045,0.1159447580575943,1.1816498041152954,-2.8055520057678223,-0.19504064321517944,1.9606001377105713,-2.8407955169677734,0.1405000537633896,1.1577413082122803,-2.7990329265594482
-0.21165040135383606,1.170947551727295,-2.8085434436798096,0.11593277007341385,1.18166184425354,-2.805513858795166,-0.19504064321517944,1.9606001377105713,-2.8408336639404297,0.14048807322978973,1.1577413082122803,-2.798994541168213
-0.2116384208202362,1.170947551727295,-2.808581829071045,0.11593277007341385,1.18166184425354,-2.8055520057678223,-0.19504064321517944,1.9605519771575928,-2.8407955169677734,0.1404518485069275,1.1577413082122803,-2.7990329265594482
-0.2116384208202362,1.170947551727295,-2.808581829071045,0.1159447580575943,1.1816498041152954,-2.8055520057678223,-0.19504064321517944,1.9605519771575928,-2.8407955169677734,0.1404518485069275,1.1577413082122803,-2.7990329265594482
-0.2116866260766983,1.170947551727295,-2.808581829071045,0.11593277007341385,1.1816498041152954,-2.8058974742889404,-0.19504064321517944,1.9605519771575928,-2.8408336639404297,0.1405000537633896,1.1577413082122803,-2.7990329265594482
-0.2116866260766983,1.170947551727295,-2.808581829071045,0.11593277007341385,1.18166184425354,-2.805513858795166,-0.19504064321517944,1.9605519771575928,-2.8408336639404297,0.1405000537633896,1.1577413082122803,-2.7990329265594482
-0.21165040135383606,1.170947551727295,-2.808581829071045,0.11593277007341385,1.1816498041152954,-2.805513858795166,-0.19504064321517944,1.9605519771575928,-2.8408336639404297,0.1405000537633896,1.1577413082122803,-2.7990329265594482
-0.21165040135383606,1.170947551727295,-2.808581829071045,0.11593277007341385,1.18166184425354,-2.8055520057678223,-0.19504064321517944,1.9605519771575928,-2.8408336639404297,0.14048807322978973,1.1577413082122803,-2.7994163036346436
-0.2116384208202362,1.1709356307983398,-2.808581829071045,0.1159447580575943,1.1816136837005615,-2.805513858795166,-0.19504064321517944,1.9606001377105713,-2.8408336639404297,0.1405000537633896,1.1577293872833252,-2.7989561557769775
-0.21165040135383606,1.1709356307983398,-2.8089654445648193,0.11593277007341385,1.1816498041152954,-2.805513858795166,-0.1950286626815796,1.9605519771575928,-2.8407955169677734,0.1405000537633896,1.1577413082122803,-2.798994541168213
-0.2115902155637741,1.1708993911743164,-2.808581829071045,0.11593277007341385,1.18166184425354,-2.805513858795166,-0.19504064321517944,1.9605519771575928,-2.8408336639404297,0.1405000537633896,1.1577413082122803,-2.798994541168213
-0.2115902155637741,1.1709356307983398,-2.808581829071045,0.11593277007341385,1.1816498041152954,-2.805513858795166,-0.1950286626815796,1.9605519771575928,-2.8407955169677734,0.1405000537633896,1.1577413082122803,-2.798994541168213
-0.21165040135383606,1.170947551727295,-2.808581829071045,0.11593277007341385,1.1816498041152954,-2.805513858795166,-0.1950286626815796,1.9605519771575928,-2.8408336639404297,0.1405000537633896,1.1577413082122803,-2.798994541168213
-0.2116866260766983,1.170947551727295,-2.808581829071045,0.11593277007341385,1.1816498041152954,-2.8054757118225098,-0.1950286626815796,1.9605519771575928,-2.8408336639404297,0.1405000537633896,1.1577413082122803,-2.798994541168213
-0.2116866260766983,1.170947551727295,-2.808581829071045,0.11593277007341385,1.18166184425354,-2.8054757118225098,-0.1950286626815796,1.9605519771575928,-2.8408336639404297,0.14048807322978973,1.1577413082122803,-2.798994541168213
-0.2116866260766983,1.1709356307983398,-2.808581829071045,0.11593277007341385,1.1816498041152954,-2.805513858795166,-0.19504064321517944,1.9605882167816162,-2.8408336639404297,0.1405000537633896,1.157753348350525,-2.7989561557769775
-0.2116866260766983,1.1709837913513184,-2.808581829071045,0.11593277007341385,1.1816498041152954,-2.805513858795166,-0.19504064321517944,1.9606001377105713,-2.8408336639404297,0.1405000537633896,1.157753348350525,-2.7989561557769775
-0.2116384208202362,1.170947551727295,-2.808581829071045,0.11593277007341385,1.1816136837005615,-2.805513858795166,-0.19504064321517944,1.9606001377105713,-2.8408336639404297,0.1405000537633896,1.157753348350525,-2.798994541168213
-0.2116384208202362,1.1709356307983398,-2.808581829071045,0.11593277007341385,1.1816136837005615,-2.8054757118225098,-0.19504064321517944,1.9605882167816162,-2.8407955169677734,0.1405000537633896,1.157753348350525,-2.7986109256744385
-0.2116384208202362,1.170947551727295,-2.808581829071045,0.11593277007341385,1.1816498041152954,-2.8055520057678223,-0.19504064321517944,1.9605882167816162,-2.8408336639404297,0.1405000537633896,1.1577413082122803,-2.798994541168213
-0.21165040135383606,1.1708874702453613,-2.8089654445648193,0.11593277007341385,1.1816498041152954,-2.8055520057678223,-0.19504064321517944,1.9605882167816162,-2.8407955169677734,0.1405000537633896,1.1577413082122803,-2.798994541168213
-0.2116384208202362,1.1708992719650269,-2.808581829071045,0.11593277007341385,1.18166184425354,-2.8055520057678223,-0.19504064321517944,1.9605399370193481,-2.8408336639404297,0.14048807322978973,1.157753348350525,-2.7989561557769775
-0.2116384208202362,1.1708993911743164,-2.808927059173584,0.11593277007341385,1.18166184425354,-2.8055520057678223,-0.1950286626815796,1.9605399370193481,-2.8408336639404297,0.1405000537633896,1.1577413082122803,-2.7986109256744385
-0.21165040135383606,1.1708993911743164,-2.808581829071045,0.11593277007341385,1.18166184425354,-2.8055520057678223,-0.1950286626815796,1.9606001377105713,-2.8407955169677734,0.14048807322978973,1.1577413082122803,-2.7990329265594482
-0.21160219609737396,1.170851230621338,-2.808581829071045,0.11593277007341385,1.1816498041152954,-2.805513858795166,-0.1950286626815796,1.9606001377105713,-2.8408336639404297,0.14048807322978973,1.1577413082122803,-2.798994541168213
-0.2116384208202362,1.170947551727295,-2.808581829071045,0.11593277007341385,1.1816136837005615,-2.805513858795166,-0.19504064321517944,1.9606001377105713,-2.8408336639404297,0.1405000537633896,1.1577293872833252,-2.798994541168213
-0.2116384208202362,1.1709356307983398,-2.808581829071045,0.11593277007341385,1.1816136837005615,-2.805513858795166,-0.1950286626815796,1.9606001377105713,-2.8408336639404297,0.14048807322978973,1.1577413082122803,-2.7990329265594482
-0.2116866260766983,1.1709957122802734,-2.808581829071045,0.11593277007341385,1.18166184425354,-2.8054757118225098,-0.1950286626815796,1.9606001377105713,-2.8408336639404297,0.1405000537633896,1.1577413082122803,-2.799339532852173
-0.2116866260766983,1.1709957122802734,-2.8086202144622803,0.11593277007341385,1.18166184425354,-2.805513858795166,-0.1950286626815796,1.9606001377105713,-2.8407955169677734,0.1405000537633896,1.1577413082122803,-2.798994541168213
-0.2116866260766983,1.170947551727295,-2.808581829071045,0.11593277007341385,1.18166184425354,-2.8055520057678223,-0.19504064321517944,1.9605882167816162,-2.8407955169677734,0.1405000537633896,1.157753348350525,-2.7989561557769775
-0.2116866260766983,1.170947551727295,-2.808581829071045,0.11593277007341385,1.181601643562317,-2.8055903911590576,-0.1950286626815796,1.9606001377105713,-2.8407955169677734,0.14054825901985168,1.1577413082122803,-2.798994541168213
-0.21165040135383606,1.170947551727295,-2.808581829071045,0.11593277007341385,1.18166184425354,-2.8055520057678223,-0.1950286626815796,1.9605882167816162,-2.8408336639404297,0.14054825901985168,1.1577413082122803,-2.7990329265594482
-0.21165040135383606,1.170947551727295,-2.8085434436798096,0.11593277007341385,1.18166184425354,-2.8055903911590576,-0.1950286626815796,1.9606001377105713,-2.8407955169677734,0.14054825901985168,1.1577413082122803,-2.7990329265594482
-0.21165040135383606,1.1709356307983398,-2.808927059173584,0.11593277007341385,1.1816498041152954,-2.8055520057678223,-0.1950286626815796,1.9606001377105713,-2.8408336639404297,0.14054825901985168,1.1577413082122803,-2.798994541168213
-0.21165040135383606,1.170947551727295,-2.808581829071045,0.11593277007341385,1.1816498041152954,-2.805513858795166,-0.1950286626815796,1.9606001377105713,-2.8408336639404297,0.1405000537633896,1.1577413082122803,-2.7994163036346436
-0.21165040135383606,1.1709356307983398,-2.808581829071045,0.11593277007341385,1.1816498041152954,-2.8054757118225098,-0.1950286626815796,1.9606001377105713,-2.8408336639404297,0.1405000537633896,1.1577413082122803,-2.799377918243408
-0.2116384208202362,1.170995831489563,-2.808581829071045,0.1159447580575943,1.1817100048065186,-2.8055520057678223,-0.19504064321517944,1.9606001377105713,-2.8407955169677734,0.14048807322978973,1.1577413082122803,-2.798994541168213
-0.2116384208202362,1.170995831489563,-2.808581829071045,0.11593277007341385,1.1817100048065186,-2.8055520057678223,-0.1950286626815796,1.9606001377105713,-2.8407955169677734,0.1405000537633896,1.157753348350525,-2.7989561557769775
-0.2116384208202362,1.170947551727295,-2.8085434436798096,0.1159447580575943,1.1816498041152954,-2.8055520057678223,-0.19504064321517944,1.9606482982635498,-2.8408336639404297,0.14048807322978973,1.1577413082122803,-2.798572540283203
-0.2116384208202362,1.1709356307983398,-2.8085434436798096,0.1159447580575943,1.1816498041152954,-2.8055520057678223,-0.1950286626815796,1.9605882167816162,-2.8407955169677734,0.14048807322978973,1.1577413082122803,-2.798994541168213
-0.21165040135383606,1.170947551727295,-2.808581829071045,0.1159447580575943,1.1816498041152954,-2.8055520057678223,-0.1950286626815796,1.9606001377105713,-2.8408336639404297,0.14048807322978973,1.157753348350525,-2.798994541168213
-0.2116384208202362,1.1708874702453613,-2.8085434436798096,0.11593277007341385,1.1816498041152954,-2.8058974742889404,-0.19504064321517944,1.9606001377105713,-2.8407955169677734,0.1405000537633896,1.1577413082122803,-2.798994541168213
-0.2116384208202362,1.1708873510360718,-2.808581829071045,0.11593277007341385,1.18166184425354,-2.8054757118225098,-0.19504064321517944,1.9606001377105713,-2.8407955169677734,0.14048807322978973,1.1577413082122803,-2.798994541168213
-0.2115902155637741,1.1708873510360718,-2.808581829071045,0.1159447580575943,1.1816498041152954,-2.8054757118225098,-0.19504064321517944,1.9605400562286377,-2.8407955169677734,0.14048807322978973,1.1577413082122803,-2.798994541168213
-0.2115902155637741,1.1708993911743164,-2.808581829071045,0.11593277007341385,1.1816498041152954,-2.8054757118225098,-0.1950286626815796,1.9606001377105713,-2.8407955169677734,0.1405000537633896,1.1577413082122803,-2.798994541168213
-0.2115902155637741,1.1708993911743164,-2.8085434436798096,0.1159447580575943,1.18166184425354,-2.805513858795166,-0.19504064321517944,1.9606001377105713,-2.8407955169677734,0.1405000537633896,1.1577413082122803,-2.798994541168213
-0.2115902155637741,1.1709837913513184,-2.808581829071045,0.11593277007341385,1.1816498041152954,-2.805513858795166,-0.19504064321517944,1.9605882167816162,-2.8407955169677734,0.1405000537633896,1.1577413082122803,-2.7994163036346436
-0.21162644028663635,1.170947551727295,-2.8089654445648193,0.11593277007341385,1.1817100048065186,-2.8055522441864014,-0.19504064321517944,1.9606363773345947,-2.8408336639404297,0.14048807322978973,1.157753348350525,-2.798994541168213
-0.2116866260766983,1.170995831489563,-2.808581829071045,0.11593277007341385,1.18166184425354,-2.8054757118225098,-0.19504064321517944,1.9606001377105713,-2.8407955169677734,0.14048807322978973,1.1577413082122803,-2.7989561557769775
-0.2116866260766983,1.1709356307983398,-2.8085434436798096,0.115920789539814,1.1816498041152954,-2.805513858795166,-0.1950286626815796,1.9606001377105713,-2.8407955169677734,0.1404518485069275,1.1577413082122803,-2.798994541168213
-0.2116384208202362,1.1709837913513184,-2.808581829071045,0.11593277007341385,1.1816498041152954,-2.8054757118225098,-0.1950286626815796,1.9606001377105713,-2.8407955169677734,0.1404518485069275,1.1577413082122803,-2.7989561557769775
-0.21165040135383606,1.170947551727295,-2.808581829071045,0.11593277007341385,1.18166184425354,-2.805513858795166,-0.19504064321517944,1.9605519771575928,-2.8408336639404297,0.14048807322978973,1.1577413082122803,-2.7989561557769775
-0.2116384208202362,1.170947551727295,-2.808581829071045,0.11593277007341385,1.18166184425354,-2.8054757118225098,-0.1950286626815796,1.9605519771575928,-2.8408336639404297,0.14054825901985168,1.157753348350525,-2.7990329265594482
-0.2116384208202362,1.1709356307983398,-2.808581829071045,0.11593277007341385,1.18166184425354,-2.805513858795166,-0.19504064321517944,1.9605519771575928,-2.8408336639404297,0.14054825901985168,1.1577413082122803,-2.798994541168213
-0.2115902155637741,1.1708874702453613,-2.8089654445648193,0.11593277007341385,1.18166184425354,-2.805513858795166,-0.19504064321517944,1.9605519771575928,-2.8407955169677734,0.1405000537633896,1.1577413082122803,-2.7990329265594482
-0.2115902155637741,1.1708992719650269,-2.808581829071045,0.11593277007341385,1.181601643562317,-2.8054757118225098,-0.19504064321517944,1.9606001377105713,-2.8408336639404297,0.1405000537633896,1.1577293872833252,-2.798994541168213
-0.2116384208202362,1.1708993911743164,-2.8085434436798096,0.11593277007341385,1.18166184425354,-2.805513858795166,-0.1950286626815796,1.9606001377105713,-2.8408336639404297,0.1405000537633896,1.1577413082122803,-2.7990329265594482
-0.2116384208202362,1.1709356307983398,-2.808581829071045,0.11593277007341385,1.18166184425354,-2.8058974742889404,-0.1950286626815796,1.9606001377105713,-2.8407955169677734,0.1405000537633896,1.1577413082122803,-2.798994541168213
-0.2116384208202362,1.1709837913513184,-2.808581829071045,0.11593277007341385,1.1816498041152954,-2.805513858795166,-0.19504064321517944,1.9606001377105713,-2.8407955169677734,0.1405000537633896,1.1577413082122803,-2.7990329265594482
-0.21165040135383606,1.170995831489563,-2.8085434436798096,0.11593277007341385,1.18166184425354,-2.8055520057678223,-0.1950286626815796,1.9605519771575928,-2.8408336639404297,0.1405000537633896,1.1577413082122803,-2.7990329265594482
-0.2116384208202362,1.170983910560608,-2.808581829071045,0.11593277007341385,1.1816136837005615,-2.8055520057678223,-0.19504064321517944,1.9606001377105713,-2.8408336639404297,0.14048807322978973,1.1577413082122803,-2.7989561557769775
-0.21165040135383606,1.170947551727295,-2.808581829071045,0.11593277007341385,1.18166184425354,-2.8058974742889404,-0.19504064321517944,1.9605882167816162,-2.8407955169677734,0.1405000537633896,1.1577413082122803,-2.798994541168213
-0.2116384208202362,1.1708873510360718,-2.808581829071045,0.11593277007341385,1.1817100048065186,-2.8054757118225098,-0.1950286626815796,1.9606482982635498,-2.8408336639404297,0.14048807322978973,1.1577413082122803,-2.798994541168213
-0.2115902155637741,1.170947551727295,-2.808581829071045,0.11593277007341385,1.1816498041152954,-2.805513858795166,-0.19504064321517944,1.9606001377105713,-2.8408336639404297,0.14048807322978973,1.1577413082122803,-2.798994541168213
-0.2115902155637741,1.1708874702453613,-2.808581829071045,0.11593277007341385,1.1816498041152954,-2.805513858795166,-0.19504064321517944,1.9605882167816162,-2.8408336639404297,0.1405000537633896,1.1577413082122803,-2.798572540283203
-0.2116384208202362,1.1708874702453613,-2.8089654445648193,0.1159447580575943,1.18166184425354,-2.8054757118225098,-0.19504064321517944,1.9605882167816162,-2.8407955169677734,0.1405000537633896,1.1577413082122803,-2.798994541168213
-0.21165040135383606,1.170947551727295,-2.808581829071045,0.11593277007341385,1.1816136837005615,-2.8058974742889404,-0.19504064321517944,1.9605519771575928,-2.8408336639404297,0.14048807322978973,1.1577413082122803,-2.798994541168213
-0.21162644028663635,1.1709837913513184,-2.808581829071045,0.11593277007341385,1.1816498041152954,-2.8055520057678223,-0.19504064321517944,1.9605882167816162,-2.8407955169677734,0.14048807322978973,1.1577413082122803,-2.7990329265594482
-0.2116384208202362,1.170947551727295,-2.808581829071045,0.11593277007341385,1.1816498041152954,-2.8055520057678223,-0.19504064321517944,1.9606001377105713,-2.8407955169677734,0.14048807322978973,1.1577413082122803,-2.7990329265594482
-0.2116384208202362,1.170983910560608,-2.808581829071045,0.11593277007341385,1.18166184425354,-2.8055520057678223,-0.19504064321517944,1.9605882167816162,-2.8408336639404297,0.1405000537633896,1.1577413082122803,-2.7990329265594482
-0.21165040135383606,1.170947551727295,-2.8089654445648193,0.11593277007341385,1.18166184425354,-2.8058974742889404,-0.19504064321517944,1.9606001377105713,-2.8408336639404297,0.1405000537633896,1.1577413082122803,-2.7990329265594482
-0.21165040135383606,1.1709837913513184,-2.808581829071045,0.1159447580575943,1.1817100048065186,-2.805513858795166,-0.19504064321517944,1.9606001377105713,-2.8408336639404297,0.14048807322978973,1.1577413082122803,-2.7990329265594482
-0.2116384208202362,1.170947551727295,-2.8085434436798096,0.11593277007341385,1.1816498041152954,-2.8055520057678223,-0.1950286626815796,1.9606001377105713,-2.8408336639404297,0.1405000537633896,1.1577413082122803,-2.799339532852173
-0.2115902155637741,1.170947551727295,-2.808581829071045,0.11593277007341385,1.181601643562317,-2.8055520057678223,-0.1950286626815796,1.9606001377105713,-2.8408336639404297,0.14048807322978973,1.157753348350525,-2.799377918243408
-0.2115902155637741,1.1708993911743164,-2.8086202144622803,0.11593277007341385,1.18166184425354,-2.8055520057678223,-0.1950286626815796,1.9606001377105713,-2.8408336639404297,0.14048807322978973,1.1577413082122803,-2.7990329265594482
-0.21162644028663635,1.1708511114120483,-2.808581829071045,0.11593277007341385,1.18166184425354,-2.8055520057678223,-0.1950286626815796,1.9606001377105713,-2.8407955169677734,0.1405000537633896,1.1577413082122803,-2.7990329265594482
-0.21162644028663635,1.1708511114120483,-2.808581829071045,0.11593277007341385,1.18166184425354,-2.805513858795166,-0.19504064321517944,1.9606001377105713,-2.8408336639404297,0.1405000537633896,1.1577413082122803,-2.798572540283203
-0.2116384208202362,1.1709356307983398,-2.8089654445648193,0.11593277007341385,1.1817100048065186,-2.805513858795166,-0.19504064321517944,1.9606001377105713,-2.8407955169677734,0.14048807322978973,1.1577413082122803,-2.7990329265594482
-0.2116384208202362,1.1709356307983398,-2.808581829071045,0.11593277007341385,1.18166184425354,-2.805513858795166,-0.19504064321517944,1.9606001377105713,-2.8407955169677734,0.1405000537633896,1.1577413082122803,-2.7990329265594482
-0.2116384208202362,1.1709837913513184,-2.808581829071045,0.11593277007341385,1.1816498041152954,-2.805513858795166,-0.19504064321517944,1.9606001377105713,-2.8408336639404297,0.14043986797332764,1.1577413082122803,-2.7990329265594482
-0.21162644028663635,1.170947551727295,-2.808581829071045,0.11593277007341385,1.18166184425354,-2.805513858795166,-0.1950286626815796,1.9606001377105713,-2.8408336639404297,0.14048807322978973,1.1577413082122803,-2.7990329265594482
-0.2116866260766983,1.170947551727295,-2.808581829071045,0.11593277007341385,1.18166184425354,-2.805513858795166,-0.1950286626815796,1.9606001377105713,-2.8408336639404297,0.1405000537633896,1.1577413082122803,-2.7990329265594482
-0.2116866260766983,1.1709957122802734,-2.808581829071045,0.11593277007341385,1.18166184425354,-2.805513858795166,-0.1950286626815796,1.9606001377105713,-2.8407955169677734,0.14048807322978973,1.1577413082122803,-2.798994541168213
-0.2116866260766983,1.170947551727295,-2.808581829071045,0.11593277007341385,1.18166184425354,-2.805513858795166,-0.1950286626815796,1.9606001377105713,-2.8407955169677734,0.14048807322978973,1.1577413082122803,-2.798994541168213
-0.2116866260766983,1.1709356307983398,-2.808581829071045,0.11593277007341385,1.181601643562317,-2.805513858795166,-0.1950286626815796,1.9606482982635498,-2.8408336639404297,0.14048807322978973,1.1577413082122803,-2.798649311065674
-0.2116866260766983,1.1708874702453613,-2.808581829071045,0.11593277007341385,1.1816498041152954,-2.805513858795166,-0.19504064321517944,1.9606482982635498,-2.8408336639404297,0.14048807322978973,1.1577413082122803,-2.7989561557769775
-0.2116384208202362,1.1708992719650269,-2.808581829071045,0.11593277007341385,1.18166184425354,-2.805513858795166,-0.19504064321517944,1.9606001377105713,-2.8408336639404297,0.1405000537633896,1.1577413082122803,-2.798994541168213
-0.2115902155637741,1.170947551727295,-2.8085434436798096,0.11593277007341385,1.1816498041152954,-2.805513858795166,-0.1950286626815796,1.9606001377105713,-2.8408336639404297,0.14048807322978973,1.1577413082122803,-2.798994541168213
-0.21162644028663635,1.170947551727295,-2.808581829071045,0.1159447580575943,1.18166184425354,-2.805513858795166,-0.1950286626815796,1.9605519771575928,-2.8408336639404297,0.14048807322978973,1.1577293872833252,-2.7989561557769775
-0.2116384208202362,1.170947551727295,-2.8089654445648193,0.11593277007341385,1.18166184425354,-2.805513858795166,-0.19504064321517944,1.9605519771575928,-2.8407955169677734,0.14048807322978973,1.1577413082122803,-2.7989561557769775
-0.21162644028663635,1.1709957122802734,-2.808581829071045,0.11593277007341385,1.18166184425354,-2.805513858795166,-0.19504064321517944,1.9605519771575928,-2.8407955169677734,0.1405000537633896,1.1577413082122803,-2.7989561557769775
-0.21162644028663635,1.170983910560608,-2.808581829071045,0.1159447580575943,1.18166184425354,-2.8054757118225098,-0.1950286626815796,1.9605519771575928,-2.8408336639404297,0.14048807322978973,1.1577413082122803,-2.798994541168213
-0.21162644028663635,1.1710320711135864,-2.808581829071045,0.11593277007341385,1.18166184425354,-2.805513858795166,-0.1950286626815796,1.9605519771575928,-2.8408336639404297,0.1405000537633896,1.1577413082122803,-2.798994541168213
-0.2116384208202362,1.170995831489563,-2.808581829071045,0.11593277007341385,1.18166184425354,-2.8054757118225098,-0.19504064321517944,1.9605519771575928,-2.8408336639404297,0.14048807322978973,1.1577413082122803,-2.798994541168213
-0.2116384208202362,1.170995831489563,-2.808581829071045,0.11593277007341385,1.1816498041152954,-2.8054757118225098,-0.19504064321517944,1.9605519771575928,-2.8408336639404297,0.14048807322978973,1.1577413082122803,-2.799339532852173
-0.2116384208202362,1.170995831489563,-2.808581829071045,0.11593277007341385,1.1817100048065186,-2.8054757118225098,-0.19504064321517944,1.9605519771575928,-2.8407955169677734,0.14048807322978973,1.157753348350525,-2.798994541168213
-0.2116866260766983,1.170947551727295,-2.808581829071045,0.11593277007341385,1.18166184425354,-2.805513858795166,-0.1950286626815796,1.9606001377105713,-2.8408336639404297,0.14048807322978973,1.1577413082122803,-2.7990329265594482
-0.2116866260766983,1.1708993911743164,-2.808927059173584,0.11593277007341385,1.18166184425354,-2.805513858795166,-0.19504064321517944,1.9605519771575928,-2.8408336639404297,0.1405000537633896,1.1577413082122803,-2.798994541168213
-0.2116866260766983,1.1708993911743164,-2.808581829071045,0.11593277007341385,1.18166184425354,-2.8058974742889404,-0.1950286626815796,1.9605519771575928,-2.8408336639404297,0.1405000537633896,1.1577413082122803,-2.798994541168213
-0.2116866260766983,1.1708511114120483,-2.808581829071045,0.11593277007341385,1.1816136837005615,-2.805513858795166,-0.19504064321517944,1.9605519771575928,-2.8408336639404297,0.14048807322978973,1.1577293872833252,-2.7990329265594482
-0.2116866260766983,1.1708511114120483,-2.8086202144622803,0.11593277007341385,1.1816498041152954,-2.805513858795166,-0.19504064321517944,1.9605882167816162,-2.8408336639404297,0.14048807322978973,1.1577413082122803,-2.798994541168213
-0.2116384208202362,1.1708029508590698,-2.8089654445648193,0.11593277007341385,1.1816498041152954,-2.805513858795166,-0.19504064321517944,1.9605882167816162,-2.8408336639404297,0.1405000537633896,1.1577413082122803,-2.7990329265594482
-0.2116384208202362,1.1708029508590698,-2.808581829071045,0.11593277007341385,1.1816498041152954,-2.8054757118225098,-0.1950286626815796,1.9605882167816162,-2.8407955169677734,0.1405000537633896,1.157753348350525,-2.7986109256744385
-0.2116384208202362,1.1709957122802734,-2.808581829071045,0.1159447580575943,1.1816498041152954,-2.8054757118225098,-0.1950286626815796,1.9606482982635498,-2.8407955169677734,0.14048807322978973,1.1577413082122803,-2.7989561557769775
-0.21162644028663635,1.1710439920425415,-2.808581829071045,0.11593277007341385,1.18166184425354,-2.805859327316284,-0.19504064321517944,1.9606482982635498,-2.8407955169677734,0.1405000537633896,1.1577413082122803,-2.798994541168213
-0.2116384208202362,1.1709837913513184,-2.808581829071045,0.11593277007341385,1.1816498041152954,-2.8055520057678223,-0.1950286626815796,1.9606482982635498,-2.8408336639404297,0.14048807322978973,1.1577413082122803,-2.7986109256744385
-0.21157823503017426,1.170995831489563,-2.808581829071045,0.1159447580575943,1.18166184425354,-2.805513858795166,-0.1950286626815796,1.9606482982635498,-2.8408336639404297,0.14048807322978973,1.1577413082122803,-2.798994541168213
-0.2116384208202362,1.1709356307983398,-2.808581829071045,0.11593277007341385,1.18166184425354,-2.8055522441864014,-0.19504064321517944,1.9606001377105713,-2.8408336639404297,0.14048807322978973,1.1577413082122803,-2.798994541168213
-0.2116384208202362,1.1709957122802734,-2.8089654445648193,0.1159447580575943,1.18166184425354,-2.8054757118225098,-0.19504064321517944,1.9605882167816162,-2.8408336639404297,0.14048807322978973,1.1577413082122803,-2.798994541168213
-0.21162644028663635,1.1709356307983398,-2.808581829071045,0.11593277007341385,1.18166184425354,-2.805513858795166,-0.1950286626815796,1.9606001377105713,-2.8407955169677734,0.1405000537633896,1.1577413082122803,-2.7990329265594482
-0.21162644028663635,1.1708993911743164,-2.8086202144622803,0.11593277007341385,1.1816498041152954,-2.8054757118225098,-0.19504064321517944,1.9605882167816162,-2.8408336639404297,0.14048807322978973,1.157753348350525,-2.798994541168213
-0.21162644028663635,1.1708993911743164,-2.808581829071045,0.11593277007341385,1.181697964668274,-2.805513858795166,-0.1950286626815796,1.9606001377105713,-2.8407955169677734,0.14048807322978973,1.1577413082122803,-2.798994541168213
-0.2116384208202362,1.1708029508590698,-2.8089654445648193,0.11593277007341385,1.18166184425354,-2.805513858795166,-0.1950286626815796,1.9606001377105713,-2.8408336639404297,0.1405000537633896,1.1577413082122803,-2.798994541168213
-0.21162644028663635,1.1707547903060913,-2.8086202144622803,0.11593277007341385,1.18166184425354,-2.805513858795166,-0.19504064321517944,1.9605882167816162,-2.8408336639404297,0.14048807322978973,1.157753348350525,-2.798994541168213
-0.2116384208202362,1.1707065105438232,-2.8086202144622803,0.11593277007341385,1.18166184425354,-2.805513858795166,-0.1950286626815796,1.9605882167816162,-2.8407955169677734,0.14048807322978973,1.1577413082122803,-2.7989561557769775
-0.21162644028663635,1.1707065105438232,-2.8086202144622803,0.11593277007341385,1.1816136837005615,-2.805513858795166,-0.19504064321517944,1.9605882167816162,-2.8407955169677734,0.14048807322978973,1.1577413082122803,-2.798994541168213
-0.21162644028663635,1.1707547903060913,-2.8086202144622803,0.11593277007341385,1.1816136837005615,-2.8054757118225098,-0.19504064321517944,1.9605882167816162,-2.8408336639404297,0.14048807322978973,1.1577413082122803,-2.798994541168213
-0.2116384208202362,1.1708029508590698,-2.8086202144622803,0.11593277007341385,1.1816498041152954,-2.805513858795166,-0.1950286626815796,1.9606001377105713,-2.8407955169677734,0.14048807322978973,1.1577413082122803,-2.798994541168213
-0.21162644028663635,1.1708993911743164,-2.8089654445648193,0.11593277007341385,1.18166184425354,-2.805513858795166,-0.19504064321517944,1.9606001377105713,-2.8408336639404297,0.1405000537633896,1.1577413082122803,-2.7986109256744385
-0.2116384208202362,1.170947551727295,-2.808581829071045,0.11593277007341385,1.1816498041152954,-2.805513858795166,-0.19504064321517944,1.9606001377105713,-2.8408336639404297,0.1405000537633896,1.1577413082122803,-2.7990329265594482
-0.2116384208202362,1.170995831489563,-2.808581829071045,0.11593277007341385,1.18166184425354,-2.805513858795166,-0.19504064321517944,1.9606001377105713,-2.8408336639404297,0.14048807322978973,1.1577413082122803,-2.798994541168213
-0.2116866260766983,1.170947551727295,-2.8089654445648193,0.11593277007341385,1.1816498041152954,-2.8055522441864014,-0.19504064321517944,1.9606001377105713,-2.8407955169677734,0.1405000537633896,1.1577413082122803,-2.7990329265594482
-0.2116866260766983,1.170947551727295,-2.808581829071045,0.11593277007341385,1.1816136837005615,-2.805513858795166,-0.1950286626815796,1.9605882167816162,-2.8408336639404297,0.14048807322978973,1.1577413082122803,-2.7990329265594482
-0.21157823503017426,1.1708992719650269,-2.808581829071045,0.11593277007341385,1.18166184425354,-2.8054757118225098,-0.1950286626815796,1.9605882167816162,-2.8407955169677734,0.14048807322978973,1.1577413082122803,-2.7990329265594482
-0.21157823503017426,1.1708874702453613,-2.8086202144622803,0.11593277007341385,1.18166184425354,-2.8054757118225098,-0.19504064321517944,1.9605882167816162,-2.8408336639404297,0.1405000537633896,1.1577413082122803,-2.7990329265594482
-0.21157823503017426,1.1708992719650269,-2.808581829071045,0.11593277007341385,1.18166184425354,-2.805513858795166,-0.19504064321517944,1.9605882167816162,-2.8408336639404297,0.14048807322978973,1.1577413082122803,-2.799339532852173
-0.21157823503017426,1.1709356307983398,-2.808581829071045,0.11593277007341385,1.1817100048065186,-2.8054757118225098,-0.19504064321517944,1.9605882167816162,-2.8408336639404297,0.14048807322978973,1.1577413082122803,-2.798994541168213
-0.21162644028663635,1.170947551727295,-2.808581829071045,0.11593277007341385,1.18166184425354,-2.8054373264312744,-0.19504064321517944,1.9606001377105713,-2.8408336639404297,0.14048807322978973,1.1577413082122803,-2.798994541168213
-0.21162644028663635,1.170947551727295,-2.808581829071045,0.11593277007341385,1.18166184425354,-2.805513858795166,-0.19504064321517944,1.9606001377105713,-2.8408336639404297,0.14048807322978973,1.1577413082122803,-2.7990329265594482
-0.21162644028663635,1.170983910560608,-2.8086202144622803,0.11593277007341385,1.1816136837005615,-2.805513858795166,-0.1950286626815796,1.9606001377105713,-2.8408336639404297,0.14048807322978973,1.1577413082122803,-2.798994541168213
-0.2116384208202362,1.1709356307983398,-2.808581829071045,0.11593277007341385,1.1816498041152954,-2.805513858795166,-0.19504064321517944,1.9606001377105713,-2.8407955169677734,0.14048807322978973,1.1577413082122803,-2.7990329265594482
-0.2116384208202362,1.1709356307983398,-2.808581829071045,0.1159447580575943,1.18166184425354,-2.805513858795166,-0.19504064321517944,1.9606001377105713,-2.8408336639404297,0.14048807322978973,1.1577413082122803,-2.798994541168213
-0.2116384208202362,1.170947551727295,-2.8089654445648193,0.1159447580575943,1.18166184425354,-2.805513858795166,-0.1950286626815796,1.9606001377105713,-2.8408336639404297,0.14048807322978973,1.1577413082122803,-2.798994541168213
-0.2116384208202362,1.1709356307983398,-2.808581829071045,0.1159447580575943,1.18166184425354,-2.8058974742889404,-0.19504064321517944,1.9606001377105713,-2.8408336639404297,0.14048807322978973,1.1577413082122803,-2.799377918243408
-0.2115902155637741,1.1709356307983398,-2.808581829071045,0.11593277007341385,1.18166184425354,-2.805513858795166,-0.1950286626815796,1.9606001377105713,-2.8407955169677734,0.14048807322978973,1.157753348350525,-2.798994541168213
-0.2115902155637741,1.170947551727295,-2.808581829071045,0.11593277007341385,1.1817100048065186,-2.805513858795166,-0.1950286626815796,1.9606001377105713,-2.8408336639404297,0.14048807322978973,1.157753348350525,-2.798994541168213
-0.2115902155637741,1.170947551727295,-2.8089654445648193,0.11593277007341385,1.1816498041152954,-2.805513858795166,-0.19504064321517944,1.9606001377105713,-2.8408336639404297,0.14048807322978973,1.157753348350525,-2.798994541168213
-0.21162644028663635,1.170947551727295,-2.808581829071045,0.115920789539814,1.1816498041152954,-2.805513858795166,-0.1950286626815796,1.9606001377105713,-2.8408336639404297,0.14048807322978973,1.1577413082122803,-2.7990329265594482
-0.2116384208202362,1.170947551727295,-2.808581829071045,0.11593277007341385,1.18166184425354,-2.8058974742889404,-0.19504064321517944,1.9606001377105713,-2.8408336639404297,0.14048807322978973,1.1577413082122803,-2.7990329265594482
-0.21162644028663635,1.1708873510360718,-2.808581829071045,0.1159447580575943,1.18166184425354,-2.8055520057678223,-0.19504064321517944,1.9606001377105713,-2.8407955169677734,0.1404518485069275,1.1577413082122803,-2.7990329265594482
-0.21162644028663635,1.1708873510360718,-2.808581829071045,0.11593277007341385,1.1816136837005615,-2.805935859680176,-0.1950286626815796,1.9606001377105713,-2.8407955169677734,0.14048807322978973,1.1577413082122803,-2.799339532852173
-0.21162644028663635,1.1708993911743164,-2.808581829071045,0.11593277007341385,1.1816498041152954,-2.805513858795166,-0.19504064321517944,1.9605882167816162,-2.8408336639404297,0.14048807322978973,1.1577293872833252,-2.799339532852173
-0.21162644028663635,1.170851230621338,-2.808581829071045,0.11593277007341385,1.1816498041152954,-2.805513858795166,-0.19504064321517944,1.9606001377105713,-2.8408336639404297,0.1405000537633896,1.1577293872833252,-2.798994541168213
-0.21162644028663635,1.170947551727295,-2.808581829071045,0.11593277007341385,1.181697964668274,-2.8055520057678223,-0.1950286626815796,1.9606001377105713,-2.8408336639404297,0.14048807322978973,1.1577413082122803,-2.7989561557769775
-0.21162644028663635,1.170947551727295,-2.808581829071045,0.11593277007341385,1.18166184425354,-2.8055520057678223,-0.1950286626815796,1.9606001377105713,-2.8408336639404297,0.14048807322978973,1.1577293872833252,-2.798994541168213
-0.21162644028663635,1.1709957122802734,-2.8085434436798096,0.11593277007341385,1.18166184425354,-2.8055520057678223,-0.19504064321517944,1.9605882167816162,-2.8408336639404297,0.14048807322978973,1.1577293872833252,-2.7989561557769775
-0.21162644028663635,1.1709837913513184,-2.808581829071045,0.11593277007341385,1.1816498041152954,-2.8055520057678223,-0.19504064321517944,1.9606001377105713,-2.8407955169677734,0.1405000537633896,1.1577413082122803,-2.7989561557769775
-0.21162644028663635,1.170983910560608,-2.8089654445648193,0.11593277007341385,1.18166184425354,-2.8055520057678223,-0.19504064321517944,1.9606001377105713,-2.8408336639404297,0.1404518485069275,1.1577293872833252,-2.798994541168213
-0.2116384208202362,1.1709957122802734,-2.808581829071045,0.11593277007341385,1.181601643562317,-2.8055520057678223,-0.19504064321517944,1.9606001377105713,-2.8408336639404297,0.14048807322978973,1.1577413082122803,-2.798994541168213
-0.2116384208202362,1.1709356307983398,-2.808581829071045,0.11593277007341385,1.18166184425354,-2.8055520057678223,-0.1950286626815796,1.9605882167816162,-2.8408336639404297,0.14053627848625183,1.1577413082122803,-2.7989561557769775
-0.2116384208202362,1.170947551727295,-2.808581829071045,0.11593277007341385,1.18166184425354,-2.8055520057678223,-0.1950286626815796,1.9606001377105713,-2.8407955169677734,0.14053627848625183,1.1577293872833252,-2.798994541168213
-0.2116384208202362,1.1708874702453613,-2.808581829071045,0.11593277007341385,1.18166184425354,-2.8055520057678223,-0.19504064321517944,1.9606001377105713,-2.8408336639404297,0.14053627848625183,1.1577413082122803,-2.798994541168213
-0.2116384208202362,1.170947551727295,-2.808581829071045,0.11593277007341385,1.1817100048065186,-2.8055520057678223,-0.1950286626815796,1.9606001377105713,-2.8407955169677734,0.14053627848625183,1.1577413082122803,-2.7994163036346436
-0.21162644028663635,1.1708874702453613,-2.808581829071045,0.11593277007341385,1.1816498041152954,-2.8059356212615967,-0.1950286626815796,1.9605882167816162,-2.8408336639404297,0.14048807322978973,1.1577413082122803,-2.798994541168213
-0.21162644028663635,1.170947551727295,-2.808581829071045,0.11593277007341385,1.18166184425354,-2.8059356212615967,-0.1950286626815796,1.9606001377105713,-2.8408336639404297,0.14048807322978973,1.1577413082122803,-2.7989561557769775
-0.21162644028663635,1.1709356307983398,-2.808927059173584,0.11593277007341385,1.18166184425354,-2.805513858795166,-0.1950286626815796,1.9606001377105713,-2.8408336639404297,0.14048807322978973,1.1577413082122803,-2.7989561557769775
-0.21162644028663635,1.170947551727295,-2.8086202144622803,0.11593277007341385,1.1816136837005615,-2.8054757118225098,-0.1950286626815796,1.9605882167816162,-2.8407955169677734,0.14048807322978973,1.157753348350525,-2.798994541168213
-0.2116384208202362,1.1709957122802734,-2.8086202144622803,0.11593277007341385,1.1816136837005615,-2.8055520057678223,-0.19504064321517944,1.9605882167816162,-2.8407955169677734,0.14048807322978973,1.1577413082122803,-2.798994541168213
-0.2116866260766983,1.1710439920425415,-2.8086202144622803,0.11593277007341385,1.1816136837005615,-2.8059356212615967,-0.19504064321517944,1.9606001377105713,-2.8407955169677734,0.14048807322978973,1.1577413082122803,-2.798994541168213
-0.2116866260766983,1.1710439920425415,-2.8086202144622803,0.11593277007341385,1.1816136837005615,-2.805513858795166,-0.1950286626815796,1.9606001377105713,-2.8408336639404297,0.14048807322978973,1.1577413082122803,-2.7990329265594482
-0.2116866260766983,1.17109215259552,-2.8086202144622803,0.11593277007341385,1.1816498041152954,-2.8054757118225098,-0.19504064321517944,1.9606001377105713,-2.8408336639404297,0.14048807322978973,1.157753348350525,-2.7990329265594482
-0.2116866260766983,1.17109215259552,-2.8086202144622803,0.11593277007341385,1.1817100048065186,-2.8055522441864014,-0.19504064321517944,1.9605882167816162,-2.8408336639404297,0.14048807322978973,1.1577413082122803,-2.7990329265594482
-0.21157823503017426,1.17109215259552,-2.8086202144622803,0.11593277007341385,1.1817100048065186,-2.805513858795166,-0.19504064321517944,1.9606001377105713,-2.8408336639404297,0.14048807322978973,1.1577413082122803,-2.7990329265594482
-0.21162644028663635,1.17109215259552,-2.8086202144622803,0.11593277007341385,1.1817100048065186,-2.8054757118225098,-0.19504064321517944,1.9605882167816162,-2.8408336639404297,0.1405000537633896,1.1577413082122803,-2.7990329265594482
-0.21162644028663635,1.170947551727295,-2.808581829071045,0.11593277007341385,1.1817100048065186,-2.8054757118225098,-0.1950286626815796,1.9605882167816162,-2.8408336639404297,0.1405000537633896,1.1577413082122803,-2.798994541168213
-0.21162644028663635,1.170947551727295,-2.8089654445648193,0.11593277007341385,1.18166184425354,-2.8055520057678223,-0.19504064321517944,1.9605882167816162,-2.8407955169677734,0.14048807322978973,1.1577413082122803,-2.7990329265594482
-0.2116384208202362,1.1708992719650269,-2.808581829071045,0.11593277007341385,1.1816498041152954,-2.805859327316284,-0.1950286626815796,1.9606001377105713,-2.8408336639404297,0.14048807322978973,1.1577413082122803,-2.7986109256744385
-0.2116384208202362,1.1709356307983398,-2.808581829071045,0.1159447580575943,1.1816498041152954,-2.805513858795166,-0.1950286626815796,1.9606001377105713,-2.8407955169677734,0.14048807322978973,1.1577413082122803,-2.798994541168213
-0.2116384208202362,1.170947551727295,-2.808581829071045,0.1159447580575943,1.18166184425354,-2.8055520057678223,-0.19504064321517944,1.9606001377105713,-2.8408336639404297,0.14048807322978973,1.1577413082122803,-2.798994541168213
-0.21162644028663635,1.170947551727295,-2.8085434436798096,0.11593277007341385,1.18166184425354,-2.8055520057678223,-0.19504064321517944,1.9606001377105713,-2.8408336639404297,0.14048807322978973,1.1577413082122803,-2.7990329265594482
-0.21162644028663635,1.1709356307983398,-2.808581829071045,0.11593277007341385,1.18166184425354,-2.8058974742889404,-0.19504064321517944,1.9606001377105713,-2.8408336639404297,0.14048807322978973,1.1577413082122803,-2.798994541168213
-0.21162644028663635,1.170947551727295,-2.808581829071045,0.11593277007341385,1.1816498041152954,-2.8055520057678223,-0.19504064321517944,1.9606001377105713,-2.8408336639404297,0.14048807322978973,1.1577413082122803,-2.798649311065674
-0.21162644028663635,1.170947551727295,-2.808581829071045,0.11593277007341385,1.18166184425354,-2.805513858795166,-0.19504064321517944,1.9606001377105713,-2.8408336639404297,0.14048807322978973,1.157753348350525,-2.798994541168213
-0.21162644028663635,1.170947551727295,-2.808581829071045,0.11593277007341385,1.1816498041152954,-2.805513858795166,-0.19504064321517944,1.9606001377105713,-2.8407955169677734,0.14048807322978973,1.1577413082122803,-2.798994541168213
-0.21162644028663635,1.170947551727295,-2.8089654445648193,0.11593277007341385,1.18166184425354,-2.805513858795166,-0.19504064321517944,1.9606001377105713,-2.8408336639404297,0.14048807322978973,1.157753348350525,-2.798994541168213
-0.2116384208202362,1.1709356307983398,-2.808581829071045,0.11593277007341385,1.18166184425354,-2.8055520057678223,-0.1950286626815796,1.9606001377105713,-2.8407955169677734,0.14048807322978973,1.1577413082122803,-2.798994541168213
-0.2116384208202362,1.170947551727295,-2.808581829071045,0.11593277007341385,1.1816498041152954,-2.8055520057678223,-0.19504064321517944,1.9606001377105713,-2.8408336639404297,0.14048807322978973,1.1577413082122803,-2.7989561557769775
-0.21162644028663635,1.1708873510360718,-2.8085434436798096,0.11593277007341385,1.1816498041152954,-2.8055520057678223,-0.1950286626815796,1.9606001377105713,-2.8408336639404297,0.14048807322978973,1.1577413082122803,-2.7986109256744385
-0.21162644028663635,1.170947551727295,-2.8089654445648193,0.11593277007341385,1.18166184425354,-2.8055520057678223,-0.1950286626815796,1.9606001377105713,-2.8408336639404297,0.14048807322978973,1.1577413082122803,-2.798994541168213
-0.21162644028663635,1.170947551727295,-2.808581829071045,0.11593277007341385,1.181601643562317,-2.8055520057678223,-0.1950286626815796,1.9606001377105713,-2.8408336639404297,0.14048807322978973,1.1577413082122803,-2.7990329265594482
-0.21162644028663635,1.1709356307983398,-2.8090038299560547,0.11593277007341385,1.1816498041152954,-2.8058974742889404,-0.19504064321517944,1.9605882167816162,-2.8407955169677734,0.14048807322978973,1.1577413082122803,-2.7990329265594482
-0.21162644028663635,1.170947551727295,-2.8085434436798096,0.1159447580575943,1.1816498041152954,-2.805513858795166,-0.1950286626815796,1.9606001377105713,-2.8407955169677734,0.14048807322978973,1.1577413082122803,-2.798994541168213
-0.21162644028663635,1.170995831489563,-2.808581829071045,0.1159447580575943,1.18166184425354,-2.8054757118225098,-0.1950286626815796,1.9606001377105713,-2.8407955169677734,0.14048807322978973,1.1577413082122803,-2.798994541168213
-0.21162644028663635,1.170995831489563,-2.808581829071045,0.11593277007341385,1.18166184425354,-2.805513858795166,-0.1950286626815796,1.9605882167816162,-2.8407955169677734,0.14048807322978973,1.1577413082122803,-2.7989561557769775
-0.21162644028663635,1.170995831489563,-2.808581829071045,0.11593277007341385,1.18166184425354,-2.8054757118225098,-0.19504064321517944,1.9605882167816162,-2.8408336639404297,0.14048807322978973,1.1577413082122803,-2.7986109256744385
-0.2116384208202362,1.1710439920425415,-2.8085434436798096,0.11593277007341385,1.18166184425354,-2.805513858795166,-0.1950286626815796,1.9606001377105713,-2.8408336639404297,0.1405000537633896,1.1577413082122803,-2.7994163036346436
-0.21162644028663635,1.1709356307983398,-2.808581829071045,0.11593277007341385,1.18166184425354,-2.805513858795166,-0.1950286626815796,1.9606001377105713,-2.8407955169677734,0.14043986797332764,1.1577413082122803,-2.7989561557769775
-0.2116384208202362,1.170947551727295,-2.808581829071045,0.11593277007341385,1.1816498041152954,-2.8054757118225098,-0.1950286626815796,1.9606001377105713,-2.8408336639404297,0.14048807322978973,1.1577413082122803,-2.798994541168213
-0.2116384208202362,1.170947551727295,-2.808581829071045,0.11593277007341385,1.1816498041152954,-2.805513858795166,-0.19504064321517944,1.9606001377105713,-2.8407955169677734,0.14048807322978973,1.1577413082122803,-2.798994541168213
-0.2116384208202362,1.1708874702453613,-2.808581829071045,0.11593277007341385,1.18166184425354,-2.8054757118225098,-0.19504064321517944,1.9606482982635498,-2.8408336639404297,0.14048807322978973,1.1577413082122803,-2.798994541168213
-0.21162644028663635,1.170947551727295,-2.808581829071045,0.11593277007341385,1.18166184425354,-2.8055520057678223,-0.1950286626815796,1.9605882167816162,-2.8408336639404297,0.14048807322978973,1.157753348350525,-2.798994541168213
-0.2116384208202362,1.1708992719650269,-2.808581829071045,0.115920789539814,1.1816498041152954,-2.8055520057678223,-0.1950286626815796,1.9606001377105713,-2.8408336639404297,0.14048807322978973,1.157753348350525,-2.7989561557769775
-0.21162644028663635,1.170947551727295,-2.808581829071045,0.115920789539814,1.181697964668274,-2.8055520057678223,-0.1950286626815796,1.9605882167816162,-2.8407955169677734,0.14048807322978973,1.157753348350525,-2.798994541168213
-0.2116384208202362,1.1708993911743164,-2.808581829071045,0.11593277007341385,1.18166184425354,-2.8055520057678223,-0.1950286626815796,1.9605519771575928,-2.8408336639404297,0.14047609269618988,1.1577413082122803,-2.7990329265594482
-0.21162644028663635,1.1709356307983398,-2.808581829071045,0.115920789539814,1.18166184425354,-2.805513858795166,-0.1950286626815796,1.9605519771575928,-2.8407955169677734,0.14047609269618988,1.1577413082122803,-2.7990329265594482
-0.2116384208202362,1.170947551727295,-2.808581829071045,0.11593277007341385,1.18166184425354,-2.8055520057678223,-0.1950286626815796,1.9605882167816162,-2.8407955169677734,0.14048807322978973,1.1577413082122803,-2.798994541168213
-0.21162644028663635,1.170947551727295,-2.8085434436798096,0.11593277007341385,1.1816498041152954,-2.8050923347473145,-0.19504064321517944,1.9605882167816162,-2.8407955169677734,0.14048807322978973,1.1577413082122803,-2.7990329265594482
-0.21162644028663635,1.1709957122802734,-2.8085434436798096,0.11593277007341385,1.181601643562317,-2.805513858795166,-0.19504064321517944,1.9605882167816162,-2.8407955169677734,0.1405000537633896,1.1577413082122803,-2.798994541168213
-0.21162644028663635,1.1709356307983398,-2.808581829071045,0.11593277007341385,1.18166184425354,-2.805513858795166,-0.19504064321517944,1.9606001377105713,-2.8408336639404297,0.14048807322978973,1.1577293872833252,-2.7990329265594482
-0.2116144597530365,1.1709957122802734,-2.8089654445648193,0.11593277007341385,1.18166184425354,-2.8059356212615967,-0.1950286626815796,1.9605882167816162,-2.8408336639404297,0.14048807322978973,1.1577413082122803,-2.798994541168213
-0.21162644028663635,1.1709957122802734,-2.808581829071045,0.11593277007341385,1.18166184425354,-2.805513858795166,-0.19504064321517944,1.9606001377105713,-2.8407955169677734,0.14048807322978973,1.1577413082122803,-2.798994541168213
-0.21162644028663635,1.1709356307983398,-2.808581829071045,0.1159447580575943,1.1817100048065186,-2.8055520057678223,-0.19504064321517944,1.9606001377105713,-2.8408336639404297,0.14048807322978973,1.1577413082122803,-2.7990329265594482
-0.2116144597530365,1.1709356307983398,-2.808581829071045,0.11593277007341385,1.1816498041152954,-2.8055520057678223,-0.19504064321517944,1.9605882167816162,-2.8407955169677734,0.14048807322978973,1.157753348350525,-2.7990329265594482
-0.2116144597530365,1.1708993911743164,-2.808581829071045,0.11593277007341385,1.18166184425354,-2.8055520057678223,-0.1950286626815796,1.9605882167816162,-2.8407955169677734,0.14048807322978973,1.1577413082122803,-2.798994541168213
-0.21162644028663635,1.170947551727295,-2.808581829071045,0.11593277007341385,1.1816498041152954,-2.8054757118225098,-0.19504064321517944,1.9605882167816162,-2.8408336639404297,0.14048807322978973,1.1577413082122803,-2.798994541168213
-0.21162644028663635,1.1708874702453613,-2.808581829071045,0.11593277007341385,1.1816136837005615,-2.805513858795166,-0.19504064321517944,1.9605882167816162,-2.8408336639404297,0.14048807322978973,1.1577413082122803,-2.7986109256744385
-0.21162644028663635,1.1708393096923828,-2.808581829071045,0.11593277007341385,1.18166184425354,-2.8054757118225098,-0.19504064321517944,1.9606001377105713,-2.8408336639404297,0.14048807322978973,1.1577413082122803,-2.7989561557769775
-0.21162644028663635,1.1709356307983398,-2.808581829071045,0.11593277007341385,1.1816498041152954,-2.805513858795166,-0.19504064321517944,1.9605882167816162,-2.8408336639404297,0.14048807322978973,1.1577413082122803,-2.798994541168213
-0.2116144597530365,1.170947551727295,-2.808581829071045,0.11593277007341385,1.1817100048065186,-2.8054757118225098,-0.19504064321517944,1.9605882167816162,-2.8407955169677734,0.14047609269618988,1.1577413082122803,-2.798994541168213
-0.21162644028663635,1.170947551727295,-2.8089654445648193,0.11593277007341385,1.1816498041152954,-2.805513858795166,-0.1950286626815796,1.9605882167816162,-2.8407955169677734,0.14047609269618988,1.1577413082122803,-2.798994541168213
-0.21162644028663635,1.1709957122802734,-2.808581829071045,0.11593277007341385,1.18166184425354,-2.805513858795166,-0.1950286626815796,1.9606001377105713,-2.8408336639404297,0.14048807322978973,1.1577413082122803,-2.798994541168213
-0.21162644028663635,1.170947551727295,-2.808581829071045,0.11593277007341385,1.18166184425354,-2.805513858795166,-0.1950286626815796,1.9606001377105713,-2.8408336639404297,0.14043986797332764,1.1577413082122803,-2.7989561557769775
-0.21162644028663635,1.1709356307983398,-2.808581829071045,0.11593277007341385,1.1816498041152954,-2.8054757118225098,-0.1950286626815796,1.9606001377105713,-2.8408336639404297,0.14053627848625183,1.1577413082122803,-2.798994541168213
-0.2116384208202362,1.1708993911743164,-2.808581829071045,0.11593277007341385,1.1816136837005615,-2.805513858795166,-0.1950286626815796,1.9606001377105713,-2.8408336639404297,0.14053627848625183,1.1577413082122803,-2.798994541168213
-0.21162644028663635,1.1709113121032715,-2.808581829071045,0.115920789539814,1.1816136837005615,-2.8058974742889404,-0.1950286626815796,1.9606001377105713,-2.8407955169677734,0.14053627848625183,1.1577413082122803,-2.798994541168213
-0.21162644028663635,1.1708993911743164,-2.808581829071045,0.115920789539814,1.181565523147583,-2.805513858795166,-0.19504064321517944,1.9606001377105713,-2.8407955169677734,0.14048807322978973,1.1577293872833252,-2.798994541168213
-0.21162644028663635,1.170851230621338,-2.808581829071045,0.11593277007341385,1.1816136837005615,-2.8054757118225098,-0.1950286626815796,1.9606001377105713,-2.8407955169677734,0.14048807322978973,1.1577413082122803,-2.7989561557769775
-0.21162644028663635,1.1708029508590698,-2.808581829071045,0.11593277007341385,1.1816136837005615,-2.8054757118225098,-0.1950286626815796,1.9606001377105713,-2.8407955169677734,0.14048807322978973,1.1577413082122803,-2.7989561557769775
-0.2116384208202362,1.170947551727295,-2.808581829071045,0.11593277007341385,1.18166184425354,-2.8054757118225098,-0.1950286626815796,1.9606482982635498,-2.8408336639404297,0.14048807322978973,1.157753348350525,-2.798994541168213
-0.21162644028663635,1.170995831489563,-2.8085434436798096,0.11593277007341385,1.18166184425354,-2.8054757118225098,-0.1950286626815796,1.9605882167816162,-2.8408336639404297,0.14048807322978973,1.1577413082122803,-2.7990329265594482
-0.21162644028663635,1.1710439920425415,-2.808581829071045,0.11593277007341385,1.1816498041152954,-2.8054757118225098,-0.1950286626815796,1.9606001377105713,-2.8408336639404297,0.14048807322978973,1.1577413082122803,-2.7990329265594482
-0.21162644028663635,1.171140432357788,-2.8085434436798096,0.115920789539814,1.181601643562317,-2.805513858795166,-0.1950286626815796,1.960612177848816,-2.8408336639404297,0.14048807322978973,1.157753348350525,-2.798994541168213
-0.21162644028663635,1.1711885929107666,-2.808581829071045,0.11593277007341385,1.18166184425354,-2.8054757118225098,-0.19504064321517944,1.9605519771575928,-2.8407955169677734,0.14048807322978973,1.1577413082122803,-2.798994541168213
-0.2116384208202362,1.1712368726730347,-2.808581829071045,0.11593277007341385,1.18166184425354,-2.8054757118225098,-0.19504064321517944,1.9605519771575928,-2.8408336639404297,0.14048807322978973,1.1577413082122803,-2.7989561557769775
-0.21162644028663635,1.1712368726730347,-2.808581829071045,0.11593277007341385,1.18166184425354,-2.8054757118225098,-0.19504064321517944,1.9606001377105713,-2.8407955169677734,0.14048807322978973,1.1577413082122803,-2.7989561557769775
-0.2116384208202362,1.1712368726730347,-2.808581829071045,0.11593277007341385,1.1816498041152954,-2.805513858795166,-0.1950286626815796,1.9606001377105713,-2.8407955169677734,0.14048807322978973,1.157753348350525,-2.799377918243408
-0.21162644028663635,1.170947551727295,-2.808581829071045,0.11593277007341385,1.18166184425354,-2.805513858795166,-0.19504064321517944,1.9606001377105713,-2.8408336639404297,0.14048807322978973,1.1577413082122803,-2.7989561557769775
-0.21162644028663635,1.1708992719650269,-2.808581829071045,0.11593277007341385,1.18166184425354,-2.805513858795166,-0.1950286626815796,1.9606001377105713,-2.8408336639404297,0.14048807322978973,1.157753348350525,-2.798994541168213
-0.21162644028663635,1.1708993911743164,-2.808581829071045,0.11593277007341385,1.1816498041152954,-2.8055520057678223,-0.1950286626815796,1.9606482982635498,-2.8407955169677734,0.14047609269618988,1.157753348350525,-2.7989561557769775
-0.21162644028663635,1.1708511114120483,-2.808581829071045,0.11593277007341385,1.1816498041152954,-2.8055520057678223,-0.19504064321517944,1.9606482982635498,-2.8408336639404297,0.14047609269618988,1.1577413082122803,-2.798994541168213
-0.21162644028663635,1.1708993911743164,-2.8085434436798096,0.11593277007341385,1.181601643562317,-2.805513858795166,-0.19504064321517944,1.9606482982635498,-2.8408336639404297,0.14048807322978973,1.1577413082122803,-2.7989561557769775
-0.21162644028663635,1.1709356307983398,-2.808581829071045,0.11593277007341385,1.18166184425354,-2.8055520057678223,-0.1950286626815796,1.9606001377105713,-2.8408336639404297,0.14047609269618988,1.1577413082122803,-2.7989561557769775
-0.21162644028663635,1.170947551727295,-2.808581829071045,0.11593277007341385,1.18166184425354,-2.805513858795166,-0.1950286626815796,1.9606001377105713,-2.8408336639404297,0.14047609269618988,1.1577413082122803,-2.7989561557769775
-0.21162644028663635,1.1709957122802734,-2.8085434436798096,0.11593277007341385,1.18166184425354,-2.805513858795166,-0.1950286626815796,1.9606001377105713,-2.8408336639404297,0.14048807322978973,1.1577413082122803,-2.798994541168213
-0.21162644028663635,1.1710439920425415,-2.808581829071045,0.11593277007341385,1.181697964668274,-2.8055520057678223,-0.19504064321517944,1.9605882167816162,-2.8408336639404297,0.14047609269618988,1.1577413082122803,-2.798994541168213
-0.21162644028663635,1.1710439920425415,-2.808581829071045,0.11593277007341385,1.1816498041152954,-2.8055520057678223,-0.1950286626815796,1.9606001377105713,-2.8408336639404297,0.14047609269618988,1.1577413082122803,-2.798994541168213
-0.21162644028663635,1.1709356307983398,-2.808581829071045,0.11593277007341385,1.18166184425354,-2.805513858795166,-0.1950286626815796,1.9605882167816162,-2.8408336639404297,0.14048807322978973,1.1577413082122803,-2.7989561557769775
-0.21162644028663635,1.170947551727295,-2.8085434436798096,0.11593277007341385,1.18166184425354,-2.8059356212615967,-0.1950286626815796,1.9606001377105713,-2.8407955169677734,0.14048807322978973,1.1577413082122803,-2.7989561557769775
-0.2116384208202362,1.1709356307983398,-2.808581829071045,0.11593277007341385,1.1816498041152954,-2.805513858795166,-0.1950286626815796,1.9605882167816162,-2.8408336639404297,0.14048807322978973,1.1577413082122803,-2.798994541168213
-0.21162644028663635,1.1708992719650269,-2.808581829071045,0.11593277007341385,1.18166184425354,-2.8055520057678223,-0.1950286626815796,1.9606001377105713,-2.8407955169677734,0.14047609269618988,1.1577413082122803,-2.798994541168213
-0.21162644028663635,1.1708511114120483,-2.808581829071045,0.11593277007341385,1.18166184425354,-2.8055520057678223,-0.19504064321517944,1.9606001377105713,-2.8407955169677734,0.14048807322978973,1.1577413082122803,-2.798994541168213
-0.21162644028663635,1.1708873510360718,-2.808581829071045,0.11593277007341385,1.18166184425354,-2.8055903911590576,-0.19504064321517944,1.9606001377105713,-2.8408336639404297,0.14047609269618988,1.1577413082122803,-2.7989561557769775
-0.21162644028663635,1.1708873510360718,-2.808581829071045,0.11593277007341385,1.1816498041152954,-2.805513858795166,-0.1950286626815796,1.9606001377105713,-2.8407955169677734,0.14047609269618988,1.1577413082122803,-2.798994541168213
-0.21162644028663635,1.170947551727295,-2.8089654445648193,0.1159447580575943,1.1816498041152954,-2.805513858795166,-0.19504064321517944,1.9606001377105713,-2.8408336639404297,0.14047609269618988,1.1577413082122803,-2.798994541168213
-0.21162644028663635,1.170995831489563,-2.808581829071045,0.11593277007341385,1.18166184425354,-2.805513858795166,-0.1950286626815796,1.9605882167816162,-2.8407955169677734,0.14048807322978973,1.1577413082122803,-2.798994541168213
-0.2116144597530365,1.1710439920425415,-2.808581829071045,0.11593277007341385,1.1816498041152954,-2.8054757118225098,-0.19504064321517944,1.9605882167816162,-2.8407955169677734,0.14047609269618988,1.1577413082122803,-2.798994541168213
-0.21162644028663635,1.1710922718048096,-2.8085434436798096,0.11593277007341385,1.18166184425354,-2.805859327316284,-0.1950286626815796,1.9605882167816162,-2.8408336639404297,0.14048807322978973,1.157753348350525,-2.7989561557769775
-0.21162644028663635,1.1710922718048096,-2.808581829071045,0.11593277007341385,1.18166184425354,-2.805513858795166,-0.19504064321517944,1.9606001377105713,-2.8408336639404297,0.14047609269618988,1.157753348350525,-2.7989561557769775
-0.21162644028663635,1.171140432357788,-2.8085434436798096,0.115920789539814,1.1816498041152954,-2.805513858795166,-0.1950286626815796,1.9605882167816162,-2.8408336639404297,0.14047609269618988,1.1577413082122803,-2.7989561557769775
-0.21162644028663635,1.1709356307983398,-2.808581829071045,0.11593277007341385,1.181601643562317,-2.8055520057678223,-0.19504064321517944,1.9606001377105713,-2.8407955169677734,0.14047609269618988,1.157753348350525,-2.7989561557769775
-0.21162644028663635,1.170947551727295,-2.8086202144622803,0.11593277007341385,1.18166184425354,-2.8055520057678223,-0.1950286626815796,1.9606001377105713,-2.8408336639404297,0.14047609269618988,1.1577413082122803,-2.798994541168213
-0.21162644028663635,1.1708874702453613,-2.808581829071045,0.11593277007341385,1.18166184425354,-2.805513858795166,-0.1950286626815796,1.9606001377105713,-2.8408336639404297,0.14047609269618988,1.1577413082122803,-2.798649311065674
-0.2116144597530365,1.1708992719650269,-2.8089654445648193,0.115920789539814,1.181697964668274,-2.8055520057678223,-0.1950286626815796,1.9606001377105713,-2.8407955169677734,0.14047609269618988,1.157753348350525,-2.799377918243408
-0.21162644028663635,1.1708511114120483,-2.808581829071045,0.11593277007341385,1.18166184425354,-2.8054757118225098,-0.19504064321517944,1.9606001377105713,-2.8407955169677734,0.14048807322978973,1.1577413082122803,-2.798994541168213
-0.21162644028663635,1.1708511114120483,-2.8085434436798096,0.11593277007341385,1.18166184425354,-2.805513858795166,-0.1950286626815796,1.9606001377105713,-2.8408336639404297,0.14048807322978973,1.157753348350525,-2.798994541168213
-0.21162644028663635,1.1708028316497803,-2.808581829071045,0.115920789539814,1.18166184425354,-2.8054757118225098,-0.1950286626815796,1.9606001377105713,-2.840872049331665,0.14047609269618988,1.1577413082122803,-2.798994541168213
-0.21162644028663635,1.1707546710968018,-2.808581829071045,0.11593277007341385,1.1816136837005615,-2.805513858795166,-0.1950286626815796,1.9605882167816162,-2.8407955169677734,0.14048807322978973,1.1577413082122803,-2.798994541168213
-0.21162644028663635,1.1707546710968018,-2.8086202144622803,0.11593277007341385,1.1816498041152954,-2.8054757118225098,-0.1950286626815796,1.9606001377105713,-2.8408336639404297,0.14047609269618988,1.1577413082122803,-2.798994541168213
-0.21162644028663635,1.1707546710968018,-2.808581829071045,0.11593277007341385,1.18166184425354,-2.8054757118225098,-0.1950286626815796,1.9606001377105713,-2.8408336639404297,0.14048807322978973,1.1577413082122803,-2.798994541168213
-0.2116384208202362,1.1708028316497803,-2.8089654445648193,0.11593277007341385,1.1816498041152954,-2.805513858795166,-0.1950286626815796,1.9605882167816162,-2.8408336639404297,0.14048807322978973,1.1577413082122803,-2.798994541168213
-0.21162644028663635,1.1709356307983398,-2.808581829071045,0.11593277007341385,1.18166184425354,-2.805513858795166,-0.1950286626815796,1.9606001377105713,-2.8408336639404297,0.14048807322978973,1.157753348350525,-2.7990329265594482
-0.21162644028663635,1.170995831489563,-2.8085434436798096,0.115920789539814,1.181710124015808,-2.805859327316284,-0.1950286626815796,1.9606001377105713,-2.8408336639404297,0.14047609269618988,1.1577413082122803,-2.7990329265594482
-0.21162644028663635,1.170995831489563,-2.808581829071045,0.115920789539814,1.181613564491272,-2.8055520057678223,-0.19504064321517944,1.9605882167816162,-2.8407955169677734,0.14047609269618988,1.157753348350525,-2.798994541168213
-0.21162644028663635,1.1710439920425415,-2.808581829071045,0.115920789539814,1.1816498041152954,-2.805513858795166,-0.19504064321517944,1.9606001377105713,-2.8407955169677734,0.14042788743972778,1.157753348350525,-2.7990329265594482
-0.2116144597530365,1.170947551727295,-2.808581829071045,0.11593277007341385,1.181601643562317,-2.8055520057678223,-0.1950286626815796,1.9606001377105713,-2.8408336639404297,0.14047609269618988,1.157753348350525,-2.798994541168213
-0.21162644028663635,1.1709356307983398,-2.808581829071045,0.11593277007341385,1.181601643562317,-2.805513858795166,-0.19504064321517944,1.9606001377105713,-2.8408336639404297,0.14047609269618988,1.1577413082122803,-2.799377918243408
-0.21162644028663635,1.1709356307983398,-2.808581829071045,0.11593277007341385,1.18166184425354,-2.8055520057678223,-0.1950286626815796,1.9606001377105713,-2.8408336639404297,0.14046411216259003,1.1577413082122803,-2.7990329265594482
-0.21162644028663635,1.1708873510360718,-2.8085434436798096,0.11593277007341385,1.18166184425354,-2.805820941925049,-0.1950286626815796,1.9606001377105713,-2.8408336639404297,0.14047609269618988,1.1577413082122803,-2.7990329265594482
-0.2116144597530365,1.170947551727295,-2.8085434436798096,0.11593277007341385,1.18166184425354,-2.8055520057678223,-0.1950286626815796,1.9606001377105713,-2.8408336639404297,0.14047609269618988,1.1577413082122803,-2.798994541168213
-0.2116144597530365,1.1708993911743164,-2.808581829071045,0.11593277007341385,1.18166184425354,-2.8055520057678223,-0.1950286626815796,1.9606001377105713,-2.8408336639404297,0.14047609269618988,1.1577413082122803,-2.7990329265594482
-0.21162644028663635,1.1708873510360718,-2.808581829071045,0.11593277007341385,1.18166184425354,-2.805513858795166,-0.1950286626815796,1.9605882167816162,-2.8407955169677734,0.14048807322978973,1.1577413082122803,-2.799339532852173
-0.2116144597530365,1.170947551727295,-2.808581829071045,0.115920789539814,1.18166184425354,-2.805513858795166,-0.1950286626815796,1.9606001377105713,-2.8408336639404297,0.14043986797332764,1.1577413082122803,-2.798994541168213
-0.21162644028663635,1.170947551727295,-2.808581829071045,0.115920789539814,1.18166184425354,-2.8054757118225098,-0.1950286626815796,1.9606001377105713,-2.8408336639404297,0.14047609269618988,1.1577413082122803,-2.798994541168213
-0.21162644028663635,1.170947551727295,-2.808581829071045,0.115920789539814,1.18166184425354,-2.8055522441864014,-0.1950286626815796,1.9606001377105713,-2.8408336639404297,0.14052429795265198,1.157753348350525,-2.798994541168213
-0.2116144597530365,1.1709957122802734,-2.808581829071045,0.11593277007341385,1.1816498041152954,-2.805513858795166,-0.19504064321517944,1.9605882167816162,-2.8408336639404297,0.14048807322978973,1.1577413082122803,-2.7990329265594482
-0.2116144597530365,1.1710439920425415,-2.808581829071045,0.11593277007341385,1.1816498041152954,-2.8054757118225098,-0.1950286626815796,1.9606001377105713,-2.8408336639404297,0.14047609269618988,1.1577413082122803,-2.7990329265594482
-0.21162644028663635,1.17109215259552,-2.808581829071045,0.1159447580575943,1.1816498041152954,-2.8054757118225098,-0.1950286626815796,1.9606001377105713,-2.8407955169677734,0.14047609269618988,1.1577413082122803,-2.798572540283203
-0.21162644028663635,1.17109215259552,-2.808581829071045,0.11593277007341385,1.1817100048065186,-2.8054757118225098,-0.19504064321517944,1.9606001377105713,-2.8407955169677734,0.14048807322978973,1.1577413082122803,-2.798994541168213
-0.21162644028663635,1.1709356307983398,-2.8085434436798096,0.11593277007341385,1.1816498041152954,-2.8054757118225098,-0.19504064321517944,1.9606001377105713,-2.8407955169677734,0.14047609269618988,1.157753348350525,-2.798994541168213
-0.21162644028663635,1.170947551727295,-2.808581829071045,0.11593277007341385,1.18166184425354,-2.8055520057678223,-0.1950286626815796,1.9605882167816162,-2.8407955169677734,0.14047609269618988,1.157753348350525,-2.799377918243408
-0.21162644028663635,1.1709356307983398,-2.808581829071045,0.11593277007341385,1.18166184425354,-2.8055520057678223,-0.1950286626815796,1.9606001377105713,-2.8408336639404297,0.14047609269618988,1.1577413082122803,-2.7990329265594482
-0.21162644028663635,1.170947551727295,-2.808581829071045,0.115920789539814,1.18166184425354,-2.8055520057678223,-0.19504064321517944,1.9606001377105713,-2.8408336639404297,0.14047609269618988,1.1577413082122803,-2.7990329265594482
-0.2116144597530365,1.1708992719650269,-2.808581829071045,0.115920789539814,1.18166184425354,-2.8055520057678223,-0.1950286626815796,1.9606001377105713,-2.8408336639404297,0.14047609269618988,1.1577413082122803,-2.7990329265594482
-0.2116144597530365,1.170947551727295,-2.808581829071045,0.11593277007341385,1.181697964668274,-2.805513858795166,-0.1950286626815796,1.9606001377105713,-2.8407955169677734,0.14047609269618988,1.1577413082122803,-2.7990329265594482
-0.21162644028663635,1.1708993911743164,-2.808581829071045,0.11593277007341385,1.18166184425354,-2.8054757118225098,-0.1950286626815796,1.9606001377105713,-2.8407955169677734,0.14047609269618988,1.1577413082122803,-2.7989561557769775
-0.21162644028663635,1.170947551727295,-2.808581829071045,0.11593277007341385,1.18166184425354,-2.8058974742889404,-0.1950286626815796,1.9606001377105713,-2.8408336639404297,0.14047609269618988,1.1577413082122803,-2.798994541168213
-0.21162644028663635,1.170947551727295,-2.8089654445648193,0.11593277007341385,1.18166184425354,-2.805513858795166,-0.1950286626815796,1.9606001377105713,-2.8407955169677734,0.14047609269618988,1.1577413082122803,-2.798994541168213
-0.2116144597530365,1.1709356307983398,-2.808581829071045,0.11593277007341385,1.1816136837005615,-2.805513858795166,-0.1950286626815796,1.9606001377105713,-2.8407955169677734,0.14048807322978973,1.157753348350525,-2.7990329265594482
-0.2116144597530365,1.1709356307983398,-2.808581829071045,0.115920789539814,1.1816136837005615,-2.805513858795166,-0.1950286626815796,1.9606001377105713,-2.8408336639404297,0.14047609269618988,1.157753348350525,-2.7990329265594482
-0.21162644028663635,1.170995831489563,-2.8089654445648193,0.115920789539814,1.1816498041152954,-2.805513858795166,-0.1950286626815796,1.9606001377105713,-2.8408336639404297,0.14047609269618988,1.1577413082122803,-2.798994541168213
-0.2116144597530365,1.170947551727295,-2.808581829071045,0.11593277007341385,1.18166184425354,-2.805513858795166,-0.19504064321517944,1.9606001377105713,-2.8407955169677734,0.14047609269618988,1.157753348350525,-2.799377918243408
-0.21162644028663635,1.1709957122802734,-2.8089654445648193,0.11593277007341385,1.1816498041152954,-2.805513858795166,-0.1950286626815796,1.9606001377105713,-2.8407955169677734,0.14048807322978973,1.1577413082122803,-2.798994541168213
-0.21162644028663635,1.170947551727295,-2.808581829071045,0.11593277007341385,1.1816498041152954,-2.805513858795166,-0.1950286626815796,1.9606001377105713,-2.8407955169677734,0.14047609269618988,1.157753348350525,-2.798994541168213
-0.21162644028663635,1.1709356307983398,-2.808581829071045,0.115920789539814,1.18166184425354,-2.805513858795166,-0.19504064321517944,1.9606001377105713,-2.8408336639404297,0.14047609269618988,1.1577413082122803,-2.798994541168213
-0.21162644028663635,1.1708993911743164,-2.8089654445648193,0.115920789539814,1.1816498041152954,-2.8058974742889404,-0.19504064321517944,1.9606001377105713,-2.8407955169677734,0.14048807322978973,1.157753348350525,-2.798994541168213
-0.21162644028663635,1.1708511114120483,-2.808581829071045,0.115920789539814,1.1817100048065186,-2.8055520057678223,-0.19504064321517944,1.9606001377105713,-2.8408336639404297,0.14048807322978973,1.1577413082122803,-2.798994541168213
-0.21162644028663635,1.1708029508590698,-2.808581829071045,0.115920789539814,1.18166184425354,-2.8055520057678223,-0.19504064321517944,1.9606001377105713,-2.8408336639404297,0.14048807322978973,1.1577413082122803,-2.7990329265594482
-0.21162644028663635,1.1707546710968018,-2.808581829071045,0.11593277007341385,1.18166184425354,-2.805513858795166,-0.19504064321517944,1.9606001377105713,-2.8408336639404297,0.14053627848625183,1.1577413082122803,-2.798994541168213
-0.21162644028663635,1.1707065105438232,-2.808581829071045,0.11593277007341385,1.18166184425354,-2.8059356212615967,-0.1950286626815796,1.9606001377105713,-2.8407955169677734,0.14047609269618988,1.1577413082122803,-2.798994541168213
-0.21162644028663635,1.1706583499908447,-2.808581829071045,0.115920789539814,1.181601643562317,-2.8055522441864014,-0.1950286626815796,1.9606001377105713,-2.8407955169677734,0.14047609269618988,1.1577413082122803,-2.798994541168213
-0.21162644028663635,1.1707065105438232,-2.808581829071045,0.11593277007341385,1.181601643562317,-2.805513858795166,-0.1950286626815796,1.9606001377105713,-2.8408336639404297,0.14047609269618988,1.1577413082122803,-2.7990329265594482
-0.21162644028663635,1.1707065105438232,-2.808581829071045,0.11593277007341385,1.1816498041152954,-2.805513858795166,-0.1950286626815796,1.9606001377105713,-2.8408336639404297,0.14047609269618988,1.1577413082122803,-2.798994541168213
-0.2116144597530365,1.1709356307983398,-2.8089654445648193,0.11593277007341385,1.18166184425354,-2.805513858795166,-0.1950286626815796,1.9606001377105713,-2.8408336639404297,0.14043986797332764,1.1577413082122803,-2.799339532852173
-0.21162644028663635,1.170947551727295,-2.8089654445648193,0.11593277007341385,1.1817100048065186,-2.805513858795166,-0.1950286626815796,1.9606001377105713,-2.8408336639404297,0.14047609269618988,1.1577413082122803,-2.798994541168213
-0.21162644028663635,1.1709957122802734,-2.808581829071045,0.11593277007341385,1.1817100048065186,-2.805513858795166,-0.1950286626815796,1.9606001377105713,-2.8408336639404297,0.14047609269618988,1.1577413082122803,-2.798994541168213
-0.2116144597530365,1.1710439920425415,-2.808581829071045,0.11593277007341385,1.1816498041152954,-2.8054757118225098,-0.1950286626815796,1.9605882167816162,-2.8408336639404297,0.14047609269618988,1.1577413082122803,-2.798649311065674
-0.21162644028663635,1.1709356307983398,-2.8085434436798096,0.11593277007341385,1.181601643562317,-2.805513858795166,-0.1950286626815796,1.9606001377105713,-2.8408336639404297,0.14053627848625183,1.1577413082122803,-2.798994541168213
-0.2116144597530365,1.1708873510360718,-2.8086202144622803,0.11593277007341385,1.18166184425354,-2.805513858795166,-0.1950286626815796,1.9606482982635498,-2.8408336639404297,0.14053627848625183,1.1577413082122803,-2.7989561557769775
-0.2116144597530365,1.1708993911743164,-2.808581829071045,0.115920789539814,1.18166184425354,-2.8055520057678223,-0.1950286626815796,1.9606482982635498,-2.8407955169677734,0.14053627848625183,1.1577413082122803,-2.7989561557769775
-0.21162644028663635,1.1708029508590698,-2.808581829071045,0.11593277007341385,1.1816498041152954,-2.8055903911590576,-0.1950286626815796,1.9605882167816162,-2.8407955169677734,0.14047609269618988,1.1577413082122803,-2.7989561557769775
-0.21162644028663635,1.1708874702453613,-2.8089654445648193,0.115920789539814,1.1816498041152954,-2.8055520057678223,-0.1950286626815796,1.9605519771575928,-2.8408336639404297,0.14048807322978973,1.1577413082122803,-2.7989561557769775
-0.21162644028663635,1.170947551727295,-2.808581829071045,0.11593277007341385,1.18166184425354,-2.8055520057678223,-0.19504064321517944,1.9605519771575928,-2.8407955169677734,0.14047609269618988,1.1577413082122803,-2.798994541168213
-0.21162644028663635,1.170947551727295,-2.8085434436798096,0.115920789539814,1.18166184425354,-2.805513858795166,-0.1950286626815796,1.9606001377105713,-2.8407955169677734,0.14047609269618988,1.1577413082122803,-2.798994541168213
-0.2116144597530365,1.170947551727295,-2.8085434436798096,0.11593277007341385,1.1816136837005615,-2.805513858795166,-0.19504064321517944,1.9605882167816162,-2.8407955169677734,0.14047609269618988,1.1577413082122803,-2.798994541168213
-0.21162644028663635,1.1709837913513184,-2.808581829071045,0.115920789539814,1.1816136837005615,-2.805513858795166,-0.1950286626815796,1.9605882167816162,-2.8407955169677734,0.14047609269618988,1.1577413082122803,-2.798994541168213
-0.21162644028663635,1.1710319519042969,-2.808581829071045,0.11593277007341385,1.1816136837005615,-2.805513858795166,-0.19501668214797974,1.9605882167816162,-2.8408336639404297,0.14047609269618988,1.1577413082122803,-2.798994541168213
-0.21162644028663635,1.170995831489563,-2.808581829071045,0.115920789539814,1.1816136837005615,-2.8055520057678223,-0.1950286626815796,1.9606001377105713,-2.8407955169677734,0.14047609269618988,1.1577413082122803,-2.798994541168213
-0.21162644028663635,1.170947551727295,-2.808581829071045,0.11593277007341385,1.1816136837005615,-2.8055520057678223,-0.1950286626815796,1.9606001377105713,-2.8408336639404297,0.14048807322978973,1.1577413082122803,-2.7990329265594482
-0.2116144597530365,1.170995831489563,-2.808581829071045,0.115920789539814,1.1816498041152954,-2.8054754734039307,-0.1950286626815796,1.9606482982635498,-2.8407955169677734,0.14048807322978973,1.1577413082122803,-2.798994541168213
-0.21162644028663635,1.1709356307983398,-2.808581829071045,0.11593277007341385,1.1816498041152954,-2.8054754734039307,-0.1950286626815796,1.9606482982635498,-2.8407955169677734,0.14047609269618988,1.157753348350525,-2.7990329265594482
-0.21162644028663635,1.170947551727295,-2.808581829071045,0.11593277007341385,1.18166184425354,-2.8054373264312744,-0.1950286626815796,1.9606482982635498,-2.8408336639404297,0.14047609269618988,1.1577413082122803,-2.7990329265594482
-0.21162644028663635,1.1708992719650269,-2.808581829071045,0.11593277007341385,1.1816498041152954,-2.8054754734039307,-0.1950286626815796,1.9606482982635498,-2.8408336639404297,0.14047609269618988,1.1577413082122803,-2.798994541168213
-0.21162644028663635,1.170947551727295,-2.808581829071045,0.11593277007341385,1.18166184425354,-2.8054373264312744,-0.19504064321517944,1.9605400562286377,-2.8408336639404297,0.14047609269618988,1.1577413082122803,-2.7990329265594482
-0.21162644028663635,1.1708511114120483,-2.808581829071045,0.11593277007341385,1.18166184425354,-2.8055520057678223,-0.1950286626815796,1.9606001377105713,-2.8407955169677734,0.14047609269618988,1.1577413082122803,-2.798572540283203
-0.21162644028663635,1.1708511114120483,-2.808581829071045,0.115920789539814,1.18166184425354,-2.805513858795166,-0.1950286626815796,1.9605882167816162,-2.8408336639404297,0.14047609269618988,1.1577413082122803,-2.798994541168213
-0.21162644028663635,1.1708029508590698,-2.808581829071045,0.11593277007341385,1.1816498041152954,-2.8055520057678223,-0.1950286626815796,1.9605882167816162,-2.8408336639404297,0.14047609269618988,1.1577413082122803,-2.7986109256744385
-0.2116144597530365,1.1709356307983398,-2.808581829071045,0.11593277007341385,1.18166184425354,-2.8058974742889404,-0.1950286626815796,1.9606001377105713,-2.8408336639404297,0.14047609269618988,1.1577413082122803,-2.798994541168213
-0.2116144597530365,1.170947551727295,-2.808581829071045,0.11593277007341385,1.1817100048065186,-2.8058974742889404,-0.19504064321517944,1.9606001377105713,-2.8407955169677734,0.14047609269618988,1.1577413082122803,-2.798994541168213
-0.2116144597530365,1.1709837913513184,-2.8090038299560547,0.11593277007341385,1.1817100048065186,-2.805513858795166,-0.19504064321517944,1.9606001377105713,-2.8407955169677734,0.14047609269618988,1.157753348350525,-2.798994541168213
-0.21162644028663635,1.170947551727295,-2.8085434436798096,0.11593277007341385,1.1817100048065186,-2.805513858795166,-0.19504064321517944,1.9605882167816162,-2.8407955169677734,0.14047609269618988,1.157753348350525,-2.798572540283203
-0.21162644028663635,1.170995831489563,-2.808581829071045,0.115920789539814,1.18166184425354,-2.8054757118225098,-0.19504064321517944,1.9605882167816162,-2.8408336639404297,0.14047609269618988,1.1577413082122803,-2.798994541168213
-0.2116144597530365,1.170995831489563,-2.808581829071045,0.11593277007341385,1.18166184425354,-2.8054757118225098,-0.19504064321517944,1.9605882167816162,-2.8408336639404297,0.14047609269618988,1.1577413082122803,-2.7990329265594482
-0.2116144597530365,1.1710439920425415,-2.808581829071045,0.11593277007341385,1.18166184425354,-2.805513858795166,-0.1950286626815796,1.9605882167816162,-2.8408336639404297,0.14047609269618988,1.1577413082122803,-2.7990329265594482
-0.2116144597530365,1.1710439920425415,-2.8089654445648193,0.11593277007341385,1.1816498041152954,-2.8058974742889404,-0.1950286626815796,1.9605882167816162,-2.8408336639404297,0.14047609269618988,1.1577413082122803,-2.798994541168213
-0.21162644028663635,1.1710439920425415,-2.808581829071045,0.11593277007341385,1.18166184425354,-2.805513858795166,-0.19504064321517944,1.9606001377105713,-2.8408336639404297,0.14047609269618988,1.1577413082122803,-2.798994541168213
-0.21162644028663635,1.170995831489563,-2.8085434436798096,0.11593277007341385,1.1816498041152954,-2.8054757118225098,-0.1950286626815796,1.9606001377105713,-2.8407955169677734,0.14047609269618988,1.1577413082122803,-2.798994541168213
-0.21162644028663635,1.1710439920425415,-2.808581829071045,0.11593277007341385,1.18166184425354,-2.805513858795166,-0.1950286626815796,1.9606001377105713,-2.8407955169677734,0.14047609269618988,1.1577413082122803,-2.798994541168213
-0.2116144597530365,1.1710439920425415,-2.808581829071045,0.11593277007341385,1.18166184425354,-2.805513858795166,-0.1950286626815796,1.9605882167816162,-2.8408336639404297,0.14046411216259003,1.1577413082122803,-2.798994541168213
-0.21162644028663635,1.170947551727295,-2.8085434436798096,0.115920789539814,1.18166184425354,-2.8054373264312744,-0.1950286626815796,1.9606001377105713,-2.8407955169677734,0.14046411216259003,1.1577293872833252,-2.7986109256744385
-0.2116144597530365,1.170947551727295,-2.808581829071045,0.11593277007341385,1.181697964668274,-2.8054754734039307,-0.1950286626815796,1.9606001377105713,-2.8407955169677734,0.14047609269618988,1.1577413082122803,-2.7990329265594482
-0.21162644028663635,1.1708992719650269,-2.8085434436798096,0.11593277007341385,1.18166184425354,-2.8054754734039307,-0.19504064321517944,1.9605882167816162,-2.8407955169677734,0.14047609269618988,1.1577413082122803,-2.798994541168213
-0.21162644028663635,1.1708992719650269,-2.808581829071045,0.115920789539814,1.18166184425354,-2.8054373264312744,-0.1950286626815796,1.9605882167816162,-2.8408336639404297,0.14046411216259003,1.1577413082122803,-2.798994541168213
-0.2116384208202362,1.1708511114120483,-2.808581829071045,0.115920789539814,1.1817100048065186,-2.805513858795166,-0.1950286626815796,1.9606001377105713,-2.8408336639404297,0.14047609269618988,1.1577413082122803,-2.7990329265594482
-0.21162644028663635,1.1708028316497803,-2.8089654445648193,0.115920789539814,1.1817100048065186,-2.805513858795166,-0.1950286626815796,1.9606001377105713,-2.8407955169677734,0.14047609269618988,1.1577413082122803,-2.7990329265594482
-0.2116144597530365,1.1708028316497803,-2.808581829071045,0.11593277007341385,1.1817100048065186,-2.8054757118225098,-0.19504064321517944,1.9606001377105713,-2.8408336639404297,0.14047609269618988,1.157753348350525,-2.7990329265594482
-0.21162644028663635,1.1708028316497803,-2.808581829071045,0.11593277007341385,1.18166184425354,-2.8058974742889404,-0.1950286626815796,1.9606001377105713,-2.8408336639404297,0.14048807322978973,1.157753348350525,-2.7990329265594482
-0.2116144597530365,1.1708028316497803,-2.808581829071045,0.11593277007341385,1.181601643562317,-2.805513858795166,-0.1950286626815796,1.9606001377105713,-2.8407955169677734,0.14047609269618988,1.1577413082122803,-2.798994541168213
-0.21162644028663635,1.1708028316497803,-2.808581829071045,0.11593277007341385,1.1816498041152954,-2.8058974742889404,-0.19504064321517944,1.9606001377105713,-2.8408336639404297,0.14048807322978973,1.1577413082122803,-2.798649311065674
-0.21162644028663635,1.1708028316497803,-2.8085434436798096,0.11593277007341385,1.18166184425354,-2.805513858795166,-0.1950286626815796,1.9606001377105713,-2.8408336639404297,0.14048807322978973,1.157753348350525,-2.7990329265594482
-0.21162644028663635,1.1708511114120483,-2.8085434436798096,0.11593277007341385,1.1817100048065186,-2.805513858795166,-0.19504064321517944,1.9606001377105713,-2.8408336639404297,0.14047609269618988,1.1577413082122803,-2.799377918243408
-0.21162644028663635,1.1709595918655396,-2.8085434436798096,0.11593277007341385,1.1817100048065186,-2.805513858795166,-0.1950286626815796,1.9606001377105713,-2.8408336639404297,0.14047609269618988,1.1577413082122803,-2.7989561557769775
-0.21162644028663635,1.170947551727295,-2.8089654445648193,0.11593277007341385,1.1817100048065186,-2.805513858795166,-0.1950286626815796,1.9606001377105713,-2.8408336639404297,0.14047609269618988,1.157753348350525,-2.7989561557769775
-0.21162644028663635,1.1709356307983398,-2.808581829071045,0.115920789539814,1.1816498041152954,-2.8054757118225098,-0.1950286626815796,1.9606001377105713,-2.8408336639404297,0.14047609269618988,1.1577413082122803,-2.7989561557769775
-0.21162644028663635,1.170947551727295,-2.808581829071045,0.11593277007341385,1.18166184425354,-2.8054757118225098,-0.19504064321517944,1.9605882167816162,-2.8408336639404297,0.14047609269618988,1.1577413082122803,-2.7989561557769775
-0.21162644028663635,1.1708992719650269,-2.808581829071045,0.11593277007341385,1.18166184425354,-2.8054757118225098,-0.1950286626815796,1.9605882167816162,-2.8408336639404297,0.14046411216259003,1.1577413082122803,-2.798994541168213
-0.21162644028663635,1.1709356307983398,-2.808581829071045,0.11593277007341385,1.1816136837005615,-2.8054757118225098,-0.1950286626815796,1.9605882167816162,-2.8408336639404297,0.14047609269618988,1.1577413082122803,-2.7989561557769775
-0.2116144597530365,1.170947551727295,-2.808581829071045,0.11593277007341385,1.1816498041152954,-2.805513858795166,-0.1950286626815796,1.9606001377105713,-2.8407955169677734,0.14047609269618988,1.157753348350525,-2.798994541168213
-0.2116144597530365,1.170947551727295,-2.808581829071045,0.11593277007341385,1.18166184425354,-2.8054757118225098,-0.1950286626815796,1.9606001377105713,-2.8408336639404297,0.14047609269618988,1.1577413082122803,-2.798994541168213
-0.21162644028663635,1.1709356307983398,-2.808581829071045,0.1159447580575943,1.18166184425354,-2.805513858795166,-0.1950286626815796,1.9606001377105713,-2.8408336639404297,0.14047609269618988,1.157753348350525,-2.7989561557769775
-0.2116144597530365,1.170947551727295,-2.808581829071045,0.11593277007341385,1.18166184425354,-2.805513858795166,-0.1950286626815796,1.9606001377105713,-2.8408336639404297,0.14047609269618988,1.157753348350525,-2.7989561557769775
-0.21162644028663635,1.1709356307983398,-2.808581829071045,0.11593277007341385,1.1817100048065186,-2.805513858795166,-0.1950286626815796,1.9605882167816162,-2.8407955169677734,0.14047609269618988,1.1577413082122803,-2.7990329265594482
-0.2116144597530365,1.170947551727295,-2.8086202144622803,0.11593277007341385,1.1817100048065186,-2.805513858795166,-0.19504064321517944,1.9606001377105713,-2.8408336639404297,0.14046411216259003,1.1577413082122803,-2.7990329265594482
-0.21162644028663635,1.170947551727295,-2.8089654445648193,0.11593277007341385,1.1816498041152954,-2.8054757118225098,-0.1950286626815796,1.9605882167816162,-2.8408336639404297,0.14046411216259003,1.1577413082122803,-2.798994541168213
-0.21162644028663635,1.170947551727295,-2.8085434436798096,0.11593277007341385,1.1816136837005615,-2.805513858795166,-0.1950286626815796,1.9606001377105713,-2.8408336639404297,0.14047609269618988,1.1577413082122803,-2.798994541168213
-0.21162644028663635,1.1709595918655396,-2.808581829071045,0.11593277007341385,1.1816498041152954,-2.8054757118225098,-0.1950286626815796,1.9606001377105713,-2.8407955169677734,0.14046411216259003,1.1577413082122803,-2.798994541168213
-0.2116144597530365,1.170947551727295,-2.808581829071045,0.115920789539814,1.18166184425354,-2.805513858795166,-0.1950286626815796,1.9605882167816162,-2.840872049331665,0.14047609269618988,1.1577413082122803,-2.798994541168213
-0.21162644028663635,1.170947551727295,-2.808581829071045,0.11593277007341385,1.1816498041152954,-2.805513858795166,-0.1950286626815796,1.9605882167816162,-2.8408336639404297,0.14047609269618988,1.1577413082122803,-2.7989561557769775
-0.21162644028663635,1.170947551727295,-2.808581829071045,0.11593277007341385,1.181697964668274,-2.805513858795166,-0.1950286626815796,1.9606001377105713,-2.8408336639404297,0.14047609269618988,1.1577413082122803,-2.7989561557769775
-0.2116144597530365,1.1709356307983398,-2.808581829071045,0.11593277007341385,1.18166184425354,-2.805513858795166,-0.1950286626815796,1.9606001377105713,-2.8408336639404297,0.14047609269618988,1.157753348350525,-2.798994541168213
-0.2116144597530365,1.170947551727295,-2.808581829071045,0.11593277007341385,1.18166184425354,-2.8054757118225098,-0.1950286626815796,1.9605882167816162,-2.8408336639404297,0.14046411216259003,1.1577413082122803,-2.7989561557769775
-0.2116144597530365,1.170947551727295,-2.808581829071045,0.115920789539814,1.18166184425354,-2.8054757118225098,-0.1950286626815796,1.9606001377105713,-2.8408336639404297,0.14047609269618988,1.157753348350525,-2.7989561557769775
-0.21162644028663635,1.170947551727295,-2.808581829071045,0.115920789539814,1.18166184425354,-2.8059356212615967,-0.1950286626815796,1.9606001377105713,-2.8408336639404297,0.14047609269618988,1.1577413082122803,-2.7989561557769775
-0.2116144597530365,1.170947551727295,-2.808581829071045,0.115920789539814,1.18166184425354,-2.8054757118225098,-0.1950286626815796,1.9606482982635498,-2.8407955169677734,0.14047609269618988,1.1577413082122803,-2.798994541168213
-0.2116144597530365,1.170947551727295,-2.808581829071045,0.11593277007341385,1.18166184425354,-2.805513858795166,-0.1950286626815796,1.9606482982635498,-2.8407955169677734,0.14047609269618988,1.1577413082122803,-2.798994541168213
-0.21162644028663635,1.170947551727295,-2.808581829071045,0.11593277007341385,1.18166184425354,-2.805513858795166,-0.1950286626815796,1.9606482982635498,-2.8408336639404297,0.14046411216259003,1.1577413082122803,-2.798994541168213
-0.2116144597530365,1.170947551727295,-2.808581829071045,0.11593277007341385,1.18166184425354,-2.8054757118225098,-0.1950286626815796,1.9606001377105713,-2.8407955169677734,0.14046411216259003,1.1577413082122803,-2.7989561557769775
-0.21162644028663635,1.170947551727295,-2.8089654445648193,0.11593277007341385,1.1817100048065186,-2.805513858795166,-0.1950286626815796,1.9606001377105713,-2.8407955169677734,0.14047609269618988,1.1577413082122803,-2.798572540283203
-0.2116144597530365,1.170947551727295,-2.8089654445648193,0.11593277007341385,1.1816498041152954,-2.805513858795166,-0.1950286626815796,1.9606001377105713,-2.8408336639404297,0.14047609269618988,1.1577413082122803,-2.798994541168213
-0.2116144597530365,1.1709595918655396,-2.808581829071045,0.11593277007341385,1.1816136837005615,-2.8055520057678223,-0.1950286626815796,1.9606001377105713,-2.8407955169677734,0.14046411216259003,1.1577413082122803,-2.798994541168213
-0.21162644028663635,1.170947551727295,-2.808581829071045,0.115920789539814,1.1816498041152954,-2.8055520057678223,-0.1950286626815796,1.9606001377105713,-2.8408336639404297,0.14046411216259003,1.1577413082122803,-2.7990329265594482
-0.21162644028663635,1.1708992719650269,-2.808581829071045,0.11593277007341385,1.18166184425354,-2.8058974742889404,-0.1950286626815796,1.9606001377105713,-2.8407955169677734,0.14047609269618988,1.1577413082122803,-2.7990329265594482
-0.21162644028663635,1.1709356307983398,-2.8086202144622803,0.11593277007341385,1.1816498041152954,-2.805513858795166,-0.1950286626815796,1.9606001377105713,-2.8407955169677734,0.14047609269618988,1.1577413082122803,-2.798994541168213
-0.2116144597530365,1.170947551727295,-2.8086202144622803,0.11593277007341385,1.18166184425354,-2.805513858795166,-0.1950286626815796,1.9606001377105713,-2.8407955169677734,0.14046411216259003,1.1577413082122803,-2.798649311065674
-0.2116144597530365,1.170947551727295,-2.8086202144622803,0.115920789539814,1.1816498041152954,-2.805513858795166,-0.19504064321517944,1.9606001377105713,-2.8408336639404297,0.14047609269618988,1.1577413082122803,-2.798994541168213
-0.2116144597530365,1.170995831489563,-2.8086202144622803,0.11593277007341385,1.1817100048065186,-2.805513858795166,-0.19504064321517944,1.9605882167816162,-2.8408336639404297,0.14047609269618988,1.1577413082122803,-2.7989561557769775
-0.2116144597530365,1.1709356307983398,-2.8086202144622803,0.115920789539814,1.1817100048065186,-2.8054757118225098,-0.1950286626815796,1.9606001377105713,-2.8407955169677734,0.14047609269618988,1.1577413082122803,-2.7989561557769775
-0.2116144597530365,1.170947551727295,-2.8086202144622803,0.115920789539814,1.1817100048065186,-2.805513858795166,-0.1950286626815796,1.9606001377105713,-2.8407955169677734,0.14046411216259003,1.1577413082122803,-2.7989561557769775
-0.21162644028663635,1.170947551727295,-2.8086202144622803,0.11593277007341385,1.18166184425354,-2.8054757118225098,-0.1950286626815796,1.9606001377105713,-2.8407955169677734,0.14046411216259003,1.157753348350525,-2.798994541168213
-0.2116144597530365,1.170947551727295,-2.808581829071045,0.11593277007341385,1.1816498041152954,-2.805513858795166,-0.1950286626815796,1.9605882167816162,-2.8407955169677734,0.14046411216259003,1.1577413082122803,-2.798994541168213
-0.2116144597530365,1.170947551727295,-2.808927059173584,0.115920789539814,1.1816498041152954,-2.8054757118225098,-0.1950286626815796,1.9606001377105713,-2.8408336639404297,0.14046411216259003,1.1577413082122803,-2.7989561557769775
-0.2116144597530365,1.1709595918655396,-2.8089654445648193,0.115920789539814,1.18166184425354,-2.805513858795166,-0.1950286626815796,1.9606001377105713,-2.8408336639404297,0.14046411216259003,1.1577413082122803,-2.798994541168213
-0.21162644028663635,1.1708992719650269,-2.808581829071045,0.115920789539814,1.18166184425354,-2.805513858795166,-0.19504064321517944,1.9606001377105713,-2.8407955169677734,0.14047609269618988,1.1577413082122803,-2.798994541168213
-0.21162644028663635,1.1709595918655396,-2.808581829071045,0.11593277007341385,1.18166184425354,-2.805513858795166,-0.1950286626815796,1.9606001377105713,-2.8408336639404297,0.14046411216259003,1.1577413082122803,-2.798994541168213
-0.21162644028663635,1.1708993911743164,-2.8085434436798096,0.11593277007341385,1.181697964668274,-2.8054757118225098,-0.1950286626815796,1.9605882167816162,-2.8408336639404297,0.14047609269618988,1.157753348350525,-2.7989561557769775
-0.21162644028663635,1.1708993911743164,-2.808581829071045,0.11593277007341385,1.181697964668274,-2.8055520057678223,-0.19501668214797974,1.9605882167816162,-2.8408336639404297,0.14046411216259003,1.1577413082122803,-2.798994541168213
-0.21162644028663635,1.1709356307983398,-2.8085434436798096,0.115920789539814,1.181601643562317,-2.8055520057678223,-0.1950286626815796,1.9605882167816162,-2.8408336639404297,0.14047609269618988,1.1577413082122803,-2.798994541168213
-0.21162644028663635,1.170947551727295,-2.808581829071045,0.11593277007341385,1.18166184425354,-2.8055903911590576,-0.1950286626815796,1.9605882167816162,-2.8408336639404297,0.14043986797332764,1.157753348350525,-2.7989561557769775
-0.21162644028663635,1.1709356307983398,-2.808581829071045,0.11593277007341385,1.18166184425354,-2.805513858795166,-0.1950286626815796,1.9605882167816162,-2.8407955169677734,0.14047609269618988,1.1577413082122803,-2.798994541168213
-0.21162644028663635,1.170947551727295,-2.8081984519958496,0.115920789539814,1.1816498041152954,-2.8054757118225098,-0.1950286626815796,1.9606001377105713,-2.8407955169677734,0.14048807322978973,1.1577413082122803,-2.798994541168213
-0.21162644028663635,1.170947551727295,-2.808581829071045,0.11593277007341385,1.18166184425354,-2.8054757118225098,-0.19504064321517944,1.9605882167816162,-2.8408336639404297,0.14052429795265198,1.1577413082122803,-2.798994541168213
-0.21162644028663635,1.1709356307983398,-2.808581829071045,0.11593277007341385,1.1816498041152954,-2.805513858795166,-0.1950286626815796,1.9605882167816162,-2.8408336639404297,0.14052429795265198,1.1577413082122803,-2.799377918243408
-0.21162644028663635,1.1709957122802734,-2.808581829071045,0.115920789539814,1.1817100048065186,-2.8054757118225098,-0.19504064321517944,1.9606001377105713,-2.8408336639404297,0.14047609269618988,1.1577413082122803,-2.7989561557769775
-0.2116144597530365,1.1709957122802734,-2.808581829071045,0.11593277007341385,1.1816498041152954,-2.805513858795166,-0.1950286626815796,1.9606001377105713,-2.8408336639404297,0.14047609269618988,1.1577413082122803,-2.7989561557769775
-0.2116144597530365,1.1709957122802734,-2.808581829071045,0.115920789539814,1.1816498041152954,-2.8054757118225098,-0.1950286626815796,1.9606001377105713,-2.8407955169677734,0.14047609269618988,1.157753348350525,-2.7990329265594482
-0.2116144597530365,1.1710439920425415,-2.808581829071045,0.11593277007341385,1.1816498041152954,-2.805513858795166,-0.1950286626815796,1.9606001377105713,-2.8408336639404297,0.14047609269618988,1.1577413082122803,-2.7990329265594482
-0.2116144597530365,1.17109215259552,-2.8085434436798096,0.11593277007341385,1.1816498041152954,-2.805513858795166,-0.19504064321517944,1.9605882167816162,-2.8408336639404297,0.14042788743972778,1.157753348350525,-2.7990329265594482
-0.2116144597530365,1.171140432357788,-2.8089654445648193,0.11593277007341385,1.18166184425354,-2.805513858795166,-0.19504064321517944,1.9605882167816162,-2.8408336639404297,0.14047609269618988,1.157753348350525,-2.7990329265594482
-0.2116144597530365,1.1708992719650269,-2.808581829071045,0.11593277007341385,1.18166184425354,-2.8055520057678223,-0.1950286626815796,1.9606001377105713,-2.8408336639404297,0.14046411216259003,1.157753348350525,-2.7990329265594482
-0.2116144597530365,1.1708992719650269,-2.808581829071045,0.11593277007341385,1.181697964668274,-2.8054754734039307,-0.1950286626815796,1.9605400562286377,-2.8407955169677734,0.14046411216259003,1.1577413082122803,-2.7990329265594482
-0.21162644028663635,1.1708992719650269,-2.808581829071045,0.115920789539814,1.1816498041152954,-2.8054754734039307,-0.1950286626815796,1.9604917764663696,-2.8407955169677734,0.14047609269618988,1.1577413082122803,-2.7990329265594482
-0.21162644028663635,1.1708992719650269,-2.808581829071045,0.115920789539814,1.181601643562317,-2.8055520057678223,-0.1950286626815796,1.9606484174728394,-2.8407955169677734,0.14046411216259003,1.157753348350525,-2.7990329265594482
-0.2116144597530365,1.1709356307983398,-2.808581829071045,0.11593277007341385,1.18166184425354,-2.8059356212615967,-0.19504064321517944,1.9605882167816162,-2.8408336639404297,0.14046411216259003,1.1577413082122803,-2.7990329265594482
-0.2116144597530365,1.170983910560608,-2.808581829071045,0.11593277007341385,1.18166184425354,-2.8055522441864014,-0.19504064321517944,1.9606001377105713,-2.8407955169677734,0.14051231741905212,1.1577413082122803,-2.7990329265594482
-0.2116144597530365,1.1710320711135864,-2.808581829071045,0.115920789539814,1.1816498041152954,-2.805513858795166,-0.1950286626815796,1.9606001377105713,-2.8408336639404297,0.14051231741905212,1.1577413082122803,-2.799377918243408
-0.21162644028663635,1.170947551727295,-2.808581829071045,0.11593277007341385,1.1816498041152954,-2.8054757118225098,-0.19504064321517944,1.9606482982635498,-2.8408336639404297,0.14046411216259003,1.1577413082122803,-2.798994541168213
-0.2116144597530365,1.170947551727295,-2.8089654445648193,0.11593277007341385,1.1817100048065186,-2.8058974742889404,-0.1950286626815796,1.9606482982635498,-2.8408336639404297,0.14047609269618988,1.1577413082122803,-2.799339532852173
-0.21162644028663635,1.170947551727295,-2.808581829071045,0.115920789539814,1.1816136837005615,-2.805513858795166,-0.1950286626815796,1.9606001377105713,-2.8407955169677734,0.14042788743972778,1.1577413082122803,-2.7990329265594482
-0.21162644028663635,1.170947551727295,-2.808581829071045,0.11593277007341385,1.1816136837005615,-2.805513858795166,-0.19504064321517944,1.9605882167816162,-2.8408336639404297,0.14047609269618988,1.1577413082122803,-2.798994541168213
-0.21162644028663635,1.1709356307983398,-2.808581829071045,0.11593277007341385,1.1816498041152954,-2.805513858795166,-0.1950286626815796,1.9606001377105713,-2.8408336639404297,0.14046411216259003,1.157753348350525,-2.798994541168213
-0.2116144597530365,1.170947551727295,-2.808581829071045,0.11593277007341385,1.181697964668274,-2.805513858795166,-0.19504064321517944,1.9606001377105713,-2.8407955169677734,0.14047609269618988,1.157753348350525,-2.798994541168213
-0.2116144597530365,1.170947551727295,-2.8086202144622803,0.11593277007341385,1.18166184425354,-2.805513858795166,-0.1950286626815796,1.9606001377105713,-2.8408336639404297,0.14047609269618988,1.157753348350525,-2.7994163036346436
-0.2116144597530365,1.1709356307983398,-2.808581829071045,0.115920789539814,1.1816498041152954,-2.805513858795166,-0.1950286626815796,1.9606001377105713,-2.8408336639404297,0.14046411216259003,1.157753348350525,-2.7989561557769775
-0.21162644028663635,1.1708993911743164,-2.808581829071045,0.11593277007341385,1.1816498041152954,-2.805513858795166,-0.1950286626815796,1.9606001377105713,-2.8408336639404297,0.14047609269618988,1.1577413082122803,-2.798994541168213
-0.2116144597530365,1.170947551727295,-2.808581829071045,0.115920789539814,1.1816498041152954,-2.805513858795166,-0.1950286626815796,1.9605882167816162,-2.8408336639404297,0.14046411216259003,1.1577413082122803,-2.798994541168213
-0.2116144597530365,1.170947551727295,-2.808581829071045,0.11593277007341385,1.1816498041152954,-2.8054757118225098,-0.1950286626815796,1.9606001377105713,-2.8407955169677734,0.14046411216259003,1.157753348350525,-2.798994541168213
-0.2116144597530365,1.1708992719650269,-2.808581829071045,0.11593277007341385,1.1816498041152954,-2.805513858795166,-0.1950286626815796,1.9606001377105713,-2.8408336639404297,0.14051231741905212,1.157753348350525,-2.7989561557769775
-0.2116144597530365,1.1708992719650269,-2.808581829071045,0.11593277007341385,1.1816498041152954,-2.805513858795166,-0.1950286626815796,1.9605882167816162,-2.8407955169677734,0.14047609269618988,1.1577413082122803,-2.7989561557769775
-0.21162644028663635,1.1708992719650269,-2.808581829071045,0.11593277007341385,1.1816498041152954,-2.8058974742889404,-0.19504064321517944,1.9605882167816162,-2.8408336639404297,0.14047609269618988,1.1577413082122803,-2.7989561557769775
-0.21162644028663635,1.1708992719650269,-2.808581829071045,0.11593277007341385,1.1817100048065186,-2.8054757118225098,-0.1950286626815796,1.9606001377105713,-2.8408336639404297,0.14046411216259003,1.1577413082122803,-2.798994541168213
-0.21162644028663635,1.170947551727295,-2.808581829071045,0.115920789539814,1.1816498041152954,-2.805513858795166,-0.1950286626815796,1.9605882167816162,-2.8408336639404297,0.14046411216259003,1.1577413082122803,-2.798994541168213
-0.21162644028663635,1.1709957122802734,-2.808581829071045,0.11593277007341385,1.1816498041152954,-2.8058974742889404,-0.19501668214797974,1.9605882167816162,-2.8408336639404297,0.14047609269618988,1.1577413082122803,-2.798994541168213
-0.21162644028663635,1.1710439920425415,-2.808581829071045,0.11593277007341385,1.181601643562317,-2.805513858795166,-0.1950286626815796,1.9606001377105713,-2.8408336639404297,0.14041590690612793,1.1577413082122803,-2.798572540283203
-0.2116144597530365,1.1709356307983398,-2.808581829071045,0.11593277007341385,1.1816498041152954,-2.805513858795166,-0.1950286626815796,1.9606001377105713,-2.8408336639404297,0.14041590690612793,1.1577413082122803,-2.7990329265594482
-0.2116144597530365,1.1709356307983398,-2.8086202144622803,0.11593277007341385,1.1816498041152954,-2.805513858795166,-0.1950286626815796,1.9605882167816162,-2.8408336639404297,0.14046411216259003,1.157753348350525,-2.7990329265594482
-0.2116144597530365,1.1708993911743164,-2.8086202144622803,0.11593277007341385,1.18166184425354,-2.805513858795166,-0.1950286626815796,1.9606001377105713,-2.8408336639404297,0.14046411216259003,1.1577293872833252,-2.7990329265594482
-0.21162644028663635,1.1708511114120483,-2.8086202144622803,0.11593277007341385,1.18166184425354,-2.805513858795166,-0.1950286626815796,1.9606001377105713,-2.8408336639404297,0.14047609269618988,1.1577413082122803,-2.798994541168213
-0.21162644028663635,1.1708029508590698,-2.8089654445648193,0.11593277007341385,1.1817100048065186,-2.805513858795166,-0.1950286626815796,1.9606001377105713,-2.8408336639404297,0.14046411216259003,1.1577413082122803,-2.7994163036346436
-0.2116144597530365,1.1707546710968018,-2.808581829071045,0.11593277007341385,1.1817100048065186,-2.805513858795166,-0.1950286626815796,1.9606482982635498,-2.8408336639404297,0.14046411216259003,1.1577413082122803,-2.7989561557769775
-0.21162644028663635,1.1707065105438232,-2.808927059173584,0.115920789539814,1.1817100048065186,-2.8059356212615967,-0.1950286626815796,1.9606001377105713,-2.8407955169677734,0.14047609269618988,1.1577413082122803,-2.798994541168213
-0.21162644028663635,1.1706583499908447,-2.8086202144622803,0.11593277007341385,1.1817100048065186,-2.805513858795166,-0.19504064321517944,1.9605882167816162,-2.8408336639404297,0.14046411216259003,1.1577413082122803,-2.7994163036346436
-0.2116144597530365,1.1706583499908447,-2.8090038299560547,0.11593277007341385,1.18166184425354,-2.805513858795166,-0.19504064321517944,1.9606001377105713,-2.8407955169677734,0.14046411216259003,1.157753348350525,-2.7989561557769775
-0.21162644028663635,1.1706583499908447,-2.8085434436798096,0.11593277007341385,1.1816136837005615,-2.805513858795166,-0.1950286626815796,1.9606001377105713,-2.8407955169677734,0.14046411216259003,1.1577413082122803,-2.798994541168213
-0.2116144597530365,1.1709957122802734,-2.808581829071045,0.115920789539814,1.1816136837005615,-2.805513858795166,-0.1950286626815796,1.9605882167816162,-2.8408336639404297,0.14046411216259003,1.1577413082122803,-2.7989561557769775
-0.2116144597530365,1.1710439920425415,-2.8090038299560547,0.11593277007341385,1.1816498041152954,-2.8059356212615967,-0.1950286626815796,1.9606001377105713,-2.8408336639404297,0.14046411216259003,1.1577413082122803,-2.798649311065674
-0.2116144597530365,1.17109215259552,-2.8089654445648193,0.115920789539814,1.1816498041152954,-2.805513858795166,-0.1950286626815796,1.9605882167816162,-2.8408336639404297,0.14047609269618988,1.1577413082122803,-2.7989561557769775
-0.2116144597530365,1.170995831489563,-2.808581829071045,0.11593277007341385,1.1816498041152954,-2.805513858795166,-0.1950286626815796,1.9606001377105713,-2.8407955169677734,0.14047609269618988,1.1577413082122803,-2.798994541168213
-0.2116144597530365,1.170995831489563,-2.8085434436798096,0.11593277007341385,1.18166184425354,-2.8055520057678223,-0.19504064321517944,1.9606001377105713,-2.8407955169677734,0.14046411216259003,1.1577413082122803,-2.798994541168213
-0.21162644028663635,1.170995831489563,-2.808581829071045,0.115920789539814,1.1817100048065186,-2.8055520057678223,-0.1950286626815796,1.9605882167816162,-2.8408336639404297,0.14046411216259003,1.1577413082122803,-2.7994163036346436
-0.21162644028663635,1.170947551727295,-2.808581829071045,0.115920789539814,1.1817100048065186,-2.8055520057678223,-0.1950286626815796,1.9606001377105713,-2.8407955169677734,0.14046411216259003,1.1577413082122803,-2.7989561557769775
-0.2116144597530365,1.1708993911743164,-2.8090038299560547,0.115920789539814,1.18166184425354,-2.8059356212615967,-0.1950286626815796,1.9605882167816162,-2.8408336639404297,0.14046411216259003,1.1577413082122803,-2.798917770385742
-0.21162644028663635,1.1708029508590698,-2.808581829071045,0.11593277007341385,1.1816498041152954,-2.805513858795166,-0.1950286626815796,1.9606001377105713,-2.8408336639404297,0.14046411216259003,1.1577413082122803,-2.7989561557769775
-0.21162644028663635,1.1708874702453613,-2.8085434436798096,0.11593277007341385,1.1816498041152954,-2.8054757118225098,-0.1950286626815796,1.9606001377105713,-2.8408336639404297,0.14046411216259003,1.1577413082122803,-2.7989561557769775
-0.21162644028663635,1.1709356307983398,-2.808581829071045,0.115920789539814,1.18166184425354,-2.805513858795166,-0.1950286626815796,1.9606001377105713,-2.8407955169677734,0.14046411216259003,1.1577413082122803,-2.798994541168213
-0.21162644028663635,1.170947551727295,-2.8085434436798096,0.11593277007341385,1.1816498041152954,-2.8054757118225098,-0.1950286626815796,1.9605882167816162,-2.8408336639404297,0.14047609269618988,1.1577413082122803,-2.798994541168213
-0.2116144597530365,1.170947551727295,-2.8085434436798096,0.115920789539814,1.1816498041152954,-2.805513858795166,-0.1950286626815796,1.9606001377105713,-2.8408336639404297,0.14046411216259003,1.1577413082122803,-2.7989561557769775
-0.2116144597530365,1.1709957122802734,-2.808927059173584,0.115920789539814,1.1816498041152954,-2.805513858795166,-0.1950286626815796,1.9606001377105713,-2.8408336639404297,0.14046411216259003,1.1577413082122803,-2.7989561557769775
-0.2116144597530365,1.1709957122802734,-2.8086202144622803,0.115920789539814,1.1816498041152954,-2.805513858795166,-0.1950286626815796,1.9606001377105713,-2.8407955169677734,0.14046411216259003,1.1577413082122803,-2.7989561557769775
-0.21162644028663635,1.1709356307983398,-2.808581829071045,0.11593277007341385,1.1816498041152954,-2.805513858795166,-0.1950286626815796,1.9606001377105713,-2.8408336639404297,0.14046411216259003,1.1577413082122803,-2.7989561557769775
-0.21162644028663635,1.1709356307983398,-2.808581829071045,0.115920789539814,1.18166184425354,-2.805513858795166,-0.1950286626815796,1.9606001377105713,-2.8407955169677734,0.14046411216259003,1.1577413082122803,-2.7990329265594482
-0.2116144597530365,1.170947551727295,-2.808581829071045,0.115920789539814,1.1816136837005615,-2.8059356212615967,-0.1950286626815796,1.9606001377105713,-2.8407955169677734,0.14046411216259003,1.1577413082122803,-2.7990329265594482
-0.21162644028663635,1.1709356307983398,-2.808581829071045,0.115920789539814,1.1816136837005615,-2.8058974742889404,-0.1950286626815796,1.9606001377105713,-2.8408336639404297,0.14046411216259003,1.1577413082122803,-2.798994541168213
-0.2116144597530365,1.170947551727295,-2.808581829071045,0.115920789539814,1.1816136837005615,-2.805513858795166,-0.1950286626815796,1.9605882167816162,-2.8407955169677734,0.14046411216259003,1.1577413082122803,-2.798994541168213
-0.2116144597530365,1.1708992719650269,-2.808581829071045,0.11593277007341385,1.1816498041152954,-2.805513858795166,-0.19504064321517944,1.9606001377105713,-2.8408336639404297,0.14046411216259003,1.1577413082122803,-2.7989561557769775
-0.2116144597530365,1.1708992719650269,-2.808581829071045,0.11593277007341385,1.1817100048065186,-2.805513858795166,-0.1950286626815796,1.9606482982635498,-2.8407955169677734,0.14046411216259003,1.1577413082122803,-2.7989561557769775
-0.2116144597530365,1.1708992719650269,-2.808581829071045,0.11593277007341385,1.1816498041152954,-2.8054757118225098,-0.1950286626815796,1.9606001377105713,-2.8407955169677734,0.14046411216259003,1.157753348350525,-2.798994541168213
-0.2116144597530365,1.170983910560608,-2.8089654445648193,0.115920789539814,1.18166184425354,-2.8054757118225098,-0.1950286626815796,1.9606001377105713,-2.8408336639404297,0.14041590690612793,1.1577413082122803,-2.7990329265594482
-0.2116144597530365,1.170947551727295,-2.808581829071045,0.11593277007341385,1.1816498041152954,-2.805513858795166,-0.1950286626815796,1.9605519771575928,-2.8408336639404297,0.14041590690612793,1.1577413082122803,-2.7989561557769775
-0.2116144597530365,1.1709837913513184,-2.808581829071045,0.11593277007341385,1.18166184425354,-2.805513858795166,-0.19504064321517944,1.9605519771575928,-2.8408336639404297,0.14052429795265198,1.1577413082122803,-2.798994541168213
-0.2116144597530365,1.170995831489563,-2.808581829071045,0.11593277007341385,1.18166184425354,-2.8058974742889404,-0.1950286626815796,1.9605882167816162,-2.8407955169677734,0.14046411216259003,1.1577413082122803,-2.7990329265594482
-0.21162644028663635,1.170947551727295,-2.808581829071045,0.11593277007341385,1.181601643562317,-2.8054757118225098,-0.1950286626815796,1.9605882167816162,-2.8407955169677734,0.14047609269618988,1.1577413082122803,-2.7989561557769775
-0.2116144597530365,1.170947551727295,-2.808581829071045,0.115920789539814,1.1816498041152954,-2.8054757118225098,-0.1950286626815796,1.9606482982635498,-2.8408336639404297,0.14046411216259003,1.1577413082122803,-2.7989561557769775
-0.21162644028663635,1.1709356307983398,-2.8085434436798096,0.115920789539814,1.18166184425354,-2.8054757118225098,-0.1950286626815796,1.9606482982635498,-2.8408336639404297,0.14047609269618988,1.1577413082122803,-2.7989561557769775
-0.21162644028663635,1.1708992719650269,-2.808581829071045,0.11593277007341385,1.18166184425354,-2.8054757118225098,-0.1950286626815796,1.9605882167816162,-2.8407955169677734,0.14046411216259003,1.1577413082122803,-2.7989561557769775
-0.21162644028663635,1.1708874702453613,-2.808581829071045,0.115920789539814,1.18166184425354,-2.8054757118225098,-0.1950286626815796,1.9605882167816162,-2.8407955169677734,0.14041590690612793,1.157753348350525,-2.798994541168213
-0.21162644028663635,1.170947551727295,-2.808581829071045,0.11593277007341385,1.18166184425354,-2.805513858795166,-0.1950286626815796,1.9606001377105713,-2.8407955169677734,0.14041590690612793,1.1577413082122803,-2.7994163036346436
-0.2116144597530365,1.1708993911743164,-2.808581829071045,0.115920789539814,1.18166184425354,-2.805935859680176,-0.1950286626815796,1.9606001377105713,-2.8408336639404297,0.14041590690612793,1.157753348350525,-2.798994541168213
-0.21162644028663635,1.170947551727295,-2.8085434436798096,0.11593277007341385,1.18166184425354,-2.8054754734039307,-0.1950286626815796,1.9606001377105713,-2.8408336639404297,0.14047609269618988,1.1577413082122803,-2.798994541168213
-0.21162644028663635,1.170947551727295,-2.8085434436798096,0.11593277007341385,1.18166184425354,-2.8054754734039307,-0.1950286626815796,1.9605882167816162,-2.840872049331665,0.14046411216259003,1.1577413082122803,-2.798994541168213
-0.2116144597530365,1.1709837913513184,-2.808581829071045,0.11593277007341385,1.18166184425354,-2.8054757118225098,-0.1950286626815796,1.9606001377105713,-2.8408336639404297,0.14046411216259003,1.1577413082122803,-2.799377918243408
-0.2116144597530365,1.1710320711135864,-2.808581829071045,0.11593277007341385,1.1816498041152954,-2.8054757118225098,-0.1950286626815796,1.9606001377105713,-2.8407955169677734,0.14046411216259003,1.1577413082122803,-2.7994163036346436
-0.21162644028663635,1.1709957122802734,-2.808581829071045,0.11593277007341385,1.18166184425354,-2.805513858795166,-0.1950286626815796,1.9606001377105713,-2.8407955169677734,0.14046411216259003,1.1577413082122803,-2.798649311065674
-0.2116144597530365,1.1710439920425415,-2.808581829071045,0.11593277007341385,1.1816498041152954,-2.8054757118225098,-0.1950286626815796,1.9606001377105713,-2.8408336639404297,0.14041590690612793,1.157753348350525,-2.7989561557769775
-0.21162644028663635,1.170947551727295,-2.808581829071045,0.11593277007341385,1.1816498041152954,-2.805513858795166,-0.1950286626815796,1.9605882167816162,-2.8408336639404297,0.14041590690612793,1.1577413082122803,-2.798994541168213
-0.2116144597530365,1.1709356307983398,-2.808581829071045,0.115920789539814,1.1817100048065186,-2.8055522441864014,-0.1950286626815796,1.9606001377105713,-2.8408336639404297,0.14041590690612793,1.157753348350525,-2.798994541168213
-0.2116144597530365,1.1708874702453613,-2.808581829071045,0.11593277007341385,1.1817100048065186,-2.805513858795166,-0.1950286626815796,1.9605882167816162,-2.8408336639404297,0.14052429795265198,1.157753348350525,-2.7989561557769775
-0.21162644028663635,1.1708992719650269,-2.808581829071045,0.115920789539814,1.1817100048065186,-2.8054757118225098,-0.1950286626815796,1.9606001377105713,-2.8408336639404297,0.14052429795265198,1.1577413082122803,-2.798994541168213
-0.21162644028663635,1.1708511114120483,-2.8089654445648193,0.115920789539814,1.18166184425354,-2.8054757118225098,-0.1950286626815796,1.9606363773345947,-2.8408336639404297,0.14052429795265198,1.1577413082122803,-2.7990329265594482
-0.2116144597530365,1.1708028316497803,-2.808581829071045,0.11593277007341385,1.18166184425354,-2.8054757118225098,-0.1950286626815796,1.9606001377105713,-2.8408336639404297,0.14046411216259003,1.1577413082122803,-2.7989561557769775
-0.2116144597530365,1.1707546710968018,-2.8086202144622803,0.115920789539814,1.18166184425354,-2.8054757118225098,-0.1950286626815796,1.9605400562286377,-2.8408336639404297,0.14046411216259003,1.1577413082122803,-2.798994541168213
-0.2116144597530365,1.170947551727295,-2.8086202144622803,0.11593277007341385,1.1816498041152954,-2.805859327316284,-0.19504064321517944,1.9606001377105713,-2.8408336639404297,0.14046411216259003,1.1577413082122803,-2.7990329265594482
-0.2116144597530365,1.170947551727295,-2.8089654445648193,0.11593277007341385,1.1817100048065186,-2.8055520057678223,-0.1950286626815796,1.9605882167816162,-2.8408336639404297,0.14046411216259003,1.1577413082122803,-2.798994541168213
-0.2116144597530365,1.1709957122802734,-2.8089654445648193,0.115920789539814,1.1817100048065186,-2.8055520057678223,-0.1950286626815796,1.9606001377105713,-2.8408336639404297,0.14046411216259003,1.157753348350525,-2.798994541168213
-0.2116144597530365,1.1710439920425415,-2.808581829071045,0.115920789539814,1.18166184425354,-2.8055520057678223,-0.1950286626815796,1.9606001377105713,-2.8407955169677734,0.14046411216259003,1.157753348350525,-2.7990329265594482
-0.2116144597530365,1.1710439920425415,-2.8089654445648193,0.115920789539814,1.1816136837005615,-2.8055520057678223,-0.1950286626815796,1.9606001377105713,-2.8408336639404297,0.14046411216259003,1.157753348350525,-2.798994541168213
-0.21162644028663635,1.1710439920425415,-2.808581829071045,0.11593277007341385,1.18166184425354,-2.8058974742889404,-0.1950286626815796,1.9606001377105713,-2.8408336639404297,0.14046411216259003,1.1577413082122803,-2.7990329265594482
-0.21162644028663635,1.17109215259552,-2.8089654445648193,0.115920789539814,1.18166184425354,-2.805513858795166,-0.1950286626815796,1.9605882167816162,-2.8408336639404297,0.14046411216259003,1.157753348350525,-2.7990329265594482
-0.21162644028663635,1.17109215259552,-2.808581829071045,0.115920789539814,1.18166184425354,-2.805513858795166,-0.1950286626815796,1.9605882167816162,-2.8408336639404297,0.14046411216259003,1.1577413082122803,-2.798994541168213
-0.2116144597530365,1.17109215259552,-2.808581829071045,0.11593277007341385,1.18166184425354,-2.8059356212615967,-0.19504064321517944,1.9605882167816162,-2.8407955169677734,0.14046411216259003,1.1577413082122803,-2.799377918243408
-0.2116144597530365,1.17109215259552,-2.808581829071045,0.115920789539814,1.181697964668274,-2.8054757118225098,-0.19504064321517944,1.9606001377105713,-2.8408336639404297,0.14047609269618988,1.1577413082122803,-2.7989561557769775
-0.2116144597530365,1.17109215259552,-2.808581829071045,0.115920789539814,1.18166184425354,-2.805513858795166,-0.1950286626815796,1.9605882167816162,-2.8408336639404297,0.14047609269618988,1.1577413082122803,-2.7990329265594482
-0.21162644028663635,1.17109215259552,-2.8089654445648193,0.11593277007341385,1.18166184425354,-2.805513858795166,-0.1950286626815796,1.9606001377105713,-2.8408336639404297,0.14047609269618988,1.1577413082122803,-2.7990329265594482
-0.2116144597530365,1.17109215259552,-2.808581829071045,0.115920789539814,1.18166184425354,-2.805513858795166,-0.1950286626815796,1.9605882167816162,-2.8408336639404297,0.14046411216259003,1.1577413082122803,-2.7986109256744385
-0.21162644028663635,1.17109215259552,-2.808581829071045,0.11593277007341385,1.181601643562317,-2.805513858795166,-0.1950286626815796,1.9605882167816162,-2.8408336639404297,0.14046411216259003,1.1577413082122803,-2.798994541168213
-0.21162644028663635,1.17109215259552,-2.8089654445648193,0.115920789539814,1.18166184425354,-2.805513858795166,-0.19504064321517944,1.9605882167816162,-2.8408336639404297,0.14046411216259003,1.1577413082122803,-2.7990329265594482
-0.21162644028663635,1.1709356307983398,-2.808581829071045,0.115920789539814,1.18166184425354,-2.805513858795166,-0.19504064321517944,1.9606001377105713,-2.8408336639404297,0.14041590690612793,1.1577413082122803,-2.7990329265594482
-0.2116144597530365,1.170947551727295,-2.8089654445648193,0.115920789539814,1.18166184425354,-2.8054757118225098,-0.1950286626815796,1.9606001377105713,-2.8407955169677734,0.14041590690612793,1.1577413082122803,-2.7990329265594482
-0.21162644028663635,1.170947551727295,-2.808581829071045,0.115920789539814,1.18166184425354,-2.805513858795166,-0.1950286626815796,1.9606001377105713,-2.8408336639404297,0.14046411216259003,1.1577413082122803,-2.7990329265594482
-0.21162644028663635,1.170947551727295,-2.808581829071045,0.115920789539814,1.18166184425354,-2.805513858795166,-0.1950286626815796,1.9606001377105713,-2.8408336639404297,0.14045211672782898,1.1577413082122803,-2.799377918243408
-0.21162644028663635,1.170947551727295,-2.808581829071045,0.11593277007341385,1.18166184425354,-2.805513858795166,-0.1950286626815796,1.9606001377105713,-2.8407955169677734,0.14046411216259003,1.1577413082122803,-2.799339532852173
-0.2116144597530365,1.1708992719650269,-2.808581829071045,0.11593277007341385,1.1817100048065186,-2.8054757118225098,-0.19501668214797974,1.9606001377105713,-2.8408336639404297,0.14046411216259003,1.1577413082122803,-2.798994541168213
-0.21162644028663635,1.1709356307983398,-2.808581829071045,0.115920789539814,1.1816498041152954,-2.805513858795166,-0.1950286626815796,1.9606001377105713,-2.8407955169677734,0.14045211672782898,1.1577413082122803,-2.798994541168213
-0.2116144597530365,1.170947551727295,-2.808581829071045,0.11593277007341385,1.18166184425354,-2.805513858795166,-0.19501668214797974,1.9606001377105713,-2.8407955169677734,0.14046411216259003,1.1577413082122803,-2.7989561557769775
-0.21162644028663635,1.170947551727295,-2.8089654445648193,0.11593277007341385,1.1816136837005615,-2.8058974742889404,-0.19501668214797974,1.9605882167816162,-2.8408336639404297,0.14046411216259003,1.157753348350525,-2.7989561557769775
-0.21162644028663635,1.170947551727295,-2.808581829071045,0.11593277007341385,1.1816498041152954,-2.805513858795166,-0.1950286626815796,1.9606001377105713,-2.8408336639404297,0.14046411216259003,1.1577413082122803,-2.798994541168213
-0.21162644028663635,1.170995831489563,-2.808581829071045,0.115920789539814,1.1816498041152954,-2.805513858795166,-0.1950286626815796,1.9605882167816162,-2.8408336639404297,0.14046411216259003,1.157753348350525,-2.798994541168213
-0.2116144597530365,1.170995831489563,-2.808581829071045,0.115920789539814,1.1816498041152954,-2.8054757118225098,-0.1950286626815796,1.9606001377105713,-2.8408336639404297,0.14046411216259003,1.1577413082122803,-2.7989561557769775
-0.2116144597530365,1.170995831489563,-2.808581829071045,0.115920789539814,1.1816498041152954,-2.8054757118225098,-0.1950286626815796,1.9605882167816162,-2.8407955169677734,0.14046411216259003,1.1577413082122803,-2.798994541168213
-0.2116144597530365,1.1709356307983398,-2.808581829071045,0.115920789539814,1.181697964668274,-2.8058974742889404,-0.1950286626815796,1.9606001377105713,-2.8407955169677734,0.14046411216259003,1.1577413082122803,-2.798994541168213
-0.2116144597530365,1.170947551727295,-2.808581829071045,0.115920789539814,1.18166184425354,-2.8055520057678223,-0.1950286626815796,1.9605882167816162,-2.8408336639404297,0.14046411216259003,1.1577413082122803,-2.7989561557769775
-0.21162644028663635,1.170947551727295,-2.808581829071045,0.115920789539814,1.1816498041152954,-2.8058974742889404,-0.1950286626815796,1.9606001377105713,-2.8407955169677734,0.14047609269618988,1.1577413082122803,-2.7986109256744385
-0.2116144597530365,1.170947551727295,-2.808581829071045,0.115920789539814,1.1816498041152954,-2.8055520057678223,-0.1950286626815796,1.9606001377105713,-2.8407955169677734,0.14046411216259003,1.1577413082122803,-2.7989561557769775
-0.2116144597530365,1.1709356307983398,-2.8089654445648193,0.115920789539814,1.18166184425354,-2.8055520057678223,-0.1950286626815796,1.9606001377105713,-2.8407955169677734,0.14046411216259003,1.1577413082122803,-2.798994541168213
-0.2116144597530365,1.170947551727295,-2.808581829071045,0.115920789539814,1.18166184425354,-2.8055520057678223,-0.1950286626815796,1.9605882167816162,-2.8407955169677734,0.14046411216259003,1.157753348350525,-2.7989561557769775
-0.2116144597530365,1.170947551727295,-2.808581829071045,0.11593277007341385,1.18166184425354,-2.8055520057678223,-0.1950286626815796,1.9606001377105713,-2.8408336639404297,0.14046411216259003,1.157753348350525,-2.7989561557769775
-0.2116144597530365,1.1709356307983398,-2.8089654445648193,0.115920789539814,1.1817100048065186,-2.8055903911590576,-0.1950286626815796,1.9605882167816162,-2.8408336639404297,0.14046411216259003,1.1577413082122803,-2.7989561557769775
-0.2116144597530365,1.170947551727295,-2.8089654445648193,0.115920789539814,1.1817100048065186,-2.8055520057678223,-0.1950286626815796,1.9606001377105713,-2.8408336639404297,0.14046411216259003,1.1577413082122803,-2.7989561557769775
-0.21162644028663635,1.170947551727295,-2.808581829071045,0.11593277007341385,1.1816498041152954,-2.805513858795166,-0.1950286626815796,1.9606001377105713,-2.8408336639404297,0.14045211672782898,1.1577293872833252,-2.7989561557769775
-0.21162644028663635,1.170947551727295,-2.808581829071045,0.11593277007341385,1.1816498041152954,-2.805513858795166,-0.19501668214797974,1.9606001377105713,-2.8408336639404297,0.14045211672782898,1.1577293872833252,-2.7989561557769775
-0.2116144597530365,1.1708993911743164,-2.808581829071045,0.115920789539814,1.18166184425354,-2.8055520057678223,-0.1950286626815796,1.9606001377105713,-2.8408336639404297,0.14046411216259003,1.1577413082122803,-2.7989561557769775
-0.2116144597530365,1.1708993911743164,-2.808581829071045,0.115920789539814,1.1816498041152954,-2.805513858795166,-0.1950286626815796,1.9606001377105713,-2.8408336639404297,0.14046411216259003,1.1577413082122803,-2.7989561557769775
-0.2116144597530365,1.1709356307983398,-2.808581829071045,0.115920789539814,1.18166184425354,-2.8055520057678223,-0.1950286626815796,1.9606001377105713,-2.8408336639404297,0.14046411216259003,1.1577413082122803,-2.798994541168213
-0.2116144597530365,1.1709356307983398,-2.808581829071045,0.11593277007341385,1.1816136837005615,-2.8058974742889404,-0.1950286626815796,1.9605882167816162,-2.8407955169677734,0.14046411216259003,1.1577413082122803,-2.7989561557769775
-0.2116144597530365,1.1709356307983398,-2.8086202144622803,0.11593277007341385,1.1816498041152954,-2.8055520057678223,-0.19501668214797974,1.9606001377105713,-2.8408336639404297,0.14046411216259003,1.1577413082122803,-2.7994163036346436
-0.2116144597530365,1.170947551727295,-2.8086202144622803,0.115920789539814,1.1816498041152954,-2.805513858795166,-0.19501668214797974,1.9605882167816162,-2.8408336639404297,0.14046411216259003,1.1577413082122803,-2.798994541168213
-0.2116144597530365,1.1709957122802734,-2.808581829071045,0.115920789539814,1.181601643562317,-2.805513858795166,-0.1950286626815796,1.9606001377105713,-2.8407955169677734,0.14046411216259003,1.1577413082122803,-2.7989561557769775
-0.2116144597530365,1.1710439920425415,-2.8085434436798096,0.115920789539814,1.18166184425354,-2.8055520057678223,-0.1950286626815796,1.9605882167816162,-2.8407955169677734,0.14045211672782898,1.1577413082122803,-2.798994541168213
-0.2116144597530365,1.1710439920425415,-2.808581829071045,0.115920789539814,1.1816498041152954,-2.8055520057678223,-0.1950286626815796,1.9605882167816162,-2.8408336639404297,0.14046411216259003,1.1577413082122803,-2.798994541168213
-0.21162644028663635,1.170947551727295,-2.808581829071045,0.11593277007341385,1.1816498041152954,-2.8055520057678223,-0.1950286626815796,1.9606001377105713,-2.8408336639404297,0.14046411216259003,1.1577413082122803,-2.798994541168213
-0.2116144597530365,1.170947551727295,-2.808581829071045,0.11593277007341385,1.1816498041152954,-2.8055520057678223,-0.1950286626815796,1.9606001377105713,-2.8407955169677734,0.14046411216259003,1.157753348350525,-2.7990329265594482
-0.2116144597530365,1.170947551727295,-2.808581829071045,0.11593277007341385,1.181697964668274,-2.8055520057678223,-0.1950286626815796,1.9605882167816162,-2.8408336639404297,0.14046411216259003,1.1577413082122803,-2.798994541168213
-0.2116144597530365,1.1708992719650269,-2.808581829071045,0.11593277007341385,1.18166184425354,-2.8055520057678223,-0.1950286626815796,1.9606001377105713,-2.8408336639404297,0.14045211672782898,1.157753348350525,-2.7990329265594482
-0.2116144597530365,1.1708992719650269,-2.808581829071045,0.115920789539814,1.1816498041152954,-2.8055520057678223,-0.1950286626815796,1.9605882167816162,-2.8408336639404297,0.14046411216259003,1.157753348350525,-2.7990329265594482
-0.2116144597530365,1.1708992719650269,-2.8089654445648193,0.11593277007341385,1.1816498041152954,-2.8055520057678223,-0.19501668214797974,1.9606001377105713,-2.8407955169677734,0.14045211672782898,1.157753348350525,-2.798994541168213
-0.2116144597530365,1.170947551727295,-2.808581829071045,0.115920789539814,1.1816498041152954,-2.8058974742889404,-0.1950286626815796,1.9605882167816162,-2.8408336639404297,0.14046411216259003,1.1577413082122803,-2.7990329265594482
-0.2116144597530365,1.170947551727295,-2.808581829071045,0.115920789539814,1.181601643562317,-2.8055520057678223,-0.19501668214797974,1.9606001377105713,-2.8407955169677734,0.14045211672782898,1.1577413082122803,-2.7990329265594482
-0.2116144597530365,1.1709356307983398,-2.808581829071045,0.115920789539814,1.1816498041152954,-2.8055520057678223,-0.1950286626815796,1.9606001377105713,-2.8408336639404297,0.14045211672782898,1.157753348350525,-2.798994541168213
-0.2116144597530365,1.1709356307983398,-2.808581829071045,0.115920789539814,1.18166184425354,-2.805513858795166,-0.1950286626815796,1.9606001377105713,-2.8407955169677734,0.14046411216259003,1.157753348350525,-2.799377918243408
-0.2116144597530365,1.170947551727295,-2.808581829071045,0.11593277007341385,1.1816498041152954,-2.805513858795166,-0.1950286626815796,1.9606482982635498,-2.8408336639404297,0.14045211672782898,1.1577413082122803,-2.7989561557769775
-0.2116144597530365,1.170947551727295,-2.808581829071045,0.115920789539814,1.1816498041152954,-2.8059356212615967,-0.1950286626815796,1.9606482982635498,-2.8408336639404297,0.14041590690612793,1.1577413082122803,-2.7989561557769775
-0.21162644028663635,1.170947551727295,-2.808581829071045,0.115920789539814,1.18166184425354,-2.8054757118225098,-0.1950286626815796,1.9606482982635498,-2.8407955169677734,0.14041590690612793,1.1577413082122803,-2.798994541168213
-0.2116144597530365,1.170947551727295,-2.808581829071045,0.11593277007341385,1.18166184425354,-2.805513858795166,-0.1950286626815796,1.9606482982635498,-2.8408336639404297,0.14041590690612793,1.1577413082122803,-2.798994541168213
-0.2116144597530365,1.170947551727295,-2.808581829071045,0.11593277007341385,1.1816498041152954,-2.805513858795166,-0.1950286626815796,1.9606482982635498,-2.8408336639404297,0.14041590690612793,1.1577413082122803,-2.7990329265594482
-0.2116144597530365,1.170947551727295,-2.808581829071045,0.11593277007341385,1.18166184425354,-2.805859327316284,-0.1950286626815796,1.9605882167816162,-2.8408336639404297,0.14046411216259003,1.1577413082122803,-2.7990329265594482
-0.21162644028663635,1.170947551727295,-2.8089654445648193,0.115920789539814,1.1816498041152954,-2.805859327316284,-0.1950286626815796,1.9605882167816162,-2.8408336639404297,0.14046411216259003,1.1577413082122803,-2.7989561557769775
-0.2116144597530365,1.1708993911743164,-2.808581829071045,0.115920789539814,1.18166184425354,-2.8054757118225098,-0.19504064321517944,1.9606001377105713,-2.8408336639404297,0.14046411216259003,1.1577413082122803,-2.7989561557769775
-0.2116144597530365,1.1709356307983398,-2.8085434436798096,0.11593277007341385,1.181697964668274,-2.805513858795166,-0.1950286626815796,1.9606001377105713,-2.8408336639404297,0.14046411216259003,1.157753348350525,-2.798994541168213
-0.2116144597530365,1.170947551727295,-2.808581829071045,0.115920789539814,1.18166184425354,-2.8054757118225098,-0.1950286626815796,1.9605519771575928,-2.8408336639404297,0.14046411216259003,1.157753348350525,-2.798994541168213
-0.2116144597530365,1.170947551727295,-2.808581829071045,0.11593277007341385,1.18166184425354,-2.805513858795166,-0.1950286626815796,1.9605882167816162,-2.8408336639404297,0.14046411216259003,1.1577413082122803,-2.798994541168213
-0.2116144597530365,1.170947551727295,-2.808581829071045,0.11593277007341385,1.18166184425354,-2.805513858795166,-0.1950286626815796,1.9605882167816162,-2.8408336639404297,0.14046411216259003,1.1577413082122803,-2.799377918243408
-0.2116144597530365,1.1709957122802734,-2.808581829071045,0.11593277007341385,1.1816498041152954,-2.805513858795166,-0.19504064321517944,1.9606001377105713,-2.8408336639404297,0.14046411216259003,1.1577413082122803,-2.798649311065674
-0.2116144597530365,1.1709957122802734,-2.808581829071045,0.11593277007341385,1.18166184425354,-2.805513858795166,-0.19504064321517944,1.9606001377105713,-2.8407955169677734,0.14046411216259003,1.157753348350525,-2.798994541168213
-0.2116144597530365,1.170947551727295,-2.808581829071045,0.115920789539814,1.1816498041152954,-2.805513858795166,-0.19504064321517944,1.9606001377105713,-2.8407955169677734,0.14045211672782898,1.1577413082122803,-2.798649311065674
-0.2116144597530365,1.170947551727295,-2.808581829071045,0.115920789539814,1.18166184425354,-2.805513858795166,-0.1950286626815796,1.9606001377105713,-2.8408336639404297,0.14046411216259003,1.1577413082122803,-2.798994541168213
-0.2116144597530365,1.1708992719650269,-2.808581829071045,0.11593277007341385,1.18166184425354,-2.805513858795166,-0.1950286626815796,1.9606001377105713,-2.8407955169677734,0.14045211672782898,1.1577413082122803,-2.798994541168213
-0.2116144597530365,1.1708992719650269,-2.808581829071045,0.115920789539814,1.181697964668274,-2.805513858795166,-0.1950286626815796,1.9605882167816162,-2.8408336639404297,0.14045211672782898,1.157753348350525,-2.799377918243408
-0.2116144597530365,1.1708511114120483,-2.808581829071045,0.115920789539814,1.18166184425354,-2.805513858795166,-0.1950286626815796,1.9606001377105713,-2.8407955169677734,0.14046411216259003,1.1577413082122803,-2.7989561557769775
-0.2116144597530365,1.1709837913513184,-2.808581829071045,0.11593277007341385,1.18166184425354,-2.8054757118225098,-0.1950286626815796,1.9606001377105713,-2.8408336639404297,0.14045211672782898,1.157753348350525,-2.7989561557769775
-0.2116144597530365,1.170947551727295,-2.808581829071045,0.115920789539814,1.1816136837005615,-2.805859327316284,-0.19504064321517944,1.9605882167816162,-2.8407955169677734,0.14045211672782898,1.1577413082122803,-2.7989561557769775
-0.2116144597530365,1.170995831489563,-2.808581829071045,0.115920789539814,1.1816136837005615,-2.8055520057678223,-0.19504064321517944,1.9605882167816162,-2.8408336639404297,0.14046411216259003,1.1577413082122803,-2.7989561557769775
-0.2116144597530365,1.1709957122802734,-2.8086202144622803,0.115920789539814,1.1816136837005615,-2.805513858795166,-0.1950286626815796,1.9605882167816162,-2.8408336639404297,0.14046411216259003,1.1577413082122803,-2.798994541168213
-0.2116144597530365,1.1709957122802734,-2.8086202144622803,0.115920789539814,1.1816498041152954,-2.805513858795166,-0.1950286626815796,1.9605882167816162,-2.8407955169677734,0.14045211672782898,1.1577413082122803,-2.798994541168213
-0.2116144597530365,1.1710439920425415,-2.8086202144622803,0.115920789539814,1.1816498041152954,-2.805513858795166,-0.1950286626815796,1.9605882167816162,-2.8407955169677734,0.14046411216259003,1.1577413082122803,-2.798994541168213
-0.2116144597530365,1.1710439920425415,-2.8086202144622803,0.11593277007341385,1.18166184425354,-2.805513858795166,-0.1950286626815796,1.9606001377105713,-2.8408336639404297,0.14046411216259003,1.1577413082122803,-2.7989561557769775
-0.2116144597530365,1.1710439920425415,-2.808581829071045,0.115920789539814,1.18166184425354,-2.805513858795166,-0.1950286626815796,1.9606001377105713,-2.8408336639404297,0.14045211672782898,1.1577413082122803,-2.799339532852173
-0.2116144597530365,1.1710439920425415,-2.808581829071045,0.115920789539814,1.18166184425354,-2.805513858795166,-0.19501668214797974,1.9606001377105713,-2.8408336639404297,0.14046411216259003,1.1577413082122803,-2.798994541168213
-0.2116144597530365,1.1709957122802734,-2.808927059173584,0.115920789539814,1.1816498041152954,-2.805859327316284,-0.1950286626815796,1.9605882167816162,-2.8408336639404297,0.14046411216259003,1.1577413082122803,-2.798994541168213
-0.2116144597530365,1.1709595918655396,-2.8086202144622803,0.115920789539814,1.1816498041152954,-2.805513858795166,-0.1950286626815796,1.9605882167816162,-2.8407955169677734,0.14046411216259003,1.1577413082122803,-2.7990329265594482
-0.2116144597530365,1.1708992719650269,-2.808927059173584,0.11593277007341385,1.1816498041152954,-2.8055520057678223,-0.1950286626815796,1.9606001377105713,-2.8408336639404297,0.14046411216259003,1.1577413082122803,-2.7990329265594482
-0.2116144597530365,1.1708511114120483,-2.8086202144622803,0.11593277007341385,1.18166184425354,-2.8055520057678223,-0.1950286626815796,1.9606001377105713,-2.8408336639404297,0.14045211672782898,1.157753348350525,-2.798994541168213
-0.2116144597530365,1.1708511114120483,-2.8085434436798096,0.11593277007341385,1.1817100048065186,-2.805513858795166,-0.19504064321517944,1.9606001377105713,-2.8408336639404297,0.14046411216259003,1.157753348350525,-2.7990329265594482
-0.21160246431827545,1.1709356307983398,-2.808581829071045,0.115920789539814,1.1816498041152954,-2.8055520057678223,-0.1950286626815796,1.9605882167816162,-2.8408336639404297,0.14046411216259003,1.157753348350525,-2.798994541168213
-0.21160246431827545,1.1709356307983398,-2.8085434436798096,0.11593277007341385,1.18166184425354,-2.8055520057678223,-0.19504064321517944,1.9605882167816162,-2.8408336639404297,0.14045211672782898,1.1577413082122803,-2.798994541168213
-0.21160246431827545,1.170947551727295,-2.8089654445648193,0.115920789539814,1.18166184425354,-2.8055520057678223,-0.1950286626815796,1.9606001377105713,-2.8407955169677734,0.14045211672782898,1.157753348350525,-2.798994541168213
-0.2116144597530365,1.1709356307983398,-2.8085434436798096,0.115920789539814,1.18166184425354,-2.805513858795166,-0.1950286626815796,1.9606001377105713,-2.8407955169677734,0.14051231741905212,1.1577413082122803,-2.7990329265594482
-0.2116144597530365,1.170947551727295,-2.8090038299560547,0.115920789539814,1.18166184425354,-2.805513858795166,-0.1950286626815796,1.9605882167816162,-2.8408336639404297,0.14046411216259003,1.1577413082122803,-2.7990329265594482
-0.2116144597530365,1.170983910560608,-2.808581829071045,0.115920789539814,1.18166184425354,-2.8059356212615967,-0.1950286626815796,1.9606001377105713,-2.8408336639404297,0.14046411216259003,1.1577413082122803,-2.798994541168213
-0.2116144597530365,1.1709957122802734,-2.808581829071045,0.115920789539814,1.1816498041152954,-2.805513858795166,-0.1950286626815796,1.9606001377105713,-2.8408336639404297,0.14045211672782898,1.157753348350525,-2.7989561557769775
-0.21162644028663635,1.170947551727295,-2.808581829071045,0.115920789539814,1.1816498041152954,-2.805513858795166,-0.1950286626815796,1.9606363773345947,-2.8408336639404297,0.14046411216259003,1.1577413082122803,-2.798994541168213
-0.2116144597530365,1.170947551727295,-2.808581829071045,0.115920789539814,1.1816498041152954,-2.805513858795166,-0.19504064321517944,1.9606001377105713,-2.8408336639404297,0.14045211672782898,1.1577413082122803,-2.798994541168213
-0.2116144597530365,1.1708511114120483,-2.808581829071045,0.115920789539814,1.1816136837005615,-2.8054757118225098,-0.1950286626815796,1.9605882167816162,-2.8408336639404297,0.14040391147136688,1.1577413082122803,-2.7990329265594482
-0.2116144597530365,1.1708028316497803,-2.808581829071045,0.115920789539814,1.1816498041152954,-2.805513858795166,-0.1950286626815796,1.9606001377105713,-2.8408336639404297,0.14046411216259003,1.157753348350525,-2.7990329265594482
-0.2116144597530365,1.1707546710968018,-2.808581829071045,0.11593277007341385,1.18166184425354,-2.805513858795166,-0.1950286626815796,1.9605882167816162,-2.8408336639404297,0.14045211672782898,1.1577413082122803,-2.798994541168213
-0.2116144597530365,1.1709595918655396,-2.808581829071045,0.115920789539814,1.1816498041152954,-2.8058974742889404,-0.19504064321517944,1.9606001377105713,-2.8408336639404297,0.14051231741905212,1.1577413082122803,-2.798994541168213
-0.21162644028663635,1.170947551727295,-2.808581829071045,0.115920789539814,1.18166184425354,-2.8055520057678223,-0.1950286626815796,1.9605882167816162,-2.8408336639404297,0.14045211672782898,1.1577413082122803,-2.798994541168213
-0.21162644028663635,1.1709957122802734,-2.808581829071045,0.115920789539814,1.18166184425354,-2.8055520057678223,-0.1950286626815796,1.9606001377105713,-2.8408336639404297,0.14046411216259003,1.1577413082122803,-2.7990329265594482
-0.2116144597530365,1.1710439920425415,-2.808581829071045,0.11593277007341385,1.18166184425354,-2.805513858795166,-0.19501668214797974,1.9605882167816162,-2.8408336639404297,0.14045211672782898,1.1577413082122803,-2.7990329265594482
-0.2116144597530365,1.1710439920425415,-2.808581829071045,0.11593277007341385,1.18166184425354,-2.805513858795166,-0.1950286626815796,1.9605882167816162,-2.8407955169677734,0.14046411216259003,1.157753348350525,-2.7990329265594482
-0.21162644028663635,1.1709356307983398,-2.808581829071045,0.115920789539814,1.18166184425354,-2.805513858795166,-0.1950286626815796,1.9605882167816162,-2.8408336639404297,0.14045211672782898,1.157753348350525,-2.798994541168213
-0.21162644028663635,1.1709356307983398,-2.808581829071045,0.115920789539814,1.1816498041152954,-2.805513858795166,-0.1950286626815796,1.9606001377105713,-2.8407955169677734,0.14046411216259003,1.1577413082122803,-2.798994541168213
-0.2116144597530365,1.170947551727295,-2.8090038299560547,0.115920789539814,1.1816498041152954,-2.8055520057678223,-0.1950286626815796,1.9605519771575928,-2.8408336639404297,0.14045211672782898,1.1577413082122803,-2.798994541168213
-0.2116144597530365,1.170947551727295,-2.8085434436798096,0.115920789539814,1.18166184425354,-2.8055520057678223,-0.1950286626815796,1.9605882167816162,-2.8407955169677734,0.14045211672782898,1.1577413082122803,-2.798994541168213
-0.21160246431827545,1.1709356307983398,-2.8085434436798096,0.115920789539814,1.18166184425354,-2.8058974742889404,-0.1950286626815796,1.9606001377105713,-2.8408336639404297,0.14045211672782898,1.1577413082122803,-2.798994541168213
-0.2116144597530365,1.1709356307983398,-2.808581829071045,0.115920789539814,1.18166184425354,-2.805513858795166,-0.1950286626815796,1.9605882167816162,-2.8408336639404297,0.14046411216259003,1.1577413082122803,-2.798994541168213
-0.2116144597530365,1.1708993911743164,-2.808581829071045,0.115920789539814,1.181601643562317,-2.8055520057678223,-0.19504064321517944,1.9606001377105713,-2.8407955169677734,0.14046411216259003,1.1577413082122803,-2.798994541168213
-0.21160246431827545,1.1708511114120483,-2.808581829071045,0.115920789539814,1.18166184425354,-2.8055520057678223,-0.19501668214797974,1.9606001377105713,-2.8408336639404297,0.14041590690612793,1.1577413082122803,-2.7990329265594482
-0.2116144597530365,1.170947551727295,-2.808581829071045,0.115920789539814,1.1816498041152954,-2.8055520057678223,-0.1950286626815796,1.9606001377105713,-2.8408336639404297,0.14046411216259003,1.1577413082122803,-2.798994541168213
-0.2116144597530365,1.1709957122802734,-2.8090038299560547,0.11593277007341385,1.1816498041152954,-2.8054757118225098,-0.1950286626815796,1.9606001377105713,-2.8408336639404297,0.14046411216259003,1.1577413082122803,-2.798994541168213
-0.21160246431827545,1.170983910560608,-2.808581829071045,0.115920789539814,1.1816498041152954,-2.8054757118225098,-0.1950286626815796,1.9606482982635498,-2.8408336639404297,0.14046411216259003,1.1577413082122803,-2.7989561557769775
-0.2116144597530365,1.1708992719650269,-2.808581829071045,0.115920789539814,1.181601643562317,-2.805859327316284,-0.19501668214797974,1.9606482982635498,-2.8407955169677734,0.14046411216259003,1.1577413082122803,-2.799377918243408
-0.2116144597530365,1.1708992719650269,-2.808581829071045,0.115920789539814,1.18166184425354,-2.8054754734039307,-0.1950286626815796,1.9606001377105713,-2.8407955169677734,0.14046411216259003,1.1577413082122803,-2.7990329265594482
-0.2116144597530365,1.1708873510360718,-2.808581829071045,0.115920789539814,1.18166184425354,-2.8054754734039307,-0.1950286626815796,1.9605882167816162,-2.8407955169677734,0.14046411216259003,1.1577413082122803,-2.798572540283203
-0.2116144597530365,1.1708993911743164,-2.808581829071045,0.115920789539814,1.1816498041152954,-2.8054754734039307,-0.1950286626815796,1.9606001377105713,-2.8407955169677734,0.14045211672782898,1.1577413082122803,-2.798994541168213
-0.21160246431827545,1.170851230621338,-2.808581829071045,0.11593277007341385,1.1817100048065186,-2.8054754734039307,-0.1950286626815796,1.9605882167816162,-2.8407955169677734,0.14046411216259003,1.1577413082122803,-2.798994541168213
-0.2116144597530365,1.170851230621338,-2.808581829071045,0.115920789539814,1.1817100048065186,-2.805513858795166,-0.1950286626815796,1.9605882167816162,-2.8408336639404297,0.14046411216259003,1.1577413082122803,-2.798649311065674
-0.2116144597530365,1.1708993911743164,-2.808581829071045,0.115920789539814,1.1817100048065186,-2.805513858795166,-0.1950286626815796,1.9605882167816162,-2.8407955169677734,0.14046411216259003,1.1577413082122803,-2.798994541168213
-0.21162644028663635,1.170947551727295,-2.808581829071045,0.11593277007341385,1.1816136837005615,-2.805513858795166,-0.1950286626815796,1.9606001377105713,-2.8408336639404297,0.14045211672782898,1.1577413082122803,-2.798994541168213
-0.2116144597530365,1.1710320711135864,-2.8089654445648193,0.115920789539814,1.1816136837005615,-2.8054757118225098,-0.1950286626815796,1.9605882167816162,-2.8408336639404297,0.14046411216259003,1.1577413082122803,-2.7989561557769775
-0.2116144597530365,1.170995831489563,-2.808581829071045,0.115920789539814,1.1816136837005615,-2.805513858795166,-0.19504064321517944,1.9606001377105713,-2.8408336639404297,0.14045211672782898,1.1577413082122803,-2.798994541168213
-0.21162644028663635,1.1710439920425415,-2.808581829071045,0.115920789539814,1.1816136837005615,-2.805513858795166,-0.1950286626815796,1.9606001377105713,-2.8408336639404297,0.14045211672782898,1.1577413082122803,-2.7989561557769775
-0.2116144597530365,1.1709595918655396,-2.808581829071045,0.115920789539814,1.1816498041152954,-2.805513858795166,-0.19504064321517944,1.9606482982635498,-2.8407955169677734,0.14045211672782898,1.1577413082122803,-2.798994541168213
-0.2116144597530365,1.1708993911743164,-2.8085434436798096,0.115920789539814,1.1816498041152954,-2.8054757118225098,-0.1950286626815796,1.9606482982635498,-2.8407955169677734,0.14046411216259003,1.1577413082122803,-2.7990329265594482
-0.2116144597530365,1.1708511114120483,-2.808581829071045,0.11593277007341385,1.1816498041152954,-2.805513858795166,-0.19501668214797974,1.9606001377105713,-2.8407955169677734,0.14046411216259003,1.1577413082122803,-2.799377918243408
-0.2116144597530365,1.1708029508590698,-2.808581829071045,0.11593277007341385,1.18166184425354,-2.805513858795166,-0.19501668214797974,1.9605882167816162,-2.8408336639404297,0.14046411216259003,1.1577413082122803,-2.798994541168213
-0.2116144597530365,1.1707546710968018,-2.8089654445648193,0.11593277007341385,1.18166184425354,-2.805513858795166,-0.19501668214797974,1.9605882167816162,-2.8408336639404297,0.14045211672782898,1.1577413082122803,-2.7989561557769775
-0.2116144597530365,1.1707546710968018,-2.8089654445648193,0.11593277007341385,1.1816498041152954,-2.805513858795166,-0.1950286626815796,1.9606001377105713,-2.8408336639404297,0.14045211672782898,1.1577413082122803,-2.7989561557769775
-0.2116144597530365,1.1709356307983398,-2.808581829071045,0.11593277007341385,1.1817100048065186,-2.8059356212615967,-0.19501668214797974,1.9605882167816162,-2.8408336639404297,0.14040391147136688,1.1577413082122803,-2.7989561557769775
-0.21160246431827545,1.1709356307983398,-2.808581829071045,0.11593277007341385,1.1816498041152954,-2.8058974742889404,-0.1950286626815796,1.9606001377105713,-2.8408336639404297,0.14045211672782898,1.157753348350525,-2.7989561557769775
-0.21160246431827545,1.170947551727295,-2.808581829071045,0.115920789539814,1.18166184425354,-2.8058974742889404,-0.1950286626815796,1.9606001377105713,-2.8408336639404297,0.14045211672782898,1.1577413082122803,-2.799339532852173
-0.21160246431827545,1.1709957122802734,-2.8085434436798096,0.11593277007341385,1.18166184425354,-2.8054757118225098,-0.1950286626815796,1.9606001377105713,-2.8408336639404297,0.14046411216259003,1.157753348350525,-2.7990329265594482
-0.2116144597530365,1.170947551727295,-2.808581829071045,0.115920789539814,1.1816498041152954,-2.805513858795166,-0.19501668214797974,1.9606001377105713,-2.8407955169677734,0.14045211672782898,1.1577413082122803,-2.7986109256744385
-0.2116144597530365,1.170947551727295,-2.808581829071045,0.11593277007341385,1.18166184425354,-2.8054757118225098,-0.1950286626815796,1.9606001377105713,-2.8408336639404297,0.14046411216259003,1.1577413082122803,-2.798994541168213
-0.2116144597530365,1.170947551727295,-2.808581829071045,0.115920789539814,1.1816498041152954,-2.8054757118225098,-0.1950286626815796,1.9605882167816162,-2.8408336639404297,0.14046411216259003,1.1577413082122803,-2.7989561557769775
-0.2116144597530365,1.1708873510360718,-2.808581829071045,0.115920789539814,1.1816498041152954,-2.8054757118225098,-0.19501668214797974,1.9606001377105713,-2.8408336639404297,0.14045211672782898,1.1577413082122803,-2.7989561557769775
-0.21162644028663635,1.170947551727295,-2.8085434436798096,0.11593277007341385,1.18166184425354,-2.8054757118225098,-0.19501668214797974,1.9606001377105713,-2.8408336639404297,0.14046411216259003,1.1577413082122803,-2.7989561557769775
-0.2116144597530365,1.1709356307983398,-2.808581829071045,0.115920789539814,1.18166184425354,-2.8055520057678223,-0.1950286626815796,1.9605882167816162,-2.8408336639404297,0.14045211672782898,1.1577413082122803,-2.798994541168213
-0.2116144597530365,1.1708992719650269,-2.8085434436798096,0.115920789539814,1.18166184425354,-2.8055520057678223,-0.1950286626815796,1.9606001377105713,-2.8408336639404297,0.14046411216259003,1.1577413082122803,-2.7989561557769775
-0.21160246431827545,1.1708992719650269,-2.808581829071045,0.11593277007341385,1.1816498041152954,-2.8055520057678223,-0.1950286626815796,1.9605882167816162,-2.8408336639404297,0.14046411216259003,1.1577413082122803,-2.798994541168213
-0.2116144597530365,1.1708992719650269,-2.8089654445648193,0.115920789539814,1.1817100048065186,-2.8055520057678223,-0.1950286626815796,1.9605882167816162,-2.8407955169677734,0.14045211672782898,1.157753348350525,-2.798994541168213
-0.2116144597530365,1.1708992719650269,-2.808581829071045,0.115920789539814,1.18166184425354,-2.8058974742889404,-0.1950286626815796,1.9606001377105713,-2.8407955169677734,0.14045211672782898,1.1577413082122803,-2.7989561557769775
-0.2116144597530365,1.1708992719650269,-2.808581829071045,0.115920789539814,1.18166184425354,-2.805513858795166,-0.1950286626815796,1.9606482982635498,-2.8408336639404297,0.14045211672782898,1.1577413082122803,-2.7989561557769775
-0.2116144597530365,1.1708992719650269,-2.8089654445648193,0.115920789539814,1.1816498041152954,-2.805513858795166,-0.19501668214797974,1.9606482982635498,-2.8408336639404297,0.14046411216259003,1.1577413082122803,-2.798994541168213
-0.2116144597530365,1.1708992719650269,-2.808581829071045,0.115920789539814,1.1816498041152954,-2.805513858795166,-0.19501668214797974,1.9606482982635498,-2.8408336639404297,0.14045211672782898,1.1577413082122803,-2.798994541168213
-0.2116144597530365,1.1708992719650269,-2.808581829071045,0.115920789539814,1.18166184425354,-2.805513858795166,-0.19501668214797974,1.9606482982635498,-2.8407955169677734,0.14045211672782898,1.1577413082122803,-2.7986109256744385
-0.21160246431827545,1.1708992719650269,-2.8089654445648193,0.115920789539814,1.1816498041152954,-2.805513858795166,-0.19501668214797974,1.9605882167816162,-2.8407955169677734,0.14045211672782898,1.1577413082122803,-2.7989561557769775
-0.2116144597530365,1.170947551727295,-2.808581829071045,0.115920789539814,1.1816498041152954,-2.805513858795166,-0.1950286626815796,1.9606001377105713,-2.8407955169677734,0.14045211672782898,1.1577413082122803,-2.798994541168213
-0.2116144597530365,1.1709356307983398,-2.8085434436798096,0.115920789539814,1.18166184425354,-2.805513858795166,-0.1950286626815796,1.9605882167816162,-2.8407955169677734,0.14045211672782898,1.1577413082122803,-2.7989561557769775
-0.2116144597530365,1.1709356307983398,-2.808581829071045,0.115920789539814,1.1816498041152954,-2.8054757118225098,-0.1950286626815796,1.9606001377105713,-2.8407955169677734,0.14046411216259003,1.1577293872833252,-2.7986109256744385
-0.2116144597530365,1.170947551727295,-2.8085434436798096,0.115920789539814,1.1816498041152954,-2.805513858795166,-0.1950286626815796,1.9606482982635498,-2.8408336639404297,0.14046411216259003,1.1577293872833252,-2.798994541168213
-0.2116144597530365,1.170995831489563,-2.808581829071045,0.115920789539814,1.1816498041152954,-2.805859327316284,-0.1950286626815796,1.9605882167816162,-2.8407955169677734,0.14045211672782898,1.1577413082122803,-2.7990329265594482
-0.2116144597530365,1.1710439920425415,-2.8085434436798096,0.115920789539814,1.1816498041152954,-2.805513858795166,-0.1950286626815796,1.9606001377105713,-2.8407955169677734,0.14045211672782898,1.157753348350525,-2.7990329265594482
-0.2116144597530365,1.1710439920425415,-2.808581829071045,0.115920789539814,1.18166184425354,-2.805513858795166,-0.1950286626815796,1.9605519771575928,-2.8407955169677734,0.14045211672782898,1.157753348350525,-2.7990329265594482
-0.2116144597530365,1.170947551727295,-2.808581829071045,0.115920789539814,1.1816136837005615,-2.8059356212615967,-0.1950286626815796,1.9605882167816162,-2.8407955169677734,0.14045211672782898,1.1577413082122803,-2.798994541168213
-0.2116144597530365,1.170947551727295,-2.808581829071045,0.115920789539814,1.1816136837005615,-2.805859327316284,-0.1950286626815796,1.9605882167816162,-2.8408336639404297,0.14045211672782898,1.1577413082122803,-2.7990329265594482
-0.2116144597530365,1.170947551727295,-2.8089654445648193,0.115920789539814,1.1816136837005615,-2.8055520057678223,-0.1950286626815796,1.9606001377105713,-2.8408336639404297,0.14045211672782898,1.1577413082122803,-2.7990329265594482
-0.2116144597530365,1.1708993911743164,-2.808581829071045,0.115920789539814,1.1816498041152954,-2.8055520057678223,-0.19501668214797974,1.9606001377105713,-2.8408336639404297,0.14046411216259003,1.1577413082122803,-2.7990329265594482
-0.21160246431827545,1.1709356307983398,-2.808581829071045,0.115920789539814,1.18166184425354,-2.805513858795166,-0.1950286626815796,1.9606363773345947,-2.8408336639404297,0.14046411216259003,1.157753348350525,-2.798994541168213
-0.2116144597530365,1.170947551727295,-2.808581829071045,0.11590880155563354,1.1817100048065186,-2.805513858795166,-0.1950286626815796,1.9606001377105713,-2.8408336639404297,0.14046411216259003,1.1577413082122803,-2.7989561557769775
-0.2116144597530365,1.170947551727295,-2.8089654445648193,0.11590880155563354,1.1817100048065186,-2.8055520057678223,-0.19501668214797974,1.9606001377105713,-2.8408336639404297,0.14045211672782898,1.1577413082122803,-2.7989561557769775
-0.2116144597530365,1.170947551727295,-2.808581829071045,0.115920789539814,1.1816498041152954,-2.8054757118225098,-0.1950286626815796,1.9605882167816162,-2.8408336639404297,0.14045211672782898,1.157753348350525,-2.798994541168213
-0.2116144597530365,1.170995831489563,-2.8089654445648193,0.115920789539814,1.18166184425354,-2.805935859680176,-0.1950286626815796,1.9606001377105713,-2.8407955169677734,0.14045211672782898,1.1577413082122803,-2.798994541168213
-0.2116144597530365,1.1710439920425415,-2.808581829071045,0.115920789539814,1.1816498041152954,-2.8054754734039307,-0.19501668214797974,1.9605882167816162,-2.8408336639404297,0.14046411216259003,1.157753348350525,-2.798994541168213
-0.2116144597530365,1.170947551727295,-2.808581829071045,0.11593277007341385,1.18166184425354,-2.8058974742889404,-0.1950286626815796,1.9606001377105713,-2.8408336639404297,0.14045211672782898,1.1577413082122803,-2.7989561557769775
-0.2116144597530365,1.1709356307983398,-2.808581829071045,0.11593277007341385,1.18166184425354,-2.805513858795166,-0.19501668214797974,1.9605882167816162,-2.8408336639404297,0.14045211672782898,1.1577413082122803,-2.7989561557769775
-0.2116144597530365,1.170947551727295,-2.808581829071045,0.11593277007341385,1.1817100048065186,-2.8055520057678223,-0.19501668214797974,1.9605882167816162,-2.8407955169677734,0.14046411216259003,1.157753348350525,-2.7989561557769775
-0.2116144597530365,1.170947551727295,-2.8089654445648193,0.115920789539814,1.1816498041152954,-2.805513858795166,-0.1950286626815796,1.9605882167816162,-2.8407955169677734,0.14045211672782898,1.1577413082122803,-2.7989561557769775
-0.2116144597530365,1.1708992719650269,-2.808581829071045,0.115920789539814,1.1816498041152954,-2.8059356212615967,-0.1950286626815796,1.9605882167816162,-2.8408336639404297,0.14045211672782898,1.1577413082122803,-2.7989561557769775
-0.2116144597530365,1.1708511114120483,-2.808581829071045,0.115920789539814,1.18166184425354,-2.805513858795166,-0.1950286626815796,1.9606001377105713,-2.8408336639404297,0.14045211672782898,1.1577413082122803,-2.798994541168213
-0.2116144597530365,1.170947551727295,-2.808927059173584,0.115920789539814,1.1816498041152954,-2.805513858795166,-0.1950286626815796,1.9605400562286377,-2.8407955169677734,0.14045211672782898,1.157753348350525,-2.7989561557769775
-0.2116144597530365,1.1708993911743164,-2.8086202144622803,0.115920789539814,1.181601643562317,-2.805513858795166,-0.1950286626815796,1.9605400562286377,-2.8408336639404297,0.14045211672782898,1.1577413082122803,-2.799377918243408
-0.2116144597530365,1.1708993911743164,-2.8089654445648193,0.115920789539814,1.181601643562317,-2.8054757118225098,-0.1950286626815796,1.9605882167816162,-2.8408336639404297,0.14045211672782898,1.1577293872833252,-2.798994541168213
-0.21160246431827545,1.1708993911743164,-2.808581829071045,0.115920789539814,1.1816498041152954,-2.8054757118225098,-0.1950286626815796,1.9605882167816162,-2.8408336639404297,0.14045211672782898,1.1577413082122803,-2.798994541168213
-0.2116144597530365,1.170947551727295,-2.8089654445648193,0.115920789539814,1.181697964668274,-2.8058974742889404,-0.1950286626815796,1.9606001377105713,-2.8407955169677734,0.14040391147136688,1.1577413082122803,-2.798994541168213
-0.21160246431827545,1.1709957122802734,-2.8089654445648193,0.115920789539814,1.181697964668274,-2.8055520057678223,-0.1950286626815796,1.9606001377105713,-2.8407955169677734,0.14045211672782898,1.1577413082122803,-2.7990329265594482
-0.2116144597530365,1.1710439920425415,-2.8089654445648193,0.115920789539814,1.18166184425354,-2.805513858795166,-0.1950286626815796,1.9605882167816162,-2.8408336639404297,0.14046411216259003,1.1577413082122803,-2.798994541168213
-0.2116144597530365,1.1709957122802734,-2.808581829071045,0.11593277007341385,1.18166184425354,-2.8055520057678223,-0.1950286626815796,1.9606001377105713,-2.8408336639404297,0.14050032198429108,1.1577413082122803,-2.798994541168213
-0.2116144597530365,1.1709957122802734,-2.8089654445648193,0.115920789539814,1.18166184425354,-2.8055520057678223,-0.1950286626815796,1.9606001377105713,-2.8408336639404297,0.14050032198429108,1.1577413082122803,-2.7990329265594482
-0.2116144597530365,1.1709356307983398,-2.8089654445648193,0.11593277007341385,1.181601643562317,-2.805513858795166,-0.1950286626815796,1.9605882167816162,-2.8408336639404297,0.14050032198429108,1.1577413082122803,-2.7990329265594482
-0.2116144597530365,1.170947551727295,-2.8085434436798096,0.115920789539814,1.1816498041152954,-2.805513858795166,-0.1950286626815796,1.9605882167816162,-2.8407955169677734,0.14050032198429108,1.1577413082122803,-2.7990329265594482
-0.2116144597530365,1.1709356307983398,-2.808581829071045,0.115920789539814,1.18166184425354,-2.8055520057678223,-0.1950286626815796,1.9605882167816162,-2.8407955169677734,0.14050032198429108,1.157753348350525,-2.7989561557769775
-0.2116144597530365,1.1708992719650269,-2.808581829071045,0.115920789539814,1.18166184425354,-2.8058974742889404,-0.1950286626815796,1.9606001377105713,-2.8407955169677734,0.14050032198429108,1.1577413082122803,-2.798994541168213
-0.2116144597530365,1.1708992719650269,-2.8085434436798096,0.115920789539814,1.18166184425354,-2.8055520057678223,-0.1950286626815796,1.9606001377105713,-2.8407955169677734,0.14045211672782898,1.1577413082122803,-2.7990329265594482
-0.2116144597530365,1.1708511114120483,-2.808581829071045,0.115920789539814,1.1816498041152954,-2.8055520057678223,-0.1950286626815796,1.9605882167816162,-2.8408336639404297,0.14046411216259003,1.1577413082122803,-2.7990329265594482
-0.2116144597530365,1.1708028316497803,-2.808581829071045,0.115920789539814,1.18166184425354,-2.805513858795166,-0.1950286626815796,1.9606001377105713,-2.8408336639404297,0.14045211672782898,1.1577413082122803,-2.7990329265594482
-0.2116144597530365,1.1708028316497803,-2.808581829071045,0.115920789539814,1.1816498041152954,-2.8055903911590576,-0.1950286626815796,1.9605882167816162,-2.8408336639404297,0.14046411216259003,1.157753348350525,-2.798994541168213
-0.2116144597530365,1.1708028316497803,-2.8085434436798096,0.115920789539814,1.18166184425354,-2.8055520057678223,-0.1950286626815796,1.9605882167816162,-2.8408336639404297,0.14045211672782898,1.1577413082122803,-2.7990329265594482
-0.2116144597530365,1.170947551727295,-2.8090038299560547,0.115920789539814,1.1816498041152954,-2.805513858795166,-0.1950286626815796,1.9605882167816162,-2.8408336639404297,0.14045211672782898,1.1577413082122803,-2.7990329265594482
-0.2116144597530365,1.1709957122802734,-2.8085434436798096,0.115920789539814,1.1816498041152954,-2.8055520057678223,-0.1950286626815796,1.9605882167816162,-2.8407955169677734,0.14045211672782898,1.1577413082122803,-2.7990329265594482
-0.2116144597530365,1.1709957122802734,-2.808581829071045,0.115920789539814,1.181601643562317,-2.805513858795166,-0.1950286626815796,1.9605882167816162,-2.8408336639404297,0.14045211672782898,1.157753348350525,-2.7990329265594482
-0.21160246431827545,1.1710439920425415,-2.808581829071045,0.115920789539814,1.18166184425354,-2.805513858795166,-0.19504064321517944,1.9606482982635498,-2.8407955169677734,0.14045211672782898,1.157753348350525,-2.798994541168213
-0.21160246431827545,1.17109215259552,-2.808581829071045,0.115920789539814,1.18166184425354,-2.8055520057678223,-0.1950286626815796,1.9606001377105713,-2.8408336639404297,0.14045211672782898,1.1577413082122803,-2.798994541168213
-0.2116144597530365,1.17109215259552,-2.808581829071045,0.115920789539814,1.1817100048065186,-2.8055520057678223,-0.1950286626815796,1.9606001377105713,-2.8408336639404297,0.14045211672782898,1.1577413082122803,-2.798994541168213
-0.2116144597530365,1.1710439920425415,-2.808581829071045,0.115920789539814,1.1817100048065186,-2.805513858795166,-0.1950286626815796,1.9606001377105713,-2.8408336639404297,0.14045211672782898,1.1577413082122803,-2.7989561557769775
-0.2116144597530365,1.1709957122802734,-2.808581829071045,0.115920789539814,1.1817100048065186,-2.8054757118225098,-0.1950286626815796,1.9605882167816162,-2.8408336639404297,0.14050032198429108,1.1577413082122803,-2.7989561557769775
-0.2116144597530365,1.170947551727295,-2.808581829071045,0.115920789539814,1.1817100048065186,-2.805513858795166,-0.1950286626815796,1.9605882167816162,-2.8408336639404297,0.14050032198429108,1.1577413082122803,-2.798994541168213
-0.2116144597530365,1.170947551727295,-2.8085434436798096,0.115920789539814,1.18166184425354,-2.805513858795166,-0.1950286626815796,1.9606001377105713,-2.8408336639404297,0.14050032198429108,1.1577413082122803,-2.7989561557769775
-0.2116144597530365,1.170947551727295,-2.8090038299560547,0.115920789539814,1.1816498041152954,-2.8055520057678223,-0.1950286626815796,1.9606001377105713,-2.8408336639404297,0.14050032198429108,1.1577413082122803,-2.798994541168213
-0.2116144597530365,1.170947551727295,-2.808581829071045,0.115920789539814,1.18166184425354,-2.805513858795166,-0.1950286626815796,1.9606001377105713,-2.8407955169677734,0.14050032198429108,1.1577413082122803,-2.798994541168213
-0.2116144597530365,1.1709595918655396,-2.808581829071045,0.115920789539814,1.181697964668274,-2.8055520057678223,-0.1950286626815796,1.9606482982635498,-2.8407955169677734,0.14050032198429108,1.157753348350525,-2.798994541168213
-0.2116144597530365,1.170947551727295,-2.808581829071045,0.115920789539814,1.1816498041152954,-2.805513858795166,-0.1950286626815796,1.9606482982635498,-2.8408336639404297,0.14050032198429108,1.1577413082122803,-2.799377918243408
-0.2116144597530365,1.1709957122802734,-2.808581829071045,0.115920789539814,1.1816498041152954,-2.8054757118225098,-0.1950286626815796,1.9606001377105713,-2.8408336639404297,0.14045211672782898,1.157753348350525,-2.798649311065674
-0.21160246431827545,1.1709957122802734,-2.808581829071045,0.115920789539814,1.1816498041152954,-2.8054757118225098,-0.19501668214797974,1.9605882167816162,-2.8408336639404297,0.14045211672782898,1.1577413082122803,-2.7989561557769775
-0.2116144597530365,1.170947551727295,-2.808581829071045,0.115920789539814,1.18166184425354,-2.805513858795166,-0.1950286626815796,1.9605882167816162,-2.8407955169677734,0.14046411216259003,1.1577413082122803,-2.798994541168213
-0.2116144597530365,1.170947551727295,-2.808581829071045,0.115920789539814,1.181697964668274,-2.805513858795166,-0.1950286626815796,1.9606001377105713,-2.8407955169677734,0.14045211672782898,1.1577413082122803,-2.798994541168213
-0.2116144597530365,1.170947551727295,-2.8089654445648193,0.115920789539814,1.181697964668274,-2.8054757118225098,-0.1950286626815796,1.9606001377105713,-2.8408336639404297,0.14046411216259003,1.1577413082122803,-2.7989561557769775
-0.2116144597530365,1.170947551727295,-2.808581829071045,0.115920789539814,1.18166184425354,-2.8058974742889404,-0.1950286626815796,1.9605882167816162,-2.8408336639404297,0.14045211672782898,1.1577413082122803,-2.7989561557769775
-0.2116144597530365,1.170947551727295,-2.808581829071045,0.115920789539814,1.1816498041152954,-2.805513858795166,-0.1950286626815796,1.9606001377105713,-2.8407955169677734,0.14045211672782898,1.1577413082122803,-2.798994541168213
-0.2116144597530365,1.1708993911743164,-2.808581829071045,0.115920789539814,1.18166184425354,-2.8055520057678223,-0.1950286626815796,1.9606001377105713,-2.8408336639404297,0.14045211672782898,1.1577413082122803,-2.799339532852173
-0.2116144597530365,1.1708511114120483,-2.808581829071045,0.11593277007341385,1.18166184425354,-2.805513858795166,-0.1950286626815796,1.9605882167816162,-2.8407955169677734,0.14045211672782898,1.1577413082122803,-2.7990329265594482
-0.2116144597530365,1.1708511114120483,-2.8089654445648193,0.115920789539814,1.18166184425354,-2.8059356212615967,-0.1950286626815796,1.9606001377105713,-2.8408336639404297,0.14045211672782898,1.1577413082122803,-2.7989561557769775
-0.21160246431827545,1.1708511114120483,-2.808581829071045,0.115920789539814,1.18166184425354,-2.805513858795166,-0.1950286626815796,1.9606001377105713,-2.8408336639404297,0.14045211672782898,1.1577413082122803,-2.798994541168213
-0.2116144597530365,1.1708511114120483,-2.8089654445648193,0.11593277007341385,1.18166184425354,-2.805513858795166,-0.1950286626815796,1.9605519771575928,-2.8408336639404297,0.14045211672782898,1.1577413082122803,-2.799377918243408
-0.2116144597530365,1.170995831489563,-2.8085434436798096,0.115920789539814,1.18166184425354,-2.8054757118225098,-0.1950286626815796,1.9605882167816162,-2.8408336639404297,0.14046411216259003,1.1577413082122803,-2.798572540283203
-0.2116144597530365,1.1710439920425415,-2.808581829071045,0.115920789539814,1.18166184425354,-2.805513858795166,-0.1950286626815796,1.9605882167816162,-2.8407955169677734,0.14045211672782898,1.157753348350525,-2.7990329265594482
-0.2116144597530365,1.171140432357788,-2.808581829071045,0.115920789539814,1.181697964668274,-2.8055520057678223,-0.1950286626815796,1.9605882167816162,-2.8407955169677734,0.14045211672782898,1.1577413082122803,-2.798994541168213
-0.2116144597530365,1.171140432357788,-2.808581829071045,0.115920789539814,1.18166184425354,-2.805513858795166,-0.1950286626815796,1.9605882167816162,-2.8407955169677734,0.14045211672782898,1.1577413082122803,-2.799377918243408
-0.2116144597530365,1.1709356307983398,-2.808581829071045,0.115920789539814,1.1816136837005615,-2.8055520057678223,-0.1950286626815796,1.9606001377105713,-2.8408336639404297,0.14045211672782898,1.1577413082122803,-2.7990329265594482
-0.21160246431827545,1.170947551727295,-2.808581829071045,0.115920789539814,1.1816136837005615,-2.805513858795166,-0.19501668214797974,1.9606001377105713,-2.8407955169677734,0.14045211672782898,1.157753348350525,-2.799377918243408
-0.2116144597530365,1.1708993911743164,-2.8085434436798096,0.115920789539814,1.1816136837005615,-2.805513858795166,-0.1950286626815796,1.9605882167816162,-2.8408336639404297,0.14045211672782898,1.1577413082122803,-2.7989561557769775
-0.2116144597530365,1.1708029508590698,-2.808581829071045,0.115920789539814,1.1816498041152954,-2.8055520057678223,-0.1950286626815796,1.9606001377105713,-2.8408336639404297,0.14045211672782898,1.157753348350525,-2.7989561557769775
-0.2116144597530365,1.1707546710968018,-2.8085434436798096,0.115920789539814,1.1817100048065186,-2.805513858795166,-0.1950286626815796,1.9605882167816162,-2.8408336639404297,0.14045211672782898,1.157753348350525,-2.7989561557769775
-0.2116144597530365,1.1707546710968018,-2.808581829071045,0.115920789539814,1.1817100048065186,-2.805513858795166,-0.19501668214797974,1.9606001377105713,-2.8407955169677734,0.14046411216259003,1.1577293872833252,-2.7989561557769775
-0.21160246431827545,1.1707065105438232,-2.808581829071045,0.115920789539814,1.1816498041152954,-2.8055520057678223,-0.1950286626815796,1.9605882167816162,-2.8407955169677734,0.14046411216259003,1.1577413082122803,-2.7989561557769775
-0.2116144597530365,1.1707065105438232,-2.808581829071045,0.115920789539814,1.1816136837005615,-2.8055520057678223,-0.1950286626815796,1.9606001377105713,-2.8408336639404297,0.14045211672782898,1.1577413082122803,-2.798994541168213
-0.2116144597530365,1.1707546710968018,-2.808581829071045,0.115920789539814,1.18166184425354,-2.805513858795166,-0.1950286626815796,1.9606001377105713,-2.8408336639404297,0.14046411216259003,1.1577413082122803,-2.798994541168213
-0.2116144597530365,1.1708029508590698,-2.8089654445648193,0.115920789539814,1.18166184425354,-2.805513858795166,-0.1950286626815796,1.9606001377105713,-2.8408336639404297,0.14045211672782898,1.1577413082122803,-2.7989561557769775
-0.2116144597530365,1.1708511114120483,-2.808581829071045,0.115920789539814,1.1816498041152954,-2.805513858795166,-0.1950286626815796,1.9606001377105713,-2.8408336639404297,0.14045211672782898,1.1577413082122803,-2.798994541168213
-0.2116144597530365,1.1708993911743164,-2.808581829071045,0.115920789539814,1.1817100048065186,-2.8058974742889404,-0.1950286626815796,1.9606001377105713,-2.8408336639404297,0.14045211672782898,1.1577413082122803,-2.798994541168213
-0.2116144597530365,1.170947551727295,-2.808581829071045,0.115920789539814,1.1816498041152954,-2.8055520057678223,-0.1950286626815796,1.9606001377105713,-2.8408336639404297,0.14040391147136688,1.1577413082122803,-2.798994541168213
-0.2116144597530365,1.170947551727295,-2.808581829071045,0.115920789539814,1.18166184425354,-2.805513858795166,-0.19501668214797974,1.9606001377105713,-2.8407955169677734,0.14040391147136688,1.1577413082122803,-2.799339532852173
-0.2116144597530365,1.1708993911743164,-2.808581829071045,0.115920789539814,1.1816498041152954,-2.805513858795166,-0.19501668214797974,1.9605882167816162,-2.8408336639404297,0.14045211672782898,1.1577413082122803,-2.7990329265594482
-0.2116144597530365,1.1708511114120483,-2.8089654445648193,0.115920789539814,1.1816136837005615,-2.805513858795166,-0.19501668214797974,1.9605882167816162,-2.8408336639404297,0.14050032198429108,1.1577413082122803,-2.798994541168213
-0.2116144597530365,1.1708993911743164,-2.808581829071045,0.115920789539814,1.1816498041152954,-2.8055520057678223,-0.1950286626815796,1.9605882167816162,-2.8407955169677734,0.14050032198429108,1.1577413082122803,-2.799377918243408
-0.2116144597530365,1.1708992719650269,-2.808581829071045,0.11590880155563354,1.1816498041152954,-2.8055520057678223,-0.1950286626815796,1.9605882167816162,-2.8408336639404297,0.14044013619422913,1.1577413082122803,-2.7989561557769775
-0.2116144597530365,1.1708993911743164,-2.808581829071045,0.115920789539814,1.18166184425354,-2.8055520057678223,-0.1950286626815796,1.9606001377105713,-2.8408336639404297,0.14045211672782898,1.1577413082122803,-2.798994541168213
-0.21160246431827545,1.1708993911743164,-2.808581829071045,0.11590880155563354,1.1816498041152954,-2.805513858795166,-0.19501668214797974,1.9606001377105713,-2.8408336639404297,0.14045211672782898,1.157753348350525,-2.798994541168213
-0.2116144597530365,1.1708993911743164,-2.808581829071045,0.115920789539814,1.1816498041152954,-2.805513858795166,-0.1950286626815796,1.9606001377105713,-2.8408336639404297,0.14045211672782898,1.1577413082122803,-2.798994541168213
-0.2116144597530365,1.171007752418518,-2.8085434436798096,0.115920789539814,1.1816498041152954,-2.805513858795166,-0.1950286626815796,1.9606001377105713,-2.8408336639404297,0.14045211672782898,1.1577413082122803,-2.7994163036346436
-0.2116144597530365,1.170995831489563,-2.808581829071045,0.115920789539814,1.1816498041152954,-2.805513858795166,-0.19501668214797974,1.9606482982635498,-2.8408336639404297,0.14045211672782898,1.1577413082122803,-2.7989561557769775
-0.2116144597530365,1.1710439920425415,-2.808581829071045,0.115920789539814,1.1816498041152954,-2.805513858795166,-0.1950286626815796,1.9606482982635498,-2.8408336639404297,0.14045211672782898,1.157753348350525,-2.798994541168213
