1751987893.1505961,-0.16255789434313775,1.124422943954468,-2.7317349111557006
1751987893.1532881,-0.1624928451657295,1.124253106842041,-2.7312420200347898
1751987893.1559227,-0.1624277959883213,1.1240832697296141,-2.7307491289138794
1751987893.1586742,-0.1623627468109131,1.1239134326171876,-2.7302562377929687
1751987893.1615052,-0.16229769763350488,1.1237435955047608,-2.7297633466720583
1751987893.1642315,-0.16223264845609667,1.123573758392334,-2.7292704555511476
1751987893.166903,-0.16216759927868843,1.1234039212799072,-2.728777564430237
1751987893.169028,-0.16210255010128022,1.1232340841674806,-2.728284673309326
1751987893.1711075,-0.16203750092387198,1.1230642470550538,-2.7277917821884152
1751987893.1730895,-0.16197245174646377,1.1228944099426268,-2.7272988910675044
1751987893.1751995,-0.16190740256905556,1.1227245728302002,-2.7268059999465946
1751987893.177354,-0.16184235339164735,1.1225547357177734,-2.726313108825684
1751987893.1793995,-0.16177730421423914,1.1223848986053468,-2.725820217704773
1751987893.1815274,-0.1617122550368309,1.1222150614929198,-2.7253273265838622
1751987893.1835387,-0.1616472058594227,1.122045224380493,-2.7248344354629515
1751987893.1856043,-0.16158215668201448,1.1218753872680665,-2.724341544342041
1751987893.1876528,-0.16151710750460624,1.1217055501556397,-2.7238486532211303
1751987893.1897705,-0.16145205832719803,1.1215357130432129,-2.72335576210022
1751987893.1919801,-0.1613870091497898,1.121365875930786,-2.7228628709793092
1751987893.1940093,-0.16132195997238158,1.1211960388183595,-2.7223699798583985
1751987893.1960444,-0.16125691079497337,1.1210262017059327,-2.7218770887374877
1751987893.198103,-0.16119186161756516,1.1208563645935057,-2.721384197616577
1751987893.2002556,-0.16112681244015695,1.120686527481079,-2.7208913064956666
1751987893.2023118,-0.1610617632627487,1.1205166903686523,-2.720398415374756
1751987893.2044775,-0.1609967140853405,1.1203468532562255,-2.7199055242538455
1751987893.2065356,-0.1609316649079323,1.1201770161437987,-2.7194126331329347
1751987893.2089205,-0.16086661573052405,1.1200071790313721,-2.718919742012024
1751987893.210833,-0.16080156655311584,1.1198373419189454,-2.718426850891113
1751987893.212892,-0.16073651737570763,1.1196675048065183,-2.7179339597702024
1751987893.21506,-0.16067146819829942,1.1194976676940918,-2.7174410686492916
1751987893.2171721,-0.1606064190208912,1.1193278305816652,-2.7169481775283817
1751987893.2193415,-0.16054136984348297,1.1191579934692384,-2.716455286407471
1751987893.2214978,-0.16047632066607476,1.1189881563568114,-2.71596239528656
1751987893.2235591,-0.16041127148866655,1.1188183192443848,-2.7154695041656494
1751987893.225837,-0.1603462223112583,1.118648482131958,-2.7149766130447386
1751987893.2278945,-0.1602811731338501,1.1184786450195314,-2.7144837219238283
1751987893.230008,-0.16021612395644189,1.1183088079071044,-2.7139908308029175
1751987893.2320914,-0.16015107477903368,1.1181389707946778,-2.713497939682007
1751987893.2342482,-0.16008602560162546,1.117969133682251,-2.7130050485610964
1751987893.236413,-0.16002097642421723,1.1177992965698242,-2.7125121574401856
1751987893.2384965,-0.15995592724680902,1.1176294594573974,-2.712019266319275
1751987893.2405612,-0.15989087806940078,1.1174596223449706,-2.711526375198364
1751987893.242747,-0.15982582889199257,1.117289785232544,-2.7110334840774533
1751987893.2447863,-0.15976077971458436,1.1171199481201173,-2.7105405929565434
1751987893.2469113,-0.15969573053717612,1.1169501110076903,-2.7100477018356326
1751987893.2490814,-0.1596306813597679,1.1167802738952637,-2.709554810714722
1751987893.2512555,-0.1595656321823597,1.116610436782837,-2.709061919593811
1751987893.2534206,-0.15950058300495148,1.11644059967041,-2.7085690284729003
1751987893.255498,-0.15943553382754327,1.1162707625579833,-2.70807613735199
1751987893.257578,-0.15937048465013504,1.1161009254455567,-2.7075832462310787
1751987893.259874,-0.15930543547272683,1.11593108833313,-2.707090355110169
1751987893.2618704,-0.1592403862953186,1.115761251220703,-2.7065974639892576
1751987893.2640057,-0.15917533711791038,1.1155914141082763,-2.7061045728683473
1751987893.2660964,-0.15911028794050217,1.1154215769958498,-2.7056116817474365
1751987893.2682586,-0.15904523876309395,1.115251739883423,-2.7051187906265257
1751987893.270423,-0.15898018958568574,1.115081902770996,-2.704625899505615
1751987893.2725046,-0.1589151404082775,1.1149120656585694,-2.704133008384704
1751987893.2746105,-0.1588500912308693,1.1147422285461426,-2.7036401172637943
1751987893.2767384,-0.15878504205346108,1.114572391433716,-2.7031472261428835
1751987893.2788322,-0.15871999287605285,1.114402554321289,-2.7026543350219727
1751987893.2809746,-0.15865494369864463,1.1142327172088624,-2.702161443901062
1751987893.283092,-0.15858989452123642,1.1140628800964356,-2.701668552780151
1751987893.2852464,-0.1585248453438282,1.1138930429840088,-2.7011756616592404
1751987893.2874048,-0.15845979616642,1.113723205871582,-2.7006827705383305
1751987893.2895198,-0.15839474698901176,1.1135533687591552,-2.7001898794174197
1751987893.2916636,-0.15832969781160355,1.1133835316467287,-2.699696988296509
1751987893.2937365,-0.15826464863419532,1.1132136945343016,-2.699204097175598
1751987893.295833,-0.1581995994567871,1.1130438574218748,-2.6987112060546874
1751987893.297999,-0.1581345502793789,1.1128740203094483,-2.698218314933777
1751987893.3000917,-0.15806950110197066,1.1127041831970215,-2.697725423812866
1751987893.3022435,-0.15800445192456244,1.1125343460845947,-2.697232532691956
1751987893.3043318,-0.15793940274715423,1.1123645089721679,-2.6967396415710447
1751987893.306453,-0.15787435356974602,1.1121946718597413,-2.6962467504501344
1751987893.3086493,-0.1578093043923378,1.1120248347473145,-2.6957538593292236
1751987893.3106651,-0.15774425521492957,1.1118549976348875,-2.695260968208313
1751987893.312764,-0.15767920603752136,1.111685160522461,-2.694768077087402
1751987893.3149233,-0.15761415686011312,1.1115153234100341,-2.6942751859664913
1751987893.3170886,-0.15754910768270491,1.1113454862976075,-2.6937822948455814
1751987893.3191912,-0.1574840585052967,1.1111756491851805,-2.6932894037246706
1751987893.3212466,-0.1574190093278885,1.111005812072754,-2.69279651260376
1751987893.323335,-0.15735396015048028,1.1108359749603272,-2.692303621482849
1751987893.3256135,-0.15728891097307204,1.1106661378479004,-2.6918107303619383
1751987893.3276358,-0.15722386179566383,1.1104963007354736,-2.6913178392410275
1751987893.3295956,-0.15715881261825562,1.110326463623047,-2.6908249481201176
1751987893.3316264,-0.15709376344084738,1.1101566265106202,-2.6903320569992064
1751987893.3337848,-0.15702871426343917,1.1099867893981934,-2.689839165878296
1751987893.3359504,-0.15696366508603096,1.1098169522857666,-2.6893462747573853
1751987893.3380783,-0.15689861590862275,1.1096471151733398,-2.6888533836364745
1751987893.3402274,-0.15683356673121454,1.1094772780609132,-2.6883604925155637
1751987893.342662,-0.1567685175538063,1.1093074409484862,-2.687867601394653
1751987893.3445575,-0.1567034683763981,1.1091376038360596,-2.687374710273743
1751987893.3465157,-0.15663841919898988,1.1089677667236328,-2.6868818191528323
1751987893.34857,-0.15657337002158164,1.108797929611206,-2.6863889280319215
1751987893.3507404,-0.15650832084417343,1.1086280924987792,-2.6858960369110108
1751987893.3529038,-0.15644327166676522,1.1084582553863525,-2.6854031457901
1751987893.3550768,-0.15637822248935698,1.1082884182739259,-2.684910254669189
1751987893.3572593,-0.15631317331194877,1.108118581161499,-2.684417363548279
1751987893.3594553,-0.15624812413454056,1.107948744049072,-2.6839244724273685
1751987893.3615642,-0.15618307495713235,1.1077789069366455,-2.6834315813064578
1751987893.3635144,-0.1561180257797241,1.1076090698242187,-2.682938690185547
1751987893.3655725,-0.1560529766023159,1.1074392327117921,-2.682445799064636
1751987893.3676295,-0.1559879274249077,1.107269395599365,-2.681952907943726
1751987893.3697922,-0.15592287824749945,1.1070995584869385,-2.6814600168228147
1751987893.371962,-0.15585782907009124,1.1069297213745117,-2.6809671257019043
1751987893.3741965,-0.15579277989268303,1.106759884262085,-2.6804742345809935
1751987893.3763423,-0.15572773071527482,1.1065900471496581,-2.679981343460083
1751987893.3783503,-0.1556626815378666,1.1064202100372316,-2.6794884523391724
1751987893.3805196,-0.15559763236045837,1.1062503729248048,-2.6789955612182617
1751987893.382579,-0.15553258318305016,1.106080535812378,-2.678502670097351
1751987893.3846383,-0.15546753400564192,1.105910698699951,-2.67800977897644
1751987893.3867984,-0.1554024848282337,1.1057408615875244,-2.67751688785553
1751987893.3889668,-0.1553374356508255,1.1055710244750978,-2.6770239967346194
1751987893.3911078,-0.1552723864734173,1.1054011873626708,-2.6765311056137087
1751987893.393231,-0.15520733729600908,1.1052313502502442,-2.676038214492798
1751987893.3953474,-0.15514228811860084,1.1050615131378174,-2.675545323371887
1751987893.397527,-0.15507723894119263,1.1048916760253906,-2.6750524322509763
1751987893.3995838,-0.15501218976378442,1.1047218389129638,-2.674559541130066
1751987893.4016411,-0.15494714058637618,1.104552001800537,-2.674066650009155
1751987893.4038072,-0.15488209140896797,1.1043821646881105,-2.673573758888245
1751987893.4059772,-0.15481704223155976,1.1042123275756837,-2.673080867767334
1751987893.4081116,-0.15475199305415155,1.1040424904632566,-2.6725879766464233
1751987893.4102468,-0.1546869438767433,1.10387265335083,-2.6720950855255126
1751987893.4123454,-0.1546218946993351,1.1037028162384033,-2.671602194404602
1751987893.414506,-0.1545568455219269,1.1035329791259767,-2.6711093032836914
1751987893.4165635,-0.15449179634451865,1.1033631420135497,-2.6706164121627807
1751987893.4186218,-0.15442674716711044,1.103193304901123,-2.6701235210418703
1751987893.4207876,-0.15436169798970223,1.1030234677886963,-2.6696306299209596
1751987893.422952,-0.154296648812294,1.1028536306762695,-2.669137738800049
1751987893.4251335,-0.15423159963488578,1.1026837935638427,-2.668644847679138
1751987893.4272428,-0.15416655045747757,1.102513956451416,-2.6681519565582272
1751987893.4293268,-0.15410150128006936,1.1023441193389893,-2.6676590654373165
1751987893.4315045,-0.15403645210266115,1.1021742822265626,-2.6671661743164066
1751987893.4335642,-0.1539714029252529,1.1020044451141358,-2.666673283195496
1751987893.4356236,-0.1539063537478447,1.101834608001709,-2.666180392074585
1751987893.437684,-0.15384130457043646,1.1016647708892822,-2.6656875009536742
1751987893.439767,-0.15377625539302825,1.1014949337768554,-2.6651946098327635
1751987893.441988,-0.15371120621562004,1.1013250966644288,-2.664701718711853
1751987893.4440305,-0.15364615703821183,1.101155259552002,-2.6642088275909424
1751987893.4460826,-0.15358110786080362,1.1009854224395752,-2.663715936470032
1751987893.4482174,-0.15351605868339538,1.1008155853271482,-2.6632230453491212
1751987893.4503877,-0.15345100950598717,1.1006457482147216,-2.6627301542282105
1751987893.4524918,-0.15338596032857896,1.100475911102295,-2.6622372631072997
1751987893.4545498,-0.15332091115117072,1.1003060739898682,-2.661744371986389
1751987893.456609,-0.1532558619737625,1.1001362368774414,-2.6612514808654786
1751987893.4589906,-0.1531908127963543,1.0999663997650146,-2.660758589744568
1751987893.4609563,-0.1531257636189461,1.0997965626525879,-2.6602656986236575
1751987893.4629836,-0.15306071444153788,1.0996267255401613,-2.6597728075027467
1751987893.4650838,-0.15299566526412964,1.0994568884277343,-2.659279916381836
1751987893.4672139,-0.15293061608672143,1.0992870513153077,-2.658787025260925
1751987893.4693785,-0.1528655669093132,1.0991172142028809,-2.6582941341400144
1751987893.4714956,-0.15280051773190498,1.098947377090454,-2.6578012430191036
1751987893.473554,-0.15273546855449677,1.0987775399780273,-2.6573083518981937
1751987893.4757588,-0.15267041937708853,1.0986077028656005,-2.656815460777283
1751987893.4779484,-0.15260537019968032,1.098437865753174,-2.656322569656372
1751987893.4799657,-0.1525403210222721,1.0982680286407471,-2.6558296785354614
1751987893.4820943,-0.1524752718448639,1.0980981915283203,-2.6553367874145506
1751987893.4842422,-0.15241022266745569,1.0979283544158935,-2.6548438962936403
1751987893.4864075,-0.15234517349004745,1.0977585173034667,-2.6543510051727295
1751987893.4884958,-0.15228012431263924,1.09758868019104,-2.653858114051819
1751987893.490667,-0.152215075135231,1.0974188430786131,-2.653365222930908
1751987893.4928117,-0.1521500259578228,1.0972490059661866,-2.6528723318099976
1751987893.494838,-0.15208497678041458,1.0970791688537598,-2.652379440689087
1751987893.4969914,-0.15201992760300637,1.0969093317413328,-2.651886549568176
1751987893.4991066,-0.15195487842559816,1.0967394946289062,-2.6513936584472653
1751987893.5012634,-0.15188982924818992,1.0965696575164794,-2.650900767326355
1751987893.5033545,-0.1518247800707817,1.0963998204040528,-2.6504078762054446
1751987893.5054114,-0.1517597308933735,1.096229983291626,-2.649914985084534
1751987893.50744,-0.15169468171596526,1.0960601461791992,-2.649422093963623
1751987893.5096161,-0.15162963253855705,1.0958903090667724,-2.6489292028427123
1751987893.5117815,-0.15156458336114884,1.0957204719543456,-2.6484363117218015
1751987893.5137336,-0.15149953418374063,1.0955506348419188,-2.6479434206008907
1751987893.5158987,-0.15143448500633241,1.0953807977294923,-2.647450529479981
1751987893.5180657,-0.15136943582892418,1.0952109606170655,-2.64695763835907
1751987893.5201845,-0.15130438665151597,1.0950411235046387,-2.6464647472381593
1751987893.522349,-0.15123933747410773,1.0948712863922119,-2.6459718561172485
1751987893.5244942,-0.15117428829669952,1.094701449279785,-2.6454789649963377
1751987893.5266569,-0.1511092391192913,1.0945316121673585,-2.644986073875427
1751987893.5286028,-0.15104418994188307,1.0943617750549315,-2.644493182754516
1751987893.5306506,-0.15097914076447486,1.094191937942505,-2.6440002916336063
1751987893.5328238,-0.15091409158706665,1.0940221008300781,-2.6435074005126955
1751987893.5349872,-0.15084904240965843,1.0938522637176513,-2.6430145093917847
1751987893.5370903,-0.15078399323225022,1.0936824266052245,-2.642521618270874
1751987893.5392678,-0.15071894405484199,1.0935125894927977,-2.642028727149963
1751987893.5414624,-0.15065389487743377,1.0933427523803712,-2.6415358360290524
1751987893.5434844,-0.15058884570002556,1.0931729152679444,-2.6410429449081425
1751987893.5455065,-0.15052379652261733,1.0930030781555176,-2.6405500537872317
1751987893.547514,-0.15045874734520912,1.0928332410430908,-2.640057162666321
1751987893.5495715,-0.1503936981678009,1.092663403930664,-2.63956427154541
1751987893.5516312,-0.1503286489903927,1.0924935668182374,-2.6390713804244994
1751987893.5536897,-0.15026359981298448,1.0923237297058106,-2.638578489303589
1751987893.5558515,-0.15019855063557624,1.0921538925933838,-2.638085598182678
1751987893.5580328,-0.15013350145816803,1.091984055480957,-2.637592707061768
1751987893.5601168,-0.1500684522807598,1.0918142183685302,-2.6370998159408567
1751987893.5621927,-0.15000340310335158,1.0916443812561034,-2.6366069248199464
1751987893.5643406,-0.14993835392594337,1.0914745441436768,-2.6361140336990356
1751987893.5664544,-0.14987330474853516,1.09130470703125,-2.635621142578125
1751987893.5684998,-0.14980825557112695,1.0911348699188235,-2.635128251457214
1751987893.57056,-0.14974320639371871,1.0909650328063965,-2.6346353603363033
1751987893.5726178,-0.1496781572163105,1.0907951956939697,-2.6341424692153934
1751987893.5747714,-0.1496131080389023,1.090625358581543,-2.6336495780944826
1751987893.5768704,-0.14954805886149405,1.0904555214691163,-2.633156686973572
1751987893.578986,-0.14948300968408584,1.0902856843566895,-2.632663795852661
1751987893.5810955,-0.14941796050667763,1.0901158472442627,-2.6321709047317507
1751987893.583253,-0.1493529113292694,1.089946010131836,-2.6316780136108395
1751987893.5854144,-0.14928786215186118,1.089776173019409,-2.6311851224899296
1751987893.5874887,-0.14922281297445297,1.0896063359069823,-2.6306922313690184
1751987893.5895505,-0.14915776379704476,1.0894364987945557,-2.630199340248108
1751987893.5918684,-0.14909271461963655,1.089266661682129,-2.6297064491271973
1751987893.5937955,-0.1490276654422283,1.0890968245697021,-2.6292135580062865
1751987893.5959132,-0.1489626162648201,1.0889269874572753,-2.6287206668853758
1751987893.598081,-0.14889756708741186,1.0887571503448485,-2.628227775764465
1751987893.6002164,-0.14883251791000365,1.088587313232422,-2.627734884643555
1751987893.6023793,-0.14876746873259544,1.0884174761199952,-2.6272419935226443
1751987893.6044898,-0.14870241955518723,1.0882476390075684,-2.6267491024017335
1751987893.606549,-0.14863737037777902,1.0880778018951416,-2.6262562112808228
1751987893.6087182,-0.14857232120037078,1.0879079647827148,-2.625763320159912
1751987893.610872,-0.14850727202296257,1.087738127670288,-2.625270429039001
1751987893.6129491,-0.14844222284555436,1.0875682905578614,-2.624777537918091
1751987893.6150882,-0.14837717366814612,1.0873984534454346,-2.6242846467971805
1751987893.6172223,-0.1483121244907379,1.087228616333008,-2.6237917556762698
1751987893.6193848,-0.1482470753133297,1.087058779220581,-2.623298864555359
1751987893.6214247,-0.1481820261359215,1.0868889421081542,-2.622805973434448
1751987893.6234725,-0.14811697695851328,1.0867191049957277,-2.622313082313538
1751987893.6258206,-0.14805192778110504,1.0865492678833006,-2.6218201911926267
1751987893.6277413,-0.14798687860369683,1.086379430770874,-2.6213273000717168
1751987893.6298344,-0.1479218294262886,1.0862095936584473,-2.6208344089508055
1751987893.632002,-0.14785678024888038,1.0860397565460205,-2.620341517829895
1751987893.6340919,-0.14779173107147217,1.0858699194335937,-2.6198486267089844
1751987893.6361837,-0.14772668189406396,1.0857000823211669,-2.6193557355880737
1751987893.6383452,-0.14766163271665575,1.0855302452087403,-2.618862844467163
1751987893.6405053,-0.1475965835392475,1.0853604080963135,-2.618369953346252
1751987893.6426466,-0.1475315343618393,1.0851905709838867,-2.617877062225342
1751987893.6447656,-0.1474664851844311,1.08502073387146,-2.6173841711044314
1751987893.646826,-0.14740143600702285,1.0848508967590331,-2.6168912799835207
1751987893.648996,-0.14733638682961464,1.0846810596466065,-2.61639838886261
1751987893.6510868,-0.1472713376522064,1.0845112225341795,-2.615905497741699
1751987893.6532636,-0.1472062884747982,1.084341385421753,-2.6154126066207883
1751987893.655406,-0.14714123929738998,1.0841715483093262,-2.614919715499878
1751987893.6575365,-0.14707619011998177,1.0840017111968996,-2.6144268243789672
1751987893.659794,-0.14701114094257356,1.0838318740844726,-2.613933933258057
1751987893.661757,-0.14694609176516532,1.0836620369720458,-2.613441042137146
1751987893.6638558,-0.1468810425877571,1.0834921998596192,-2.6129481510162353
1751987893.666001,-0.1468159934103489,1.0833223627471926,-2.6124552598953246
1751987893.6681104,-0.14675094423294066,1.0831525256347656,-2.611962368774414
1751987893.6702197,-0.14668589505553245,1.0829826885223388,-2.611469477653504
1751987893.6723573,-0.14662084587812424,1.082812851409912,-2.6109765865325927
1751987893.67451,-0.14655579670071603,1.0826430142974854,-2.6104836954116823
1751987893.6766126,-0.14649074752330782,1.0824731771850586,-2.6099908042907716
1751987893.6786296,-0.14642569834589958,1.0823033400726318,-2.609497913169861
1751987893.6806602,-0.14636064916849137,1.0821335029602053,-2.60900502204895
1751987893.6828053,-0.14629559999108313,1.0819636658477783,-2.6085121309280392
1751987893.684947,-0.14623055081367492,1.0817938287353515,-2.6080192398071285
1751987893.6870863,-0.1461655016362667,1.0816239916229249,-2.6075263486862186
1751987893.6892269,-0.1461004524588585,1.081454154510498,-2.607033457565308
1751987893.6913385,-0.1460354032814503,1.0812843173980713,-2.606540566444397
1751987893.6934578,-0.14597035410404205,1.0811144802856445,-2.6060476753234862
1751987893.6955202,-0.14590530492663384,1.0809446431732177,-2.6055547842025755
1751987893.6975744,-0.14584025574922563,1.0807748060607911,-2.605061893081665
1751987893.6996362,-0.1457752065718174,1.080604968948364,-2.604569001960754
1751987893.7017708,-0.14571015739440918,1.0804351318359375,-2.604076110839844
1751987893.7039135,-0.14564510821700094,1.0802652947235107,-2.6035832197189333
1751987893.706053,-0.14558005903959273,1.0800954576110842,-2.6030903285980225
1751987893.70829,-0.14551500986218452,1.0799256204986571,-2.6025974374771117
1751987893.7103276,-0.1454499606847763,1.0797557833862304,-2.602104546356201
1751987893.71239,-0.1453849115073681,1.0795859462738038,-2.6016116552352906
1751987893.7145243,-0.14531986232995986,1.079416109161377,-2.60111876411438
1751987893.7165878,-0.14525481315255165,1.0792462720489502,-2.6006258729934695
1751987893.718721,-0.14518976397514344,1.0790764349365234,-2.6001329818725587
1751987893.7207997,-0.1451247147977352,1.0789065978240966,-2.599640090751648
1751987893.7229395,-0.145059665620327,1.0787367607116698,-2.599147199630737
1751987893.7252936,-0.14499461644291878,1.078566923599243,-2.5986543085098264
1751987893.7272086,-0.14492956726551057,1.0783970864868164,-2.5981614173889156
1751987893.7291937,-0.14486451808810236,1.0782272493743899,-2.5976685262680057
1751987893.731358,-0.14479946891069412,1.0780574122619628,-2.597175635147095
1751987893.733493,-0.1447344197332859,1.077887575149536,-2.596682744026184
1751987893.7355077,-0.14466937055587767,1.0777177380371092,-2.5961898529052734
1751987893.7375689,-0.14460432137846946,1.0775479009246827,-2.5956969617843626
1751987893.7396567,-0.14453927220106125,1.0773780638122559,-2.5952040706634523
1751987893.7418408,-0.14447422302365304,1.077208226699829,-2.594711179542541
1751987893.7442133,-0.14440917384624483,1.0770383895874023,-2.594218288421631
1751987893.7460122,-0.1443441246688366,1.0768685524749755,-2.59372539730072
1751987893.7481425,-0.14427907549142838,1.0766987153625487,-2.5932325061798096
1751987893.7502747,-0.14421402631402017,1.0765288782501221,-2.592739615058899
1751987893.7524123,-0.14414897713661193,1.0763590411376953,-2.592246723937988
1751987893.7545211,-0.14408392795920372,1.0761892040252685,-2.5917538328170773
1751987893.756585,-0.1440188787817955,1.0760193669128417,-2.591260941696167
1751987893.7587273,-0.14395382960438727,1.0758495298004151,-2.5907680505752566
1751987893.760831,-0.14388878042697906,1.0756796926879884,-2.590275159454346
1751987893.7629201,-0.14382373124957085,1.0755098555755613,-2.589782268333435
1751987893.7650583,-0.14375868207216264,1.0753400184631348,-2.5892893772125243
1751987893.7673087,-0.1436936328947544,1.075170181350708,-2.5887964860916135
1751987893.7692935,-0.1436285837173462,1.0750003442382812,-2.5883035949707027
1751987893.7714283,-0.14356353453993798,1.0748305071258544,-2.587810703849793
1751987893.7734997,-0.14349848536252974,1.0746606700134278,-2.587317812728882
1751987893.7756455,-0.14343343618512153,1.074490832901001,-2.5868249216079713
1751987893.7777078,-0.14336838700771332,1.0743209957885742,-2.5863320304870605
1751987893.7797456,-0.1433033378303051,1.0741511586761474,-2.5858391393661497
1751987893.781868,-0.1432382886528969,1.0739813215637208,-2.5853462482452394
1751987893.784009,-0.14317323947548866,1.0738114844512938,-2.584853357124328
1751987893.7861228,-0.14310819029808045,1.0736416473388672,-2.5843604660034183
1751987893.7882638,-0.14304314112067223,1.0734718102264404,-2.5838675748825075
1751987893.7903914,-0.142978091943264,1.0733019731140137,-2.5833746837615967
1751987893.792566,-0.14291304276585579,1.0731321360015869,-2.582881792640686
1751987893.7945755,-0.14284799358844757,1.07296229888916,-2.582388901519775
1751987893.7965412,-0.14278294441103936,1.0727924617767335,-2.5818960103988644
1751987893.7986016,-0.14271789523363115,1.0726226246643067,-2.5814031192779545
1751987893.800665,-0.14265284605622292,1.07245278755188,-2.5809102281570437
1751987893.8027933,-0.1425877968788147,1.072282950439453,-2.580417337036133
1751987893.8049328,-0.14252274770140647,1.0721131133270263,-2.579924445915222
1751987893.8070765,-0.14245769852399826,1.0719432762145997,-2.5794315547943114
1751987893.8092754,-0.14239264934659004,1.071773439102173,-2.578938663673401
1751987893.8114219,-0.14232760016918183,1.0716036019897461,-2.57844577255249
1751987893.8133914,-0.1422625509917736,1.0714337648773193,-2.57795288143158
1751987893.8154829,-0.14219750181436538,1.0712639277648925,-2.577459990310669
1751987893.8175368,-0.14213245263695717,1.0710940906524657,-2.5769670991897584
1751987893.8196008,-0.14206740345954894,1.070924253540039,-2.5764742080688476
1751987893.8216624,-0.14200235428214072,1.0707544164276124,-2.575981316947937
1751987893.8237762,-0.14193730510473251,1.0705845793151856,-2.575488425827026
1751987893.8260772,-0.1418722559273243,1.0704147422027588,-2.5749955347061158
1751987893.8280287,-0.14180720674991606,1.070244905090332,-2.5745026435852054
1751987893.8300214,-0.14174215757250785,1.0700750679779054,-2.5740097524642946
1751987893.8321679,-0.14167710839509964,1.0699052308654784,-2.573516861343384
1751987893.8342972,-0.14161205921769143,1.0697353937530518,-2.573023970222473
1751987893.8363857,-0.14154701004028322,1.069565556640625,-2.5725310791015628
1751987893.8385165,-0.14148196086287498,1.0693957195281982,-2.5720381879806515
1751987893.840551,-0.14141691168546677,1.0692258824157714,-2.5715452968597416
1751987893.842703,-0.14135186250805853,1.0690560453033446,-2.5710524057388304
1751987893.8448513,-0.14128681333065032,1.068886208190918,-2.57055951461792
1751987893.8468614,-0.1412217641532421,1.0687163710784913,-2.5700666234970093
1751987893.8489938,-0.1411567149758339,1.0685465339660645,-2.5695737323760985
1751987893.8511298,-0.1410916657984257,1.0683766968536377,-2.5690808412551878
1751987893.8532748,-0.14102661662101745,1.0682068597412109,-2.568587950134277
1751987893.855406,-0.14096156744360924,1.0680370226287843,-2.568095059013367
1751987893.857536,-0.14089651826620103,1.0678671855163575,-2.5676021678924563
1751987893.859711,-0.1408314690887928,1.0676973484039305,-2.5671092767715455
1751987893.8616788,-0.14076641991138458,1.067527511291504,-2.5666163856506348
1751987893.8637176,-0.14070137073397637,1.0673576741790771,-2.566123494529724
1751987893.8658576,-0.14063632155656816,1.0671878370666503,-2.565630603408813
1751987893.867992,-0.14057127237915992,1.0670179999542238,-2.565137712287903
1751987893.8701103,-0.1405062232017517,1.066848162841797,-2.5646448211669925
1751987893.8722396,-0.1404411740243435,1.0666783257293702,-2.5641519300460818
1751987893.8743813,-0.14037612484693526,1.0665084886169434,-2.563659038925171
1751987893.8766181,-0.14031107566952705,1.0663386515045166,-2.56316614780426
1751987893.8786366,-0.14024602649211884,1.06616881439209,-2.56267325668335
1751987893.8806715,-0.1401809773147106,1.065998977279663,-2.5621803655624387
1751987893.8828087,-0.1401159281373024,1.0658291401672364,-2.5616874744415288
1751987893.8849456,-0.14005087895989418,1.0656593030548096,-2.5611945833206176
1751987893.8870795,-0.13998582978248597,1.0654894659423828,-2.5607016921997072
1751987893.8891726,-0.13992078060507776,1.065319628829956,-2.5602088010787964
1751987893.8913097,-0.13985573142766952,1.0651497917175292,-2.5597159099578857
1751987893.893527,-0.1397906822502613,1.0649799546051026,-2.559223018836975
1751987893.8955443,-0.13972563307285307,1.0648101174926758,-2.558730127716064
1751987893.8975613,-0.13966058389544486,1.064640280380249,-2.5582372365951542
1751987893.8996234,-0.13959553471803665,1.0644704432678225,-2.5577443454742435
1751987893.9016883,-0.13953048554062844,1.0643006061553955,-2.5572514543533327
1751987893.903828,-0.13946543636322023,1.0641307690429689,-2.556758563232422
1751987893.905952,-0.139400387185812,1.0639609319305419,-2.556265672111511
1751987893.9080966,-0.13933533800840378,1.0637910948181153,-2.5557727809906003
1751987893.9102364,-0.13927028883099557,1.0636212577056885,-2.55527988986969
1751987893.9123025,-0.13920523965358733,1.0634514205932617,-2.554786998748779
1751987893.9143808,-0.13914019047617912,1.063281583480835,-2.554294107627869
1751987893.9165182,-0.1390751412987709,1.063111746368408,-2.553801216506958
1751987893.9185772,-0.1390100921213627,1.0629419092559815,-2.5533083253860474
1751987893.9206398,-0.1389450429439545,1.0627720721435547,-2.5528154342651366
1751987893.922768,-0.13887999376654625,1.062602235031128,-2.552322543144226
1751987893.924917,-0.13881494458913804,1.0624323979187011,-2.551829652023316
1751987893.9270377,-0.1387498954117298,1.0622625608062743,-2.5513367609024047
1751987893.9291127,-0.1386848462343216,1.0620927236938476,-2.5508438697814944
1751987893.9312267,-0.13861979705691338,1.061922886581421,-2.5503509786605836
1751987893.933359,-0.13855474787950514,1.0617530494689942,-2.549858087539673
1751987893.9354885,-0.13848969870209693,1.0615832123565674,-2.549365196418762
1751987893.9375372,-0.13842464952468872,1.0614133752441406,-2.5488723052978512
1751987893.9395952,-0.1383596003472805,1.0612435381317138,-2.5483794141769414
1751987893.9417932,-0.1382945511698723,1.0610737010192872,-2.5478865230560306
1751987893.9438403,-0.13822950199246406,1.0609038639068604,-2.54739363193512
1751987893.9458914,-0.13816445281505585,1.0607340267944336,-2.546900740814209
1751987893.9480057,-0.1380994036376476,1.0605641896820068,-2.5464078496932983
1751987893.950115,-0.1380343544602394,1.06039435256958,-2.5459149585723875
1751987893.9522367,-0.1379693052828312,1.0602245154571535,-2.545422067451477
1751987893.9543686,-0.13790425610542298,1.0600546783447264,-2.544929176330566
1751987893.9564598,-0.13783920692801477,1.0598848412322999,-2.544436285209656
1751987893.958581,-0.13777415775060653,1.059715004119873,-2.5439433940887453
1751987893.9606495,-0.13770910857319832,1.0595451670074463,-2.5434505029678345
1751987893.962637,-0.1376440593957901,1.0593753298950195,-2.5429576118469237
1751987893.9646962,-0.13757901021838187,1.0592054927825927,-2.542464720726013
1751987893.9668236,-0.13751396104097366,1.059035655670166,-2.541971829605103
1751987893.9689448,-0.13744891186356545,1.058865818557739,-2.541478938484192
1751987893.971078,-0.13738386268615724,1.0586959814453125,-2.5409860473632815
1751987893.9731827,-0.13731881350874903,1.0585261443328857,-2.5404931562423707
1751987893.9753666,-0.1372537643313408,1.058356307220459,-2.54000026512146
1751987893.977443,-0.13718871515393258,1.0581864701080321,-2.539507374000549
1751987893.979488,-0.13712366597652434,1.0580166329956053,-2.5390144828796384
1751987893.981551,-0.13705861679911613,1.0578467958831788,-2.5385215917587276
1751987893.9836113,-0.13699356762170792,1.057676958770752,-2.5380287006378177
1751987893.985673,-0.13692851844429968,1.0575071216583252,-2.537535809516907
1751987893.9878025,-0.13686346926689147,1.0573372845458986,-2.537042918395996
1751987893.9899,-0.13679842008948326,1.0571674474334716,-2.5365500272750854
1751987893.9921205,-0.13673337091207505,1.056997610321045,-2.5360571361541746
1751987893.994166,-0.13666832173466684,1.0568277732086182,-2.5355642450332643
1751987893.9961991,-0.1366032725572586,1.0566579360961914,-2.535071353912353
1751987893.998333,-0.1365382233798504,1.0564880989837646,-2.534578462791443
1751987894.0004652,-0.13647317420244215,1.0563182618713378,-2.534085571670532
1751987894.0025387,-0.13640812502503394,1.056148424758911,-2.5335926805496216
1751987894.004598,-0.13634307584762573,1.0559785876464844,-2.533099789428711
1751987894.006659,-0.13627802667021752,1.0558087505340576,-2.5326068983078
1751987894.008782,-0.1362129774928093,1.0556389134216309,-2.5321140071868893
1751987894.0108385,-0.13614792831540107,1.055469076309204,-2.531621116065979
1751987894.0130782,-0.13608287913799286,1.0552992391967773,-2.5311282249450686
1751987894.0151002,-0.13601782996058465,1.0551294020843507,-2.530635333824158
1751987894.0172722,-0.1359527807831764,1.0549595649719237,-2.530142442703247
1751987894.0194745,-0.1358877316057682,1.054789727859497,-2.5296495515823363
1751987894.0215347,-0.13582268242836,1.0546198907470703,-2.5291566604614255
1751987894.0235863,-0.13575763325095178,1.0544500536346435,-2.5286637693405147
1751987894.0259356,-0.13569258407354357,1.0542802165222167,-2.528170878219605
1751987894.0278642,-0.13562753489613533,1.0541103794097901,-2.527677987098694
1751987894.0299625,-0.13556248571872712,1.0539405422973633,-2.5271850959777833
1751987894.032089,-0.13549743654131888,1.0537707051849365,-2.5266922048568725
1751987894.0342872,-0.13543238736391067,1.0536008680725097,-2.5261993137359617
1751987894.0364377,-0.13536733818650246,1.0534310309600832,-2.5257064226150514
1751987894.0385132,-0.13530228900909425,1.0532611938476562,-2.52521353149414
1751987894.0408504,-0.13523723983168603,1.0530913567352296,-2.5247206403732303
1751987894.0428364,-0.1351721906542778,1.0529215196228026,-2.524227749252319
1751987894.0449033,-0.13510714147686959,1.052751682510376,-2.5237348581314087
1751987894.0470264,-0.13504209229946137,1.0525818453979492,-2.523241967010498
1751987894.049113,-0.13497704312205314,1.0524120082855224,-2.522749075889587
1751987894.0512786,-0.13491199394464493,1.0522421711730956,-2.5222561847686764
1751987894.0534668,-0.1348469447672367,1.0520723340606688,-2.5217632936477656
1751987894.0555444,-0.13478189558982848,1.0519024969482422,-2.5212704025268557
1751987894.0576897,-0.13471684641242027,1.0517326598358154,-2.520777511405945
1751987894.0597973,-0.13465179723501206,1.0515628227233889,-2.520284620285034
1751987894.0618463,-0.13458674805760384,1.0513929856109618,-2.5197917291641234
1751987894.0640051,-0.1345216988801956,1.051223148498535,-2.5192988380432126
1751987894.066094,-0.1344566497027874,1.0510533113861082,-2.518805946922302
1751987894.0682454,-0.13439160052537918,1.0508834742736817,-2.518313055801392
1751987894.07047,-0.13432655134797097,1.0507136371612549,-2.517820164680481
1751987894.0725129,-0.13426150217056274,1.050543800048828,-2.5173272735595704
1751987894.0746272,-0.13419645299315452,1.0503739629364013,-2.5168343824386596
1751987894.0767293,-0.13413140381574631,1.0502041258239747,-2.516341491317749
1751987894.0787623,-0.1340663546383381,1.050034288711548,-2.515848600196838
1751987894.080878,-0.1340013054609299,1.0498644515991211,-2.515355709075928
1751987894.0830793,-0.13393625628352165,1.0496946144866943,-2.5148628179550174
1751987894.0852103,-0.13387120710611342,1.0495247773742675,-2.514369926834106
1751987894.0873559,-0.1338061579287052,1.0493549402618407,-2.513877035713196
1751987894.0895045,-0.133741108751297,1.0491851031494142,-2.513384144592285
1751987894.091661,-0.13367605957388878,1.0490152660369874,-2.5128912534713748
1751987894.0937302,-0.13361101039648057,1.0488454289245606,-2.5123983623504635
1751987894.0958486,-0.13354596121907236,1.0486755918121338,-2.5119054712295537
1751987894.0980349,-0.13348091204166412,1.048505754699707,-2.511412580108643
1751987894.1001222,-0.1334158628642559,1.0483359175872804,-2.510919688987732
1751987894.102317,-0.1333508136868477,1.0481660804748536,-2.5104267978668213
1751987894.1045039,-0.13328576450943946,1.0479962433624268,-2.5099339067459105
1751987894.106562,-0.13322071533203125,1.04782640625,-2.5094410156249998
1751987894.1087677,-0.13315566615462301,1.0476565691375732,-2.508948124504089
1751987894.1108983,-0.1330906169772148,1.0474867320251464,-2.508455233383179
1751987894.1129742,-0.1330255677998066,1.0473168949127198,-2.5079623422622683
1751987894.1150906,-0.13296051862239838,1.0471470578002928,-2.5074694511413576
1751987894.1172745,-0.13289546944499017,1.0469772206878663,-2.5069765600204468
1751987894.119424,-0.13283042026758193,1.0468073835754395,-2.506483668899536
1751987894.121535,-0.13276537109017372,1.0466375464630127,-2.5059907777786252
1751987894.1236823,-0.1327003219127655,1.046467709350586,-2.5054978866577153
1751987894.1258435,-0.13263527273535727,1.0462978722381593,-2.5050049955368046
1751987894.1279857,-0.13257022355794906,1.0461280351257325,-2.504512104415894
1751987894.130072,-0.13250517438054085,1.0459581980133057,-2.504019213294983
1751987894.1321592,-0.13244012520313264,1.045788360900879,-2.5035263221740722
1751987894.1343503,-0.13237507602572443,1.0456185237884523,-2.503033431053162
1751987894.1365025,-0.1323100268483162,1.0454486866760253,-2.5025405399322507
1751987894.138562,-0.13224497767090798,1.0452788495635987,-2.502047648811341
1751987894.1408548,-0.13217992849349974,1.045109012451172,-2.5015547576904296
1751987894.1428893,-0.13211487931609153,1.0449391753387451,-2.5010618665695192
1751987894.1448505,-0.13204983013868332,1.0447693382263183,-2.5005689754486085
1751987894.146946,-0.1319847809612751,1.0445995011138915,-2.5000760843276977
1751987894.1491172,-0.1319197317838669,1.044429664001465,-2.499583193206787
1751987894.1512702,-0.13185468260645866,1.044259826889038,-2.499090302085876
1751987894.1534595,-0.13178963342905045,1.0440899897766114,-2.4985974109649662
1751987894.155518,-0.13172458425164224,1.0439201526641846,-2.4981045198440555
1751987894.1577156,-0.131659535074234,1.0437503155517578,-2.4976116287231447
1751987894.1597695,-0.1315944858968258,1.043580478439331,-2.497118737602234
1751987894.1619012,-0.13152943671941755,1.0434106413269042,-2.496625846481323
1751987894.1640637,-0.13146438754200934,1.0432408042144774,-2.4961329553604124
1751987894.1662025,-0.13139933836460113,1.0430709671020508,-2.4956400642395025
1751987894.168389,-0.13133428918719292,1.042901129989624,-2.495147173118591
1751987894.1705487,-0.1312692400097847,1.0427312928771972,-2.494654281997681
1751987894.1725538,-0.13120419083237647,1.0425614557647704,-2.49416139087677
1751987894.174665,-0.13113914165496826,1.0423916186523439,-2.4936684997558594
1751987894.1767788,-0.13107409247756005,1.042221781539917,-2.4931756086349486
1751987894.178895,-0.1310090433001518,1.0420519444274903,-2.492682717514038
1751987894.181084,-0.1309439941227436,1.0418821073150635,-2.492189826393128
1751987894.1832006,-0.1308789449453354,1.0417122702026367,-2.4916969352722167
1751987894.1853898,-0.13081389576792718,1.0415424330902099,-2.4912040441513064
1751987894.187509,-0.13074884659051897,1.041372595977783,-2.4907111530303956
1751987894.1895652,-0.13068379741311073,1.0412027588653565,-2.490218261909485
1751987894.1917515,-0.13061874823570252,1.0410329217529297,-2.489725370788574
1751987894.1938467,-0.13055369905829428,1.040863084640503,-2.4892324796676633
1751987894.195983,-0.13048864988088607,1.0406932475280761,-2.4887395885467534
1751987894.1979852,-0.13042360070347786,1.0405234104156496,-2.4882466974258426
1751987894.2001123,-0.13035855152606965,1.0403535733032225,-2.487753806304932
1751987894.2022884,-0.13029350234866144,1.040183736190796,-2.487260915184021
1751987894.2044775,-0.1302284531712532,1.040013899078369,-2.4867680240631103
1751987894.2065368,-0.130163403993845,1.0398440619659424,-2.4862751329421995
1751987894.208712,-0.13009835481643678,1.0396742248535156,-2.4857822418212896
1751987894.2108157,-0.13003330563902854,1.0395043877410888,-2.485289350700378
1751987894.2129216,-0.12996825646162033,1.0393345506286622,-2.484796459579468
1751987894.2150452,-0.12990320728421212,1.0391647135162354,-2.4843035684585573
1751987894.2171352,-0.12983815810680388,1.0389948764038086,-2.4838106773376465
1751987894.2193081,-0.12977310892939567,1.0388250392913818,-2.4833177862167357
1751987894.221517,-0.12970805975198746,1.038655202178955,-2.482824895095825
1751987894.223582,-0.12964301057457925,1.0384853650665284,-2.482332003974915
1751987894.2258966,-0.129577961397171,1.0383155279541014,-2.4818391128540034
1751987894.227936,-0.1295129122197628,1.0381456908416746,-2.4813462217330935
1751987894.2299092,-0.1294478630423546,1.037975853729248,-2.4808533306121827
1751987894.2321153,-0.12938281386494635,1.0378060166168213,-2.480360439491272
1751987894.23431,-0.12931776468753814,1.0376361795043945,-2.479867548370361
1751987894.2364924,-0.12925271551012993,1.0374663423919677,-2.4793746572494504
1751987894.2385483,-0.12918766633272172,1.037296505279541,-2.4788817661285396
1751987894.2406452,-0.1291226171553135,1.0371266681671143,-2.4783888750076297
1751987894.2430336,-0.12905756797790527,1.0369568310546875,-2.477895983886719
1751987894.2450478,-0.12899251880049706,1.0367869939422607,-2.477403092765808
1751987894.2471056,-0.12892746962308882,1.036617156829834,-2.4769102016448974
1751987894.2492375,-0.1288624204456806,1.0364473197174071,-2.4764173105239866
1751987894.25143,-0.1287973712682724,1.0362774826049805,-2.4759244194030763
1751987894.2535172,-0.1287323220908642,1.0361076454925537,-2.475431528282165
1751987894.2555757,-0.12866727291345598,1.035937808380127,-2.474938637161255
1751987894.25772,-0.12860222373604774,1.0357679712677001,-2.474445746040344
1751987894.2598252,-0.12853717455863953,1.0355981341552734,-2.4739528549194336
1751987894.2618463,-0.12847212538123132,1.0354282970428468,-2.473459963798523
1751987894.2638972,-0.12840707620382308,1.03525845993042,-2.472967072677612
1751987894.2660623,-0.12834202702641487,1.0350886228179932,-2.4724741815567013
1751987894.2681623,-0.12827697784900666,1.0349187857055664,-2.4719812904357905
1751987894.2703536,-0.12821192867159845,1.0347489485931396,-2.4714883993148806
1751987894.2725046,-0.1281468794941902,1.034579111480713,-2.47099550819397
1751987894.274609,-0.128081830316782,1.034409274368286,-2.470502617073059
1751987894.2767153,-0.1280167811393738,1.0342394372558594,-2.4700097259521483
1751987894.2787874,-0.12795173196196555,1.0340696001434326,-2.4695168348312375
1751987894.2808886,-0.12788668278455734,1.0338997630310058,-2.4690239437103267
1751987894.2830887,-0.12782163360714913,1.033729925918579,-2.468531052589417
1751987894.285225,-0.1277565844297409,1.0335600888061522,-2.468038161468506
1751987894.2874076,-0.12769153525233268,1.0333902516937257,-2.4675452703475953
1751987894.2894998,-0.12762648607492447,1.0332204145812987,-2.4670523792266845
1751987894.2916856,-0.12756143689751626,1.033050577468872,-2.4665594881057737
1751987894.293715,-0.12749638772010805,1.0328807403564455,-2.4660665969848634
1751987894.295857,-0.1274313385426998,1.0327109032440185,-2.465573705863952
1751987894.2980552,-0.1273662893652916,1.0325410661315917,-2.4650808147430423
1751987894.3001497,-0.12730124018788336,1.032371229019165,-2.464587923622131
1751987894.302233,-0.12723619101047515,1.0322013919067383,-2.4640950325012208
1751987894.3044183,-0.12717114183306694,1.0320315547943115,-2.46360214138031
1751987894.3064768,-0.12710609265565873,1.0318617176818847,-2.463109250259399
1751987894.3087802,-0.12704104347825051,1.031691880569458,-2.4626163591384884
1751987894.3108017,-0.12697599430084228,1.0315220434570311,-2.4621234680175776
1751987894.312871,-0.12691094512343407,1.0313522063446046,-2.4616305768966678
1751987894.3150604,-0.12684589594602586,1.0311823692321778,-2.461137685775757
1751987894.3171527,-0.12678084676861762,1.031012532119751,-2.460644794654846
1751987894.3193429,-0.1267157975912094,1.0308426950073242,-2.4601519035339354
1751987894.3214965,-0.1266507484138012,1.0306728578948974,-2.4596590124130246
1751987894.323561,-0.12658569923639298,1.0305030207824706,-2.459166121292114
1751987894.3258655,-0.12652065005898477,1.030333183670044,-2.458673230171204
1751987894.3278325,-0.12645560088157656,1.0301633465576172,-2.458180339050293
1751987894.3300085,-0.12639055170416832,1.0299935094451904,-2.4576874479293824
1751987894.332081,-0.1263255025267601,1.0298236723327636,-2.4571945568084717
1751987894.3342645,-0.12626045334935188,1.029653835220337,-2.456701665687561
1751987894.3364365,-0.12619540417194366,1.0294839981079102,-2.45620877456665
1751987894.3385024,-0.12613035499453545,1.0293141609954835,-2.45571588344574
1751987894.340529,-0.12606530581712722,1.0291443238830567,-2.4552229923248294
1751987894.3427613,-0.126000256639719,1.0289744867706299,-2.454730101203918
1751987894.3449132,-0.1259352074623108,1.028804649658203,-2.454237210083008
1751987894.346919,-0.12587015828490258,1.0286348125457763,-2.453744318962097
1751987894.3491037,-0.12580510910749437,1.0284649754333497,-2.4532514278411868
1751987894.3512204,-0.12574005993008613,1.028295138320923,-2.4527585367202756
1751987894.3533676,-0.1256750107526779,1.028125301208496,-2.4522656455993648
1751987894.3555188,-0.12560996157526969,1.0279554640960693,-2.451772754478455
1751987894.3576035,-0.12554491239786147,1.0277856269836427,-2.451279863357544
1751987894.3598418,-0.12547986322045326,1.027615789871216,-2.4507869722366333
1751987894.3618245,-0.12541481404304505,1.0274459527587891,-2.4502940811157226
1751987894.363938,-0.12534976486563684,1.0272761156463623,-2.4498011899948122
1751987894.3660774,-0.1252847156882286,1.0271062785339355,-2.449308298873901
1751987894.3682318,-0.1252196665108204,1.0269364414215087,-2.448815407752991
1751987894.370378,-0.12515461733341218,1.0267666043090822,-2.4483225166320803
1751987894.372517,-0.12508956815600394,1.0265967671966552,-2.4478296255111696
1751987894.374624,-0.12502451897859573,1.0264269300842286,-2.447336734390259
1751987894.3767493,-0.12495946980118751,1.0262570929718018,-2.446843843269348
1751987894.3788013,-0.1248944206237793,1.026087255859375,-2.4463509521484372
1751987894.3809192,-0.12482937144637109,1.0259174187469482,-2.4458580610275273
1751987894.3830707,-0.12476432226896286,1.0257475816345214,-2.4453651699066166
1751987894.3851595,-0.12469927309155465,1.0255777445220948,-2.444872278785706
1751987894.387313,-0.12463422391414641,1.0254079074096678,-2.444379387664795
1751987894.389452,-0.1245691747367382,1.0252380702972412,-2.4438864965438842
1751987894.3915482,-0.12450412555932999,1.0250682331848144,-2.443393605422974
1751987894.3935988,-0.12443907638192177,1.0248983960723876,-2.4429007143020627
1751987894.39561,-0.12437402720451356,1.0247285589599608,-2.442407823181153
1751987894.3976648,-0.12430897802710533,1.024558721847534,-2.4419149320602416
1751987894.3998117,-0.12424392884969712,1.0243888847351075,-2.4414220409393312
1751987894.4019566,-0.1241788796722889,1.0242190476226807,-2.4409291498184205
1751987894.4041083,-0.12411383049488067,1.0240492105102539,-2.4404362586975097
1751987894.4062607,-0.12404878131747246,1.0238793733978273,-2.439943367576599
1751987894.4084895,-0.12398373214006424,1.0237095362854003,-2.439450476455688
1751987894.4105227,-0.12391868296265603,1.0235396991729737,-2.4389575853347782
1751987894.412526,-0.12385363378524782,1.023369862060547,-2.4384646942138675
1751987894.4145794,-0.12378858460783958,1.0232000249481201,-2.4379718030929567
1751987894.4166386,-0.12372353543043137,1.0230301878356933,-2.437478911972046
1751987894.418783,-0.12365848625302314,1.0228603507232665,-2.436986020851135
1751987894.420925,-0.12359343707561493,1.0226905136108397,-2.4364931297302244
1751987894.4230733,-0.12352838789820672,1.0225206764984132,-2.4360002386093145
1751987894.4254727,-0.1234633387207985,1.0223508393859864,-2.435507347488403
1751987894.4274552,-0.12339828954339029,1.0221810022735596,-2.435014456367493
1751987894.4295278,-0.12333324036598205,1.0220111651611328,-2.434521565246582
1751987894.431582,-0.12326819118857384,1.0218413280487062,-2.4340286741256714
1751987894.4336448,-0.12320314201116563,1.0216714909362794,-2.4335357830047606
1751987894.4357848,-0.1231380928337574,1.0215016538238524,-2.43304289188385
1751987894.4379418,-0.12307304365634919,1.0213318167114258,-2.43255000076294
1751987894.4400237,-0.12300799447894095,1.021161979598999,-2.4320571096420287
1751987894.4422302,-0.12294294530153274,1.0209921424865722,-2.4315642185211184
1751987894.4443588,-0.12287789612412453,1.0208223053741454,-2.4310713274002076
1751987894.446412,-0.1228128469467163,1.0206524682617188,-2.430578436279297
1751987894.448523,-0.1227477977693081,1.020482631149292,-2.430085545158386
1751987894.450588,-0.12268274859189987,1.0203127940368653,-2.4295926540374753
1751987894.452644,-0.12261769941449166,1.0201429569244385,-2.4290997629165654
1751987894.454786,-0.12255265023708345,1.0199731198120119,-2.4286068717956546
1751987894.4568942,-0.12248760105967521,1.0198032826995849,-2.428113980674744
1751987894.4592228,-0.122422551882267,1.0196334455871583,-2.427621089553833
1751987894.461173,-0.12235750270485878,1.0194636084747313,-2.4271281984329223
1751987894.463236,-0.12229245352745056,1.0192937713623047,-2.4266353073120115
1751987894.4653826,-0.12222740435004235,1.019123934249878,-2.4261424161911016
1751987894.4675112,-0.12216235517263412,1.018954097137451,-2.42564952507019
1751987894.4695685,-0.1220973059952259,1.0187842600250243,-2.42515663394928
1751987894.4716303,-0.12203225681781768,1.0186144229125977,-2.4246637428283693
1751987894.473721,-0.12196720764040947,1.018444585800171,-2.4241708517074585
1751987894.4758909,-0.12190215846300126,1.0182747486877441,-2.4236779605865477
1751987894.478045,-0.12183710928559303,1.0181049115753174,-2.423185069465637
1751987894.4800916,-0.12177206010818482,1.0179350744628906,-2.4226921783447266
1751987894.482249,-0.12170701093077659,1.0177652373504638,-2.4221992872238154
1751987894.4843893,-0.12164196175336837,1.017595400238037,-2.4217063961029055
1751987894.4865122,-0.12157691257596016,1.0174255631256104,-2.4212135049819947
1751987894.4885738,-0.12151186339855194,1.0172557260131836,-2.420720613861084
1751987894.490696,-0.12144681422114373,1.0170858889007568,-2.420227722740173
1751987894.4929338,-0.12138176504373549,1.01691605178833,-2.4197348316192624
1751987894.4948678,-0.12131671586632728,1.0167462146759034,-2.4192419404983516
1751987894.49698,-0.12125166668891907,1.0165763775634766,-2.4187490493774417
1751987894.4991372,-0.12118661751151084,1.0164065404510498,-2.418256158256531
1751987894.5012872,-0.12112156833410263,1.016236703338623,-2.41776326713562
1751987894.5034297,-0.12105651915669441,1.0160668662261962,-2.4172703760147094
1751987894.5054755,-0.1209914699792862,1.0158970291137694,-2.4167774848937986
1751987894.5075374,-0.12092642080187799,1.0157271920013429,-2.4162845937728887
1751987894.5095809,-0.12086137162446978,1.015557354888916,-2.415791702651978
1751987894.511744,-0.12079632244706154,1.0153875177764893,-2.415298811531067
1751987894.513825,-0.12073127326965331,1.0152176806640625,-2.4148059204101564
1751987894.515974,-0.1206662240922451,1.0150478435516357,-2.4143130292892456
1751987894.5180705,-0.12060117491483689,1.0148780064392091,-2.413820138168335
1751987894.5201616,-0.12053612573742868,1.0147081693267823,-2.4133272470474245
1751987894.5223556,-0.12047107656002044,1.0145383322143555,-2.4128343559265137
1751987894.5244899,-0.12040602738261222,1.0143684951019285,-2.4123414648056025
1751987894.5265894,-0.12034097820520401,1.014198657989502,-2.4118485736846926
1751987894.5285208,-0.1202759290277958,1.0140288208770754,-2.411355682563782
1751987894.530546,-0.12021087985038759,1.0138589837646486,-2.4108627914428715
1751987894.5326009,-0.12014583067297936,1.0136891466522215,-2.4103699003219603
1751987894.5346708,-0.12008078149557112,1.013519309539795,-2.4098770092010495
1751987894.5368466,-0.12001573231816291,1.0133494724273682,-2.4093841180801387
1751987894.5390372,-0.1199506831407547,1.0131796353149414,-2.408891226959229
1751987894.5412,-0.11988563396334649,1.0130097982025148,-2.408398335838318
1751987894.5432942,-0.11982058478593827,1.012839961090088,-2.4079054447174073
1751987894.5454142,-0.11975553560853004,1.012670123977661,-2.4074125535964965
1751987894.5475433,-0.11969048643112182,1.0125002868652344,-2.4069196624755858
1751987894.549589,-0.1196254372537136,1.0123304497528076,-2.406426771354676
1751987894.5516486,-0.1195603880763054,1.0121606126403808,-2.405933880233765
1751987894.5538135,-0.11949533889889717,1.011990775527954,-2.4054409891128543
1751987894.5559697,-0.11943028972148895,1.0118209384155272,-2.404948097991943
1751987894.5581274,-0.11936524054408074,1.0116511013031007,-2.4044552068710328
1751987894.5602598,-0.11930019136667253,1.0114812641906739,-2.403962315750122
1751987894.5623412,-0.11923514218926431,1.011311427078247,-2.4034694246292116
1751987894.5644784,-0.11917009301185608,1.0111415899658203,-2.4029765335083004
1751987894.5665133,-0.11910504383444785,1.0109717528533935,-2.4024836423873897
1751987894.568574,-0.11903999465703964,1.010801915740967,-2.4019907512664793
1751987894.5706341,-0.11897494547963143,1.01063207862854,-2.401497860145569
1751987894.5727262,-0.11890989630222322,1.0104622415161133,-2.401004969024658
1751987894.5748684,-0.11884484712481498,1.0102924044036865,-2.4005120779037474
1751987894.5769777,-0.11877979794740676,1.0101225672912597,-2.4000191867828367
1751987894.5790608,-0.11871474876999855,1.009952730178833,-2.3995262956619263
1751987894.5811243,-0.11864969959259034,1.0097828930664061,-2.399033404541016
1751987894.5832736,-0.11858465041518212,1.0096130559539795,-2.398540513420105
1751987894.585414,-0.1185196012377739,1.0094432188415527,-2.3980476222991944
1751987894.5875068,-0.11845455206036566,1.009273381729126,-2.3975547311782837
1751987894.5895653,-0.11838950288295745,1.0091035446166992,-2.397061840057373
1751987894.5917783,-0.11832445370554924,1.0089337075042724,-2.3965689489364626
1751987894.5937996,-0.11825940452814103,1.0087638703918458,-2.396076057815552
1751987894.5958278,-0.1181943553507328,1.008594033279419,-2.395583166694641
1751987894.59791,-0.11812930617332458,1.0084241961669922,-2.39509027557373
1751987894.6000586,-0.11806425699591637,1.0082543590545654,-2.39459738445282
1751987894.6022134,-0.11799920781850814,1.0080845219421386,-2.394104493331909
1751987894.604353,-0.11793415864109993,1.007914684829712,-2.393611602210999
1751987894.606444,-0.11786910946369171,1.0077448477172852,-2.393118711090088
1751987894.6085615,-0.11780406028628349,1.0075750106048584,-2.392625819969177
1751987894.6106048,-0.11773901110887527,1.0074051734924316,-2.3921329288482664
1751987894.6126103,-0.11767396193146706,1.0072353363800048,-2.391640037727356
1751987894.6146786,-0.11760891275405885,1.0070654992675783,-2.3911471466064453
1751987894.6168056,-0.11754386357665061,1.0068956621551512,-2.3906542554855346
1751987894.6189423,-0.11747881439924239,1.0067258250427245,-2.390161364364624
1751987894.621084,-0.11741376522183418,1.0065559879302977,-2.3896684732437135
1751987894.6231818,-0.11734871604442597,1.006386150817871,-2.3891755821228027
1751987894.6254473,-0.11728366686701776,1.0062163137054443,-2.3886826910018923
1751987894.6274745,-0.11721861768960953,1.0060464765930175,-2.3881897998809816
1751987894.6295345,-0.1171535685122013,1.0058766394805907,-2.387696908760071
1751987894.6315932,-0.11708851933479308,1.0057068023681641,-2.38720401763916
1751987894.633655,-0.11702347015738487,1.0055369652557373,-2.3867111265182497
1751987894.6357925,-0.11695842097997666,1.0053671281433105,-2.3862182353973393
1751987894.637934,-0.11689337180256844,1.0051972910308837,-2.385725344276428
1751987894.6400537,-0.1168283226251602,1.005027453918457,-2.3852324531555174
1751987894.642233,-0.11676327344775199,1.0048576168060301,-2.3847395620346066
1751987894.6443455,-0.11669822427034378,1.0046877796936036,-2.3842466709136962
1751987894.6464002,-0.11663317509293557,1.0045179425811768,-2.383753779792786
1751987894.648541,-0.11656812591552734,1.00434810546875,-2.383260888671875
1751987894.650601,-0.11650307673811912,1.0041782683563232,-2.382767997550964
1751987894.6526616,-0.11643802756071091,1.0040084312438964,-2.3822751064300536
1751987894.6548,-0.1163729783833027,1.0038385941314698,-2.3817822153091432
1751987894.6569176,-0.11630792920589449,1.003668757019043,-2.3812893241882325
1751987894.659321,-0.11624288002848625,1.0034989199066162,-2.3807964330673217
1751987894.6612124,-0.11617783085107802,1.0033290827941894,-2.380303541946411
1751987894.663277,-0.11611278167366981,1.0031592456817626,-2.3798106508255
1751987894.6654243,-0.1160477324962616,1.002989408569336,-2.37931775970459
1751987894.6674573,-0.11598268331885339,1.0028195714569093,-2.3788248685836795
1751987894.6695044,-0.11591763414144515,1.0026497343444825,-2.3783319774627687
1751987894.6715677,-0.11585258496403693,1.0024798972320557,-2.377839086341858
1751987894.6736388,-0.11578753578662872,1.0023100601196289,-2.377346195220947
1751987894.6758585,-0.1157224866092205,1.002140223007202,-2.376853304100037
1751987894.6778681,-0.1156574374318123,1.0019703858947755,-2.3763604129791265
1751987894.6798787,-0.11559238825440407,1.0018005487823487,-2.3758675218582153
1751987894.682026,-0.11552733907699583,1.0016307116699217,-2.3753746307373045
1751987894.6841242,-0.11546228989958762,1.001460874557495,-2.3748817396163937
1751987894.6862776,-0.11539724072217941,1.0012910374450683,-2.3743888484954834
1751987894.688417,-0.1153321915447712,1.0011212003326417,-2.373895957374573
1751987894.690526,-0.11526714236736298,1.0009513632202147,-2.373403066253662
1751987894.6926932,-0.11520209318995474,1.000781526107788,-2.372910175132751
1751987894.6947825,-0.11513704401254653,1.0006116889953613,-2.3724172840118407
1751987894.6968374,-0.11507199483513832,1.0004418518829346,-2.3719243928909304
1751987894.6989844,-0.1150069456577301,1.0002720147705078,-2.3714315017700196
1751987894.70113,-0.11494189648032188,1.000102177658081,-2.370938610649109
1751987894.7032394,-0.11487684730291366,0.9999323405456543,-2.370445719528198
1751987894.705369,-0.11481179812550545,0.9997625034332275,-2.3699528284072873
1751987894.7075326,-0.11474674894809724,0.9995926663208008,-2.369459937286377
1751987894.709646,-0.11468169977068902,0.9994228292083741,-2.3689670461654666
1751987894.7116294,-0.11461665059328079,0.9992529920959472,-2.3684741550445554
1751987894.7136517,-0.11455160141587258,0.9990831549835205,-2.367981263923645
1751987894.7158206,-0.11448655223846435,0.9989133178710936,-2.3674883728027343
1751987894.7179613,-0.11442150306105614,0.998743480758667,-2.366995481681824
1751987894.7201052,-0.11435645388364793,0.9985736436462402,-2.366502590560913
1751987894.7222579,-0.11429140470623969,0.9984038065338134,-2.3660096994400024
1751987894.7243953,-0.11422635552883148,0.9982339694213866,-2.365516808319092
1751987894.7265308,-0.11416130635142326,0.99806413230896,-2.365023917198181
1751987894.7285373,-0.11409625717401504,0.9978942951965332,-2.3645310260772705
1751987894.7305717,-0.11403120799660683,0.9977244580841065,-2.36403813495636
1751987894.7326334,-0.11396615881919861,0.9975546209716797,-2.363545243835449
1751987894.73477,-0.1139011096417904,0.9973847838592529,-2.3630523527145386
1751987894.7369168,-0.11383606046438216,0.9972149467468261,-2.362559461593628
1751987894.7390606,-0.11377101128697395,0.9970451096343994,-2.362066570472717
1751987894.741189,-0.11370596210956574,0.9968752725219727,-2.3615736793518067
1751987894.7433593,-0.11364091293215751,0.9967054354095459,-2.361080788230896
1751987894.7454019,-0.1135758637547493,0.9965355982971191,-2.3605878971099856
1751987894.7475052,-0.11351081457734107,0.9963657611846923,-2.3600950059890744
1751987894.7495668,-0.11344576539993285,0.9961959240722656,-2.359602114868164
1751987894.751625,-0.11338071622252464,0.996026086959839,-2.3591092237472537
1751987894.7537656,-0.11331566704511642,0.9958562498474121,-2.3586163326263425
1751987894.7559097,-0.11325061786770821,0.9956864127349854,-2.358123441505432
1751987894.7580962,-0.11318556869029998,0.9955165756225586,-2.3576305503845214
1751987894.7601702,-0.11312051951289177,0.9953467385101318,-2.3571376592636106
1751987894.762253,-0.11305547033548356,0.9951769013977051,-2.3566447681427003
1751987894.7642677,-0.11299042115807532,0.9950070642852782,-2.3561518770217895
1751987894.7664409,-0.11292537198066711,0.9948372271728516,-2.355658985900879
1751987894.7684982,-0.11286032280325889,0.9946673900604247,-2.355166094779968
1751987894.770561,-0.11279527362585068,0.994497552947998,-2.3546732036590576
1751987894.7726197,-0.11273022444844247,0.9943277158355714,-2.3541803125381473
1751987894.7747934,-0.11266517527103426,0.9941578787231447,-2.3536874214172365
1751987894.7768636,-0.11260012609362602,0.9939880416107177,-2.3531945302963257
1751987894.7789493,-0.1125350769162178,0.993818204498291,-2.352701639175415
1751987894.7810347,-0.11247002773880958,0.9936483673858643,-2.352208748054504
1751987894.7831323,-0.11240497856140137,0.9934785302734376,-2.351715856933594
1751987894.7852836,-0.11233992938399316,0.9933086931610108,-2.351222965812683
1751987894.7874212,-0.11227488020658494,0.9931388560485839,-2.3507300746917728
1751987894.7895186,-0.1122098310291767,0.9929690189361572,-2.3502371835708615
1751987894.7917259,-0.11214478185176849,0.9927991818237305,-2.349744292449951
1751987894.7937524,-0.11207973267436028,0.9926293447113037,-2.349251401329041
1751987894.795793,-0.11201468349695207,0.9924595075988769,-2.34875851020813
1751987894.797944,-0.11194963431954384,0.9922896704864502,-2.3482656190872193
1751987894.8000917,-0.11188458514213562,0.9921198333740233,-2.3477727279663085
1751987894.8022442,-0.1118195359647274,0.9919499962615966,-2.3472798368453978
1751987894.804385,-0.11175448678731918,0.99178015914917,-2.3467869457244874
1751987894.8064613,-0.11168943760991097,0.9916103220367433,-2.346294054603577
1751987894.8087482,-0.11162438843250275,0.9914404849243164,-2.345801163482666
1751987894.8106987,-0.11155933925509452,0.9912706478118896,-2.345308272361755
1751987894.8127332,-0.11149429007768631,0.9911008106994628,-2.3448153812408448
1751987894.8148797,-0.1114292409002781,0.9909309735870362,-2.3443224901199344
1751987894.8170207,-0.11136419172286989,0.9907611364746094,-2.3438295989990237
1751987894.8191214,-0.11129914254546165,0.9905912993621826,-2.343336707878113
1751987894.8212733,-0.11123409336805343,0.9904214622497557,-2.3428438167572017
1751987894.823364,-0.11116904419064522,0.9902516251373291,-2.3423509256362913
1751987894.8255355,-0.111103995013237,0.9900817880249024,-2.341858034515381
1751987894.8276389,-0.1110389458358288,0.9899119509124756,-2.34136514339447
1751987894.8296168,-0.11097389665842057,0.9897421138000488,-2.3408722522735594
1751987894.8317046,-0.11090884748101233,0.989572276687622,-2.3403793611526487
1751987894.833822,-0.11084379830360412,0.9894024395751952,-2.3398864700317383
1751987894.835964,-0.11077874912619591,0.9892326024627685,-2.339393578910828
1751987894.8380542,-0.1107136999487877,0.9890627653503419,-2.338900687789917
1751987894.840152,-0.11064865077137948,0.9888929282379151,-2.3384077966690064
1751987894.8424873,-0.11058360159397124,0.9887230911254882,-2.3379149055480957
1751987894.8444402,-0.11051855241656303,0.9885532540130615,-2.337422014427185
1751987894.8465004,-0.11045350323915482,0.9883834169006348,-2.3369291233062746
1751987894.8485196,-0.1103884540617466,0.9882135797882081,-2.3364362321853642
1751987894.8505828,-0.11032340488433838,0.9880437426757812,-2.335943341064453
1751987894.8526425,-0.11025835570693016,0.9878739055633543,-2.3354504499435422
1751987894.8547795,-0.11019330652952194,0.9877040684509277,-2.334957558822632
1751987894.856902,-0.11012825735211373,0.9875342313385009,-2.334464667701721
1751987894.8591542,-0.11006320817470551,0.9873643942260742,-2.333971776580811
1751987894.861237,-0.10999815899729729,0.9871945571136475,-2.3334788854599
1751987894.8632467,-0.10993310981988906,0.9870247200012207,-2.332985994338989
1751987894.8652818,-0.10986806064248085,0.986854882888794,-2.3324931032180785
1751987894.867441,-0.10980301146507264,0.9866850457763672,-2.332000212097168
1751987894.8695176,-0.10973796228766443,0.9865152086639405,-2.3315073209762573
1751987894.8715758,-0.10967291311025619,0.9863453715515137,-2.3310144298553466
1751987894.8736641,-0.10960786393284797,0.9861755344390868,-2.330521538734436
1751987894.8759449,-0.10954281475543975,0.9860056973266601,-2.3300286476135255
1751987894.8779054,-0.10947776557803154,0.9858358602142334,-2.3295357564926147
1751987894.88002,-0.10941271640062333,0.9856660231018066,-2.3290428653717044
1751987894.8821132,-0.10934766722321511,0.9854961859893798,-2.3285499742507936
1751987894.8842258,-0.10928261804580687,0.985326348876953,-2.328057083129883
1751987894.8863676,-0.10921756886839866,0.9851565117645263,-2.327564192008972
1751987894.8885033,-0.10915251969099045,0.9849866746520997,-2.3270713008880617
1751987894.8906183,-0.10908747051358224,0.9848168375396729,-2.3265784097671514
1751987894.8928158,-0.10902242133617401,0.9846470004272461,-2.32608551864624
1751987894.8947678,-0.10895737215876578,0.9844771633148193,-2.3255926275253294
1751987894.8968754,-0.10889232298135756,0.9843073262023926,-2.325099736404419
1751987894.8990245,-0.10882727380394935,0.9841374890899658,-2.3246068452835082
1751987894.9011178,-0.10876222462654114,0.9839676519775391,-2.324113954162598
1751987894.9032662,-0.10869717544913292,0.9837978148651123,-2.323621063041687
1751987894.9053547,-0.1086321262717247,0.9836279777526855,-2.323128171920776
1751987894.9074404,-0.10856707709431648,0.9834581406402587,-2.3226352807998656
1751987894.909549,-0.10850202791690827,0.983288303527832,-2.3221423896789553
1751987894.9115748,-0.10843697873950006,0.9831184664154053,-2.3216494985580445
1751987894.9136066,-0.10837192956209182,0.9829486293029784,-2.3211566074371337
1751987894.915662,-0.1083068803846836,0.9827787921905516,-2.320663716316223
1751987894.9178014,-0.10824183120727539,0.982608955078125,-2.320170825195312
1751987894.919944,-0.10817678202986718,0.9824391179656983,-2.319677934074402
1751987894.922037,-0.10811173285245897,0.9822692808532715,-2.3191850429534915
1751987894.924154,-0.10804668367505073,0.9820994437408447,-2.3186921518325807
1751987894.9264104,-0.1079816344976425,0.9819296066284179,-2.31819926071167
1751987894.9283667,-0.10791658532023429,0.9817597695159912,-2.317706369590759
1751987894.9304843,-0.10785153614282608,0.9815899324035644,-2.317213478469849
1751987894.9325032,-0.10778648696541787,0.9814200952911378,-2.3167205873489385
1751987894.9345658,-0.10772143778800965,0.9812502581787109,-2.3162276962280273
1751987894.9366271,-0.10765638861060141,0.9810804210662841,-2.3157348051071165
1751987894.938687,-0.1075913394331932,0.9809105839538573,-2.3152419139862057
1751987894.940848,-0.10752629025578499,0.9807407468414306,-2.3147490228652954
1751987894.943052,-0.10746124107837678,0.980570909729004,-2.314256131744385
1751987894.9450788,-0.10739619190096855,0.980401072616577,-2.3137632406234743
1751987894.9471216,-0.10733114272356033,0.9802312355041503,-2.313270349502563
1751987894.9492748,-0.1072660935461521,0.9800613983917236,-2.3127774583816527
1751987894.951414,-0.10720104436874389,0.9798915612792969,-2.3122845672607424
1751987894.953511,-0.10713599519133568,0.9797217241668701,-2.3117916761398316
1751987894.955572,-0.10707094601392746,0.9795518870544433,-2.311298785018921
1751987894.9576626,-0.10700589683651923,0.9793820499420165,-2.31080589389801
1751987894.959873,-0.10694084765911102,0.9792122128295898,-2.3103130027770993
1751987894.961895,-0.10687579848170281,0.979042375717163,-2.309820111656189
1751987894.96402,-0.1068107493042946,0.9788725386047364,-2.3093272205352786
1751987894.9661138,-0.10674570012688636,0.9787027014923095,-2.308834329414368
1751987894.9682758,-0.10668065094947815,0.9785328643798827,-2.308341438293457
1751987894.9704034,-0.10661560177206993,0.9783630272674559,-2.3078485471725463
1751987894.9725041,-0.10655055259466172,0.9781931901550294,-2.307355656051636
1751987894.9746506,-0.1064855034172535,0.9780233530426026,-2.306862764930725
1751987894.976709,-0.10642045423984527,0.9778535159301758,-2.3063698738098144
1751987894.9787745,-0.10635540506243706,0.977683678817749,-2.305876982688904
1751987894.98084,-0.10629035588502883,0.9775138417053222,-2.305384091567993
1751987894.9830034,-0.10622530670762062,0.9773440045928955,-2.3048912004470825
1751987894.985148,-0.10616025753021241,0.9771741674804688,-2.304398309326172
1751987894.987284,-0.10609520835280419,0.9770043303680419,-2.303905418205261
1751987894.9894233,-0.10603015917539597,0.9768344932556152,-2.3034125270843506
1751987894.991515,-0.10596510999798774,0.9766646561431884,-2.30291963596344
1751987894.9935994,-0.10590006082057953,0.9764948190307616,-2.3024267448425295
1751987894.9955988,-0.10583501164317131,0.976324981918335,-2.3019338537216187
1751987894.9976573,-0.10576996246576309,0.9761551448059083,-2.301440962600708
1751987894.999804,-0.10570491328835488,0.9759853076934815,-2.300948071479797
1751987895.0019486,-0.10563986411094665,0.9758154705810546,-2.3004551803588864
1751987895.0040905,-0.10557481493353843,0.975645633468628,-2.299962289237976
1751987895.0061994,-0.10550976575613022,0.9754757963562013,-2.2994693981170657
1751987895.0083098,-0.105444716578722,0.9753059592437744,-2.298976506996155
1751987895.0103989,-0.10537966740131378,0.9751361221313476,-2.298483615875244
1751987895.012501,-0.10531461822390556,0.9749662850189209,-2.2979907247543334
1751987895.0146306,-0.10524956904649735,0.9747964479064941,-2.2974978336334226
1751987895.0165877,-0.10518451986908914,0.9746266107940674,-2.2970049425125123
1751987895.0186832,-0.1051194706916809,0.9744567736816405,-2.2965120513916015
1751987895.020816,-0.10505442151427269,0.974286936569214,-2.296019160270691
1751987895.0229604,-0.10498937233686446,0.974117099456787,-2.29552626914978
1751987895.0250952,-0.10492432315945625,0.9739472623443604,-2.2950333780288696
1751987895.0271986,-0.10485927398204804,0.9737774252319336,-2.2945404869079593
1751987895.0293903,-0.10479422480463982,0.9736075881195069,-2.294047595787048
1751987895.0313923,-0.1047291756272316,0.9734377510070801,-2.2935547046661378
1751987895.0335214,-0.10466412644982337,0.9732679138946532,-2.293061813545227
1751987895.0355864,-0.10459907727241516,0.9730980767822265,-2.292568922424316
1751987895.0376456,-0.10453402809500695,0.9729282396697998,-2.292076031303406
1751987895.0397348,-0.10446897891759874,0.9727584025573731,-2.291583140182495
1751987895.041919,-0.10440392974019051,0.9725885654449462,-2.2910902490615843
1751987895.0439718,-0.10433888056278227,0.9724187283325194,-2.2905973579406735
1751987895.0460315,-0.10427383138537406,0.9722488912200928,-2.290104466819763
1751987895.0481043,-0.10420878220796585,0.972079054107666,-2.289611575698853
1751987895.050248,-0.10414373303055764,0.9719092169952392,-2.289118684577942
1751987895.052381,-0.10407868385314942,0.9717393798828126,-2.2886257934570313
1751987895.0545125,-0.10401363467574119,0.9715695427703857,-2.2881329023361205
1751987895.0565898,-0.10394858549833298,0.971399705657959,-2.2876400112152098
1751987895.058815,-0.10388353632092477,0.9712298685455323,-2.2871471200942994
1751987895.0608292,-0.10381848714351655,0.9710600314331055,-2.286654228973389
1751987895.062883,-0.10375343796610832,0.9708901943206787,-2.286161337852478
1751987895.0650115,-0.1036883887887001,0.9707203572082519,-2.285668446731567
1751987895.0671158,-0.10362333961129189,0.9705505200958251,-2.2851755556106568
1751987895.0692139,-0.10355829043388368,0.9703806829833985,-2.2846826644897464
1751987895.0713007,-0.10349324125647547,0.9702108458709717,-2.2841897733688357
1751987895.0733678,-0.10342819207906723,0.9700410087585449,-2.283696882247925
1751987895.0755746,-0.103363142901659,0.969871171646118,-2.2832039911270137
1751987895.0775504,-0.10329809372425079,0.9697013345336913,-2.2827111000061033
1751987895.0795293,-0.10323304454684258,0.9695314974212647,-2.282218208885193
1751987895.0816202,-0.10316799536943437,0.969361660308838,-2.2817253177642822
1751987895.0836818,-0.10310294619202615,0.9691918231964112,-2.2812324266433714
1751987895.0858116,-0.10303789701461791,0.9690219860839844,-2.2807395355224607
1751987895.0879455,-0.1029728478372097,0.9688521489715576,-2.2802466444015503
1751987895.0900874,-0.10290779865980149,0.9686823118591308,-2.27975375328064
1751987895.0924237,-0.10284274948239328,0.9685124747467042,-2.2792608621597292
1751987895.094369,-0.10277770030498505,0.9683426376342774,-2.2787679710388185
1751987895.0964012,-0.10271265112757681,0.9681728005218505,-2.2782750799179077
1751987895.0985436,-0.1026476019501686,0.9680029634094238,-2.277782188796997
1751987895.1006045,-0.10258255277276039,0.967833126296997,-2.2772892976760866
1751987895.1026652,-0.10251750359535218,0.9676632891845703,-2.2767964065551762
1751987895.1047976,-0.10245245441794396,0.9674934520721435,-2.276303515434265
1751987895.106916,-0.10238740524053573,0.9673236149597166,-2.2758106243133542
1751987895.1091337,-0.10232235606312752,0.9671537778472901,-2.275317733192444
1751987895.1112337,-0.10225730688571931,0.9669839407348633,-2.274824842071533
1751987895.1132386,-0.1021922577083111,0.9668141036224365,-2.274331950950623
1751987895.115378,-0.10212720853090286,0.9666442665100098,-2.273839059829712
1751987895.1175053,-0.10206215935349464,0.9664744293975829,-2.273346168708801
1751987895.1195276,-0.10199711017608643,0.9663045922851563,-2.2728532775878905
1751987895.1215892,-0.10193206099867821,0.9661347551727295,-2.27236038646698
1751987895.123668,-0.10186701182127,0.9659649180603028,-2.2718674953460694
1751987895.1259248,-0.10180196264386177,0.9657950809478759,-2.2713746042251586
1751987895.1279607,-0.10173691346645354,0.9656252438354491,-2.270881713104248
1751987895.129992,-0.10167186428904533,0.9654554067230223,-2.2703888219833375
1751987895.1321242,-0.10160681511163712,0.9652855696105958,-2.2698959308624267
1751987895.1342697,-0.10154176593422891,0.965115732498169,-2.2694030397415164
1751987895.1364036,-0.10147671675682068,0.9649458953857422,-2.2689101486206056
1751987895.1385207,-0.10141166757941245,0.9647760582733154,-2.268417257499695
1751987895.1406841,-0.10134661840200423,0.9646062211608887,-2.267924366378784
1751987895.1428058,-0.10128156922459602,0.9644363840484619,-2.2674314752578737
1751987895.1448405,-0.10121652004718781,0.9642665469360352,-2.2669385841369634
1751987895.146954,-0.10115147086977959,0.9640967098236084,-2.266445693016052
1751987895.149087,-0.10108642169237135,0.9639268727111816,-2.2659528018951414
1751987895.151183,-0.10102137251496314,0.9637570355987548,-2.265459910774231
1751987895.153319,-0.10095632333755493,0.963587198486328,-2.2649670196533203
1751987895.1554515,-0.10089127416014672,0.9634173613739014,-2.26447412853241
1751987895.1575189,-0.1008262249827385,0.9632475242614746,-2.263981237411499
1751987895.1596615,-0.10076117580533027,0.9630776871490478,-2.263488346290588
1751987895.1616793,-0.10069612662792206,0.962907850036621,-2.2629954551696776
1751987895.1636992,-0.10063107745051385,0.9627380129241944,-2.2625025640487673
1751987895.165839,-0.10056602827310564,0.9625681758117677,-2.2620096729278565
1751987895.1679735,-0.1005009790956974,0.9623983386993408,-2.2615167818069457
1751987895.1700654,-0.10043592991828917,0.9622285015869139,-2.261023890686035
1751987895.1721559,-0.10037088074088096,0.9620586644744873,-2.260530999565124
1751987895.1742952,-0.10030583156347275,0.9618888273620605,-2.260038108444214
1751987895.1764746,-0.10024078238606454,0.9617189902496338,-2.2595452173233035
1751987895.1785426,-0.1001757332086563,0.9615491531372069,-2.2590523262023927
1751987895.1805396,-0.10011068403124808,0.9613793160247802,-2.258559435081482
1751987895.1826038,-0.10004563485383987,0.9612094789123535,-2.258066543960571
1751987895.1846638,-0.09998058567643166,0.9610396417999267,-2.257573652839661
1751987895.1867979,-0.09991553649902345,0.9608698046875002,-2.2570807617187505
1751987895.1889324,-0.09985048732161522,0.9606999675750733,-2.2565878705978393
1751987895.1910605,-0.09978543814420698,0.9605301304626463,-2.2560949794769285
1751987895.19322,-0.09972038896679877,0.9603602933502196,-2.2556020883560177
1751987895.1952827,-0.09965533978939056,0.960190456237793,-2.2551091972351074
1751987895.1972823,-0.09959029061198235,0.9600206191253663,-2.254616306114197
1751987895.1994443,-0.09952524143457413,0.9598507820129394,-2.2541234149932863
1751987895.2015326,-0.0994601922571659,0.9596809449005126,-2.253630523872375
1751987895.2036,-0.09939514307975768,0.9595111077880859,-2.2531376327514647
1751987895.2056613,-0.09933009390234947,0.9593412706756592,-2.2526447416305544
1751987895.2077796,-0.09926504472494126,0.9591714335632324,-2.2521518505096436
1751987895.2099295,-0.09919999554753303,0.9590015964508056,-2.251658959388733
1751987895.2120013,-0.09913494637012481,0.9588317593383788,-2.251166068267822
1751987895.2141118,-0.0990698971927166,0.958661922225952,-2.2506731771469113
1751987895.216207,-0.09900484801530839,0.9584920851135253,-2.250180286026001
1751987895.218342,-0.09893979883790018,0.9583222480010987,-2.2496873949050906
1751987895.2204733,-0.09887474966049194,0.9581524108886719,-2.24919450378418
1751987895.2225387,-0.09880970048308371,0.9579825737762451,-2.248701612663269
1751987895.2246952,-0.0987446513056755,0.9578127366638183,-2.2482087215423583
1751987895.2267804,-0.09867960212826729,0.9576428995513917,-2.247715830421448
1751987895.228838,-0.09861455295085908,0.9574730624389649,-2.247222939300537
1751987895.2309566,-0.09854950377345086,0.9573032253265381,-2.2467300481796264
1751987895.2331047,-0.09848445459604263,0.9571333882141113,-2.246237157058716
1751987895.2351892,-0.0984194054186344,0.9569635511016845,-2.245744265937805
1751987895.2373257,-0.0983543562412262,0.9567937139892578,-2.2452513748168945
1751987895.2394543,-0.09828930706381798,0.9566238768768311,-2.244758483695984
1751987895.241557,-0.09822425788640976,0.9564540397644042,-2.244265592575073
1751987895.2436106,-0.09815920870900155,0.9562842026519776,-2.2437727014541626
1751987895.2456274,-0.09809415953159331,0.9561143655395508,-2.243279810333252
1751987895.2476802,-0.0980291103541851,0.955944528427124,-2.2427869192123415
1751987895.2498124,-0.09796406117677689,0.9557746913146973,-2.2422940280914307
1751987895.2519507,-0.09789901199936867,0.9556048542022706,-2.24180113697052
1751987895.2540426,-0.09783396282196045,0.9554350170898438,-2.241308245849609
1751987895.2561438,-0.09776891364455223,0.9552651799774169,-2.2408153547286984
1751987895.2582884,-0.09770386446714402,0.9550953428649902,-2.240322463607788
1751987895.2604105,-0.0976388152897358,0.9549255057525635,-2.2398295724868778
1751987895.2624688,-0.09757376611232757,0.9547556686401366,-2.239336681365967
1751987895.2645378,-0.09750871693491936,0.9545858315277099,-2.238843790245056
1751987895.2666023,-0.09744366775751113,0.954415994415283,-2.2383508991241454
1751987895.2686648,-0.09737861858010292,0.9542461573028564,-2.2378580080032346
1751987895.2707975,-0.09731356940269471,0.9540763201904296,-2.2373651168823243
1751987895.2729356,-0.09724852022528647,0.9539064830780029,-2.2368722257614135
1751987895.2752104,-0.09718347104787826,0.9537366459655763,-2.236379334640503
1751987895.2771907,-0.09711842187047004,0.9535668088531494,-2.235886443519592
1751987895.2792203,-0.09705337269306183,0.9533969717407227,-2.2353935523986816
1751987895.2813582,-0.09698832351565362,0.9532271346282959,-2.2349006612777713
1751987895.2834907,-0.0969232743382454,0.9530572975158691,-2.23440777015686
1751987895.28552,-0.09685822516083718,0.9528874604034423,-2.2339148790359498
1751987895.287579,-0.09679317598342894,0.9527176232910155,-2.233421987915039
1751987895.2896473,-0.09672812680602073,0.9525477861785888,-2.232929096794128
1751987895.291862,-0.09666307762861252,0.9523779490661621,-2.232436205673218
1751987895.293909,-0.0965980284512043,0.9522081119537353,-2.231943314552307
1751987895.2959583,-0.09653297927379609,0.9520382748413085,-2.2314504234313963
1751987895.2980478,-0.09646793009638785,0.9518684377288817,-2.2309575323104855
1751987895.3001401,-0.09640288091897964,0.9516986006164551,-2.230464641189575
1751987895.3022814,-0.09633783174157143,0.9515287635040284,-2.229971750068665
1751987895.3044162,-0.09627278256416322,0.9513589263916016,-2.229478858947754
1751987895.3064861,-0.09620773338675499,0.9511890892791748,-2.2289859678268433
1751987895.3085947,-0.09614268420934677,0.951019252166748,-2.2284930767059326
1751987895.3106246,-0.09607763503193856,0.9508494150543212,-2.2280001855850218
1751987895.3126333,-0.09601258585453035,0.9506795779418945,-2.2275072944641114
1751987895.3146958,-0.09594753667712212,0.9505097408294678,-2.227014403343201
1751987895.3168232,-0.0958824874997139,0.950339903717041,-2.22652151222229
1751987895.3189633,-0.09581743832230567,0.9501700666046142,-2.226028621101379
1751987895.3211114,-0.09575238914489746,0.9500002294921874,-2.225535729980469
1751987895.3232021,-0.09568733996748925,0.9498303923797609,-2.2250428388595584
1751987895.32541,-0.09562229079008104,0.9496605552673341,-2.2245499477386477
1751987895.3274474,-0.0955572416126728,0.9494907181549073,-2.224057056617737
1751987895.3295076,-0.09549219243526458,0.9493208810424804,-2.2235641654968257
1751987895.331584,-0.09542714325785637,0.9491510439300537,-2.2230712743759153
1751987895.3336241,-0.09536209408044816,0.948981206817627,-2.222578383255005
1751987895.335684,-0.09529704490303995,0.9488113697052002,-2.2220854921340942
1751987895.3378127,-0.09523199572563172,0.9486415325927735,-2.2215926010131835
1751987895.3399122,-0.09516694654822348,0.9484716954803467,-2.2210997098922727
1751987895.3420908,-0.09510189737081527,0.9483018583679199,-2.2206068187713623
1751987895.3442051,-0.09503684819340706,0.9481320212554931,-2.220113927650452
1751987895.3462784,-0.09497179901599885,0.9479621841430665,-2.2196210365295412
1751987895.3484259,-0.09490674983859063,0.9477923470306396,-2.2191281454086305
1751987895.3505294,-0.09484170066118239,0.9476225099182127,-2.2186352542877197
1751987895.3525946,-0.09477665148377418,0.947452672805786,-2.218142363166809
1751987895.3546567,-0.09471160230636597,0.9472828356933595,-2.2176494720458986
1751987895.3568106,-0.09464655312895776,0.9471129985809327,-2.2171565809249882
1751987895.358981,-0.09458150395154953,0.9469431614685058,-2.216663689804077
1751987895.3610947,-0.0945164547741413,0.946773324356079,-2.2161707986831662
1751987895.3631465,-0.0944514055967331,0.9466034872436524,-2.215677907562256
1751987895.3652859,-0.09438635641932488,0.9464336501312256,-2.215185016441345
1751987895.3673832,-0.09432130724191667,0.9462638130187988,-2.214692125320435
1751987895.3695168,-0.09425625806450844,0.946093975906372,-2.214199234199524
1751987895.3715765,-0.09419120888710021,0.9459241387939452,-2.213706343078613
1751987895.3736544,-0.094126159709692,0.9457543016815185,-2.2132134519577025
1751987895.3759773,-0.09406111053228379,0.9455844645690917,-2.212720560836792
1751987895.3779325,-0.09399606135487558,0.9454146274566652,-2.2122276697158814
1751987895.3799844,-0.09393101217746734,0.9452447903442383,-2.2117347785949706
1751987895.382103,-0.09386596300005912,0.9450749532318115,-2.21124188747406
1751987895.3842041,-0.0938009138226509,0.9449051161193847,-2.2107489963531495
1751987895.3863397,-0.0937358646452427,0.9447352790069581,-2.2102561052322387
1751987895.3884695,-0.09367081546783448,0.9445654418945313,-2.2097632141113284
1751987895.3905473,-0.09360576629042626,0.9443956047821045,-2.2092703229904176
1751987895.3927212,-0.09354071711301802,0.9442257676696777,-2.208777431869507
1751987895.3947976,-0.09347566793560981,0.944055930557251,-2.208284540748596
1751987895.3968523,-0.0934106187582016,0.9438860934448242,-2.2077916496276857
1751987895.3989856,-0.09334556958079339,0.9437162563323975,-2.2072987585067754
1751987895.4011216,-0.09328052040338516,0.9435464192199706,-2.206805867385864
1751987895.403265,-0.09321547122597694,0.9433765821075439,-2.2063129762649534
1751987895.4053977,-0.09315042204856872,0.9432067449951171,-2.205820085144043
1751987895.4075456,-0.0930853728711605,0.9430369078826903,-2.2053271940231323
1751987895.4097455,-0.0930203236937523,0.9428670707702638,-2.204834302902222
1751987895.4116602,-0.09295527451634407,0.942697233657837,-2.204341411781311
1751987895.413706,-0.09289022533893584,0.9425273965454101,-2.2038485206604
1751987895.4158435,-0.09282517616152763,0.9423575594329834,-2.2033556295394896
1751987895.4179802,-0.09276012698411942,0.9421877223205567,-2.2028627384185793
1751987895.4201138,-0.09269507780671121,0.94201788520813,-2.2023698472976685
1751987895.422214,-0.09263002862930297,0.9418480480957031,-2.2018769561767577
1751987895.4243467,-0.09256497945189475,0.9416782109832762,-2.201384065055847
1751987895.42649,-0.09249993027448654,0.9415083738708496,-2.200891173934936
1751987895.4285452,-0.09243488109707833,0.9413385367584228,-2.200398282814026
1751987895.4305382,-0.09236983191967012,0.9411686996459961,-2.1999053916931155
1751987895.4326,-0.09230478274226188,0.9409988625335692,-2.1994125005722047
1751987895.4346614,-0.09223973356485365,0.9408290254211426,-2.198919609451294
1751987895.436792,-0.09217468438744544,0.9406591883087158,-2.198426718330383
1751987895.438926,-0.09210963521003723,0.9404893511962891,-2.197933827209473
1751987895.4410698,-0.09204458603262902,0.9403195140838624,-2.1974409360885625
1751987895.4432018,-0.0919795368552208,0.9401496769714355,-2.1969480449676513
1751987895.4452639,-0.09191448767781256,0.9399798398590087,-2.1964551538467405
1751987895.4473965,-0.09184943850040435,0.9398100027465819,-2.1959622627258297
1751987895.449521,-0.09178438932299614,0.9396401656341553,-2.1954693716049194
1751987895.4515853,-0.09171934014558793,0.9394703285217285,-2.194976480484009
1751987895.4536443,-0.0916542909681797,0.9393004914093017,-2.1944835893630983
1751987895.4557753,-0.09158924179077148,0.9391306542968749,-2.193990698242187
1751987895.4579265,-0.09152419261336327,0.9389608171844482,-2.1934978071212767
1751987895.4600484,-0.09145914343595504,0.9387909800720216,-2.1930049160003664
1751987895.4621134,-0.09139409425854683,0.9386211429595948,-2.1925120248794556
1751987895.4641874,-0.09132904508113861,0.938451305847168,-2.192019133758545
1751987895.4663315,-0.09126399590373038,0.9382814687347412,-2.191526242637634
1751987895.4684203,-0.09119894672632217,0.9381116316223144,-2.1910333515167233
1751987895.4705477,-0.09113389754891396,0.9379417945098877,-2.190540460395813
1751987895.4726079,-0.09106884837150575,0.937771957397461,-2.1900475692749026
1751987895.4748871,-0.09100379919409751,0.9376021202850342,-2.189554678153992
1751987895.47685,-0.09093875001668929,0.9374322831726074,-2.189061787033081
1751987895.4789145,-0.09087370083928108,0.9372624460601806,-2.1885688959121703
1751987895.4809744,-0.09080865166187287,0.9370926089477538,-2.18807600479126
1751987895.4832532,-0.09074360248446466,0.9369227718353272,-2.187583113670349
1751987895.4853442,-0.09067855330705643,0.9367529347229004,-2.1870902225494384
1751987895.4874737,-0.09061350412964819,0.9365830976104735,-2.1865973314285276
1751987895.4895287,-0.09054845495223998,0.9364132604980467,-2.186104440307617
1751987895.4916368,-0.09048340577483177,0.93624342338562,-2.1856115491867065
1751987895.4937234,-0.09041835659742356,0.9360735862731934,-2.185118658065796
1751987895.495803,-0.09035330742001534,0.9359037491607665,-2.184625766944885
1751987895.4979277,-0.09028825824260713,0.9357339120483399,-2.1841328758239746
1751987895.5000567,-0.09022320906519889,0.9355640749359131,-2.183639984703064
1751987895.502156,-0.09015815988779068,0.9353942378234863,-2.1831470935821535
1751987895.5042984,-0.09009311071038247,0.9352244007110595,-2.1826542024612428
1751987895.5063944,-0.09002806153297424,0.9350545635986328,-2.182161311340332
1751987895.5085094,-0.08996301235556603,0.9348847264862061,-2.181668420219421
1751987895.5105114,-0.0898979631781578,0.9347148893737792,-2.1811755290985104
1751987895.5125566,-0.0898329140007496,0.9345450522613525,-2.1806826379776
1751987895.5146427,-0.08976786482334138,0.9343752151489259,-2.1801897468566898
1751987895.516686,-0.08970281564593315,0.934205378036499,-2.179696855735779
1751987895.5188332,-0.08963776646852493,0.9340355409240721,-2.179203964614868
1751987895.520963,-0.08957271729111671,0.9338657038116454,-2.1787110734939574
1751987895.523059,-0.0895076681137085,0.9336958666992188,-2.178218182373047
1751987895.525253,-0.08944261893630029,0.933526029586792,-2.1777252912521363
1751987895.5273137,-0.08937756975889205,0.9333561924743652,-2.1772324001312255
1751987895.5293567,-0.08931252058148384,0.9331863553619385,-2.176739509010315
1751987895.531494,-0.08924747140407562,0.9330165182495116,-2.176246617889404
1751987895.533524,-0.0891824222266674,0.9328466811370849,-2.1757537267684937
1751987895.5355868,-0.0891173730492592,0.9326768440246582,-2.1752608356475833
1751987895.5376496,-0.08905232387185097,0.9325070069122314,-2.174767944526672
1751987895.5397365,-0.08898727469444276,0.9323371697998046,-2.1742750534057618
1751987895.5418959,-0.08892222551703452,0.9321673326873778,-2.173782162284851
1751987895.5441,-0.08885717633962631,0.931997495574951,-2.17328927116394
1751987895.5460901,-0.0887921271622181,0.9318276584625245,-2.17279638004303
1751987895.5481808,-0.08872707798480987,0.9316578213500977,-2.172303488922119
1751987895.5503175,-0.08866202880740166,0.9314879842376709,-2.1718105978012083
1751987895.5524526,-0.08859697962999342,0.9313181471252441,-2.1713177066802976
1751987895.554536,-0.08853193045258521,0.9311483100128174,-2.170824815559387
1751987895.5566015,-0.088466881275177,0.9309784729003907,-2.170331924438477
1751987895.5587687,-0.08840183209776879,0.9308086357879639,-2.169839033317566
1751987895.5608137,-0.08833678292036057,0.9306387986755371,-2.1693461421966553
1751987895.5628726,-0.08827173374295234,0.9304689615631103,-2.1688532510757446
1751987895.565009,-0.08820668456554413,0.9302991244506835,-2.168360359954834
1751987895.567152,-0.08814163538813592,0.9301292873382568,-2.1678674688339234
1751987895.569298,-0.08807658621072771,0.9299594502258302,-2.167374577713013
1751987895.5714338,-0.08801153703331947,0.9297896131134034,-2.1668816865921023
1751987895.5734987,-0.08794648785591125,0.9296197760009766,-2.166388795471191
1751987895.576007,-0.08788143867850304,0.9294499388885498,-2.165895904350281
1751987895.577709,-0.08781638950109483,0.9292801017761232,-2.1654030132293705
1751987895.579708,-0.08775134032368662,0.9291102646636964,-2.1649101221084597
1751987895.581848,-0.08768629114627838,0.9289404275512695,-2.164417230987549
1751987895.583985,-0.08762124196887015,0.9287705904388426,-2.1639243398666377
1751987895.5861187,-0.08755619279146194,0.928600753326416,-2.1634314487457273
1751987895.5882251,-0.08749114361405373,0.9284309162139893,-2.162938557624817
1751987895.590496,-0.08742609443664552,0.9282610791015625,-2.1624456665039062
1751987895.592565,-0.0873610452592373,0.9280912419891356,-2.1619527753829955
1751987895.5946016,-0.08729599608182906,0.9279214048767089,-2.1614598842620847
1751987895.5965424,-0.08723094690442085,0.9277515677642822,-2.1609669931411744
1751987895.5985992,-0.08716589772701264,0.9275817306518555,-2.160474102020264
1751987895.6006653,-0.08710084854960443,0.9274118935394289,-2.1599812108993532
1751987895.6027956,-0.0870357993721962,0.927242056427002,-2.1594883197784425
1751987895.6049235,-0.08697075019478796,0.9270722193145751,-2.1589954286575317
1751987895.6070607,-0.08690570101737975,0.9269023822021484,-2.158502537536621
1751987895.6093457,-0.08684065183997154,0.9267325450897217,-2.1580096464157106
1751987895.6113057,-0.08677560266256333,0.926562707977295,-2.1575167552948002
1751987895.6135063,-0.0867105534851551,0.9263928708648681,-2.157023864173889
1751987895.6155448,-0.08664550430774688,0.9262230337524413,-2.1565309730529783
1751987895.6176057,-0.08658045513033867,0.9260531966400147,-2.156038081932068
1751987895.6196694,-0.08651540595293046,0.9258833595275879,-2.1555451908111576
1751987895.6217299,-0.08645035677552225,0.9257135224151611,-2.155052299690247
1751987895.6238577,-0.08638530759811401,0.9255436853027343,-2.154559408569336
1751987895.626079,-0.08632025842070579,0.9253738481903075,-2.154066517448425
1751987895.628039,-0.08625520924329758,0.9252040110778809,-2.1535736263275145
1751987895.6301582,-0.08619016006588937,0.9250341739654541,-2.153080735206604
1751987895.6322043,-0.08612511088848115,0.9248643368530274,-2.1525878440856934
1751987895.6343594,-0.08606006171107292,0.9246944997406006,-2.1520949529647826
1751987895.6365714,-0.08599501253366469,0.9245246626281738,-2.151602061843872
1751987895.6385307,-0.08592996335625648,0.924354825515747,-2.1511091707229615
1751987895.6406064,-0.08586491417884827,0.9241849884033204,-2.1506162796020507
1751987895.6427698,-0.08579986500144006,0.9240151512908936,-2.1501233884811404
1751987895.6449494,-0.08573481582403183,0.9238453141784668,-2.1496304973602296
1751987895.6470034,-0.0856697666466236,0.9236754770660399,-2.149137606239319
1751987895.6491582,-0.08560471746921539,0.9235056399536132,-2.148644715118408
1751987895.651303,-0.08553966829180717,0.9233358028411865,-2.1481518239974977
1751987895.653436,-0.08547461911439896,0.9231659657287599,-2.1476589328765874
1751987895.6555264,-0.08540956993699074,0.922996128616333,-2.147166041755676
1751987895.6576338,-0.08534452075958252,0.9228262915039063,-2.1466731506347654
1751987895.6599913,-0.0852794715821743,0.9226564543914795,-2.146180259513855
1751987895.6617856,-0.08521442240476608,0.9224866172790527,-2.1456873683929443
1751987895.6639132,-0.08514937322735787,0.922316780166626,-2.145194477272034
1751987895.6660275,-0.08508432404994964,0.9221469430541993,-2.144701586151123
1751987895.6681232,-0.08501927487254142,0.9219771059417724,-2.144208695030212
1751987895.6701875,-0.08495422569513321,0.9218072688293457,-2.1437158039093016
1751987895.6723258,-0.084889176517725,0.9216374317169189,-2.1432229127883913
1751987895.6744926,-0.08482412734031679,0.9214675946044922,-2.1427300216674805
1751987895.6765306,-0.08475907816290855,0.9212977574920653,-2.1422371305465697
1751987895.6785424,-0.08469402898550032,0.9211279203796385,-2.141744239425659
1751987895.6805544,-0.08462897980809211,0.920958083267212,-2.141251348304748
1751987895.6826146,-0.0845639306306839,0.9207882461547852,-2.140758457183838
1751987895.6846771,-0.08449888145327569,0.9206184090423584,-2.1402655660629275
1751987895.6868086,-0.08443383227586747,0.9204485719299316,-2.1397726749420167
1751987895.688948,-0.08436878309845923,0.9202787348175048,-2.139279783821106
1751987895.6910765,-0.08430373392105102,0.9201088977050781,-2.138786892700195
1751987895.693344,-0.08423868474364281,0.9199390605926514,-2.138294001579285
1751987895.6952891,-0.0841736355662346,0.9197692234802246,-2.1378011104583745
1751987895.6974049,-0.08410858638882637,0.9195993863677978,-2.1373082193374633
1751987895.6995382,-0.08404353721141813,0.919429549255371,-2.1368153282165525
1751987895.7016006,-0.08397848803400992,0.9192597121429442,-2.1363224370956417
1751987895.7036617,-0.08391343885660171,0.9190898750305175,-2.1358295459747314
1751987895.7057922,-0.0838483896791935,0.9189200379180908,-2.135336654853821
1751987895.7079408,-0.08378334050178528,0.918750200805664,-2.1348437637329103
1751987895.7100751,-0.08371829132437705,0.9185803636932373,-2.134350872611999
1751987895.7121437,-0.08365324214696884,0.9184105265808105,-2.1338579814910887
1751987895.714271,-0.08358819296956063,0.9182406894683838,-2.1333650903701784
1751987895.7163117,-0.08352314379215241,0.9180708523559571,-2.1328721992492676
1751987895.7184546,-0.08345809461474418,0.9179010152435303,-2.132379308128357
1751987895.720526,-0.08339304543733596,0.9177311781311034,-2.131886417007446
1751987895.7225838,-0.08332799625992775,0.9175613410186767,-2.1313935258865353
1751987895.7246935,-0.08326294708251954,0.9173915039062499,-2.130900634765625
1751987895.7268283,-0.08319789790511133,0.9172216667938232,-2.1304077436447146
1751987895.728883,-0.08313284872770309,0.9170518296813965,-2.129914852523804
1751987895.7310164,-0.08306779955029486,0.9168819925689697,-2.129421961402893
1751987895.7331614,-0.08300275037288665,0.9167121554565429,-2.1289290702819823
1751987895.7352955,-0.08293770119547844,0.9165423183441161,-2.128436179161072
1751987895.7374272,-0.08287265201807023,0.9163724812316896,-2.1279432880401616
1751987895.739532,-0.082807602840662,0.9162026441192627,-2.1274503969192504
1751987895.7416987,-0.08274255366325377,0.9160328070068358,-2.1269575057983396
1751987895.7437332,-0.08267750448584556,0.9158629698944091,-2.126464614677429
1751987895.7457771,-0.08261245530843735,0.9156931327819824,-2.1259717235565185
1751987895.7478204,-0.08254740613102914,0.9155232956695557,-2.125478832435608
1751987895.7499611,-0.08248235695362091,0.9153534585571288,-2.124985941314697
1751987895.7520947,-0.08241730777621267,0.915183621444702,-2.124493050193786
1751987895.7541928,-0.08235225859880446,0.9150137843322754,-2.124000159072876
1751987895.7562342,-0.08228720942139625,0.9148439472198486,-2.1235072679519655
1751987895.7583568,-0.08222216024398804,0.9146741101074218,-2.1230143768310548
1751987895.7604814,-0.08215711106657982,0.9145042729949951,-2.122521485710144
1751987895.7625647,-0.0820920618891716,0.9143344358825684,-2.122028594589233
1751987895.7646096,-0.08202701271176338,0.9141645987701414,-2.1215357034683224
1751987895.7666676,-0.08196196353435517,0.9139947616577148,-2.121042812347412
1751987895.768826,-0.08189691435694696,0.9138249245452882,-2.1205499212265018
1751987895.770954,-0.08183186517953872,0.9136550874328613,-2.120057030105591
1751987895.7730505,-0.08176681600213051,0.9134852503204345,-2.11956413898468
1751987895.7752564,-0.08170176682472229,0.9133154132080077,-2.1190712478637694
1751987895.777318,-0.08163671764731407,0.9131455760955811,-2.118578356742859
1751987895.7793689,-0.08157166846990586,0.9129757389831543,-2.1180854656219483
1751987895.7814991,-0.08150661929249763,0.9128059018707275,-2.1175925745010376
1751987895.7835305,-0.08144157011508942,0.9126360647583007,-2.117099683380127
1751987895.7855897,-0.08137652093768119,0.9124662276458739,-2.116606792259216
1751987895.7876518,-0.08131147176027298,0.9122963905334472,-2.1161139011383057
1751987895.7897408,-0.08124642258286477,0.9121265534210204,-2.115621010017395
1751987895.7923558,-0.08118137340545654,0.9119567163085938,-2.115128118896484
1751987895.794063,-0.08111632422804833,0.911786879196167,-2.114635227775574
1751987895.7961247,-0.0810512750506401,0.9116170420837402,-2.114142336654663
1751987895.798226,-0.08098622587323188,0.9114472049713134,-2.1136494455337522
1751987895.8003542,-0.08092117669582367,0.9112773678588868,-2.113156554412842
1751987895.8024893,-0.08085612751841545,0.91110753074646,-2.112663663291931
1751987895.8045285,-0.08079107834100724,0.9109376936340332,-2.1121707721710203
1751987895.806592,-0.080726029163599,0.9107678565216064,-2.1116778810501096
1751987895.808753,-0.08066097998619079,0.9105980194091797,-2.1111849899291992
1751987895.8108199,-0.08059593080878258,0.9104281822967529,-2.110692098808289
1751987895.8128695,-0.08053088163137435,0.9102583451843261,-2.110199207687378
1751987895.8150008,-0.08046583245396614,0.9100885080718993,-2.1097063165664673
1751987895.8171434,-0.08040078327655792,0.9099186709594727,-2.1092134254455566
1751987895.8191905,-0.08033573409914971,0.9097488338470459,-2.108720534324646
1751987895.8213465,-0.0802706849217415,0.9095789967346191,-2.1082276432037355
1751987895.8234777,-0.08020563574433326,0.9094091596221923,-2.1077347520828247
1751987895.8256435,-0.08014058656692505,0.9092393225097657,-2.1072418609619143
1751987895.827635,-0.08007553738951682,0.9090694853973389,-2.1067489698410036
1751987895.829642,-0.08001048821210861,0.9088996482849121,-2.106256078720093
1751987895.8317058,-0.0799454390347004,0.9087298111724854,-2.105763187599182
1751987895.8338192,-0.07988038985729216,0.9085599740600585,-2.1052702964782712
1751987895.8359585,-0.07981534067988395,0.9083901369476318,-2.104777405357361
1751987895.8380673,-0.07975029150247573,0.908220299835205,-2.10428451423645
1751987895.8401654,-0.07968524232506752,0.9080504627227783,-2.1037916231155394
1751987895.842312,-0.07962019314765931,0.9078806256103515,-2.103298731994629
1751987895.844374,-0.07955514397025108,0.9077107884979247,-2.1028058408737182
1751987895.8465924,-0.07949009479284287,0.907540951385498,-2.1023129497528075
1751987895.8485975,-0.07942504561543463,0.9073711142730713,-2.1018200586318967
1751987895.850671,-0.07935999643802642,0.9072012771606446,-2.1013271675109864
1751987895.85279,-0.07929494726061821,0.9070314400482178,-2.100834276390076
1751987895.85485,-0.07922989808320999,0.906861602935791,-2.1003413852691653
1751987895.8569698,-0.07916484890580178,0.9066917658233642,-2.0998484941482545
1751987895.8593514,-0.07909979972839357,0.9065219287109375,-2.0993556030273437
1751987895.8612444,-0.07903475055098533,0.9063520915985107,-2.098862711906433
1751987895.863321,-0.07896970137357712,0.906182254486084,-2.0983698207855226
1751987895.865459,-0.07890465219616889,0.9060124173736572,-2.097876929664612
1751987895.8675275,-0.07883960301876068,0.9058425802612304,-2.097384038543701
1751987895.8696244,-0.07877455384135247,0.9056727431488036,-2.0968911474227907
1751987895.8716483,-0.07870950466394425,0.905502906036377,-2.09639825630188
1751987895.8737433,-0.07864445548653604,0.9053330689239503,-2.095905365180969
1751987895.8759766,-0.0785794063091278,0.9051632318115235,-2.0954124740600584
1751987895.8780816,-0.07851435713171959,0.9049933946990967,-2.094919582939148
1751987895.8801022,-0.07844930795431138,0.9048235575866699,-2.0944266918182377
1751987895.8822026,-0.07838425877690315,0.9046537204742431,-2.0939338006973265
1751987895.8843424,-0.07831920959949494,0.9044838833618164,-2.093440909576416
1751987895.886473,-0.07825416042208672,0.9043140462493895,-2.0929480184555054
1751987895.8885257,-0.07818911124467849,0.9041442091369629,-2.0924551273345946
1751987895.8906436,-0.07812406206727028,0.9039743720245361,-2.091962236213684
1751987895.893127,-0.07805901288986206,0.9038045349121093,-2.0914693450927735
1751987895.8947601,-0.07799396371245385,0.9036346977996825,-2.090976453971863
1751987895.8968894,-0.07792891453504562,0.9034648606872558,-2.0904835628509524
1751987895.899031,-0.07786386535763741,0.9032950235748292,-2.0899906717300416
1751987895.9011576,-0.0777988161802292,0.9031251864624024,-2.089497780609131
1751987895.9032993,-0.07773376700282096,0.9029553493499756,-2.08900488948822
1751987895.9054356,-0.07766871782541275,0.9027855122375488,-2.0885119983673097
1751987895.907538,-0.07760366864800453,0.902615675125122,-2.0880191072463985
1751987895.9097393,-0.07753861947059631,0.9024458380126952,-2.087526216125488
1751987895.911666,-0.0774735702931881,0.9022760009002686,-2.087033325004578
1751987895.91378,-0.07740852111577988,0.9021061637878418,-2.086540433883667
1751987895.915937,-0.07734347193837166,0.901936326675415,-2.0860475427627563
1751987895.9180155,-0.07727842276096343,0.9017664895629882,-2.0855546516418455
1751987895.9201498,-0.07721337358355522,0.9015966524505615,-2.085061760520935
1751987895.922298,-0.07714832440614701,0.9014268153381348,-2.084568869400025
1751987895.9244475,-0.07708327522873878,0.9012569782257079,-2.0840759782791136
1751987895.9265556,-0.07701822605133057,0.9010871411132813,-2.0835830871582033
1751987895.928549,-0.07695317687392234,0.9009173040008545,-2.0830901960372925
1751987895.9306052,-0.07688812769651412,0.9007474668884277,-2.0825973049163817
1751987895.932667,-0.07682307851910591,0.9005776297760009,-2.082104413795471
1751987895.934798,-0.07675802934169769,0.9004077926635741,-2.0816115226745606
1751987895.9369352,-0.07669298016428948,0.9002379555511475,-2.08111863155365
1751987895.9390814,-0.07662793098688125,0.9000681184387207,-2.0806257404327395
1751987895.9412062,-0.07656288180947304,0.8998982813262939,-2.0801328493118287
1751987895.9433446,-0.07649783263206483,0.8997284442138672,-2.079639958190918
1751987895.9454176,-0.0764327834546566,0.8995586071014404,-2.079147067070007
1751987895.947449,-0.07636773427724838,0.8993887699890136,-2.078654175949097
1751987895.9495401,-0.07630268509984016,0.8992189328765868,-2.0781612848281856
1751987895.9516034,-0.07623763592243195,0.8990490957641601,-2.0776683937072753
1751987895.953664,-0.07617258674502374,0.8988792586517333,-2.077175502586365
1751987895.9557958,-0.0761075375676155,0.8987094215393066,-2.076682611465454
1751987895.9579346,-0.07604248839020729,0.8985395844268798,-2.0761897203445434
1751987895.9600916,-0.07597743921279906,0.8983697473144532,-2.0756968292236326
1751987895.9620779,-0.07591239003539085,0.8981999102020264,-2.0752039381027223
1751987895.9641497,-0.07584734085798264,0.8980300730895996,-2.0747110469818115
1751987895.966225,-0.07578229168057442,0.8978602359771728,-2.0742181558609007
1751987895.9683335,-0.07571724250316621,0.8976903988647461,-2.0737252647399904
1751987895.9705272,-0.07565219332575797,0.8975205617523193,-2.0732323736190796
1751987895.9725325,-0.07558714414834976,0.8973507246398925,-2.072739482498169
1751987895.9746358,-0.07552209497094155,0.8971808875274658,-2.072246591377258
1751987895.9767485,-0.07545704579353332,0.897011050415039,-2.0717537002563473
1751987895.9787195,-0.07539199661612511,0.8968412133026122,-2.071260809135437
1751987895.980871,-0.07532694743871687,0.8966713761901854,-2.0707679180145266
1751987895.983007,-0.07526189826130866,0.8965015390777589,-2.070275026893616
1751987895.985146,-0.07519684908390045,0.8963317019653321,-2.069782135772705
1751987895.9872756,-0.07513179990649223,0.8961618648529053,-2.0692892446517943
1751987895.9894063,-0.07506675072908402,0.8959920277404785,-2.068796353530884
1751987895.9915524,-0.0750017015516758,0.8958221906280518,-2.068303462409973
1751987895.9938004,-0.07493665237426758,0.895652353515625,-2.0678105712890624
1751987895.9956338,-0.07487160319685937,0.8954825164031982,-2.067317680168152
1751987895.9976919,-0.07480655401945113,0.8953126792907714,-2.0668247890472413
1751987895.9998305,-0.07474150484204292,0.8951428421783447,-2.0663318979263305
1751987896.0018935,-0.07467645566463471,0.8949730050659179,-2.0658390068054198
1751987896.0040276,-0.07461140648722649,0.8948031679534911,-2.065346115684509
1751987896.0061498,-0.07454635730981828,0.8946333308410643,-2.0648532245635987
1751987896.0083382,-0.07448130813241004,0.8944634937286378,-2.064360333442688
1751987896.010409,-0.07441625895500183,0.894293656616211,-2.0638674423217775
1751987896.012452,-0.07435120977759362,0.8941238195037842,-2.0633745512008668
1751987896.0144029,-0.07428616060018539,0.8939539823913574,-2.062881660079956
1751987896.016541,-0.07422111142277718,0.8937841452789307,-2.062388768959045
1751987896.0185235,-0.07415606224536896,0.8936143081665039,-2.0618958778381344
1751987896.0205803,-0.07409101306796075,0.8934444710540771,-2.061402986717224
1751987896.022638,-0.07402596389055253,0.8932746339416504,-2.0609100955963138
1751987896.024967,-0.0739609147131443,0.8931047968292236,-2.060417204475403
1751987896.0269747,-0.07389586553573609,0.8929349597167968,-2.059924313354492
1751987896.0290422,-0.07383081635832786,0.89276512260437,-2.0594314222335814
1751987896.0311296,-0.07376576718091965,0.8925952854919434,-2.058938531112671
1751987896.0333195,-0.07370071800351144,0.8924254483795167,-2.0584456399917603
1751987896.0354657,-0.0736356688261032,0.8922556112670899,-2.0579527488708496
1751987896.0375125,-0.07357061964869499,0.8920857741546631,-2.0574598577499392
1751987896.0395696,-0.07350557047128677,0.8919159370422363,-2.0569669666290284
1751987896.0418704,-0.07344052129387856,0.8917460999298096,-2.0564740755081177
1751987896.0439198,-0.07337547211647034,0.8915762628173828,-2.055981184387207
1751987896.0459669,-0.07331042293906212,0.891406425704956,-2.055488293266296
1751987896.0481236,-0.07324537376165391,0.8912365885925293,-2.054995402145386
1751987896.0503242,-0.07318032458424567,0.8910667514801025,-2.054502511024475
1751987896.0525074,-0.07311527540683746,0.8908969143676757,-2.0540096199035642
1751987896.0545638,-0.07305022622942925,0.8907270772552491,-2.053516728782654
1751987896.056663,-0.07298517705202102,0.8905572401428223,-2.053023837661743
1751987896.059,-0.07292012787461281,0.8903874030303955,-2.0525309465408323
1751987896.0610452,-0.07285507869720458,0.8902175659179687,-2.0520380554199216
1751987896.0631638,-0.07279002951979636,0.890047728805542,-2.0515451642990112
1751987896.0653422,-0.07272498034238815,0.8898778916931153,-2.051052273178101
1751987896.0675094,-0.07265993116497993,0.8897080545806884,-2.05055938205719
1751987896.0695665,-0.07259488198757172,0.8895382174682617,-2.0500664909362794
1751987896.0716262,-0.0725298328101635,0.889368380355835,-2.0495735998153686
1751987896.0738485,-0.07246478363275528,0.8891985432434082,-2.049080708694458
1751987896.0761068,-0.07239973445534707,0.8890287061309814,-2.0485878175735475
1751987896.0780683,-0.07233468527793883,0.8888588690185546,-2.0480949264526367
1751987896.0801353,-0.07226963610053062,0.8886890319061279,-2.0476020353317264
1751987896.0823133,-0.0722045869231224,0.8885191947937011,-2.0471091442108156
1751987896.0844853,-0.07213953774571419,0.8883493576812744,-2.046616253089905
1751987896.086547,-0.07207448856830598,0.8881795205688476,-2.046123361968994
1751987896.0886228,-0.07200943939089775,0.8880096834564208,-2.0456304708480832
1751987896.0907633,-0.07194439021348953,0.887839846343994,-2.045137579727173
1751987896.0929215,-0.0718793410360813,0.8876700092315672,-2.044644688606262
1751987896.0950027,-0.0718142918586731,0.8875001721191407,-2.0441517974853514
1751987896.0971136,-0.07174924268126488,0.8873303350067139,-2.043658906364441
1751987896.0992565,-0.07168419350385666,0.8871604978942871,-2.0431660152435303
1751987896.10139,-0.07161914432644845,0.8869906607818603,-2.0426731241226195
1751987896.1035457,-0.07155409514904021,0.8868208236694335,-2.0421802330017087
1751987896.10561,-0.071489045971632,0.8866509865570068,-2.0416873418807984
1751987896.1077166,-0.07142399679422379,0.8864811494445801,-2.041194450759888
1751987896.110052,-0.07135894761681556,0.8863113123321533,-2.0407015596389773
1751987896.1118639,-0.07129389843940735,0.8861414752197265,-2.0402086685180665
1751987896.114017,-0.07122884926199913,0.8859716381072997,-2.0397157773971557
1751987896.1161575,-0.07116380008459092,0.8858018009948729,-2.039222886276245
1751987896.1182406,-0.07109875090718269,0.8856319638824464,-2.0387299951553346
1751987896.1203606,-0.07103370172977447,0.8854621267700195,-2.038237104034424
1751987896.122486,-0.07096865255236626,0.8852922896575928,-2.037744212913513
1751987896.1245725,-0.07090360337495805,0.885122452545166,-2.0372513217926027
1751987896.1266074,-0.07083855419754982,0.8849526154327392,-2.036758430671692
1751987896.1285715,-0.07077350502014161,0.8847827783203125,-2.036265539550781
1751987896.1306295,-0.07070845584273337,0.8846129412078857,-2.0357726484298704
1751987896.132695,-0.07064340666532516,0.884443104095459,-2.03527975730896
1751987896.134819,-0.07057835748791695,0.8842732669830322,-2.0347868661880497
1751987896.1369474,-0.07051330831050873,0.8841034298706054,-2.0342939750671385
1751987896.139074,-0.07044825913310052,0.8839335927581786,-2.033801083946228
1751987896.1412346,-0.07038320995569229,0.8837637556457519,-2.0333081928253174
1751987896.1432755,-0.07031816077828408,0.8835939185333251,-2.0328153017044066
1751987896.1452632,-0.07025311160087586,0.8834240814208985,-2.032322410583496
1751987896.14742,-0.07018806242346763,0.8832542443084717,-2.0318295194625855
1751987896.149545,-0.07012301324605942,0.8830844071960449,-2.031336628341675
1751987896.1516082,-0.0700579640686512,0.8829145700836181,-2.0308437372207644
1751987896.1536689,-0.06999291489124299,0.8827447329711914,-2.0303508460998536
1751987896.1557968,-0.06992786571383477,0.8825748958587647,-2.029857954978943
1751987896.1579423,-0.06986281653642654,0.8824050587463379,-2.029365063858032
1751987896.1600606,-0.06979776735901833,0.8822352216339111,-2.0288721727371217
1751987896.162128,-0.0697327181816101,0.8820653845214843,-2.0283792816162105
1751987896.1642466,-0.06966766900420189,0.8818955474090576,-2.0278863904953
1751987896.1663315,-0.06960261982679368,0.8817257102966308,-2.02739349937439
1751987896.1684582,-0.06953757064938546,0.8815558731842041,-2.026900608253479
1751987896.1705544,-0.06947252147197724,0.8813860360717773,-2.0264077171325683
1751987896.1726205,-0.069407472294569,0.8812161989593505,-2.0259148260116575
1751987896.1748118,-0.0693424231171608,0.8810463618469238,-2.025421934890747
1751987896.1768532,-0.06927737393975258,0.8808765247344971,-2.024929043769837
1751987896.178905,-0.06921232476234436,0.8807066876220703,-2.0244361526489256
1751987896.1810064,-0.06914727558493615,0.8805368505096436,-2.0239432615280153
1751987896.1831505,-0.06908222640752791,0.8803670133972168,-2.0234503704071045
1751987896.1852782,-0.0690171772301197,0.88019717628479,-2.0229574792861937
1751987896.1873808,-0.06895212805271149,0.8800273391723632,-2.022464588165283
1751987896.18947,-0.06888707887530326,0.8798575020599365,-2.0219716970443726
1751987896.1916208,-0.06882202969789505,0.8796876649475097,-2.021478805923462
1751987896.1936693,-0.06875698052048683,0.879517827835083,-2.0209859148025515
1751987896.1956582,-0.06869193134307862,0.8793479907226562,-2.0204930236816407
1751987896.1977298,-0.06862688216567041,0.8791781536102294,-2.02000013256073
1751987896.1998563,-0.06856183298826217,0.8790083164978026,-2.019507241439819
1751987896.2019901,-0.06849678381085396,0.878838479385376,-2.019014350318909
1751987896.2041368,-0.06843173463344573,0.8786686422729492,-2.0185214591979976
1751987896.20623,-0.06836668545603752,0.8784988051605225,-2.0180285680770873
1751987896.2084086,-0.06830163627862931,0.8783289680480957,-2.017535676956177
1751987896.2105875,-0.06823658710122107,0.8781591309356689,-2.017042785835266
1751987896.2125368,-0.06817153792381286,0.8779892938232422,-2.0165498947143554
1751987896.2145958,-0.06810648874640464,0.8778194567108154,-2.0160570035934446
1751987896.2166567,-0.06804143956899643,0.8776496195983887,-2.0155641124725343
1751987896.218817,-0.06797639039158822,0.8774797824859619,-2.0150712213516235
1751987896.220951,-0.06791134121418,0.8773099453735351,-2.0145783302307128
1751987896.2230446,-0.06784629203677178,0.8771401082611083,-2.0140854391098024
1751987896.2251666,-0.06778124285936354,0.8769702711486815,-2.0135925479888916
1751987896.2272866,-0.06771619368195533,0.8768004340362548,-2.013099656867981
1751987896.2292538,-0.06765114450454712,0.8766305969238282,-2.01260676574707
1751987896.23131,-0.0675860953271389,0.8764607598114014,-2.0121138746261593
1751987896.2334762,-0.06752104614973069,0.8762909226989746,-2.011620983505249
1751987896.2355192,-0.06745599697232245,0.8761210855865478,-2.0111280923843387
1751987896.237582,-0.06739094779491424,0.8759512484741211,-2.010635201263428
1751987896.2396438,-0.06732589861750603,0.8757814113616944,-2.010142310142517
1751987896.2418091,-0.0672608494400978,0.8756115742492676,-2.0096494190216063
1751987896.2438931,-0.06719580026268959,0.8754417371368408,-2.009156527900696
1751987896.2459493,-0.06713075108528137,0.875271900024414,-2.0086636367797848
1751987896.2480812,-0.06706570190787316,0.8751020629119872,-2.0081707456588744
1751987896.2501738,-0.06700065273046495,0.8749322257995605,-2.007677854537964
1751987896.2523143,-0.06693560355305671,0.8747623886871339,-2.0071849634170533
1751987896.2544515,-0.0668705543756485,0.8745925515747071,-2.0066920722961425
1751987896.2564769,-0.06680550519824029,0.8744227144622803,-2.0061991811752318
1751987896.258694,-0.06674045602083206,0.8742528773498535,-2.0057062900543214
1751987896.2607226,-0.06667540684342385,0.8740830402374268,-2.0052133989334107
1751987896.2626724,-0.06661035766601561,0.8739132031249999,-2.0047205078125
1751987896.2647562,-0.0665453084886074,0.8737433660125733,-2.0042276166915896
1751987896.2668893,-0.06648025931119919,0.8735735289001465,-2.0037347255706788
1751987896.269025,-0.06641521013379097,0.8734036917877197,-2.003241834449768
1751987896.2711475,-0.06635016095638276,0.8732338546752929,-2.0027489433288572
1751987896.2732472,-0.06628511177897453,0.8730640175628661,-2.0022560522079464
1751987896.2755113,-0.06622006260156632,0.8728941804504395,-2.001763161087036
1751987896.2775025,-0.06615501342415811,0.8727243433380127,-2.001270269966126
1751987896.2795472,-0.06608996424674987,0.872554506225586,-2.000777378845215
1751987896.281602,-0.06602491506934166,0.8723846691131592,-2.0002844877243042
1751987896.2836652,-0.06595986589193344,0.8722148320007324,-1.9997915966033935
1751987896.2857976,-0.06589481671452523,0.8720449948883056,-1.9992987054824831
1751987896.2878933,-0.06582976753711701,0.871875157775879,-1.9988058143615723
1751987896.2900076,-0.06576471835970878,0.8717053206634522,-1.9983129232406616
1751987896.2922266,-0.06569966918230057,0.8715354835510254,-1.997820032119751
1751987896.2943282,-0.06563462000489234,0.8713656464385986,-1.9973271409988402
1751987896.296387,-0.06556957082748413,0.8711958093261718,-1.9968342498779297
1751987896.298522,-0.06550452165007592,0.8710259722137451,-1.9963413587570191
1751987896.3005836,-0.0654394724726677,0.8708561351013183,-1.9958484676361083
1751987896.302646,-0.06537442329525948,0.8706862979888916,-1.9953555765151978
1751987896.3047822,-0.06530937411785125,0.8705164608764648,-1.994862685394287
1751987896.3068967,-0.06524432494044304,0.870346623764038,-1.9943697942733767
1751987896.3092134,-0.06517927576303482,0.8701767866516112,-1.993876903152466
1751987896.3111906,-0.0651142265856266,0.8700069495391844,-1.9933840120315551
1751987896.313227,-0.06504917740821839,0.8698371124267579,-1.9928911209106446
1751987896.3152633,-0.06498412823081016,0.869667275314331,-1.9923982297897338
1751987896.31742,-0.06491907905340194,0.8694974382019043,-1.9919053386688232
1751987896.3194737,-0.06485402987599373,0.8693276010894775,-1.9914124475479127
1751987896.3215256,-0.0647889806985855,0.8691577639770507,-1.990919556427002
1751987896.3235881,-0.0647239315211773,0.868987926864624,-1.9904266653060914
1751987896.325747,-0.06465888234376907,0.8688180897521972,-1.9899337741851806
1751987896.3279247,-0.06459383316636086,0.8686482526397705,-1.9894408830642698
1751987896.3298979,-0.06452878398895265,0.8684784155273437,-1.9889479919433595
1751987896.3320277,-0.06446373481154441,0.8683085784149169,-1.9884551008224487
1751987896.3341458,-0.0643986856341362,0.8681387413024901,-1.9879622097015381
1751987896.336291,-0.06433363645672797,0.8679689041900635,-1.9874693185806274
1751987896.3384264,-0.06426858727931976,0.8677990670776367,-1.9869764274597168
1751987896.3405783,-0.06420353810191155,0.86762922996521,-1.9864835363388063
1751987896.3427734,-0.06413848892450333,0.8674593928527832,-1.9859906452178955
1751987896.3447049,-0.0640734397470951,0.8672895557403564,-1.985497754096985
1751987896.346795,-0.06400839056968688,0.8671197186279296,-1.9850048629760741
1751987896.3489423,-0.06394334139227867,0.8669498815155029,-1.9845119718551634
1751987896.35108,-0.06387829221487046,0.8667800444030762,-1.984019080734253
1751987896.3531718,-0.06381324303746223,0.8666102072906494,-1.9835261896133423
1751987896.3553152,-0.06374819386005402,0.8664403701782226,-1.9830332984924317
1751987896.3574288,-0.06368314468264578,0.8662705330657958,-1.982540407371521
1751987896.359553,-0.06361809550523757,0.8661006959533691,-1.9820475162506104
1751987896.3615816,-0.06355304632782936,0.8659308588409423,-1.9815546251296998
1751987896.3635836,-0.06348799715042114,0.8657610217285157,-1.981061734008789
1751987896.3656473,-0.06342294797301293,0.8655911846160889,-1.9805688428878785
1751987896.3677762,-0.0633578987956047,0.8654213475036621,-1.9800759517669677
1751987896.3699126,-0.06329284961819649,0.8652515103912353,-1.979583060646057
1751987896.3719943,-0.06322780044078828,0.8650816732788086,-1.9790901695251466
1751987896.374153,-0.06316275126338004,0.8649118361663818,-1.9785972784042358
1751987896.3763413,-0.06309770208597183,0.8647419990539551,-1.978104387283325
1751987896.3783867,-0.06303265290856361,0.8645721619415283,-1.9776114961624145
1751987896.3805215,-0.0629676037311554,0.8644023248291015,-1.977118605041504
1751987896.3825352,-0.06290255455374719,0.8642324877166747,-1.9766257139205934
1751987896.3845944,-0.06283750537633895,0.864062650604248,-1.9761328227996826
1751987896.3866541,-0.06277245619893074,0.8638928134918213,-1.975639931678772
1751987896.3887877,-0.06270740702152253,0.8637229763793945,-1.9751470405578615
1751987896.3909461,-0.0626423578441143,0.8635531392669678,-1.9746541494369505
1751987896.3931339,-0.06257730866670609,0.863383302154541,-1.9741612583160402
1751987896.3951654,-0.06251225948929787,0.8632134650421143,-1.9736683671951294
1751987896.397171,-0.06244721031188965,0.8630436279296875,-1.9731754760742186
1751987896.3993404,-0.06238216113448144,0.8628737908172608,-1.972682584953308
1751987896.4014747,-0.06231711195707321,0.862703953704834,-1.9721896938323975
1751987896.4035258,-0.062252062779664996,0.8625341165924072,-1.971696802711487
1751987896.40559,-0.06218701360225677,0.8623642794799804,-1.9712039115905762
1751987896.4077098,-0.06212196442484856,0.8621944423675537,-1.9707110204696656
1751987896.409983,-0.06205691524744034,0.8620246052551269,-1.970218129348755
1751987896.4118893,-0.06199186607003212,0.8618547681427002,-1.969725238227844
1751987896.4139552,-0.06192681689262391,0.8616849310302734,-1.9692323471069337
1751987896.416047,-0.061861767715215676,0.8615150939178466,-1.9687394559860227
1751987896.4181306,-0.061796718537807466,0.8613452568054198,-1.9682465648651122
1751987896.420229,-0.061731669360399255,0.8611754196929932,-1.9677536737442016
1751987896.4222581,-0.061666620182991023,0.8610055825805664,-1.967260782623291
1751987896.4244077,-0.06160157100558281,0.8608357454681397,-1.9667678915023803
1751987896.4265387,-0.06153652182817458,0.8606659083557129,-1.9662750003814697
1751987896.4285228,-0.06147147265076637,0.8604960712432861,-1.9657821092605592
1751987896.4305587,-0.06140642347335816,0.8603262341308594,-1.9652892181396486
1751987896.43267,-0.061341374295949935,0.8601563970184326,-1.9647963270187376
1751987896.434668,-0.061276325118541725,0.8599865599060059,-1.9643034358978273
1751987896.4368525,-0.06121127594113349,0.8598167227935791,-1.9638105447769163
1751987896.4390457,-0.06114622676372528,0.8596468856811523,-1.9633176536560057
1751987896.441379,-0.06108117758631707,0.8594770485687255,-1.9628247625350952
1751987896.4433274,-0.06101612840890884,0.8593072114562987,-1.9623318714141846
1751987896.4454572,-0.06095107923150063,0.859137374343872,-1.9618389802932739
1751987896.4475336,-0.0608860300540924,0.8589675372314453,-1.9613460891723633
1751987896.4495888,-0.06082098087668419,0.8587977001190186,-1.9608531980514528
1751987896.4516487,-0.06075593169927598,0.8586278630065918,-1.9603603069305422
1751987896.4538312,-0.060690882521867745,0.858458025894165,-1.9598674158096312
1751987896.4560046,-0.060625833344459534,0.8582881887817382,-1.9593745246887209
1751987896.458183,-0.06056078416705131,0.8581183516693114,-1.9588816335678099
1751987896.4602854,-0.0604957349896431,0.8579485145568848,-1.9583887424468993
1751987896.4623373,-0.06043068581223489,0.857778677444458,-1.9578958513259888
1751987896.464478,-0.06036563663482666,0.8576088403320312,-1.9574029602050782
1751987896.4665182,-0.060300587457418446,0.8574390032196044,-1.9569100690841674
1751987896.4686096,-0.060235538280010215,0.8572691661071776,-1.9564171779632569
1751987896.470662,-0.060170489102602004,0.8570993289947509,-1.9559242868423463
1751987896.4728138,-0.06010543992519379,0.8569294918823243,-1.9554313957214358
1751987896.4750078,-0.06004039074778556,0.8567596547698975,-1.9549385046005248
1751987896.4770813,-0.05997534157037735,0.8565898176574707,-1.9544456134796144
1751987896.479168,-0.059910292392969126,0.8564199805450439,-1.9539527223587034
1751987896.4812741,-0.05984524321556091,0.8562501434326171,-1.9534598312377929
1751987896.4834087,-0.0597801940381527,0.8560803063201905,-1.9529669401168823
1751987896.4855268,-0.059715144860744473,0.8559104692077636,-1.9524740489959715
1751987896.4875886,-0.05965009568333626,0.8557406320953369,-1.951981157875061
1751987896.489652,-0.05958504650592803,0.8555707949829101,-1.9514882667541504
1751987896.4918916,-0.05951999732851982,0.8554009578704833,-1.9509953756332399
1751987896.493906,-0.05945494815111161,0.8552311207580565,-1.950502484512329
1751987896.4959888,-0.05938989897370338,0.8550612836456298,-1.9500095933914183
1751987896.4981318,-0.05932484979629517,0.8548914465332031,-1.949516702270508
1751987896.5002506,-0.059259800618886936,0.8547216094207764,-1.949023811149597
1751987896.5023859,-0.059194751441478725,0.8545517723083496,-1.9485309200286864
1751987896.5045161,-0.059129702264070515,0.8543819351959228,-1.9480380289077759
1751987896.5065765,-0.05906465308666229,0.8542120980834961,-1.9475451377868653
1751987896.5087283,-0.05899960390925407,0.8540422609710693,-1.9470522466659546
1751987896.5108175,-0.05893455473184586,0.8538724238586426,-1.946559355545044
1751987896.5128527,-0.05886950555443764,0.8537025867462158,-1.9460664644241334
1751987896.514949,-0.058804456377029427,0.853532749633789,-1.9455735733032227
1751987896.5170882,-0.058739407199621195,0.8533629125213622,-1.945080682182312
1751987896.519193,-0.058674358022212984,0.8531930754089355,-1.9445877910614013
1751987896.5213282,-0.058609308844804774,0.8530232382965088,-1.9440948999404908
1751987896.52339,-0.05854425966739654,0.852853401184082,-1.94360200881958
1751987896.5255537,-0.05847921048998833,0.8526835640716552,-1.9431091176986695
1751987896.5276663,-0.0584141613125801,0.8525137269592284,-1.942616226577759
1751987896.5296412,-0.05834911213517189,0.8523438898468017,-1.9421233354568481
1751987896.531703,-0.05828406295776368,0.852174052734375,-1.9416304443359376
1751987896.5337899,-0.058219013780355454,0.8520042156219482,-1.941137553215027
1751987896.535915,-0.05815396460294724,0.8518343785095215,-1.9406446620941162
1751987896.5380054,-0.05808891542553901,0.8516645413970947,-1.9401517709732055
1751987896.5401206,-0.0580238662481308,0.8514947042846679,-1.939658879852295
1751987896.542299,-0.05795881707072259,0.8513248671722412,-1.9391659887313843
1751987896.5444505,-0.05789376789331436,0.8511550300598144,-1.9386730976104736
1751987896.5464485,-0.05782871871590615,0.8509851929473877,-1.938180206489563
1751987896.5485644,-0.057763669538497917,0.8508153558349609,-1.9376873153686522
1751987896.5506258,-0.057698620361089706,0.8506455187225341,-1.9371944242477417
1751987896.552691,-0.057633571183681495,0.8504756816101073,-1.9367015331268311
1751987896.554814,-0.057568522006273264,0.8503058444976807,-1.9362086420059206
1751987896.5568895,-0.05750347282886505,0.8501360073852539,-1.9357157508850098
1751987896.559007,-0.05743842365145683,0.8499661702728272,-1.935222859764099
1751987896.5611389,-0.05737337447404862,0.8497963331604004,-1.9347299686431885
1751987896.5631666,-0.05730832529664041,0.8496264960479736,-1.934237077522278
1751987896.5652926,-0.057243276119232175,0.8494566589355468,-1.9337441864013671
1751987896.5674248,-0.057178226941823965,0.8492868218231201,-1.9332512952804564
1751987896.5695484,-0.05711317776441573,0.8491169847106933,-1.9327584041595458
1751987896.5716095,-0.05704812858700752,0.8489471475982666,-1.9322655130386353
1751987896.5737062,-0.05698307940959931,0.8487773104858398,-1.9317726219177247
1751987896.5759907,-0.05691803023219108,0.848607473373413,-1.9312797307968141
1751987896.577932,-0.05685298105478287,0.8484376362609863,-1.9307868396759034
1751987896.5800478,-0.056787931877374645,0.8482677991485595,-1.9302939485549926
1751987896.582092,-0.05672288269996643,0.8480979620361329,-1.929801057434082
1751987896.584135,-0.05665783352255822,0.8479281249237061,-1.9293081663131715
1751987896.586301,-0.05659278434514999,0.8477582878112793,-1.9288152751922607
1751987896.5884283,-0.05652773516774178,0.8475884506988525,-1.92832238407135
1751987896.5905254,-0.05646268599033355,0.8474186135864257,-1.9278294929504394
1751987896.5926487,-0.05639763681292534,0.847248776473999,-1.9273366018295288
1751987896.5947537,-0.05633258763551713,0.8470789393615723,-1.9268437107086183
1751987896.596721,-0.0562675384581089,0.8469091022491455,-1.9263508195877077
1751987896.5988245,-0.056202489280700686,0.8467392651367187,-1.925857928466797
1751987896.6009607,-0.056137440103292455,0.8465694280242919,-1.9253650373458862
1751987896.6030898,-0.056072390925884244,0.8463995909118652,-1.9248721462249756
1751987896.605191,-0.05600734174847603,0.8462297537994384,-1.924379255104065
1751987896.6073575,-0.05594229257106781,0.8460599166870117,-1.9238863639831543
1751987896.6095877,-0.05587724339365959,0.845890079574585,-1.9233934728622435
1751987896.6115253,-0.055812194216251367,0.8457202424621582,-1.922900581741333
1751987896.6135633,-0.055747145038843156,0.8455504053497314,-1.9224076906204224
1751987896.615624,-0.055682095861434945,0.8453805682373047,-1.9219147994995116
1751987896.6176872,-0.055617046684026714,0.8452107311248779,-1.921421908378601
1751987896.6198123,-0.0555519975066185,0.8450408940124512,-1.9209290172576905
1751987896.6219418,-0.05548694832921027,0.8448710569000244,-1.9204361261367797
1751987896.6240535,-0.05542189915180206,0.8447012197875976,-1.9199432350158692
1751987896.6262407,-0.05535684997439385,0.8445313826751709,-1.9194503438949586
1751987896.628309,-0.05529180079698562,0.844361545562744,-1.9189574527740478
1751987896.6304007,-0.05522675161957741,0.8441917084503174,-1.918464561653137
1751987896.6325316,-0.05516170244216918,0.8440218713378906,-1.9179716705322265
1751987896.6345963,-0.05509665326476097,0.8438520342254638,-1.917478779411316
1751987896.636658,-0.055031604087352755,0.843682197113037,-1.9169858882904052
1751987896.6387208,-0.05496655490994453,0.8435123600006103,-1.9164929971694946
1751987896.6408565,-0.05490150573253632,0.8433425228881836,-1.916000106048584
1751987896.6430237,-0.05483645655512811,0.8431726857757569,-1.9155072149276735
1751987896.6450346,-0.05477140737771988,0.8430028486633301,-1.9150143238067627
1751987896.6471703,-0.05470635820031167,0.8428330115509033,-1.9145214326858522
1751987896.6493134,-0.054641309022903435,0.8426631744384765,-1.9140285415649414
1751987896.6514392,-0.054576259845495224,0.8424933373260497,-1.9135356504440306
1751987896.6535554,-0.054511210668087014,0.8423235002136231,-1.9130427593231203
1751987896.6556196,-0.05444616149067878,0.8421536631011963,-1.9125498682022095
1751987896.6577199,-0.05438111231327057,0.8419838259887695,-1.9120569770812987
1751987896.6598556,-0.05431606313586235,0.8418139888763427,-1.9115640859603882
1751987896.6619096,-0.054251013958454136,0.8416441517639159,-1.9110711948394776
1751987896.664014,-0.054185964781045926,0.8414743146514893,-1.9105783037185669
1751987896.6661496,-0.054120915603637694,0.8413044775390625,-1.910085412597656
1751987896.6682749,-0.05405586642622948,0.8411346404266358,-1.9095925214767455
1751987896.6704013,-0.05399081724882125,0.840964803314209,-1.909099630355835
1751987896.6724977,-0.05392576807141304,0.8407949662017822,-1.9086067392349242
1751987896.6745691,-0.05386071889400483,0.8406251290893554,-1.9081138481140136
1751987896.6766555,-0.0537956697165966,0.8404552919769286,-1.907620956993103
1751987896.678667,-0.05373062053918839,0.840285454864502,-1.9071280658721923
1751987896.6807857,-0.053665571361780164,0.8401156177520751,-1.9066351747512817
1751987896.6829162,-0.053600522184371946,0.8399457806396484,-1.9061422836303712
1751987896.68501,-0.053535473006963735,0.8397759435272216,-1.9056493925094604
1751987896.6871433,-0.05347042382955551,0.8396061064147948,-1.9051565013885499
1751987896.689266,-0.0534053746521473,0.8394362693023681,-1.9046636102676393
1751987896.6914837,-0.05334032547473907,0.8392664321899413,-1.9041707191467285
1751987896.6935256,-0.05327527629733086,0.8390965950775147,-1.9036778280258178
1751987896.6955595,-0.05321022711992265,0.8389267579650879,-1.9031849369049072
1751987896.6976125,-0.053145177942514416,0.8387569208526611,-1.9026920457839966
1751987896.699674,-0.053080128765106205,0.8385870837402343,-1.9021991546630859
1751987896.7017975,-0.05301507958769797,0.8384172466278076,-1.9017062635421753
1751987896.7039268,-0.05295003041028976,0.8382474095153808,-1.9012133724212648
1751987896.7060366,-0.05288498123288155,0.8380775724029541,-1.900720481300354
1751987896.7082596,-0.05281993205547333,0.8379077352905273,-1.9002275901794432
1751987896.7103002,-0.05275488287806511,0.8377378981781005,-1.8997346990585326
1751987896.7123775,-0.052689833700656885,0.8375680610656737,-1.899241807937622
1751987896.7145076,-0.052624784523248674,0.837398223953247,-1.8987489168167113
1751987896.7165568,-0.052559735345840464,0.8372283868408203,-1.8982560256958008
1751987896.7186193,-0.05249468616843223,0.8370585497283936,-1.8977631345748902
1751987896.7206807,-0.05242963699102402,0.8368887126159668,-1.8972702434539794
1751987896.7228048,-0.05236458781361579,0.83671887550354,-1.8967773523330689
1751987896.7249582,-0.05229953863620758,0.8365490383911132,-1.8962844612121583
1751987896.7270803,-0.05223448945879937,0.8363792012786865,-1.8957915700912475
1751987896.7291546,-0.05216944028139114,0.8362093641662597,-1.895298678970337
1751987896.7312446,-0.052104391103982926,0.836039527053833,-1.8948057878494264
1751987896.7333872,-0.0520393419265747,0.8358696899414062,-1.8943128967285157
1751987896.7354686,-0.05197429274916649,0.8356998528289794,-1.8938200056076049
1751987896.7375567,-0.05190924357175827,0.8355300157165527,-1.8933271144866943
1751987896.7396197,-0.05184419439435005,0.8353601786041259,-1.8928342233657838
1751987896.7417424,-0.05177914521694184,0.8351903414916992,-1.892341332244873
1751987896.743859,-0.05171409603953361,0.8350205043792724,-1.8918484411239624
1751987896.7459106,-0.051649046862125396,0.8348506672668456,-1.8913555500030519
1751987896.748037,-0.051583997684717185,0.8346808301544189,-1.8908626588821411
1751987896.7501674,-0.051518948507308954,0.8345109930419922,-1.8903697677612303
1751987896.752301,-0.05145389932990074,0.8343411559295654,-1.8898768766403198
1751987896.7544312,-0.05138885015249251,0.8341713188171387,-1.8893839855194092
1751987896.7565181,-0.0513238009750843,0.8340014817047119,-1.8888910943984984
1751987896.7586966,-0.05125875179767609,0.8338316445922851,-1.888398203277588
1751987896.7607114,-0.051193702620267865,0.8336618074798583,-1.8879053121566773
1751987896.762757,-0.051128653442859655,0.8334919703674316,-1.8874124210357666
1751987896.7648458,-0.05106360426545142,0.8333221332550048,-1.8869195299148558
1751987896.766974,-0.05099855508804321,0.8331522961425781,-1.8864266387939455
1751987896.7691014,-0.050933505910635,0.8329824590301513,-1.8859337476730347
1751987896.7712057,-0.05086845673322677,0.8328126219177245,-1.8854408565521241
1751987896.773375,-0.05080340755581856,0.8326427848052979,-1.8849479654312136
1751987896.775708,-0.05073835837841035,0.8324729476928711,-1.8844550743103028
1751987896.777642,-0.05067330920100212,0.8323031105804444,-1.883962183189392
1751987896.7795587,-0.05060826002359391,0.8321332734680176,-1.8834692920684815
1751987896.781624,-0.050543210846185675,0.8319634363555908,-1.882976400947571
1751987896.783642,-0.050478161668777465,0.831793599243164,-1.8824835098266601
1751987896.7857783,-0.050413112491369254,0.8316237621307373,-1.8819906187057496
1751987896.7879171,-0.05034806331396103,0.8314539250183105,-1.881497727584839
1751987896.790029,-0.05028301413655282,0.8312840879058838,-1.8810048364639282
1751987896.7922666,-0.05021796495914459,0.831114250793457,-1.8805119453430175
1751987896.7943506,-0.050152915781736376,0.8309444136810302,-1.8800190542221067
1751987896.7963796,-0.050087866604328166,0.8307745765686035,-1.8795261631011964
1751987896.7985225,-0.050022817426919934,0.8306047394561767,-1.8790332719802856
1751987896.800581,-0.04995776824951172,0.8304349023437501,-1.878540380859375
1751987896.8026466,-0.04989271907210349,0.8302650652313233,-1.8780474897384645
1751987896.8047783,-0.04982766989469528,0.8300952281188965,-1.8775545986175537
1751987896.8069117,-0.04976262071728707,0.8299253910064697,-1.8770617074966431
1751987896.8092058,-0.04969757153987884,0.8297555538940429,-1.8765688163757326
1751987896.8111913,-0.04963252236247063,0.8295857167816162,-1.8760759252548218
1751987896.8132472,-0.049567473185062404,0.8294158796691895,-1.875583034133911
1751987896.8153834,-0.04950242400765419,0.8292460425567627,-1.8750901430130007
1751987896.8175178,-0.04943737483024598,0.8290762054443359,-1.87459725189209
1751987896.819581,-0.04937232565283775,0.8289063683319091,-1.8741043607711791
1751987896.8216522,-0.04930727647542954,0.8287365312194824,-1.8736114696502684
1751987896.8238406,-0.04924222729802131,0.8285666941070555,-1.8731185785293578
1751987896.8259878,-0.0491771781206131,0.828396856994629,-1.8726256874084473
1751987896.8279755,-0.04911212894320489,0.8282270198822022,-1.8721327962875367
1751987896.83006,-0.049047079765796656,0.8280571827697754,-1.8716399051666261
1751987896.8321693,-0.048982030588388445,0.8278873456573486,-1.8711470140457154
1751987896.8343027,-0.04891698141098022,0.8277175085449218,-1.8706541229248046
1751987896.8363976,-0.04885193223357201,0.8275476714324951,-1.8701612318038938
1751987896.8385272,-0.04878688305616379,0.8273778343200684,-1.8696683406829835
1751987896.8406007,-0.04872183387875557,0.8272079972076416,-1.8691754495620727
1751987896.8427243,-0.04865678470134736,0.8270381600952148,-1.868682558441162
1751987896.8448062,-0.048591735523939125,0.826868322982788,-1.8681896673202514
1751987896.8468866,-0.048526686346530915,0.8266984858703612,-1.8676967761993408
1751987896.849035,-0.048461637169122704,0.8265286487579346,-1.8672038850784303
1751987896.8511589,-0.04839658799171447,0.8263588116455078,-1.8667109939575197
1751987896.8533044,-0.04833153881430626,0.826188974533081,-1.866218102836609
1751987896.855441,-0.04826648963689803,0.8260191374206542,-1.8657252117156982
1751987896.857519,-0.04820144045948982,0.8258493003082275,-1.8652323205947878
1751987896.8596861,-0.04813639128208161,0.8256794631958008,-1.864739429473877
1751987896.861638,-0.048071342104673384,0.825509626083374,-1.8642465383529663
1751987896.8636913,-0.04800629292726517,0.8253397889709473,-1.8637536472320555
1751987896.86581,-0.04794124374985694,0.8251699518585205,-1.863260756111145
1751987896.8679507,-0.04787619457244873,0.8250001147460937,-1.8627678649902344
1751987896.8700893,-0.04781114539504052,0.8248302776336669,-1.8622749738693236
1751987896.8722107,-0.04774609621763229,0.8246604405212401,-1.861782082748413
1751987896.8743434,-0.04768104704022408,0.8244906034088135,-1.8612891916275025
1751987896.8764634,-0.04761599786281585,0.8243207662963866,-1.8607963005065917
1751987896.87856,-0.047550948685407636,0.8241509291839599,-1.860303409385681
1751987896.8805964,-0.047485899507999425,0.8239810920715331,-1.8598105182647704
1751987896.8826563,-0.047420850330591194,0.8238112549591063,-1.8593176271438598
1751987896.884795,-0.04735580115318298,0.8236414178466797,-1.858824736022949
1751987896.8869367,-0.04729075197577476,0.8234715807342529,-1.8583318449020385
1751987896.8890743,-0.04722570279836655,0.8233017436218262,-1.857838953781128
1751987896.8912342,-0.04716065362095834,0.8231319065093994,-1.8573460626602172
1751987896.8933303,-0.047095604443550106,0.8229620693969726,-1.8568531715393066
1751987896.8953993,-0.047030555266141895,0.8227922322845458,-1.856360280418396
1751987896.897562,-0.04696550608873366,0.8226223951721191,-1.8558673892974853
1751987896.899544,-0.04690045691132545,0.8224525580596923,-1.855374498176575
1751987896.9016068,-0.04683540773391724,0.8222827209472656,-1.8548816070556642
1751987896.9036682,-0.04677035855650901,0.8221128838348388,-1.8543887159347534
1751987896.9058013,-0.0467053093791008,0.821943046722412,-1.8538958248138426
1751987896.9079473,-0.04664026020169259,0.8217732096099853,-1.8534029336929323
1751987896.9100955,-0.04657521102428436,0.8216033724975585,-1.8529100425720215
1751987896.912155,-0.04651016184687615,0.8214335353851319,-1.8524171514511107
1751987896.9142344,-0.04644511266946792,0.8212636982727051,-1.8519242603302002
1751987896.916375,-0.04638006349205971,0.8210938611602783,-1.8514313692092896
1751987896.9185076,-0.0463150143146515,0.8209240240478516,-1.850938478088379
1751987896.92057,-0.04624996513724327,0.8207541869354249,-1.850445586967468
1751987896.9226403,-0.04618491595983506,0.8205843498229981,-1.8499526958465575
1751987896.9247637,-0.04611986678242683,0.8204145127105713,-1.849459804725647
1751987896.9268987,-0.046054817605018616,0.8202446755981445,-1.8489669136047362
1751987896.9289827,-0.045989768427610406,0.8200748384857177,-1.8484740224838256
1751987896.9311264,-0.045924719250202174,0.8199050013732909,-1.847981131362915
1751987896.93325,-0.045859670072793964,0.8197351642608642,-1.8474882402420043
1751987896.93539,-0.04579462089538574,0.8195653271484374,-1.8469953491210938
1751987896.9374678,-0.04572957171797752,0.8193954900360108,-1.8465024580001832
1751987896.9395156,-0.04566452254056931,0.819225652923584,-1.8460095668792724
1751987896.9416869,-0.045599473363161086,0.8190558158111572,-1.8455166757583619
1751987896.9437163,-0.045534424185752875,0.8188859786987305,-1.8450237846374513
1751987896.945766,-0.045469375008344644,0.8187161415863036,-1.8445308935165405
1751987896.9478111,-0.04540432583093643,0.818546304473877,-1.8440380023956298
1751987896.9499726,-0.04533927665352822,0.8183764673614502,-1.8435451112747192
1751987896.9520807,-0.04527422747611999,0.8182066302490234,-1.8430522201538087
1751987896.954172,-0.04520917829871178,0.8180367931365966,-1.8425593290328979
1751987896.9562802,-0.04514412912130355,0.8178669560241698,-1.8420664379119873
1751987896.9584637,-0.04507907994389534,0.8176971189117431,-1.8415735467910768
1751987896.9605243,-0.04501403076648713,0.8175272817993164,-1.841080655670166
1751987896.9625428,-0.0449489815890789,0.8173574446868896,-1.8405877645492552
1751987896.9645984,-0.04488393241167069,0.8171876075744628,-1.8400948734283447
1751987896.9666603,-0.04481888323426246,0.817017770462036,-1.839601982307434
1751987896.968801,-0.04475383405685425,0.8168479333496093,-1.8391090911865233
1751987896.9709358,-0.04468878487944604,0.8166780962371827,-1.8386162000656128
1751987896.972998,-0.04462373570203781,0.8165082591247559,-1.8381233089447022
1751987896.9752,-0.0445586865246296,0.8163384220123291,-1.8376304178237914
1751987896.9772487,-0.044493637347221365,0.8161685848999023,-1.8371375267028809
1751987896.9793177,-0.044428588169813155,0.8159987477874755,-1.8366446355819703
1751987896.9814544,-0.044363538992404944,0.8158289106750488,-1.8361517444610596
1751987896.983478,-0.04429848981499671,0.815659073562622,-1.835658853340149
1751987896.9855158,-0.0442334406375885,0.8154892364501953,-1.8351659622192384
1751987896.9875784,-0.04416839146018028,0.8153193993377685,-1.8346730710983277
1751987896.9896376,-0.044103342282772066,0.8151495622253417,-1.834180179977417
1751987896.9919298,-0.044038293105363856,0.8149797251129149,-1.8336872888565063
1751987896.9938867,-0.043973243927955624,0.8148098880004881,-1.8331943977355958
1751987896.9959316,-0.043908194750547413,0.8146400508880616,-1.832701506614685
1751987896.9980042,-0.04384314557313918,0.8144702137756347,-1.8322086154937745
1751987897.0001276,-0.04377809639573097,0.814300376663208,-1.831715724372864
1751987897.0022554,-0.04371304721832276,0.8141305395507812,-1.8312228332519531
1751987897.0043907,-0.04364799804091453,0.8139607024383545,-1.8307299421310423
1751987897.0064766,-0.04358294886350632,0.8137908653259277,-1.8302370510101318
1751987897.0086129,-0.043517899686098094,0.813621028213501,-1.8297441598892212
1751987897.0106359,-0.043452850508689876,0.8134511911010742,-1.8292512687683105
1751987897.0126507,-0.043387801331281665,0.8132813539886474,-1.8287583776474
1751987897.0146637,-0.04332275215387344,0.8131115168762206,-1.8282654865264893
1751987897.0167065,-0.04325770297646523,0.8129416797637938,-1.8277725954055786
1751987897.0188942,-0.043192653799057,0.812771842651367,-1.8272797042846678
1751987897.0210912,-0.04312760462164879,0.8126020055389404,-1.8267868131637575
1751987897.0232117,-0.04306255544424058,0.8124321684265137,-1.8262939220428467
1751987897.0254471,-0.042997506266832346,0.8122623313140869,-1.8258010309219361
1751987897.0275133,-0.042932457089424135,0.8120924942016602,-1.8253081398010256
1751987897.0295265,-0.042867407912015904,0.8119226570892334,-1.8248152486801146
1751987897.0315804,-0.04280235873460769,0.8117528199768067,-1.824322357559204
1751987897.0336368,-0.04273730955719948,0.8115829828643799,-1.8238294664382935
1751987897.035695,-0.04267226037979126,0.8114131457519531,-1.823336575317383
1751987897.0378876,-0.04260721120238304,0.8112433086395263,-1.8228436841964721
1751987897.0400486,-0.04254216202497483,0.8110734715270995,-1.8223507930755616
1751987897.0423696,-0.042477112847566605,0.8109036344146727,-1.821857901954651
1751987897.0442452,-0.042412063670158394,0.810733797302246,-1.8213650108337403
1751987897.04641,-0.04234701449275016,0.8105639601898192,-1.8208721197128295
1751987897.0485046,-0.04228196531534195,0.8103941230773926,-1.8203792285919187
1751987897.0505629,-0.04221691613793374,0.8102242859649658,-1.8198863374710084
1751987897.0526192,-0.04215186696052551,0.8100544488525391,-1.8193934463500976
1751987897.0546794,-0.0420868177831173,0.8098846117401123,-1.818900555229187
1751987897.0567386,-0.04202176860570907,0.8097147746276856,-1.8184076641082765
1751987897.0589306,-0.04195671942830086,0.8095449375152588,-1.8179147729873657
1751987897.06105,-0.041891670250892646,0.809375100402832,-1.8174218818664551
1751987897.0630896,-0.04182662107348442,0.8092052632904052,-1.8169289907455446
1751987897.0651925,-0.041761571896076204,0.8090354261779784,-1.8164360996246338
1751987897.0673614,-0.04169652271866798,0.8088655890655516,-1.8159432085037233
1751987897.0695224,-0.04163147354125977,0.8086957519531249,-1.8154503173828127
1751987897.0715823,-0.04156642436385156,0.8085259148406982,-1.814957426261902
1751987897.0738254,-0.041501375186443326,0.8083560777282714,-1.8144645351409912
1751987897.076035,-0.041436326009035115,0.8081862406158448,-1.8139716440200806
1751987897.0779622,-0.041371276831626884,0.808016403503418,-1.8134787528991698
1751987897.0801277,-0.04130622765421867,0.8078465663909913,-1.8129858617782593
1751987897.0822237,-0.04124117847681046,0.8076767292785645,-1.8124929706573487
1751987897.0843065,-0.04117612929940223,0.8075068921661377,-1.8120000795364382
1751987897.086528,-0.04111108012199402,0.8073370550537109,-1.8115071884155274
1751987897.0885918,-0.041046030944585796,0.8071672179412841,-1.8110142972946166
1751987897.090657,-0.040980981767177585,0.8069973808288573,-1.8105214061737058
1751987897.0928502,-0.040915932589769374,0.8068275437164306,-1.8100285150527955
1751987897.0949347,-0.04085088341236114,0.8066577066040038,-1.8095356239318847
1751987897.097062,-0.04078583423495293,0.8064878694915771,-1.809042732810974
1751987897.0991669,-0.0407207850575447,0.8063180323791503,-1.8085498416900634
1751987897.1013234,-0.04065573588013649,0.8061481952667235,-1.8080569505691528
1751987897.103485,-0.04059068670272828,0.805978358154297,-1.8075640594482423
1751987897.1055212,-0.04052563752532005,0.8058085210418702,-1.8070711683273317
1751987897.107647,-0.04046058834791184,0.8056386839294434,-1.806578277206421
1751987897.1097476,-0.040395539170503605,0.8054688468170166,-1.8060853860855102
1751987897.1117713,-0.040330489993095395,0.8052990097045898,-1.8055924949645998
1751987897.1139295,-0.040265440815687184,0.805129172592163,-1.805099603843689
1751987897.116062,-0.04020039163827896,0.8049593354797363,-1.8046067127227783
1751987897.1181653,-0.04013534246087075,0.8047894983673095,-1.8041138216018675
1751987897.1203127,-0.04007029328346252,0.8046196612548828,-1.803620930480957
1751987897.12244,-0.040005244106054307,0.804449824142456,-1.8031280393600464
1751987897.1245255,-0.039940194928646096,0.8042799870300292,-1.8026351482391358
1751987897.126667,-0.039875145751237864,0.8041101499176024,-1.802142257118225
1751987897.1286414,-0.039810096573829654,0.8039403128051759,-1.8016493659973145
1751987897.130694,-0.03974504739642142,0.8037704756927488,-1.8011564748764037
1751987897.1328259,-0.03967999821901321,0.8036006385803223,-1.800663583755493
1751987897.1349587,-0.039614949041605,0.8034308014678955,-1.8001706926345824
1751987897.1370978,-0.039549899864196776,0.8032609643554687,-1.7996778015136718
1751987897.1391947,-0.03948485068678856,0.803091127243042,-1.799184910392761
1751987897.1414165,-0.039419801509380334,0.8029212901306152,-1.7986920192718505
1751987897.1434562,-0.03935475233197212,0.8027514530181885,-1.79819912815094
1751987897.1455095,-0.03928970315456391,0.8025816159057617,-1.7977062370300292
1751987897.1475437,-0.03922465397715568,0.8024117787933349,-1.7972133459091186
1751987897.149604,-0.03915960479974747,0.8022419416809081,-1.796720454788208
1751987897.151668,-0.03909455562233924,0.8020721045684813,-1.7962275636672973
1751987897.1537962,-0.03902950644493103,0.8019022674560545,-1.795734672546387
1751987897.1559312,-0.03896445726752282,0.801732430343628,-1.7952417814254762
1751987897.1581037,-0.038899408090114586,0.8015625932312012,-1.7947488903045654
1751987897.1602027,-0.038834358912706375,0.8013927561187744,-1.7942559991836546
1751987897.162262,-0.03876930973529815,0.8012229190063476,-1.793763108062744
1751987897.1644032,-0.03870426055788994,0.8010530818939209,-1.7932702169418335
1751987897.1665227,-0.03863921138048172,0.8008832447814941,-1.7927773258209228
1751987897.1685865,-0.0385741622030735,0.8007134076690674,-1.7922844347000122
1751987897.1706467,-0.03850911302566529,0.8005435705566406,-1.7917915435791016
1751987897.1727808,-0.038444063848257076,0.8003737334442138,-1.791298652458191
1751987897.1749785,-0.038379014670848845,0.800203896331787,-1.79080576133728
1751987897.1770315,-0.038313965493440634,0.8000340592193602,-1.7903128702163695
1751987897.1791184,-0.0382489163160324,0.7998642221069334,-1.789819979095459
1751987897.1812117,-0.03818386713862419,0.7996943849945068,-1.7893270879745482
1751987897.1833503,-0.03811881796121598,0.79952454788208,-1.7888341968536379
1751987897.185437,-0.03805376878380775,0.7993547107696533,-1.788341305732727
1751987897.1875217,-0.03798871960639954,0.7991848736572266,-1.7878484146118163
1751987897.1895862,-0.037923670428991314,0.7990150365447998,-1.7873555234909058
1751987897.191719,-0.037858621251583104,0.7988451994323731,-1.7868626323699952
1751987897.1938238,-0.037793572074174886,0.7986753623199463,-1.7863697412490844
1751987897.1958692,-0.03772852289676666,0.7985055252075195,-1.7858768501281739
1751987897.1979756,-0.03766347371935845,0.7983356880950927,-1.7853839590072633
1751987897.2001183,-0.03759842454195022,0.7981658509826659,-1.7848910678863525
1751987897.2022269,-0.03753337536454201,0.7979960138702391,-1.7843981767654418
1751987897.204363,-0.0374683261871338,0.7978261767578125,-1.7839052856445312
1751987897.2064612,-0.037403277009725566,0.7976563396453856,-1.7834123945236207
1751987897.2085824,-0.037338227832317356,0.7974865025329589,-1.7829195034027099
1751987897.210631,-0.037273178654909124,0.7973166654205321,-1.7824266122817993
1751987897.2125902,-0.03720812947750091,0.7971468283081055,-1.7819337211608888
1751987897.2146466,-0.0371430803000927,0.7969769911956788,-1.781440830039978
1751987897.2167807,-0.03707803112268448,0.796807154083252,-1.7809479389190672
1751987897.2189167,-0.03701298194527627,0.7966373169708252,-1.7804550477981567
1751987897.2210515,-0.036947932767868036,0.7964674798583984,-1.779962156677246
1751987897.223146,-0.036882883590459825,0.7962976427459716,-1.7794692655563353
1751987897.2254257,-0.036817834413051614,0.7961278056335448,-1.7789763744354248
1751987897.227439,-0.03675278523564338,0.7959579685211181,-1.7784834833145142
1751987897.2294834,-0.03668773605823517,0.7957881314086913,-1.7779905921936034
1751987897.2315438,-0.03662268688082694,0.7956182942962646,-1.777497701072693
1751987897.2336044,-0.03655763770341873,0.7954484571838378,-1.7770048099517823
1751987897.235666,-0.03649258852601052,0.7952786200714111,-1.7765119188308716
1751987897.2377996,-0.03642753934860229,0.7951087829589844,-1.776019027709961
1751987897.239901,-0.03636249017119408,0.7949389458465577,-1.7755261365890505
1751987897.2421217,-0.03629744099378585,0.7947691087341309,-1.7750332454681397
1751987897.2442274,-0.03623239181637764,0.7945992716217041,-1.774540354347229
1751987897.2462032,-0.03616734263896943,0.7944294345092773,-1.7740474632263183
1751987897.248236,-0.0361022934615612,0.7942595973968505,-1.7735545721054078
1751987897.2503927,-0.03603724428415299,0.7940897602844238,-1.773061680984497
1751987897.2525232,-0.03597219510674476,0.793919923171997,-1.7725687898635865
1751987897.2545853,-0.03590714592933655,0.7937500860595702,-1.772075898742676
1751987897.256652,-0.035842096751928336,0.7935802489471435,-1.7715830076217651
1751987897.2590091,-0.035777047574520104,0.7934104118347167,-1.7710901165008544
1751987897.2609756,-0.035711998397111894,0.79324057472229,-1.7705972253799438
1751987897.2630136,-0.03564694921970367,0.7930707376098632,-1.7701043342590332
1751987897.2651417,-0.03558190004229546,0.7929009004974366,-1.7696114431381225
1751987897.2672715,-0.03551685086488724,0.7927310633850098,-1.769118552017212
1751987897.2694018,-0.035451801687479016,0.792561226272583,-1.7686256608963014
1751987897.2715292,-0.035386752510070806,0.7923913891601562,-1.7681327697753906
1751987897.2736025,-0.035321703332662574,0.7922215520477294,-1.76763987865448
1751987897.2758877,-0.03525665415525436,0.7920517149353027,-1.7671469875335695
1751987897.2778044,-0.03519160497784615,0.7918818778228759,-1.7666540964126587
1751987897.2798953,-0.03512655580043792,0.7917120407104492,-1.7661612052917481
1751987897.2820065,-0.03506150662302971,0.7915422035980224,-1.7656683141708376
1751987897.2841408,-0.03499645744562148,0.7913723664855956,-1.7651754230499266
1751987897.2862818,-0.03493140826821327,0.7912025293731689,-1.764682531929016
1751987897.2884119,-0.03486635909080506,0.7910326922607422,-1.7641896408081055
1751987897.2904987,-0.03480130991339683,0.7908628551483154,-1.763696749687195
1751987897.2926764,-0.03473626073598862,0.7906930180358887,-1.7632038585662841
1751987897.2946873,-0.03467121155858039,0.7905231809234619,-1.7627109674453734
1751987897.2966988,-0.03460616238117218,0.7903533438110351,-1.762218076324463
1751987897.298829,-0.03454111320376397,0.7901835066986084,-1.7617251852035523
1751987897.3009648,-0.03447606402635574,0.7900136695861816,-1.7612322940826415
1751987897.3030994,-0.03441101484894753,0.7898438324737548,-1.7607394029617307
1751987897.3052022,-0.034345965671539316,0.7896739953613281,-1.7602465118408204
1751987897.307346,-0.034280916494131085,0.7895041582489013,-1.7597536207199096
1751987897.309551,-0.034215867316722874,0.7893343211364746,-1.759260729598999
1751987897.3115451,-0.03415081813931464,0.7891644840240477,-1.7587678384780885
1751987897.3135426,-0.03408576896190643,0.7889946469116211,-1.7582749473571777
1751987897.3156035,-0.03402071978449822,0.7888248097991943,-1.7577820562362672
1751987897.3176663,-0.03395567060709,0.7886549726867675,-1.7572891651153566
1751987897.3197985,-0.033890621429681786,0.7884851355743407,-1.7567962739944458
1751987897.3219323,-0.033825572252273554,0.7883152984619141,-1.7563033828735353
1751987897.3240755,-0.033760523074865344,0.7881454613494873,-1.7558104917526247
1751987897.3262124,-0.03369547389745713,0.7879756242370605,-1.755317600631714
1751987897.3282568,-0.0336304247200489,0.7878057871246338,-1.7548247095108032
1751987897.3302972,-0.03356537554264069,0.787635950012207,-1.7543318183898926
1751987897.3324473,-0.03350032636523246,0.7874661128997802,-1.753838927268982
1751987897.3345346,-0.03343527718782425,0.7872962757873534,-1.7533460361480713
1751987897.3365993,-0.03337022801041604,0.7871264386749268,-1.7528531450271607
1751987897.3386602,-0.033305178833007806,0.7869566015625,-1.7523602539062502
1751987897.3407578,-0.033240129655599596,0.7867867644500732,-1.7518673627853394
1751987897.3429728,-0.03317508047819137,0.7866169273376464,-1.7513744716644286
1751987897.3449953,-0.03311003130078316,0.7864470902252197,-1.7508815805435178
1751987897.347087,-0.03304498212337495,0.786277253112793,-1.7503886894226075
1751987897.3491852,-0.03297993294596672,0.7861074160003662,-1.7498957983016967
1751987897.3513393,-0.03291488376855851,0.7859375788879395,-1.749402907180786
1751987897.3534534,-0.032849834591150276,0.7857677417755127,-1.7489100160598754
1751987897.3555279,-0.032784785413742065,0.7855979046630859,-1.7484171249389648
1751987897.3576162,-0.032719736236333855,0.7854280675506591,-1.7479242338180543
1751987897.3598077,-0.03265468705892562,0.7852582304382323,-1.7474313426971437
1751987897.3618114,-0.03258963788151741,0.7850883933258057,-1.746938451576233
1751987897.3638704,-0.03252458870410919,0.7849185562133788,-1.7464455604553222
1751987897.365964,-0.03245953952670097,0.7847487191009521,-1.7459526693344118
1751987897.368098,-0.03239449034929276,0.7845788819885253,-1.745459778213501
1751987897.3702154,-0.032329441171884535,0.7844090448760986,-1.7449668870925903
1751987897.3723505,-0.032264391994476324,0.7842392077636718,-1.7444739959716795
1751987897.3744829,-0.03219934281706809,0.784069370651245,-1.743981104850769
1751987897.3765569,-0.03213429363965988,0.7838995335388184,-1.7434882137298584
1751987897.3785403,-0.03206924446225167,0.7837296964263916,-1.7429953226089479
1751987897.380596,-0.03200419528484344,0.7835598593139648,-1.7425024314880373
1751987897.3826587,-0.03193914610743523,0.783390022201538,-1.7420095403671265
1751987897.3847919,-0.031874096930027,0.7832201850891112,-1.7415166492462157
1751987897.3869324,-0.03180904775261879,0.7830503479766845,-1.741023758125305
1751987897.389065,-0.031743998575210576,0.7828805108642578,-1.7405308670043946
1751987897.391291,-0.03167894939780235,0.782710673751831,-1.7400379758834839
1751987897.3933527,-0.03161390022039414,0.7825408366394043,-1.739545084762573
1751987897.3954139,-0.03154885104298591,0.7823709995269775,-1.7390521936416625
1751987897.3975406,-0.0314838018655777,0.7822011624145507,-1.738559302520752
1751987897.3996012,-0.03141875268816949,0.782031325302124,-1.7380664113998412
1751987897.4016669,-0.031353703510761256,0.7818614881896973,-1.7375735202789306
1751987897.4037974,-0.031288654333353046,0.7816916510772705,-1.73708062915802
1751987897.4059305,-0.031223605155944814,0.7815218139648437,-1.7365877380371093
1751987897.4081125,-0.031158555978536603,0.7813519768524169,-1.736094846916199
1751987897.4101987,-0.031093506801128393,0.7811821397399902,-1.7356019557952882
1751987897.4122458,-0.031028457623720165,0.7810123026275634,-1.7351090646743774
1751987897.4143834,-0.030963408446311954,0.7808424655151367,-1.7346161735534666
1751987897.4165177,-0.030898359268903722,0.7806726284027099,-1.734123282432556
1751987897.418537,-0.030833310091495512,0.7805027912902832,-1.7336303913116455
1751987897.4205978,-0.0307682609140873,0.7803329541778564,-1.7331375001907348
1751987897.4226599,-0.030703211736679073,0.7801631170654296,-1.7326446090698242
1751987897.424772,-0.030638162559270862,0.7799932799530029,-1.7321517179489136
1751987897.4268782,-0.03057311338186263,0.7798234428405761,-1.7316588268280029
1751987897.4289615,-0.03050806420445442,0.7796536057281493,-1.731165935707092
1751987897.4310744,-0.03044301502704621,0.7794837686157225,-1.7306730445861815
1751987897.4332085,-0.03037796584963798,0.7793139315032959,-1.730180153465271
1751987897.4352984,-0.030312916672229767,0.7791440943908691,-1.7296872623443602
1751987897.4373987,-0.030247867494821556,0.7789742572784424,-1.7291943712234499
1751987897.4395123,-0.03018281831741333,0.7788044201660156,-1.728701480102539
1751987897.4416988,-0.030117769140005118,0.7786345830535889,-1.7282085889816283
1751987897.443713,-0.030052719962596886,0.7784647459411621,-1.7277156978607178
1751987897.4456904,-0.029987670785188675,0.7782949088287353,-1.7272228067398072
1751987897.4478283,-0.029922621607780465,0.7781250717163086,-1.7267299156188964
1751987897.4499283,-0.029857572430372237,0.7779552346038818,-1.7262370244979859
1751987897.4520614,-0.029792523252964026,0.777785397491455,-1.7257441333770753
1751987897.454189,-0.029727474075555795,0.7776155603790282,-1.7252512422561646
1751987897.4562895,-0.029662424898147584,0.7774457232666014,-1.7247583511352538
1751987897.458482,-0.029597375720739373,0.7772758861541748,-1.7242654600143432
1751987897.4605453,-0.029532326543331145,0.777106049041748,-1.7237725688934327
1751987897.4625385,-0.02946727736592293,0.7769362119293213,-1.723279677772522
1751987897.4645476,-0.029402228188514703,0.7767663748168945,-1.7227867866516113
1751987897.4666102,-0.029337179011106492,0.7765965377044678,-1.7222938955307008
1751987897.4686706,-0.02927212983369828,0.776426700592041,-1.7218010044097902
1751987897.4708037,-0.02920708065629005,0.7762568634796143,-1.7213081132888792
1751987897.4729354,-0.02914203147888184,0.7760870263671875,-1.7208152221679687
1751987897.4751952,-0.02907698230147361,0.7759171892547607,-1.7203223310470581
1751987897.4771864,-0.0290119331240654,0.7757473521423339,-1.7198294399261473
1751987897.4792466,-0.02894688394665719,0.7755775150299071,-1.7193365488052368
1751987897.4813821,-0.028881834769248958,0.7754076779174804,-1.7188436576843262
1751987897.4835129,-0.028816785591840748,0.7752378408050536,-1.7183507665634155
1751987897.4855292,-0.02875173641443252,0.7750680036926269,-1.717857875442505
1751987897.4875934,-0.02868668723702431,0.7748981665802002,-1.7173649843215943
1751987897.489657,-0.028621638059616095,0.7747283294677735,-1.7168720932006836
1751987897.491857,-0.028556588882207867,0.7745584923553466,-1.716379202079773
1751987897.4939384,-0.028491539704799656,0.77438865524292,-1.7158863109588625
1751987897.4960272,-0.028426490527391428,0.7742188181304932,-1.7153934198379517
1751987897.4981673,-0.028361441349983214,0.7740489810180664,-1.714900528717041
1751987897.5003138,-0.028296392172575003,0.7738791439056396,-1.7144076375961304
1751987897.5024025,-0.028231342995166775,0.7737093067932128,-1.7139147464752198
1751987897.5045266,-0.028166293817758564,0.7735394696807861,-1.713421855354309
1751987897.5065906,-0.028101244640350333,0.7733696325683593,-1.7129289642333985
1751987897.508859,-0.028036195462942122,0.7731997954559325,-1.712436073112488
1751987897.5108807,-0.02797114628553391,0.7730299583435059,-1.7119431819915771
1751987897.5128505,-0.027906097108125683,0.7728601212310791,-1.7114502908706664
1751987897.5149398,-0.027841047930717473,0.7726902841186523,-1.7109573997497558
1751987897.5169313,-0.02777599875330924,0.7725204470062255,-1.710464508628845
1751987897.5191314,-0.02771094957590103,0.7723506098937989,-1.7099716175079345
1751987897.5212994,-0.02764590039849282,0.7721807727813721,-1.709478726387024
1751987897.523411,-0.02758085122108459,0.7720109356689453,-1.7089858352661134
1751987897.5256262,-0.027515802043676377,0.7718410985565185,-1.7084929441452026
1751987897.5275896,-0.02745075286626815,0.7716712614440917,-1.708000053024292
1751987897.5295541,-0.02738570368885994,0.771501424331665,-1.7075071619033815
1751987897.5315928,-0.027320654511451728,0.7713315872192382,-1.7070142707824707
1751987897.533712,-0.027255605334043496,0.7711617501068114,-1.7065213796615601
1751987897.5358627,-0.027190556156635286,0.7709919129943847,-1.7060284885406496
1751987897.537976,-0.027125506979227058,0.770822075881958,-1.7055355974197386
1751987897.540057,-0.027060457801818847,0.7706522387695312,-1.705042706298828
1751987897.5423942,-0.026995408624410636,0.7704824016571046,-1.7045498151779175
1751987897.5442913,-0.026930359447002405,0.7703125645446777,-1.704056924057007
1751987897.5464334,-0.026865310269594194,0.770142727432251,-1.7035640329360962
1751987897.5485177,-0.026800261092185966,0.7699728903198242,-1.7030711418151856
1751987897.5505753,-0.026735211914777755,0.7698030532073974,-1.702578250694275
1751987897.5526338,-0.026670162737369545,0.7696332160949707,-1.7020853595733643
1751987897.5548198,-0.026605113559961313,0.7694633789825439,-1.7015924684524535
1751987897.5570226,-0.026540064382553102,0.7692935418701171,-1.701099577331543
1751987897.559229,-0.026475015205144874,0.7691237047576904,-1.7006066862106322
1751987897.5612605,-0.026409966027736664,0.7689538676452636,-1.7001137950897216
1751987897.563418,-0.02634491685032845,0.7687840305328368,-1.699620903968811
1751987897.5655344,-0.02627986767292022,0.76861419342041,-1.6991280128479003
1751987897.5675926,-0.02621481849551201,0.7684443563079832,-1.6986351217269897
1751987897.5696504,-0.0261497693181038,0.7682745191955567,-1.6981422306060792
1751987897.57184,-0.02608472014069557,0.7681046820831299,-1.6976493394851686
1751987897.5740266,-0.026019670963287358,0.7679348449707031,-1.6971564483642578
1751987897.5761294,-0.02595462178587913,0.7677650078582763,-1.6966635572433473
1751987897.5790162,-0.02588957260847092,0.7675951707458496,-1.6961706661224367
1751987897.5830178,-0.02582452343106271,0.7674253336334228,-1.695677775001526
1751987897.5869582,-0.025759474253654477,0.7672554965209961,-1.6951848838806152
1751987897.590913,-0.025694425076246266,0.7670856594085693,-1.6946919927597046
1751987897.5951447,-0.025629375898838038,0.7669158222961425,-1.6941991016387938
1751987897.5985973,-0.025564326721429827,0.7667459851837157,-1.6937062105178833
1751987897.6012373,-0.025499277544021613,0.7665761480712889,-1.6932133193969727
1751987897.6034582,-0.025434228366613385,0.7664063109588622,-1.6927204282760622
1751987897.605542,-0.025369179189205174,0.7662364738464356,-1.6922275371551514
1751987897.607538,-0.025304130011796946,0.7660666367340087,-1.6917346460342406
1751987897.6098132,-0.025239080834388732,0.765896799621582,-1.6912417549133298
1751987897.6117165,-0.02517403165698052,0.7657269625091553,-1.6907488637924195
1751987897.6137176,-0.025108982479572294,0.7655571253967285,-1.6902559726715087
1751987897.6158433,-0.025043933302164083,0.7653872882843018,-1.6897630815505982
1751987897.6179254,-0.02497888412475585,0.765217451171875,-1.6892701904296874
1751987897.6200602,-0.02491383494734764,0.7650476140594482,-1.6887772993087768
1751987897.6222095,-0.02484878576993943,0.7648777769470214,-1.6882844081878663
1751987897.6242902,-0.024783736592531202,0.7647079398345946,-1.6877915170669555
1751987897.6264513,-0.02471868741512299,0.7645381027221679,-1.687298625946045
1751987897.6284873,-0.02465363823771476,0.7643682656097411,-1.6868057348251344
1751987897.630508,-0.02458858906030655,0.7641984284973143,-1.6863128437042239
1751987897.6325462,-0.024523539882898338,0.7640285913848877,-1.685819952583313
1751987897.6346073,-0.02445849070549011,0.763858754272461,-1.6853270614624023
1751987897.6367683,-0.024393441528081896,0.7636889171600342,-1.6848341703414917
1751987897.6389296,-0.024328392350673668,0.7635190800476074,-1.684341279220581
1751987897.6410747,-0.024263343173265457,0.7633492429351807,-1.6838483880996704
1751987897.643205,-0.024198293995857247,0.7631794058227539,-1.6833554969787599
1751987897.645298,-0.024133244818449015,0.7630095687103271,-1.682862605857849
1751987897.6474595,-0.024068195641040804,0.7628397315979003,-1.6823697147369385
1751987897.6494975,-0.024003146463632576,0.7626698944854735,-1.6818768236160277
1751987897.6515558,-0.023938097286224366,0.7625000573730468,-1.681383932495117
1751987897.6536164,-0.023873048108816155,0.76233022026062,-1.6808910413742064
1751987897.655777,-0.023807998931407923,0.7621603831481932,-1.6803981502532959
1751987897.6580217,-0.023742949753999713,0.7619905460357667,-1.679905259132385
1751987897.6600664,-0.023677900576591485,0.7618207089233398,-1.6794123680114745
1751987897.6621492,-0.023612851399183274,0.7616508718109131,-1.678919476890564
1751987897.6642733,-0.02354780222177506,0.7614810346984864,-1.6784265857696534
1751987897.666446,-0.02348275304436683,0.7613111975860596,-1.6779336946487426
1751987897.6684966,-0.02341770386695862,0.7611413604736328,-1.677440803527832
1751987897.670555,-0.023352654689550393,0.760971523361206,-1.6769479124069213
1751987897.672616,-0.02328760551214218,0.7608016862487792,-1.676455021286011
1751987897.6747978,-0.023222556334733968,0.7606318491363525,-1.6759621301651002
1751987897.6768796,-0.02315750715732574,0.7604620120239257,-1.6754692390441894
1751987897.6789582,-0.02309245797991753,0.7602921749114989,-1.6749763479232787
1751987897.6811297,-0.023027408802509298,0.7601223377990722,-1.674483456802368
1751987897.6832774,-0.022962359625101087,0.7599525006866454,-1.6739905656814575
1751987897.6854367,-0.022897310447692876,0.7597826635742188,-1.673497674560547
1751987897.6874967,-0.02283226127028465,0.759612826461792,-1.6730047834396362
1751987897.6895573,-0.022767212092876438,0.7594429893493653,-1.6725118923187257
1751987897.6917403,-0.022702162915468206,0.7592731522369385,-1.6720190011978149
1751987897.6939006,-0.022637113738059995,0.7591033151245117,-1.671526110076904
1751987897.6959493,-0.022572064560651785,0.7589334780120849,-1.6710332189559935
1751987897.6981142,-0.022507015383243557,0.7587636408996581,-1.670540327835083
1751987897.7002249,-0.022441966205835346,0.7585938037872314,-1.6700474367141722
1751987897.702387,-0.022376917028427114,0.7584239666748046,-1.6695545455932617
1751987897.704497,-0.022311867851018904,0.7582541295623779,-1.669061654472351
1751987897.7065563,-0.022246818673610693,0.7580842924499511,-1.6685687633514403
1751987897.7088902,-0.022181769496202465,0.7579144553375243,-1.6680758722305298
1751987897.7108383,-0.02211672031879425,0.7577446182250976,-1.6675829811096192
1751987897.7128503,-0.02205167114138604,0.757574781112671,-1.6670900899887087
1751987897.7150307,-0.021986621963977812,0.7574049440002442,-1.666597198867798
1751987897.7171557,-0.0219215727865696,0.7572351068878174,-1.6661043077468873
1751987897.719304,-0.02185652360916137,0.7570652697753906,-1.6656114166259766
1751987897.7214649,-0.02179147443175316,0.7568954326629638,-1.6651185255050658
1751987897.723527,-0.02172642525434495,0.7567255955505371,-1.6646256343841552
1751987897.725751,-0.02166137607693672,0.7565557584381103,-1.6641327432632447
1751987897.7278495,-0.02159632689952851,0.7563859213256836,-1.663639852142334
1751987897.7298794,-0.021531277722120278,0.7562160842132568,-1.6631469610214233
1751987897.7320507,-0.021466228544712068,0.75604624710083,-1.6626540699005128
1751987897.734152,-0.021401179367303857,0.7558764099884033,-1.6621611787796022
1751987897.7363038,-0.02133613018989563,0.7557065728759764,-1.6616682876586912
1751987897.7384703,-0.021271081012487415,0.7555367357635498,-1.6611753965377807
1751987897.7406185,-0.021206031835079187,0.755366898651123,-1.6606825054168701
1751987897.7427068,-0.021140982657670976,0.7551970615386963,-1.6601896142959593
1751987897.7447903,-0.021075933480262765,0.7550272244262695,-1.6596967231750488
1751987897.746876,-0.021010884302854534,0.7548573873138428,-1.6592038320541382
1751987897.7490509,-0.020945835125446323,0.754687550201416,-1.6587109409332275
1751987897.751151,-0.020880785948038095,0.7545177130889892,-1.658218049812317
1751987897.7533035,-0.020815736770629884,0.7543478759765625,-1.6577251586914064
1751987897.7554681,-0.020750687593221673,0.7541780388641357,-1.6572322675704958
1751987897.757551,-0.020685638415813442,0.7540082017517089,-1.656739376449585
1751987897.7597737,-0.02062058923840523,0.7538383646392821,-1.6562464853286745
1751987897.761783,-0.020555540060997003,0.7536685275268553,-1.6557535942077637
1751987897.7638903,-0.020490490883588793,0.7534986904144287,-1.655260703086853
1751987897.7660527,-0.02042544170618058,0.7533288533020019,-1.6547678119659424
1751987897.7681508,-0.02036039252877235,0.7531590161895751,-1.6542749208450318
1751987897.7702987,-0.02029534335136414,0.7529891790771485,-1.653782029724121
1751987897.772463,-0.02023029417395591,0.7528193419647217,-1.6532891386032105
1751987897.7746243,-0.020165244996547697,0.7526495048522949,-1.6527962474823
1751987897.77666,-0.020100195819139487,0.7524796677398682,-1.6523033563613891
1751987897.7786705,-0.02003514664173126,0.7523098306274414,-1.6518104652404784
1751987897.7808247,-0.019970097464323048,0.7521399935150146,-1.6513175741195678
1751987897.782994,-0.019905048286914816,0.7519701564025878,-1.650824682998657
1751987897.7851477,-0.019839999109506606,0.751800319290161,-1.6503317918777465
1751987897.7872884,-0.019774949932098395,0.7516304821777344,-1.649838900756836
1751987897.7894518,-0.019709900754690167,0.7514606450653075,-1.6493460096359254
1751987897.7915947,-0.019644851577281956,0.7512908079528808,-1.6488531185150146
1751987897.7937129,-0.019579802399873725,0.751120970840454,-1.648360227394104
1751987897.7956464,-0.019514753222465514,0.7509511337280274,-1.6478673362731935
1751987897.7978075,-0.019449704045057303,0.7507812966156006,-1.6473744451522827
1751987897.7999747,-0.019384654867649075,0.7506114595031738,-1.6468815540313722
1751987897.8021467,-0.01931960569024086,0.7504416223907471,-1.6463886629104616
1751987897.8042948,-0.019254556512832633,0.7502717852783203,-1.6458957717895506
1751987897.8063738,-0.019189507335424422,0.7501019481658935,-1.64540288066864
1751987897.8087916,-0.01912445815801621,0.7499321110534667,-1.6449099895477295
1751987897.810626,-0.01905940898060798,0.7497622739410399,-1.644417098426819
1751987897.812526,-0.01899435980319977,0.7495924368286132,-1.6439242073059082
1751987897.8145847,-0.01892931062579154,0.7494225997161864,-1.6434313161849976
1751987897.8166444,-0.01886426144838333,0.7492527626037597,-1.642938425064087
1751987897.8188076,-0.01879921227097512,0.749082925491333,-1.6424455339431763
1751987897.8209748,-0.01873416309356689,0.7489130883789062,-1.6419526428222655
1751987897.823062,-0.018669113916158678,0.7487432512664794,-1.641459751701355
1751987897.8254535,-0.01860406473875045,0.7485734141540528,-1.6409668605804442
1751987897.8273947,-0.01853901556134224,0.748403577041626,-1.6404739694595336
1751987897.8294132,-0.018473966383934025,0.7482337399291992,-1.639981078338623
1751987897.8315399,-0.018408917206525797,0.7480639028167724,-1.6394881872177125
1751987897.8335896,-0.018343868029117586,0.7478940657043456,-1.6389952960968017
1751987897.835649,-0.018278818851709375,0.7477242285919189,-1.6385024049758912
1751987897.837813,-0.018213769674301144,0.7475543914794921,-1.6380095138549806
1751987897.8399227,-0.018148720496892933,0.7473845543670654,-1.6375166227340698
1751987897.842093,-0.018083671319484705,0.7472147172546386,-1.6370237316131593
1751987897.8442686,-0.018018622142076494,0.7470448801422119,-1.6365308404922487
1751987897.846285,-0.017953572964668284,0.7468750430297851,-1.636037949371338
1751987897.8484519,-0.017888523787260052,0.7467052059173583,-1.6355450582504272
1751987897.8504903,-0.01782347460985184,0.7465353688049317,-1.6350521671295166
1751987897.852515,-0.017758425432443613,0.7463655316925049,-1.6345592760086058
1751987897.8545752,-0.017693376255035403,0.7461956945800781,-1.6340663848876953
1751987897.8566644,-0.017628327077627192,0.7460258574676513,-1.6335734937667847
1751987897.8590012,-0.01756327790021896,0.7458560203552246,-1.6330806026458742
1751987897.861011,-0.01749822872281075,0.7456861832427978,-1.6325877115249634
1751987897.8638425,-0.017433179545402522,0.745516346130371,-1.6320948204040526
1751987897.8678472,-0.01736813036799431,0.7453465090179443,-1.6316019292831418
1751987897.8717942,-0.017303081190586097,0.7451766719055176,-1.6311090381622315
1751987897.8759298,-0.01723803201317787,0.7450068347930908,-1.6306161470413207
1751987897.8800988,-0.017172982835769658,0.744836997680664,-1.6301232559204102
1751987897.8834553,-0.01710793365836143,0.7446671605682373,-1.6296303647994994
1751987897.886093,-0.017042884480953216,0.7444973234558105,-1.6291374736785889
1751987897.8883324,-0.016977835303545005,0.7443274863433837,-1.6286445825576783
1751987897.8904326,-0.016912786126136777,0.744157649230957,-1.6281516914367677
1751987897.8924878,-0.016847736948728567,0.7439878121185303,-1.627658800315857
1751987897.8946872,-0.016782687771320335,0.7438179750061035,-1.6271659091949464
1751987897.8966303,-0.016717638593912124,0.7436481378936767,-1.6266730180740359
1751987897.8985863,-0.016652589416503914,0.74347830078125,-1.626180126953125
1751987897.900653,-0.016587540239095686,0.7433084636688232,-1.6256872358322143
1751987897.9026864,-0.016522491061687475,0.7431386265563965,-1.6251943447113038
1751987897.9048011,-0.016457441884279243,0.7429687894439696,-1.624701453590393
1751987897.9069402,-0.016392392706871033,0.742798952331543,-1.6242085624694824
1751987897.9090922,-0.016327343529462822,0.7426291152191162,-1.6237156713485719
1751987897.911216,-0.016262294352054594,0.7424592781066894,-1.623222780227661
1751987897.9131896,-0.01619724517464638,0.7422894409942626,-1.6227298891067505
1751987897.9153523,-0.01613219599723815,0.7421196038818358,-1.6222369979858398
1751987897.9174805,-0.01606714681982994,0.7419497667694092,-1.621744106864929
1751987897.9194882,-0.01600209764242173,0.7417799296569824,-1.6212512157440184
1751987897.9215493,-0.0159370484650135,0.7416100925445556,-1.6207583246231079
1751987897.9236562,-0.015871999287605288,0.7414402554321289,-1.6202654335021973
1751987897.925869,-0.01580695011019706,0.7412704183197021,-1.6197725423812865
1751987897.9278216,-0.01574190093278885,0.7411005812072753,-1.619279651260376
1751987897.9298909,-0.01567685175538064,0.7409307440948486,-1.6187867601394654
1751987897.9320643,-0.015611802577972407,0.7407609069824219,-1.6182938690185547
1751987897.9341521,-0.015546753400564196,0.7405910698699951,-1.617800977897644
1751987897.93631,-0.015481704223155967,0.7404212327575683,-1.6173080867767333
1751987897.938396,-0.015416655045747756,0.7402513956451415,-1.616815195655823
1751987897.9404356,-0.015351605868339545,0.7400815585327148,-1.6163223045349122
1751987897.9425995,-0.015286556690931315,0.739911721420288,-1.6158294134140014
1751987897.9446504,-0.015221507513523105,0.7397418843078613,-1.6153365222930907
1751987897.9466317,-0.015156458336114875,0.7395720471954345,-1.61484363117218
1751987897.9486864,-0.015091409158706664,0.7394022100830078,-1.6143507400512696
1751987897.950851,-0.015026359981298454,0.739232372970581,-1.613857848930359
1751987897.9529388,-0.014961310803890224,0.7390625358581542,-1.6133649578094482
1751987897.955104,-0.014896261626482013,0.7388926987457276,-1.6128720666885377
1751987897.9572456,-0.014831212449073783,0.7387228616333007,-1.6123791755676269
1751987897.9594944,-0.014766163271665573,0.738553024520874,-1.6118862844467161
1751987897.9615452,-0.01470111409425736,0.7383831874084472,-1.6113933933258056
1751987897.9635234,-0.014636064916849132,0.7382133502960205,-1.610900502204895
1751987897.9655802,-0.01457101573944092,0.7380435131835937,-1.6104076110839842
1751987897.9676414,-0.014505966562032692,0.7378736760711669,-1.6099147199630737
1751987897.9698036,-0.014440917384624479,0.7377038389587401,-1.6094218288421631
1751987897.9719725,-0.014375868207216268,0.7375340018463135,-1.6089289377212526
1751987897.9741068,-0.014310819029808039,0.7373641647338867,-1.6084360466003418
1751987897.9762604,-0.014245769852399828,0.7371943276214599,-1.6079431554794312
1751987897.9783537,-0.014180720674991617,0.7370244905090333,-1.6074502643585207
1751987897.980505,-0.014115671497583387,0.7368546533966064,-1.60695737323761
1751987897.9825644,-0.014050622320175177,0.7366848162841797,-1.6064644821166993
1751987897.9847307,-0.013985573142766947,0.7365149791717529,-1.6059715909957886
1751987897.9868972,-0.013920523965358736,0.7363451420593261,-1.6054786998748778
1751987897.989066,-0.013855474787950524,0.7361753049468994,-1.6049858087539672
1751987897.9912307,-0.013790425610542296,0.7360054678344726,-1.6044929176330567
1751987897.9933267,-0.013725376433134083,0.7358356307220458,-1.6040000265121461
1751987897.9954214,-0.013660327255725855,0.7356657936096191,-1.6035071353912353
1751987897.997522,-0.013595278078317643,0.7354959564971923,-1.6030142442703248
1751987897.9995835,-0.013530228900909432,0.7353261193847656,-1.6025213531494142
1751987898.0016413,-0.013465179723501202,0.7351562822723388,-1.6020284620285032
1751987898.0038035,-0.013400130546092992,0.7349864451599121,-1.6015355709075927
1751987898.0058968,-0.013335081368684762,0.7348166080474853,-1.6010426797866821
1751987898.0081382,-0.013270032191276551,0.7346467709350586,-1.6005497886657714
1751987898.0101812,-0.01320498301386834,0.7344769338226318,-1.6000568975448608
1751987898.012224,-0.01313993383646011,0.7343070967102051,-1.5995640064239502
1751987898.0142865,-0.0130748846590519,0.7341372595977783,-1.5990711153030395
1751987898.0164552,-0.01300983548164367,0.7339674224853515,-1.598578224182129
1751987898.018538,-0.01294478630423546,0.7337975853729248,-1.5980853330612184
1751987898.0205731,-0.012879737126827247,0.733627748260498,-1.5975924419403078
1751987898.0226998,-0.012814687949419019,0.7334579111480712,-1.597099550819397
1751987898.0248554,-0.012749638772010807,0.7332880740356444,-1.5966066596984865
1751987898.0269613,-0.012684589594602579,0.7331182369232176,-1.5961137685775757
1751987898.0290499,-0.012619540417194366,0.732948399810791,-1.595620877456665
1751987898.0311575,-0.012554491239786155,0.7327785626983643,-1.5951279863357544
1751987898.0333188,-0.012489442062377926,0.7326087255859374,-1.5946350952148438
1751987898.0354822,-0.012424392884969715,0.7324388884735108,-1.594142204093933
1751987898.0375292,-0.012359343707561485,0.732269051361084,-1.5936493129730225
1751987898.039589,-0.012294294530153274,0.7320992142486572,-1.593156421852112
1751987898.0419824,-0.012229245352745064,0.7319293771362304,-1.5926635307312014
1751987898.04393,-0.012164196175336834,0.7317595400238037,-1.5921706396102904
1751987898.045965,-0.012099146997928623,0.7315897029113769,-1.5916777484893798
1751987898.0481377,-0.012034097820520393,0.7314198657989501,-1.591184857368469
1751987898.0502772,-0.011969048643112183,0.7312500286865233,-1.5906919662475585
1751987898.0524383,-0.01190399946570397,0.7310801915740966,-1.590199075126648
1751987898.0545049,-0.011838950288295742,0.7309103544616699,-1.5897061840057374
1751987898.0565653,-0.01177390111088753,0.7307405173492431,-1.5892132928848266
1751987898.0587735,-0.011708851933479302,0.7305706802368163,-1.588720401763916
1751987898.0608895,-0.01164380275607109,0.7304008431243897,-1.5882275106430055
1751987898.0629241,-0.011578753578662879,0.7302310060119629,-1.5877346195220947
1751987898.0650978,-0.011513704401254649,0.7300611688995361,-1.5872417284011842
1751987898.067199,-0.011448655223846438,0.7298913317871094,-1.5867488372802736
1751987898.0692887,-0.011383606046438208,0.7297214946746826,-1.5862559461593626
1751987898.071375,-0.011318556869029998,0.7295516575622558,-1.585763055038452
1751987898.073527,-0.011253507691621787,0.729381820449829,-1.5852701639175415
1751987898.0757124,-0.011188458514213557,0.7292119833374022,-1.584777272796631
1751987898.0775979,-0.011123409336805347,0.7290421462249755,-1.5842843816757202
1751987898.07964,-0.011058360159397117,0.7288723091125487,-1.5837914905548096
1751987898.0816877,-0.010993310981988906,0.728702472000122,-1.583298599433899
1751987898.0838544,-0.010928261804580695,0.7285326348876954,-1.5828057083129883
1751987898.086004,-0.010863212627172466,0.7283627977752685,-1.5823128171920775
1751987898.0889223,-0.010798163449764255,0.7281929606628418,-1.581819926071167
1751987898.0930912,-0.010733114272356025,0.728023123550415,-1.5813270349502562
1751987898.0973434,-0.010668065094947814,0.7278532864379883,-1.5808341438293456
1751987898.101355,-0.010603015917539602,0.7276834493255615,-1.580341252708435
1751987898.1052978,-0.010537966740131374,0.7275136122131347,-1.5798483615875243
1751987898.1087506,-0.010472917562723161,0.7273437751007079,-1.5793554704666137
1751987898.1116548,-0.010407868385314933,0.7271739379882812,-1.5788625793457032
1751987898.1137931,-0.010342819207906721,0.7270041008758544,-1.5783696882247926
1751987898.1158679,-0.01027777003049851,0.7268342637634276,-1.5778767971038818
1751987898.1178455,-0.01021272085309028,0.726664426651001,-1.5773839059829713
1751987898.1200218,-0.01014767167568207,0.7264945895385742,-1.5768910148620607
1751987898.1221418,-0.010082622498273859,0.7263247524261475,-1.57639812374115
1751987898.1242287,-0.01001757332086563,0.7261549153137207,-1.5759052326202392
1751987898.1263556,-0.009952524143457419,0.725985078201294,-1.5754123414993286
1751987898.1283743,-0.009887474966049189,0.7258152410888672,-1.5749194503784179
1751987898.1304688,-0.009822425788640978,0.7256454039764404,-1.5744265592575073
1751987898.132531,-0.009757376611232766,0.7254755668640136,-1.5739336681365967
1751987898.1345916,-0.009692327433824538,0.7253057297515869,-1.5734407770156862
1751987898.1366541,-0.009627278256416325,0.7251358926391601,-1.5729478858947754
1751987898.1386857,-0.009562229079008097,0.7249660555267333,-1.5724549947738646
1751987898.1408443,-0.009497179901599885,0.7247962184143066,-1.571962103652954
1751987898.1430554,-0.009432130724191674,0.7246263813018798,-1.5714692125320435
1751987898.145013,-0.009367081546783444,0.724456544189453,-1.5709763214111327
1751987898.14715,-0.009302032369375234,0.7242867070770264,-1.5704834302902222
1751987898.1493158,-0.009236983191967004,0.7241168699645995,-1.5699905391693114
1751987898.1514795,-0.009171934014558793,0.7239470328521729,-1.5694976480484009
1751987898.1535187,-0.009106884837150582,0.7237771957397461,-1.5690047569274903
1751987898.155576,-0.009041835659742353,0.7236073586273193,-1.5685118658065795
1751987898.157702,-0.008976786482334142,0.7234375215148926,-1.568018974685669
1751987898.1598234,-0.008911737304925912,0.7232676844024658,-1.5675260835647584
1751987898.1618574,-0.008846688127517701,0.723097847290039,-1.5670331924438479
1751987898.1640122,-0.008781638950109489,0.7229280101776122,-1.566540301322937
1751987898.166158,-0.008716589772701261,0.7227581730651855,-1.5660474102020263
1751987898.1683137,-0.008651540595293048,0.7225883359527587,-1.5655545190811158
1751987898.1704776,-0.00858649141788482,0.7224184988403319,-1.565061627960205
1751987898.1725156,-0.008521442240476608,0.7222486617279051,-1.5645687368392944
1751987898.1747196,-0.008456393063068397,0.7220788246154786,-1.5640758457183839
1751987898.1767426,-0.008391343885660167,0.7219089875030518,-1.563582954597473
1751987898.1788487,-0.008326294708251957,0.721739150390625,-1.5630900634765625
1751987898.180905,-0.008261245530843727,0.7215693132781982,-1.5625971723556518
1751987898.1830745,-0.008196196353435516,0.7213994761657715,-1.562104281234741
1751987898.1851642,-0.008131147176027306,0.7212296390533447,-1.5616113901138304
1751987898.1873305,-0.008066097998619076,0.7210598019409179,-1.5611184989929199
1751987898.1894977,-0.008001048821210865,0.7208899648284912,-1.5606256078720093
1751987898.1917412,-0.007935999643802635,0.7207201277160644,-1.5601327167510985
1751987898.193765,-0.007870950466394425,0.7205502906036376,-1.559639825630188
1751987898.195828,-0.007805901288986213,0.7203804534912108,-1.5591469345092774
1751987898.1979601,-0.007740852111577983,0.7202106163787841,-1.5586540433883667
1751987898.2001276,-0.007675802934169773,0.7200407792663575,-1.558161152267456
1751987898.202256,-0.007610753756761543,0.7198709421539305,-1.5576682611465456
1751987898.204419,-0.007545704579353332,0.7197011050415039,-1.557175370025635
1751987898.2064757,-0.0074806554019451205,0.7195312679290772,-1.5566824789047242
1751987898.208762,-0.007415606224536892,0.7193614308166504,-1.5561895877838134
1751987898.2106986,-0.00735055704712868,0.7191915937042236,-1.555696696662903
1751987898.2126992,-0.007285507869720451,0.7190217565917968,-1.5552038055419921
1751987898.2148032,-0.0072204586923122396,0.7188519194793701,-1.5547109144210816
1751987898.216971,-0.007155409514904029,0.7186820823669433,-1.554218023300171
1751987898.2191396,-0.007090360337495799,0.7185122452545165,-1.5537251321792602
1751987898.22125,-0.007025311160087588,0.7183424081420897,-1.5532322410583497
1751987898.223392,-0.006960261982679359,0.718172571029663,-1.552739349937439
1751987898.2255661,-0.006895212805271148,0.7180027339172362,-1.5522464588165281
1751987898.2276435,-0.006830163627862936,0.7178328968048096,-1.5517535676956176
1751987898.2295687,-0.006765114450454707,0.7176630596923828,-1.551260676574707
1751987898.2316236,-0.006700065273046496,0.7174932225799561,-1.5507677854537962
1751987898.233786,-0.006635016095638267,0.7173233854675293,-1.5502748943328857
1751987898.235955,-0.006569966918230055,0.7171535483551025,-1.5497820032119751
1751987898.238059,-0.006504917740821844,0.7169837112426758,-1.5492891120910646
1751987898.2402163,-0.006439868563413615,0.716813874130249,-1.5487962209701538
1751987898.24242,-0.006374819386005403,0.7166440370178222,-1.5483033298492432
1751987898.2443964,-0.006309770208597174,0.7164741999053954,-1.5478104387283325
1751987898.2465127,-0.006244721031188963,0.7163043627929687,-1.547317547607422
1751987898.24857,-0.006179671853780752,0.7161345256805419,-1.5468246564865114
1751987898.2506287,-0.006114622676372522,0.7159646885681151,-1.5463317653656006
1751987898.2527916,-0.006049573498964312,0.7157948514556884,-1.5458388742446898
1751987898.2549584,-0.0059845243215561,0.7156250143432618,-1.5453459831237792
1751987898.2571344,-0.005919475144147871,0.715455177230835,-1.5448530920028687
1751987898.2593217,-0.00585442596673966,0.7152853401184082,-1.5443602008819581
1751987898.2613723,-0.005789376789331431,0.7151155030059814,-1.5438673097610474
1751987898.2635303,-0.005724327611923219,0.7149456658935547,-1.5433744186401368
1751987898.2655911,-0.005659278434515008,0.7147758287811279,-1.5428815275192262
1751987898.2676604,-0.005594229257106779,0.7146059916687011,-1.5423886363983152
1751987898.269811,-0.005529180079698568,0.7144361545562744,-1.5418957452774047
1751987898.2719755,-0.005464130902290338,0.7142663174438476,-1.5414028541564941
1751987898.2741244,-0.005399081724882127,0.7140964803314208,-1.5409099630355834
1751987898.2762554,-0.005334032547473916,0.7139266432189941,-1.5404170719146728
1751987898.2782815,-0.005268983370065687,0.7137568061065673,-1.5399241807937623
1751987898.2804396,-0.005203934192657475,0.7135869689941406,-1.5394312896728517
1751987898.2825189,-0.0051388850152492465,0.7134171318817139,-1.538938398551941
1751987898.284636,-0.005073835837841035,0.713247294769287,-1.5384455074310304
1751987898.2867174,-0.005008786660432823,0.7130774576568604,-1.5379526163101198
1751987898.288884,-0.004943737483024594,0.7129076205444336,-1.537459725189209
1751987898.2910109,-0.004878688305616383,0.7127377834320068,-1.5369668340682985
1751987898.2931814,-0.004813639128208154,0.71256794631958,-1.5364739429473877
1751987898.2952087,-0.004748589950799942,0.7123981092071533,-1.535981051826477
1751987898.297386,-0.004683540773391732,0.7122282720947265,-1.5354881607055664
1751987898.2995136,-0.004618491595983502,0.7120584349822997,-1.5349952695846558
1751987898.3015723,-0.004553442418575291,0.711888597869873,-1.534502378463745
1751987898.3036487,-0.004488393241167061,0.7117187607574462,-1.5340094873428345
1751987898.3057947,-0.004423344063758851,0.7115489236450195,-1.533516596221924
1751987898.308013,-0.004358294886350639,0.7113790865325927,-1.5330237051010134
1751987898.310054,-0.00429324570894241,0.7112092494201661,-1.5325308139801024
1751987898.3121428,-0.004228196531534199,0.7110394123077393,-1.5320379228591918
1751987898.3142912,-0.00416314735412597,0.7108695751953125,-1.531545031738281
1751987898.3164275,-0.004098098176717758,0.7106997380828857,-1.5310521406173705
1751987898.3185308,-0.004033048999309547,0.710529900970459,-1.53055924949646
1751987898.320594,-0.003967999821901318,0.7103600638580322,-1.5300663583755494
1751987898.3226662,-0.0039029506444931065,0.7101902267456054,-1.5295734672546386
1751987898.3248746,-0.003837901467084877,0.7100203896331786,-1.529080576133728
1751987898.3269083,-0.003772852289676666,0.7098505525207519,-1.5285876850128175
1751987898.3289773,-0.003707803112268455,0.7096807154083252,-1.528094793891907
1751987898.331114,-0.0036427539348602256,0.7095108782958983,-1.5276019027709962
1751987898.333195,-0.0035777047574520144,0.7093410411834717,-1.5271090116500856
1751987898.3353236,-0.003512655580043785,0.709171204071045,-1.5266161205291746
1751987898.3374517,-0.003447606402635574,0.7090013669586182,-1.526123229408264
1751987898.3395483,-0.0033825572252273624,0.7088315298461914,-1.5256303382873535
1751987898.341682,-0.0033175080478191335,0.7086616927337646,-1.525137447166443
1751987898.3437402,-0.003252458870410922,0.7084918556213379,-1.5246445560455322
1751987898.3458066,-0.003187409693002693,0.7083220185089111,-1.5241516649246216
1751987898.3478663,-0.0031223605155944814,0.7081521813964843,-1.523658773803711
1751987898.3499906,-0.0030573113381862703,0.7079823442840576,-1.5231658826828003
1751987898.352125,-0.002992262160778041,0.7078125071716308,-1.5226729915618895
1751987898.3542254,-0.00292721298336983,0.707642670059204,-1.522180100440979
1751987898.356302,-0.0028621638059616004,0.7074728329467772,-1.5216872093200682
1751987898.3584774,-0.0027971146285533893,0.7073029958343506,-1.5211943181991576
1751987898.3605132,-0.002732065451145178,0.7071331587219238,-1.520701427078247
1751987898.3625078,-0.002667016273736949,0.706963321609497,-1.5202085359573363
1751987898.3645527,-0.0026019670963287377,0.7067934844970702,-1.5197156448364257
1751987898.3666108,-0.0025369179189205083,0.7066236473846436,-1.5192227537155152
1751987898.368673,-0.002471868741512297,0.7064538102722168,-1.5187298625946046
1751987898.370786,-0.002406819564104086,0.70628397315979,-1.5182369714736939
1751987898.3729134,-0.0023417703866958567,0.7061141360473632,-1.5177440803527833
1751987898.3750756,-0.0022767212092876456,0.7059442989349365,-1.5172511892318727
1751987898.3771732,-0.0022116720318794162,0.7057744618225097,-1.5167582981109617
1751987898.3792262,-0.002146622854471205,0.7056046247100829,-1.5162654069900512
1751987898.3813612,-0.0020815736770629935,0.7054347875976563,-1.5157725158691406
1751987898.3834891,-0.0020165244996547646,0.7052649504852294,-1.5152796247482299
1751987898.385529,-0.0019514753222465533,0.7050951133728027,-1.5147867336273193
1751987898.3875897,-0.0018864261448383421,0.7049252762603759,-1.5142938425064087
1751987898.3896623,-0.0018213769674301128,0.7047554391479492,-1.5138009513854982
1751987898.391808,-0.0017563277900219014,0.7045856020355225,-1.5133080602645874
1751987898.3938553,-0.0016912786126136723,0.7044157649230957,-1.5128151691436766
1751987898.3958905,-0.001626229435205461,0.7042459278106689,-1.512322278022766
1751987898.3980198,-0.0015611802577972498,0.7040760906982422,-1.5118293869018555
1751987898.4001577,-0.0014961310803890205,0.7039062535858154,-1.5113364957809448
1751987898.4022775,-0.0014310819029808093,0.7037364164733886,-1.5108436046600342
1751987898.4044068,-0.00136603272557258,0.7035665793609618,-1.5103507135391234
1751987898.4065735,-0.0013009835481643688,0.7033967422485351,-1.5098578224182129
1751987898.4087405,-0.0012359343707561577,0.7032269051361084,-1.5093649312973023
1751987898.4107783,-0.0011708851933479284,0.7030570680236816,-1.5088720401763915
1751987898.4128292,-0.001105836015939717,0.7028872309112549,-1.508379149055481
1751987898.414963,-0.0010407868385314879,0.7027173937988281,-1.5078862579345704
1751987898.4170935,-0.0009757376611232766,0.7025475566864013,-1.5073933668136599
1751987898.4192064,-0.0009106884837150654,0.7023777195739745,-1.506900475692749
1751987898.4213407,-0.0008456393063068361,0.7022078824615479,-1.5064075845718383
1751987898.4234083,-0.0007805901288986249,0.7020380453491211,-1.5059146934509278
1751987898.4255698,-0.0007155409514903957,0.7018682082366943,-1.505421802330017
1751987898.427594,-0.0006504917740821844,0.7016983711242675,-1.5049289112091064
1751987898.4295292,-0.0005854425966739732,0.7015285340118408,-1.5044360200881959
1751987898.4316041,-0.0005203934192657439,0.701358696899414,-1.503943128967285
1751987898.4336529,-0.0004553442418575327,0.7011888597869873,-1.5034502378463745
1751987898.4357758,-0.00039029506444930345,0.7010190226745604,-1.5029573467254638
1751987898.437879,-0.0003252458870410922,0.7008491855621338,-1.5024644556045532
1751987898.4399889,-0.00026019670963288097,0.700679348449707,-1.5019715644836424
1751987898.4423695,-0.00019514753222465173,0.7005095113372802,-1.5014786733627319
1751987898.4442904,-0.00013009835481644048,0.7003396742248534,-1.5009857822418213
1751987898.4462886,-6.504917740821122e-05,0.7001698371124268,-1.5004928911209106
1751987898.4484203,0.0,0.7,-1.5
1751987898.4505439,0.0,0.7,-1.5
1751987898.4526052,0.0,0.7,-1.5
1751987898.4546657,0.0,0.7,-1.5
1751987898.4567294,0.0,0.7,-1.5
1751987898.4589152,0.0,0.7,-1.5
1751987898.4610162,0.0,0.7,-1.5
1751987898.4630146,0.0,0.7,-1.5
1751987898.4651592,0.0,0.7,-1.5
1751987898.4672618,0.0,0.7,-1.5
1751987898.4693923,0.0,0.7,-1.5
1751987898.4715207,0.0,0.7,-1.5
1751987898.473608,0.0,0.7,-1.5
1751987898.4758508,0.0,0.7,-1.5
1751987898.4777944,0.0,0.7,-1.5
1751987898.4798763,0.0,0.7,-1.5
1751987898.4819362,0.0,0.7,-1.5
1751987898.4840817,0.0,0.7,-1.5
1751987898.4862015,0.0,0.7,-1.5
1751987898.4883358,0.0,0.7,-1.5
1751987898.490438,0.0,0.7,-1.5
1751987898.4925818,0.0,0.7,-1.5
1751987898.494658,0.0,0.7,-1.5
1751987898.4966104,0.0,0.7,-1.5
1751987898.4986846,0.0,0.7,-1.5
1751987898.50077,0.0,0.7,-1.5
1751987898.5029004,0.0,0.7,-1.5
1751987898.5050318,0.0,0.7,-1.5
1751987898.5072682,0.0,0.7,-1.5
1751987898.5093942,0.0,0.7,-1.5
1751987898.511342,0.0,0.7,-1.5
1751987898.5134425,0.0,0.7,-1.5
1751987898.5154946,0.0,0.7,-1.5
1751987898.5175698,0.0,0.7,-1.5
1751987898.519631,0.0,0.7,-1.5
1751987898.5216813,0.0,0.7,-1.5
1751987898.523763,0.0,0.7,-1.5
1751987898.525956,0.0,0.7,-1.5
1751987898.5280716,0.0,0.7,-1.5
1751987898.5300841,0.0,0.7,-1.5
1751987898.5323884,0.0,0.7,-1.5
1751987898.5350032,0.0,0.7,-1.5
1751987898.5364554,0.0,0.7,-1.5
1751987898.5385075,0.0,0.7,-1.5
1751987898.540617,0.0,0.7,-1.5
1751987898.5427766,0.0,0.7,-1.5
1751987898.544743,0.0,0.7,-1.5
1751987898.546804,0.0,0.7,-1.5
1751987898.548903,0.0,0.7,-1.5
1751987898.551047,0.0,0.7,-1.5
1751987898.5531874,0.0,0.7,-1.5
1751987898.555322,0.0,0.7,-1.5
1751987898.5574775,0.0,0.7,-1.5
1751987898.5595813,0.0,0.7,-1.5
1751987898.5616453,0.0,0.7,-1.5
1751987898.5636315,0.0,0.7,-1.5
1751987898.565695,0.0,0.7,-1.5
1751987898.5678275,0.0,0.7,-1.5
1751987898.569937,0.0,0.7,-1.5
1751987898.5720706,0.0,0.7,-1.5
1751987898.5742152,0.0,0.7,-1.5
1751987898.5763588,0.0,0.7,-1.5
1751987898.5783954,0.0,0.7,-1.5
1751987898.5805163,0.0,0.7,-1.5
1751987898.5825405,0.0,0.7,-1.5
1751987898.5847347,0.0,0.7,-1.5
1751987898.5866675,0.0,0.7,-1.5
1751987898.5887952,0.0,0.7,-1.5
1751987898.5909405,0.0,0.7,-1.5
1751987898.5930693,0.0,0.7,-1.5
1751987898.5951529,0.0,0.7,-1.5
1751987898.5972195,0.0,0.7,-1.5
1751987898.5992813,0.0,0.7,-1.5
1751987898.601344,0.0,0.7,-1.5
1751987898.603405,0.0,0.7,-1.5
1751987898.605536,0.0,0.7,-1.5
1751987898.6076927,0.0,0.7,-1.5
1751987898.6097863,0.0,0.7,-1.5
1751987898.6118336,0.0,0.7,-1.5
1751987898.6139593,0.0,0.7,-1.5
1751987898.6160219,0.0,0.7,-1.5
1751987898.6181576,0.0,0.7,-1.5
1751987898.620265,0.0,0.7,-1.5
1751987898.62239,0.0,0.7,-1.5
1751987898.6245153,0.0,0.7,-1.5
1751987898.626689,0.0,0.7,-1.5
1751987898.6286309,0.0,0.7,-1.5
1751987898.6307006,0.0,0.7,-1.5
1751987898.6327655,0.0,0.7,-1.5
1751987898.6349144,0.0,0.7,-1.5
1751987898.6370409,0.0,0.7,-1.5
1751987898.6391556,0.0,0.7,-1.5
1751987898.6412952,0.0,0.7,-1.5
1751987898.6433947,0.0,0.7,-1.5
1751987898.6454463,0.0,0.7,-1.5
1751987898.647544,0.0,0.7,-1.5
1751987898.6496093,0.0,0.7,-1.5
1751987898.6516676,0.0,0.7,-1.5
1751987898.6538765,0.0,0.7,-1.5
1751987898.655931,0.0,0.7,-1.5
1751987898.6581051,0.0,0.7,-1.5
1751987898.660201,0.0,0.7,-1.5
1751987898.6622148,0.0,0.7,-1.5
1751987898.6643388,0.0,0.7,-1.5
1751987898.6664655,0.0,0.7,-1.5
1751987898.6685348,0.0,0.7,-1.5
1751987898.6705954,0.0,0.7,-1.5
1751987898.6726599,0.0,0.7,-1.5
1751987898.674876,0.0,0.7,-1.5
1751987898.6769052,0.0,0.7,-1.5
1751987898.6789703,0.0,0.7,-1.5
1751987898.6811235,0.0,0.7,-1.5
1751987898.6832285,0.0,0.7,-1.5
1751987898.6852694,0.0,0.7,-1.5
1751987898.6874218,0.0,0.7,-1.5
1751987898.689543,0.0,0.7,-1.5
1751987898.6917222,0.0,0.7,-1.5
1751987898.6937454,0.0,0.7,-1.5
1751987898.695718,0.0,0.7,-1.5
1751987898.6978736,0.0,0.7,-1.5
1751987898.7000246,0.0,0.7,-1.5
1751987898.7021163,0.0,0.7,-1.5
1751987898.7042007,0.0,0.7,-1.5
1751987898.7063177,0.0,0.7,-1.5
1751987898.7085028,0.0,0.7,-1.5
1751987898.7105334,0.0,0.7,-1.5
1751987898.7125392,0.0,0.7,-1.5
1751987898.7145948,0.0,0.7,-1.5
1751987898.7166579,0.0,0.7,-1.5
1751987898.7187893,0.0,0.7,-1.5
1751987898.72092,0.0,0.7,-1.5
1751987898.7229853,0.0,0.7,-1.5
1751987898.7251744,0.0,0.7,-1.5
1751987898.7272675,0.0,0.7,-1.5
1751987898.7293022,0.0,0.7,-1.5
1751987898.731394,0.0,0.7,-1.5
1751987898.7335267,0.0,0.7,-1.5
1751987898.7355878,0.0,0.7,-1.5
1751987898.7376475,0.0,0.7,-1.5
1751987898.7396693,0.0,0.7,-1.5
1751987898.7420602,0.0,0.7,-1.5
1751987898.7439609,0.0,0.7,-1.5
1751987898.745982,0.0,0.7,-1.5
1751987898.7481215,0.0,0.7,-1.5
1751987898.7501636,0.0,0.7,-1.5
1751987898.7522554,0.0,0.7,-1.5
1751987898.7543178,0.0,0.7,-1.5
1751987898.7563763,0.0,0.7,-1.5
1751987898.7585325,0.0,0.7,-1.5
1751987898.7605722,0.0,0.7,-1.5
1751987898.7625906,0.0,0.7,-1.5
1751987898.7646472,0.0,0.7,-1.5
1751987898.7667089,0.0,0.7,-1.5
1751987898.76877,0.0,0.7,-1.5
1751987898.7709208,0.0,0.7,-1.5
1751987898.7730107,0.0,0.7,-1.5
1751987898.77515,0.0,0.7,-1.5
1751987898.777313,0.0,0.7,-1.5
1751987898.779335,0.0,0.7,-1.5
1751987898.781482,0.0,0.7,-1.5
1751987898.783535,0.0,0.7,-1.5
1751987898.785595,0.0,0.7,-1.5
1751987898.7876608,0.0,0.7,-1.5
1751987898.7897487,0.0,0.7,-1.5
1751987898.7919452,0.0,0.7,-1.5
1751987898.79414,0.0,0.7,-1.5
1751987898.796229,0.0,0.7,-1.5
1751987898.7983568,0.0,0.7,-1.5
1751987898.8004854,0.0,0.7,-1.5
1751987898.8025331,0.0,0.7,-1.5
1751987898.804596,0.0,0.7,-1.5
1751987898.806667,0.0,0.7,-1.5
1751987898.8089216,0.0,0.7,-1.5
1751987898.8109791,0.0,0.7,-1.5
1751987898.8130038,0.0,0.7,-1.5
1751987898.8151033,0.0,0.7,-1.5
1751987898.8172119,0.0,0.7,-1.5
1751987898.8193433,0.0,0.7,-1.5
1751987898.8214707,0.0,0.7,-1.5
1751987898.8235266,0.0,0.7,-1.5
1751987898.8257058,0.0,0.7,-1.5
1751987898.8277154,0.0,0.7,-1.5
1751987898.8297503,0.0,0.7,-1.5
1751987898.831894,0.0,0.7,-1.5
1751987898.8340096,0.0,0.7,-1.5
1751987898.8361464,0.0,0.7,-1.5
1751987898.83827,0.0,0.7,-1.5
1751987898.8404164,0.0,0.7,-1.5
1751987898.8426018,0.0,0.7,-1.5
1751987898.8446841,0.0,0.7,-1.5
1751987898.8466353,0.0,0.7,-1.5
1751987898.8486948,0.0,0.7,-1.5
1751987898.850824,0.0,0.7,-1.5
1751987898.8529572,0.0,0.7,-1.5
1751987898.8550928,0.0,0.7,-1.5
1751987898.8572388,0.0,0.7,-1.5
1751987898.8594873,0.0,0.7,-1.5
1751987898.861444,0.0,0.7,-1.5
1751987898.863549,0.0,0.7,-1.5
1751987898.8656101,0.0,0.7,-1.5
1751987898.8676736,0.0,0.7,-1.5
1751987898.8697667,0.0,0.7,-1.5
1751987898.871899,0.0,0.7,-1.5
1751987898.874056,0.0,0.7,-1.5
1751987898.8762255,0.0,0.7,-1.5
1751987898.8782926,0.0,0.7,-1.5
1751987898.8803885,0.0,0.7,-1.5
1751987898.8825176,0.0,0.7,-1.5
1751987898.8845503,0.0,0.7,-1.5
1751987898.8866034,0.0,0.7,-1.5
1751987898.88866,0.0,0.7,-1.5
1751987898.8907921,0.0,0.7,-1.5
1751987898.893091,0.0,0.7,-1.5
1751987898.8950193,0.0,0.7,-1.5
1751987898.897128,0.0,0.7,-1.5
1751987898.8992326,0.0,0.7,-1.5
1751987898.9013655,0.0,0.7,-1.5
1751987898.9034965,0.0,0.7,-1.5
1751987898.9055443,0.0,0.7,-1.5
1751987898.907643,0.0,0.7,-1.5
1751987898.9097824,0.0,0.7,-1.5
1751987898.9118433,0.0,0.7,-1.5
1751987898.9139278,0.0,0.7,-1.5
1751987898.9160607,0.0,0.7,-1.5
1751987898.9182053,0.0,0.7,-1.5
1751987898.9203372,0.0,0.7,-1.5
1751987898.9224665,0.0,0.7,-1.5
1751987898.9245484,0.0,0.7,-1.5
1751987898.9266794,0.0,0.7,-1.5
1751987898.9286492,0.0,0.7,-1.5
1751987898.9307048,0.0,0.7,-1.5
1751987898.9328444,0.0,0.7,-1.5
1751987898.9349802,0.0,0.7,-1.5
1751987898.9371111,0.0,0.7,-1.5
1751987898.9392269,0.0,0.7,-1.5
1751987898.941383,0.0,0.7,-1.5
1751987898.9434958,0.0,0.7,-1.5
1751987898.945523,0.0,0.7,-1.5
1751987898.9475245,0.0,0.7,-1.5
1751987898.9495468,0.0,0.7,-1.5
1751987898.9516094,0.0,0.7,-1.5
1751987898.9536688,0.0,0.7,-1.5
1751987898.9557986,0.0,0.7,-1.5
1751987898.9579413,0.0,0.7,-1.5
1751987898.960062,0.0,0.7,-1.5
1751987898.9621134,0.0,0.7,-1.5
1751987898.9642375,0.0,0.7,-1.5
1751987898.9663463,0.0,0.7,-1.5
1751987898.9684916,0.0,0.7,-1.5
1751987898.970534,0.0,0.7,-1.5
1751987898.9726129,0.0,0.7,-1.5
1751987898.9747422,0.0,0.7,-1.5
1751987898.9768183,0.0,0.7,-1.5
