1752064911.4423969,-0.14361840829253197,1.1152345116901399,-2.7321567432403566
1752064911.44537,-0.14356093794107436,1.115068351421356,-2.7316636833190917
1752064911.4485273,-0.14350346758961677,1.1149021911525725,-2.731170623397827
1752064911.4517848,-0.14344599723815918,1.114736030883789,-2.7306775634765628
1752064911.4547482,-0.1433885268867016,1.1145698706150056,-2.730184503555298
1752064911.4576304,-0.143331056535244,1.1144037103462219,-2.7296914436340334
1752064911.4605002,-0.14327358618378638,1.1142375500774382,-2.7291983837127685
1752064911.4634452,-0.1432161158323288,1.1140713898086547,-2.728705323791504
1752064911.4660215,-0.1431586454808712,1.1139052295398713,-2.728212263870239
1752064911.468372,-0.14310117512941362,1.1137390692710876,-2.7277192039489746
1752064911.47031,-0.14304370477795603,1.113572909002304,-2.72722614402771
1752064911.4724834,-0.1429862344264984,1.1134067487335204,-2.726733084106445
1752064911.4745035,-0.14292876407504082,1.113240588464737,-2.7262400241851807
1752064911.4765768,-0.1428712937235832,1.1130744281959533,-2.725746964263916
1752064911.478646,-0.14281382337212561,1.1129082679271698,-2.7252539043426514
1752064911.4807334,-0.14275635302066803,1.1127421076583863,-2.7247608444213864
1752064911.4828286,-0.14269888266921044,1.1125759473896026,-2.7242677845001224
1752064911.484829,-0.14264141231775285,1.112409787120819,-2.7237747245788575
1752064911.4869587,-0.14258394196629523,1.1122436268520355,-2.7232816646575926
1752064911.4891064,-0.14252647161483764,1.112077466583252,-2.722788604736328
1752064911.4912248,-0.14246900126338005,1.1119113063144686,-2.7222955448150636
1752064911.4933708,-0.14241153091192246,1.1117451460456846,-2.7218024848937987
1752064911.495501,-0.14235406056046487,1.1115789857769012,-2.7213094249725343
1752064911.4976773,-0.14229659020900726,1.1114128255081177,-2.72081636505127
1752064911.4997923,-0.14223911985754967,1.111246665239334,-2.720323305130005
1752064911.501854,-0.14218164950609208,1.1110805049705506,-2.7198302452087404
1752064911.5039623,-0.14212417915463446,1.1109143447017669,-2.7193371852874755
1752064911.506118,-0.14206670880317687,1.1107481844329834,-2.718844125366211
1752064911.5082405,-0.14200923845171928,1.1105820241641997,-2.718351065444946
1752064911.510356,-0.1419517681002617,1.1104158638954162,-2.7178580055236816
1752064911.51241,-0.1418942977488041,1.1102497036266328,-2.717364945602417
1752064911.514583,-0.1418368273973465,1.110083543357849,-2.7168718856811522
1752064911.5166664,-0.1417793570458889,1.1099173830890654,-2.7163788257598878
1752064911.5185966,-0.1417218866944313,1.109751222820282,-2.7158857658386233
1752064911.5207574,-0.14166441634297372,1.1095850625514985,-2.7153927059173584
1752064911.5228515,-0.14160694599151613,1.109418902282715,-2.7148996459960935
1752064911.5250266,-0.14154947564005851,1.109252742013931,-2.7144065860748294
1752064911.527183,-0.14149200528860092,1.1090865817451476,-2.7139135261535645
1752064911.529326,-0.14143453493714334,1.1089204214763642,-2.7134204662323
1752064911.531446,-0.14137706458568572,1.1087542612075807,-2.712927406311035
1752064911.5335429,-0.14131959423422813,1.108588100938797,-2.7124343463897707
1752064911.535521,-0.14126212388277054,1.1084219406700133,-2.7119412864685057
1752064911.5375779,-0.14120465353131295,1.1082557804012299,-2.7114482265472413
1752064911.539638,-0.14114718317985536,1.1080896201324464,-2.710955166625977
1752064911.541777,-0.14108971282839775,1.1079234598636627,-2.710462106704712
1752064911.5439253,-0.14103224247694016,1.1077572995948792,-2.7099690467834474
1752064911.546042,-0.14097477212548257,1.1075911393260955,-2.7094759868621825
1752064911.5482373,-0.14091730177402498,1.1074249790573119,-2.708982926940918
1752064911.550334,-0.14085983142256736,1.1072588187885284,-2.708489867019653
1752064911.5523944,-0.14080236107110977,1.107092658519745,-2.7079968070983886
1752064911.554446,-0.14074489071965218,1.1069264982509615,-2.707503747177124
1752064911.5564938,-0.14068742036819457,1.1067603379821775,-2.7070106872558592
1752064911.558551,-0.14062995001673698,1.106594177713394,-2.7065176273345948
1752064911.560611,-0.1405724796652794,1.1064280174446106,-2.7060245674133303
1752064911.562706,-0.1405150093138218,1.1062618571758271,-2.7055315074920654
1752064911.5649683,-0.1404575389623642,1.1060956969070435,-2.705038447570801
1752064911.5669985,-0.1404000686109066,1.1059295366382598,-2.704545387649536
1752064911.5690613,-0.140342598259449,1.1057633763694763,-2.7040523277282715
1752064911.571215,-0.1402851279079914,1.1055972161006928,-2.703559267807007
1752064911.5733442,-0.1402276575565338,1.1054310558319091,-2.703066207885742
1752064911.575489,-0.1401701872050762,1.1052648955631257,-2.7025731479644777
1752064911.5775476,-0.14011271685361862,1.105098735294342,-2.7020800880432128
1752064911.5796146,-0.14005524650216103,1.1049325750255585,-2.7015870281219483
1752064911.581838,-0.13999777615070344,1.1047664147567748,-2.701093968200684
1752064911.583955,-0.13994030579924582,1.1046002544879914,-2.700600908279419
1752064911.5859847,-0.13988283544778823,1.104434094219208,-2.7001078483581544
1752064911.5881338,-0.13982536509633064,1.1042679339504242,-2.6996147884368895
1752064911.590229,-0.13976789474487306,1.1041017736816405,-2.699121728515625
1752064911.592375,-0.13971042439341547,1.103935613412857,-2.6986286685943606
1752064911.594503,-0.13965295404195785,1.1037694531440736,-2.6981356086730957
1752064911.5966406,-0.13959548369050026,1.10360329287529,-2.697642548751831
1752064911.598855,-0.13953801333904264,1.1034371326065062,-2.6971494888305663
1752064911.6008217,-0.13948054298758505,1.1032709723377228,-2.696656428909302
1752064911.602943,-0.13942307263612747,1.1031048120689393,-2.6961633689880373
1752064911.6050913,-0.13936560228466988,1.1029386518001556,-2.6956703090667724
1752064911.607225,-0.1393081319332123,1.1027724915313721,-2.695177249145508
1752064911.6093705,-0.13925066158175467,1.1026063312625884,-2.694684189224243
1752064911.6115124,-0.13919319123029708,1.102440170993805,-2.6941911293029785
1752064911.6136038,-0.1391357208788395,1.1022740107250213,-2.693698069381714
1752064911.6157045,-0.1390782505273819,1.1021078504562378,-2.693205009460449
1752064911.6177702,-0.1390207801759243,1.1019416901874544,-2.6927119495391847
1752064911.6198714,-0.1389633098244667,1.1017755299186707,-2.6922188896179198
1752064911.6220117,-0.1389058394730091,1.101609369649887,-2.6917258296966553
1752064911.624099,-0.13884836912155152,1.1014432093811035,-2.6912327697753904
1752064911.6262467,-0.1387908987700939,1.10127704911232,-2.690739709854126
1752064911.6283884,-0.1387334284186363,1.1011108888435366,-2.6902466499328614
1752064911.6305387,-0.13867595806717872,1.100944728574753,-2.689753590011597
1752064911.6325965,-0.13861848771572113,1.1007785683059692,-2.689260530090332
1752064911.6346064,-0.13856101736426354,1.1006124080371857,-2.6887674701690676
1752064911.6366613,-0.13850354701280593,1.100446247768402,-2.6882744102478027
1752064911.638818,-0.13844607666134834,1.1002800874996186,-2.687781350326538
1752064911.6409664,-0.13838860630989075,1.1001139272308351,-2.6872882904052737
1752064911.6431181,-0.13833113595843316,1.0999477669620514,-2.686795230484009
1752064911.645222,-0.13827366560697557,1.0997816066932677,-2.6863021705627443
1752064911.6473823,-0.13821619525551795,1.0996154464244843,-2.6858091106414794
1752064911.649484,-0.13815872490406036,1.0994492861557008,-2.685316050720215
1752064911.6515293,-0.13810125455260278,1.0992831258869173,-2.68482299079895
1752064911.6535654,-0.13804378420114516,1.0991169656181334,-2.6843299308776856
1752064911.6557033,-0.13798631384968757,1.09895080534935,-2.683836870956421
1752064911.6578515,-0.13792884349822998,1.0987846450805665,-2.683343811035156
1752064911.659993,-0.1378713731467724,1.098618484811783,-2.6828507511138917
1752064911.662139,-0.1378139027953148,1.0984523245429993,-2.6823576911926272
1752064911.6643205,-0.13775643244385719,1.0982861642742157,-2.6818646312713623
1752064911.666501,-0.1376989620923996,1.0981200040054322,-2.6813715713500974
1752064911.6684473,-0.137641491740942,1.0979538437366485,-2.680878511428833
1752064911.6705256,-0.13758402138948442,1.0977876834678648,-2.6803854515075685
1752064911.6725862,-0.13752655103802683,1.0976215231990816,-2.679892391586304
1752064911.674647,-0.1374690806865692,1.0974553629302979,-2.679399331665039
1752064911.6767893,-0.13741161033511162,1.0972892026615144,-2.6789062717437746
1752064911.6788797,-0.137354139983654,1.0971230423927305,-2.6784132118225097
1752064911.681119,-0.13729666963219642,1.096956882123947,-2.677920151901245
1752064911.6831443,-0.13723919928073883,1.0967907218551636,-2.6774270919799807
1752064911.6852062,-0.13718172892928124,1.0966245615863799,-2.676934032058716
1752064911.687315,-0.13712425857782365,1.0964584013175964,-2.6764409721374514
1752064911.689456,-0.13706678822636603,1.0962922410488127,-2.6759479122161864
1752064911.691492,-0.13700931787490844,1.0961260807800293,-2.675454852294922
1752064911.6935515,-0.13695184752345085,1.0959599205112456,-2.674961792373657
1752064911.6956105,-0.13689437717199326,1.0957937602424621,-2.6744687324523926
1752064911.6978083,-0.13683690682053568,1.0956275999736786,-2.673975672531128
1752064911.6999147,-0.13677943646907806,1.095461439704895,-2.673482612609863
1752064911.7019565,-0.13672196611762047,1.0952952794361113,-2.6729895526885987
1752064911.7041042,-0.13666449576616288,1.0951291191673278,-2.6724964927673343
1752064911.7062182,-0.13660702541470526,1.0949629588985443,-2.6720034328460693
1752064911.708308,-0.13654955506324767,1.0947967986297609,-2.6715103729248044
1752064911.710451,-0.13649208471179008,1.094630638360977,-2.67101731300354
1752064911.7125103,-0.1364346143603325,1.0944644780921935,-2.6705242530822755
1752064911.7146833,-0.1363771440088749,1.09429831782341,-2.670031193161011
1752064911.7167296,-0.1363196736574173,1.0941321575546266,-2.669538133239746
1752064911.7187674,-0.1362622033059597,1.0939659972858429,-2.6690450733184816
1752064911.7208452,-0.1362047329545021,1.0937998370170592,-2.6685520133972167
1752064911.722996,-0.13614726260304452,1.0936336767482757,-2.668058953475952
1752064911.7251413,-0.13608979225158693,1.0934675164794923,-2.6675658935546878
1752064911.727241,-0.13603232190012932,1.0933013562107086,-2.667072833633423
1752064911.729339,-0.13597485154867173,1.093135195941925,-2.6665797737121584
1752064911.7316127,-0.1359173811972141,1.0929690356731414,-2.6660867137908935
1752064911.7335858,-0.13585991084575652,1.0928028754043577,-2.665593653869629
1752064911.7355192,-0.13580244049429893,1.0926367151355743,-2.665100593948364
1752064911.7375739,-0.13574497014284134,1.0924705548667908,-2.6646075340270996
1752064911.739638,-0.13568749979138375,1.0923043945980073,-2.664114474105835
1752064911.741776,-0.13563002943992614,1.0921382343292234,-2.66362141418457
1752064911.7439265,-0.13557255908846855,1.09197207406044,-2.6631283542633057
1752064911.7460132,-0.13551508873701096,1.0918059137916565,-2.6626352943420413
1752064911.7482853,-0.13545761838555337,1.091639753522873,-2.6621422344207764
1752064911.7503166,-0.13540014803409578,1.0914735932540893,-2.6616491744995114
1752064911.7523835,-0.13534267768263816,1.0913074329853056,-2.661156114578247
1752064911.7545135,-0.13528520733118057,1.0911412727165222,-2.6606630546569825
1752064911.7565722,-0.13522773697972298,1.0909751124477387,-2.660169994735718
1752064911.758633,-0.13517026662826537,1.090808952178955,-2.659676934814453
1752064911.7607734,-0.13511279627680778,1.0906427919101715,-2.6591838748931886
1752064911.762925,-0.1350553259253502,1.0904766316413879,-2.6586908149719237
1752064911.765158,-0.1349978555738926,1.0903104713726044,-2.658197755050659
1752064911.7672958,-0.134940385222435,1.0901443111038207,-2.657704695129395
1752064911.7692635,-0.1348829148709774,1.0899781508350372,-2.65721163520813
1752064911.7713459,-0.1348254445195198,1.0898119905662538,-2.6567185752868654
1752064911.773487,-0.13476797416806222,1.0896458302974699,-2.6562255153656005
1752064911.7755504,-0.13471050381660463,1.0894796700286864,-2.655732455444336
1752064911.7776084,-0.134653033465147,1.089313509759903,-2.655239395523071
1752064911.7797909,-0.13459556311368942,1.0891473494911195,-2.6547463356018066
1752064911.7820098,-0.13453809276223183,1.0889811892223358,-2.654253275680542
1752064911.784015,-0.13448062241077421,1.088815028953552,-2.6537602157592772
1752064911.786117,-0.13442315205931663,1.0886488686847686,-2.6532671558380128
1752064911.7882361,-0.13436568170785904,1.0884827084159852,-2.6527740959167483
1752064911.7903795,-0.13430821135640145,1.0883165481472015,-2.6522810359954834
1752064911.792493,-0.13425074100494386,1.088150387878418,-2.6517879760742185
1752064911.7945054,-0.13419327065348624,1.0879842276096343,-2.651294916152954
1752064911.7965724,-0.13413580030202865,1.0878180673408508,-2.6508018562316895
1752064911.7987802,-0.13407832995057106,1.0876519070720672,-2.650308796310425
1752064911.8008876,-0.13402085959911345,1.0874857468032837,-2.64981573638916
1752064911.8029895,-0.13396338924765586,1.0873195865345002,-2.6493226764678957
1752064911.8051295,-0.13390591889619827,1.0871534262657165,-2.6488296165466307
1752064911.8072352,-0.13384844854474068,1.0869872659969328,-2.648336556625366
1752064911.8093798,-0.1337909781932831,1.0868211057281494,-2.647843496704102
1752064911.8114898,-0.13373350784182547,1.086654945459366,-2.647350436782837
1752064911.8135924,-0.13367603749036788,1.0864887851905825,-2.6468573768615724
1752064911.81576,-0.1336185671389103,1.0863226249217985,-2.6463643169403075
1752064911.817794,-0.1335610967874527,1.086156464653015,-2.645871257019043
1752064911.8199272,-0.13350362643599512,1.0859903043842316,-2.645378197097778
1752064911.8220708,-0.1334461560845375,1.0858241441154481,-2.644885137176513
1752064911.8242202,-0.1333886857330799,1.0856579838466645,-2.644392077255249
1752064911.8263588,-0.13333121538162232,1.085491823577881,-2.6438990173339847
1752064911.8285134,-0.1332737450301647,1.0853256633090973,-2.6434059574127198
1752064911.8306513,-0.13321627467870711,1.0851595030403136,-2.6429128974914553
1752064911.8327425,-0.13315880432724952,1.0849933427715301,-2.6424198375701904
1752064911.8347921,-0.13310133397579194,1.0848271825027467,-2.6419267776489255
1752064911.8369203,-0.13304386362433435,1.0846610222339632,-2.6414337177276614
1752064911.839073,-0.13298639327287673,1.0844948619651793,-2.6409406578063965
1752064911.8412347,-0.13292892292141914,1.0843287016963958,-2.640447597885132
1752064911.8433805,-0.13287145256996155,1.0841625414276124,-2.639954537963867
1752064911.8454938,-0.13281398221850396,1.083996381158829,-2.6394614780426027
1752064911.8476048,-0.13275651186704637,1.0838302208900452,-2.6389684181213378
1752064911.8497496,-0.13269904151558876,1.0836640606212615,-2.638475358200073
1752064911.851669,-0.13264157116413117,1.083497900352478,-2.637982298278809
1752064911.8538318,-0.13258410081267355,1.0833317400836946,-2.637489238357544
1752064911.8559754,-0.13252663046121596,1.083165579814911,-2.6369961784362794
1752064911.8581202,-0.13246916010975837,1.0829994195461274,-2.636503118515015
1752064911.8602304,-0.13241168975830078,1.0828332592773438,-2.63601005859375
1752064911.8623245,-0.1323542194068432,1.0826670990085603,-2.635516998672485
1752064911.8644936,-0.13229674905538558,1.0825009387397766,-2.63502393875122
1752064911.866553,-0.132239278703928,1.0823347784709931,-2.634530878829956
1752064911.868479,-0.1321818083524704,1.0821686182022097,-2.6340378189086917
1752064911.8705173,-0.1321243380010128,1.082002457933426,-2.633544758987427
1752064911.872582,-0.13206686764955522,1.0818362976646423,-2.6330516990661623
1752064911.8746386,-0.13200939729809763,1.0816701373958588,-2.6325586391448974
1752064911.8767805,-0.13195192694664,1.0815039771270754,-2.6320655792236325
1752064911.8788748,-0.13189445659518242,1.0813378168582917,-2.6315725193023685
1752064911.8811543,-0.1318369862437248,1.081171656589508,-2.6310794593811035
1752064911.8831606,-0.13177951589226722,1.0810054963207245,-2.630586399459839
1752064911.8851898,-0.13172204554080963,1.080839336051941,-2.6300933395385746
1752064911.8872783,-0.13166457518935204,1.0806731757831571,-2.6296002796173097
1752064911.8894196,-0.13160710483789445,1.080507015514374,-2.6291072196960448
1752064911.8914924,-0.13154963448643683,1.0803408552455902,-2.62861415977478
1752064911.893554,-0.13149216413497924,1.0801746949768067,-2.628121099853516
1752064911.8956141,-0.13143469378352166,1.080008534708023,-2.6276280399322514
1752064911.8977902,-0.13137722343206407,1.0798423744392394,-2.6271349800109864
1752064911.8999708,-0.13131975308060648,1.079676214170456,-2.626641920089722
1752064911.9020035,-0.13126228272914886,1.0795100539016724,-2.626148860168457
1752064911.904142,-0.13120481237769127,1.0793438936328887,-2.625655800247192
1752064911.9062443,-0.13114734202623368,1.0791777333641053,-2.6251627403259277
1752064911.90839,-0.13108987167477607,1.0790115730953216,-2.624669680404663
1752064911.910441,-0.13103240132331848,1.0788454128265381,-2.6241766204833987
1752064911.912504,-0.1309749309718609,1.0786792525577544,-2.623683560562134
1752064911.9147985,-0.1309174606204033,1.078513092288971,-2.6231905006408693
1752064911.916781,-0.1308599902689457,1.0783469320201875,-2.6226974407196044
1752064911.9188187,-0.1308025199174881,1.0781807717514038,-2.6222043807983395
1752064911.9209683,-0.1307450495660305,1.0780146114826201,-2.6217113208770755
1752064911.9231124,-0.1306875792145729,1.0778484512138367,-2.6212182609558106
1752064911.9252348,-0.13063010886311532,1.0776822909450532,-2.620725201034546
1752064911.9273772,-0.13057263851165773,1.0775161306762695,-2.6202321411132816
1752064911.929505,-0.13051516816020012,1.0773499704074858,-2.6197390811920167
1752064911.931753,-0.13045769780874253,1.0771838101387023,-2.619246021270752
1752064911.9337275,-0.1304002274572849,1.0770176498699189,-2.618752961349487
1752064911.9357893,-0.13034275710582732,1.0768514896011352,-2.618259901428223
1752064911.937941,-0.13028528675436973,1.0766853293323517,-2.6177668415069584
1752064911.9400861,-0.13022781640291214,1.076519169063568,-2.6172737815856935
1752064911.9422343,-0.13017034605145456,1.0763530087947846,-2.616780721664429
1752064911.9443822,-0.13011287569999694,1.0761868485260009,-2.616287661743164
1752064911.9465418,-0.13005540534853935,1.0760206882572174,-2.615794601821899
1752064911.9486716,-0.12999793499708176,1.075854527988434,-2.6153015419006347
1752064911.950679,-0.12994046464562417,1.0756883677196503,-2.61480848197937
1752064911.9526904,-0.12988299429416658,1.0755222074508666,-2.6143154220581057
1752064911.9547956,-0.12982552394270896,1.075356047182083,-2.613822362136841
1752064911.9568884,-0.12976805359125138,1.0751898869132996,-2.6133293022155764
1752064911.959032,-0.1297105832397938,1.075023726644516,-2.6128362422943114
1752064911.9611843,-0.12965311288833617,1.0748575663757323,-2.6123431823730465
1752064911.9633188,-0.12959564253687858,1.0746914061069488,-2.6118501224517825
1752064911.965563,-0.129538172185421,1.0745252458381653,-2.6113570625305176
1752064911.9675014,-0.1294807018339634,1.0743590855693816,-2.610864002609253
1752064911.969524,-0.1294232314825058,1.0741929253005982,-2.6103709426879886
1752064911.971585,-0.1293657611310482,1.0740267650318145,-2.6098778827667237
1752064911.973646,-0.1293082907795906,1.073860604763031,-2.609384822845459
1752064911.9757879,-0.12925082042813302,1.0736944444942473,-2.608891762924194
1752064911.9779313,-0.12919335007667543,1.0735282842254639,-2.60839870300293
1752064911.9800553,-0.12913587972521784,1.0733621239566804,-2.6079056430816654
1752064911.9822016,-0.12907840937376022,1.0731959636878967,-2.6074125831604005
1752064911.9842672,-0.12902093902230263,1.073029803419113,-2.606919523239136
1752064911.9862692,-0.12896346867084502,1.0728636431503296,-2.606426463317871
1752064911.9884388,-0.12890599831938743,1.072697482881546,-2.605933403396606
1752064911.9904938,-0.12884852796792984,1.0725313226127626,-2.6054403434753417
1752064911.9925547,-0.12879105761647225,1.0723651623439787,-2.6049472835540772
1752064911.9946163,-0.12873358726501466,1.0721990020751955,-2.6044542236328128
1752064911.9967415,-0.12867611691355704,1.0720328418064116,-2.603961163711548
1752064911.9988613,-0.12861864656209945,1.071866681537628,-2.6034681037902834
1752064912.0009196,-0.12856117621064186,1.0717005212688446,-2.6029750438690185
1752064912.0030766,-0.12850370585918425,1.071534361000061,-2.6024819839477535
1752064912.0052035,-0.12844623550772666,1.0713682007312775,-2.601988924026489
1752064912.0072906,-0.12838876515626907,1.0712020404624938,-2.6014958641052246
1752064912.0094354,-0.12833129480481148,1.0710358801937103,-2.60100280418396
1752064912.011492,-0.1282738244533539,1.0708697199249269,-2.6005097442626957
1752064912.0135787,-0.12821635410189627,1.0707035596561432,-2.6000166843414307
1752064912.0156894,-0.12815888375043868,1.0705373993873595,-2.599523624420166
1752064912.0177867,-0.1281014133989811,1.070371239118576,-2.599030564498901
1752064912.0198948,-0.1280439430475235,1.0702050788497923,-2.5985375045776364
1752064912.022047,-0.12798647269606592,1.0700389185810089,-2.5980444446563724
1752064912.0241997,-0.1279290023446083,1.0698727583122252,-2.5975513847351075
1752064912.0263035,-0.1278715319931507,1.0697065980434417,-2.597058324813843
1752064912.0284433,-0.1278140616416931,1.069540437774658,-2.596565264892578
1752064912.0305698,-0.1277565912902355,1.0693742775058745,-2.596072204971313
1752064912.0326517,-0.12769912093877792,1.069208117237091,-2.5955791450500487
1752064912.0347219,-0.12764165058732033,1.0690419569683074,-2.5950860851287842
1752064912.03681,-0.12758418023586274,1.068875796699524,-2.5945930252075198
1752064912.0389657,-0.12752670988440512,1.0687096364307402,-2.594099965286255
1752064912.0411134,-0.12746923953294753,1.0685434761619568,-2.5936069053649904
1752064912.0432475,-0.12741176918148994,1.0683773158931733,-2.5931138454437255
1752064912.0453887,-0.12735429883003235,1.0682111556243896,-2.5926207855224606
1752064912.047574,-0.12729682847857476,1.0680449953556062,-2.592127725601196
1752064912.0495815,-0.12723935812711715,1.0678788350868225,-2.5916346656799316
1752064912.051607,-0.12718188777565956,1.067712674818039,-2.591141605758667
1752064912.0536418,-0.12712441742420197,1.0675465145492553,-2.5906485458374027
1752064912.055788,-0.12706694707274435,1.0673803542804716,-2.5901554859161378
1752064912.0579286,-0.12700947672128676,1.0672141940116882,-2.589662425994873
1752064912.0600748,-0.12695200636982917,1.0670480337429047,-2.589169366073608
1752064912.0622175,-0.12689453601837158,1.066881873474121,-2.5886763061523435
1752064912.0644,-0.126837065666914,1.0667157132053375,-2.5881832462310794
1752064912.066473,-0.12677959531545638,1.0665495529365538,-2.5876901863098145
1752064912.0684593,-0.1267221249639988,1.0663833926677704,-2.58719712638855
1752064912.0705178,-0.1266646546125412,1.0662172323989867,-2.586704066467285
1752064912.0725813,-0.1266071842610836,1.0660510721302032,-2.58621100654602
1752064912.0747201,-0.12654971390962602,1.0658849118614198,-2.5857179466247557
1752064912.0768666,-0.1264922435581684,1.065718751592636,-2.5852248867034913
1752064912.078963,-0.12643477320671082,1.0655525913238526,-2.584731826782227
1752064912.0812168,-0.12637730285525323,1.065386431055069,-2.5842387668609623
1752064912.0833423,-0.1263198325037956,1.0652202707862855,-2.5837457069396974
1752064912.0853155,-0.12626236215233802,1.0650541105175018,-2.5832526470184325
1752064912.087456,-0.12620489180088043,1.0648879502487183,-2.5827595870971676
1752064912.0895178,-0.12614742144942284,1.0647217899799346,-2.582266527175903
1752064912.0915773,-0.12608995109796525,1.0645556297111511,-2.5817734672546386
1752064912.0936396,-0.12603248074650764,1.0643894694423675,-2.581280407333374
1752064912.095721,-0.12597501039505005,1.064223309173584,-2.5807873474121097
1752064912.0978968,-0.12591754004359246,1.0640571489048003,-2.5802942874908448
1752064912.10003,-0.12586006969213487,1.0638909886360168,-2.57980122756958
1752064912.1020813,-0.12580259934067728,1.0637248283672334,-2.5793081676483154
1752064912.104238,-0.12574512898921966,1.0635586680984497,-2.5788151077270505
1752064912.106381,-0.12568765863776207,1.0633925078296662,-2.5783220478057864
1752064912.108446,-0.12563018828630448,1.0632263475608825,-2.577828987884522
1752064912.1105103,-0.12557271793484687,1.063060187292099,-2.577335927963257
1752064912.1125703,-0.12551524758338928,1.0628940270233154,-2.576842868041992
1752064912.114735,-0.1254577772319317,1.062727866754532,-2.5763498081207272
1752064912.1167674,-0.1254003068804741,1.0625617064857482,-2.5758567481994628
1752064912.1187994,-0.1253428365290165,1.0623955462169647,-2.5753636882781983
1752064912.1209376,-0.1252853661775589,1.062229385948181,-2.574870628356934
1752064912.1230917,-0.1252278958261013,1.0620632256793976,-2.5743775684356693
1752064912.1252437,-0.12517042547464372,1.061897065410614,-2.5738845085144044
1752064912.1273897,-0.12511295512318613,1.0617309051418304,-2.5733914485931395
1752064912.1294687,-0.12505548477172854,1.061564744873047,-2.572898388671875
1752064912.1317174,-0.12499801442027092,1.0613985846042633,-2.57240532875061
1752064912.1336892,-0.12494054406881333,1.0612324243354798,-2.5719122688293456
1752064912.1357427,-0.12488307371735573,1.0610662640666961,-2.571419208908081
1752064912.1378932,-0.12482560336589814,1.0609001037979127,-2.5709261489868167
1752064912.1400397,-0.12476813301444055,1.0607339435291292,-2.570433089065552
1752064912.1421885,-0.12471066266298295,1.0605677832603455,-2.569940029144287
1752064912.1443043,-0.12465319231152536,1.060401622991562,-2.5694469692230224
1752064912.1465235,-0.12459572196006774,1.0602354627227784,-2.5689539093017575
1752064912.1486337,-0.12453825160861015,1.0600693024539949,-2.5684608493804935
1752064912.1505654,-0.12448078125715256,1.0599031421852112,-2.567967789459229
1752064912.152597,-0.12442331090569496,1.0597369819164277,-2.567474729537964
1752064912.1547346,-0.12436584055423737,1.059570821647644,-2.566981669616699
1752064912.1568804,-0.12430837020277977,1.0594046613788604,-2.5664886096954342
1752064912.1590266,-0.12425089985132218,1.059238501110077,-2.5659955497741698
1752064912.1611736,-0.12419342949986459,1.0590723408412934,-2.5655024898529053
1752064912.163277,-0.12413595914840699,1.0589061805725097,-2.565009429931641
1752064912.1654544,-0.1240784887969494,1.0587400203037263,-2.5645163700103764
1752064912.1675174,-0.12402101844549179,1.0585738600349426,-2.5640233100891114
1752064912.1695275,-0.12396354809403419,1.0584076997661591,-2.5635302501678465
1752064912.171586,-0.1239060777425766,1.0582415394973756,-2.563037190246582
1752064912.173647,-0.123848607391119,1.058075379228592,-2.562544130325317
1752064912.175789,-0.12379113703966141,1.0579092189598085,-2.5620510704040527
1752064912.1779327,-0.1237336666882038,1.0577430586910248,-2.561558010482788
1752064912.1800742,-0.12367619633674622,1.0575768984222413,-2.5610649505615237
1752064912.1822968,-0.12361872598528863,1.0574107381534577,-2.560571890640259
1752064912.1842918,-0.12356125563383102,1.0572445778846742,-2.560078830718994
1752064912.1864245,-0.12350378528237344,1.0570784176158905,-2.5595857707977294
1752064912.1885002,-0.12344631493091583,1.056912257347107,-2.5590927108764645
1752064912.1905606,-0.12338884457945824,1.0567460970783233,-2.5585996509552
1752064912.1926203,-0.12333137422800065,1.0565799368095399,-2.558106591033936
1752064912.1947594,-0.12327390387654304,1.0564137765407562,-2.557613531112671
1752064912.19688,-0.12321643352508545,1.0562476162719727,-2.557120471191406
1752064912.1991334,-0.12315896317362784,1.056081456003189,-2.5566274112701413
1752064912.201153,-0.12310149282217026,1.0559152957344056,-2.556134351348877
1752064912.2032316,-0.12304402247071267,1.055749135465622,-2.5556412914276123
1752064912.2053711,-0.12298655211925506,1.0555829751968384,-2.5551482315063474
1752064912.207496,-0.12292908176779747,1.055416814928055,-2.5546551715850834
1752064912.209555,-0.12287161141633987,1.0552506546592713,-2.5541621116638185
1752064912.2116165,-0.12281414106488228,1.0550844943904878,-2.5536690517425535
1752064912.2137475,-0.12275667071342469,1.054918334121704,-2.553175991821289
1752064912.2158628,-0.12269920036196709,1.0547521738529204,-2.552682931900024
1752064912.217961,-0.1226417300105095,1.054586013584137,-2.5521898719787597
1752064912.220072,-0.12258425965905188,1.0544198533153533,-2.551696812057495
1752064912.2222419,-0.1225267893075943,1.0542536930465698,-2.5512037521362307
1752064912.2243857,-0.1224693189561367,1.0540875327777863,-2.550710692214966
1752064912.2265055,-0.1224118486046791,1.0539213725090026,-2.550217632293701
1752064912.2285643,-0.12235437825322151,1.0537552122402192,-2.5497245723724364
1752064912.230792,-0.12229690790176391,1.0535890519714355,-2.5492315124511715
1752064912.232818,-0.12223943755030632,1.053422891702652,-2.548738452529907
1752064912.2349007,-0.12218196719884873,1.0532567314338683,-2.548245392608643
1752064912.2370508,-0.12212449684739113,1.0530905711650849,-2.547752332687378
1752064912.2392015,-0.12206702649593354,1.0529244108963012,-2.547259272766113
1752064912.2413151,-0.12200955614447594,1.0527582506275177,-2.5467662128448483
1752064912.2434528,-0.12195208579301835,1.052592090358734,-2.546273152923584
1752064912.2454991,-0.12189461544156076,1.0524259300899506,-2.5457800930023193
1752064912.24761,-0.12183714509010314,1.0522597698211669,-2.5452870330810544
1752064912.2497063,-0.12177967473864555,1.0520936095523834,-2.5447939731597904
1752064912.251726,-0.12172220438718795,1.0519274492835997,-2.5443009132385255
1752064912.253804,-0.12166473403573036,1.0517612890148162,-2.5438078533172606
1752064912.255961,-0.12160726368427277,1.0515951287460328,-2.543314793395996
1752064912.2581055,-0.12154979333281517,1.051428968477249,-2.542821733474731
1752064912.2602599,-0.12149232298135758,1.0512628082084656,-2.5423286735534667
1752064912.2623522,-0.12143485262989998,1.051096647939682,-2.5418356136322022
1752064912.2645266,-0.12137738227844239,1.0509304876708985,-2.5413425537109378
1752064912.2666156,-0.1213199119269848,1.0507643274021148,-2.540849493789673
1752064912.2685847,-0.1212624415755272,1.0505981671333313,-2.540356433868408
1752064912.2706902,-0.12120497122406959,1.0504320068645476,-2.5398633739471435
1752064912.272846,-0.12114750087261199,1.0502658465957642,-2.5393703140258785
1752064912.2749927,-0.1210900305211544,1.0500996863269805,-2.538877254104614
1752064912.277149,-0.12103256016969681,1.049933526058197,-2.53838419418335
1752064912.2792437,-0.1209750898182392,1.0497673657894133,-2.537891134262085
1752064912.2814624,-0.12091761946678162,1.0496012055206299,-2.53739807434082
1752064912.2835374,-0.12086014911532401,1.0494350452518462,-2.5369050144195553
1752064912.2855134,-0.12080267876386643,1.0492688849830627,-2.536411954498291
1752064912.2875712,-0.12074520841240884,1.0491027247142792,-2.5359188945770264
1752064912.2896318,-0.12068773806095123,1.0489365644454955,-2.5354258346557614
1752064912.291772,-0.12063026770949364,1.048770404176712,-2.5349327747344974
1752064912.2939177,-0.12057279735803603,1.0486042439079284,-2.5344397148132325
1752064912.2960553,-0.12051532700657844,1.048438083639145,-2.5339466548919676
1752064912.2982974,-0.12045785665512085,1.0482719233703612,-2.533453594970703
1752064912.3003619,-0.12040038630366325,1.0481057631015778,-2.532960535049438
1752064912.3024175,-0.12034291595220566,1.047939602832794,-2.5324674751281737
1752064912.304509,-0.12028544560074805,1.0477734425640106,-2.5319744152069092
1752064912.3065703,-0.12022797524929046,1.047607282295227,-2.5314813552856448
1752064912.3086305,-0.12017050489783287,1.0474411220264435,-2.53098829536438
1752064912.3106887,-0.12011303454637527,1.0472749617576598,-2.530495235443115
1752064912.3128138,-0.12005556419491768,1.0471088014888763,-2.5300021755218505
1752064912.315101,-0.11999809384346008,1.0469426412200926,-2.5295091156005856
1752064912.317061,-0.11994062349200249,1.0467764809513092,-2.529016055679321
1752064912.3191006,-0.1198831531405449,1.0466103206825257,-2.528522995758057
1752064912.321196,-0.11982568278908728,1.046444160413742,-2.528029935836792
1752064912.3232834,-0.1197682124376297,1.0462780001449585,-2.5275368759155272
1752064912.3254259,-0.11971074208617209,1.0461118398761748,-2.5270438159942623
1752064912.3274992,-0.1196532717347145,1.0459456796073914,-2.526550756072998
1752064912.3296018,-0.11959580138325691,1.045779519338608,-2.5260576961517334
1752064912.3317912,-0.11953833103179931,1.0456133590698242,-2.5255646362304685
1752064912.3338103,-0.11948086068034172,1.0454471988010408,-2.5250715763092044
1752064912.3359168,-0.11942339032888412,1.045281038532257,-2.5245785163879395
1752064912.3380299,-0.11936591997742653,1.0451148782634734,-2.5240854564666746
1752064912.3401754,-0.11930844962596894,1.04494871799469,-2.52359239654541
1752064912.342274,-0.11925097927451134,1.0447825577259064,-2.523099336624145
1752064912.344416,-0.11919350892305375,1.0446163974571228,-2.5226062767028807
1752064912.3464687,-0.11913603857159613,1.044450237188339,-2.522113216781616
1752064912.3485858,-0.11907856822013854,1.0442840769195556,-2.521620156860352
1752064912.3506904,-0.11902109786868095,1.0441179166507721,-2.521127096939087
1752064912.3526814,-0.11896362751722336,1.0439517563819887,-2.5206340370178224
1752064912.3547902,-0.11890615716576576,1.043785596113205,-2.5201409770965575
1752064912.3569381,-0.11884868681430816,1.0436194358444213,-2.5196479171752926
1752064912.359083,-0.11879121646285057,1.0434532755756378,-2.519154857254028
1752064912.3612475,-0.11873374611139298,1.0432871153068544,-2.518661797332764
1752064912.3633819,-0.11867627575993539,1.0431209550380707,-2.518168737411499
1752064912.365649,-0.11861880540847779,1.0429547947692872,-2.5176756774902342
1752064912.3675728,-0.11856133505702018,1.0427886345005035,-2.5171826175689693
1752064912.3696048,-0.1185038647055626,1.04262247423172,-2.516689557647705
1752064912.371664,-0.118446394354105,1.0424563139629364,-2.5161964977264404
1752064912.3738046,-0.1183889240026474,1.042290153694153,-2.5157034378051764
1752064912.3758957,-0.1183314536511898,1.0421239934253692,-2.5152103778839114
1752064912.3780417,-0.1182739832997322,1.0419578331565857,-2.5147173179626465
1752064912.3801723,-0.11821651294827461,1.041791672887802,-2.5142242580413816
1752064912.3823166,-0.11815904259681702,1.0416255126190186,-2.513731198120117
1752064912.384344,-0.11810157224535943,1.0414593523502351,-2.5132381381988527
1752064912.3864837,-0.11804410189390183,1.0412931920814514,-2.5127450782775878
1752064912.3885005,-0.11798663154244424,1.041127031812668,-2.5122520183563237
1752064912.3905613,-0.11792916119098663,1.0409608715438843,-2.511758958435059
1752064912.3926203,-0.11787169083952904,1.0407947112751008,-2.511265898513794
1752064912.3947608,-0.11781422048807146,1.0406285510063173,-2.5107728385925294
1752064912.3968813,-0.11775675013661384,1.0404623907375337,-2.5102797786712645
1752064912.3991263,-0.11769927978515625,1.04029623046875,-2.50978671875
1752064912.4011533,-0.11764180943369865,1.0401300701999665,-2.509293658828735
1752064912.4032414,-0.11758433908224106,1.039963909931183,-2.508800598907471
1752064912.405386,-0.11752686873078347,1.0397977496623994,-2.508307538986206
1752064912.4075022,-0.11746939837932587,1.0396315893936157,-2.5078144790649413
1752064912.4095614,-0.11741192802786828,1.0394654291248322,-2.507321419143677
1752064912.4116213,-0.11735445767641067,1.0392992688560485,-2.506828359222412
1752064912.4137557,-0.11729698732495308,1.039133108587265,-2.5063352993011474
1752064912.4158719,-0.1172395169734955,1.0389669483184816,-2.5058422393798834
1752064912.4179604,-0.11718204662203789,1.0388007880496979,-2.5053491794586185
1752064912.420076,-0.1171245762705803,1.0386346277809144,-2.5048561195373535
1752064912.422173,-0.11706710591912269,1.0384684675121307,-2.5043630596160886
1752064912.424269,-0.1170096355676651,1.0383023072433473,-2.503869999694824
1752064912.4264097,-0.11695216521620751,1.0381361469745638,-2.5033769397735597
1752064912.4284995,-0.1168946948647499,1.0379699867057801,-2.5028838798522948
1752064912.430614,-0.11683722451329231,1.0378038264369964,-2.5023908199310307
1752064912.4327364,-0.11677975416183471,1.0376376661682127,-2.501897760009766
1752064912.4347582,-0.11672228381037712,1.0374715058994295,-2.501404700088501
1752064912.4368346,-0.11666481345891953,1.0373053456306458,-2.5009116401672364
1752064912.4389815,-0.11660734310746193,1.0371391853618621,-2.5004185802459715
1752064912.4411266,-0.11654987275600434,1.0369730250930786,-2.499925520324707
1752064912.4432387,-0.11649240240454674,1.036806864824295,-2.499432460403442
1752064912.445385,-0.11643493205308915,1.0366407045555115,-2.498939400482178
1752064912.447569,-0.11637746170163156,1.0364745442867278,-2.498446340560913
1752064912.4495885,-0.11631999135017394,1.0363083840179443,-2.4979532806396483
1752064912.4515939,-0.11626252099871635,1.0361422237491607,-2.497460220718384
1752064912.4536648,-0.11620505064725875,1.0359760634803772,-2.496967160797119
1752064912.4557943,-0.11614758029580116,1.0358099032115935,-2.4964741008758544
1752064912.4579413,-0.11609010994434357,1.03564374294281,-2.4959810409545904
1752064912.4600873,-0.11603263959288597,1.0354775826740263,-2.4954879810333255
1752064912.462196,-0.11597516924142838,1.0353114224052429,-2.4949949211120606
1752064912.4643843,-0.11591769888997078,1.0351452621364592,-2.4945018611907956
1752064912.4664955,-0.11586022853851319,1.0349791018676757,-2.494008801269531
1752064912.4685185,-0.1158027581870556,1.0348129415988923,-2.4935157413482667
1752064912.4705741,-0.115745287835598,1.0346467813301086,-2.493022681427002
1752064912.4726374,-0.1156878174841404,1.034480621061325,-2.4925296215057378
1752064912.4747698,-0.11563034713268279,1.0343144607925414,-2.492036561584473
1752064912.4769146,-0.1155728767812252,1.034148300523758,-2.491543501663208
1752064912.4790046,-0.11551540642976761,1.0339821402549743,-2.4910504417419435
1752064912.4812143,-0.11545793607831001,1.0338159799861908,-2.4905573818206785
1752064912.4833946,-0.11540046572685242,1.0336498197174073,-2.490064321899414
1752064912.4853697,-0.11534299537539482,1.0334836594486236,-2.489571261978149
1752064912.487519,-0.11528552502393723,1.03331749917984,-2.489078202056885
1752064912.4895785,-0.11522805467247964,1.0331513389110565,-2.48858514213562
1752064912.491639,-0.11517058432102203,1.0329851786422728,-2.4880920822143553
1752064912.4937816,-0.11511311396956445,1.0328190183734893,-2.487599022293091
1752064912.4958692,-0.11505564361810684,1.0326528581047056,-2.487105962371826
1752064912.4980469,-0.11499817326664924,1.0324866978359222,-2.4866129024505614
1752064912.5002515,-0.11494070291519165,1.0323205375671387,-2.4861198425292974
1752064912.5022142,-0.11488323256373405,1.032154377298355,-2.4856267826080325
1752064912.5042775,-0.11482576221227646,1.0319882170295716,-2.4851337226867676
1752064912.50636,-0.11476829186081886,1.0318220567607879,-2.4846406627655027
1752064912.508497,-0.11471082150936127,1.0316558964920044,-2.484147602844238
1752064912.5105603,-0.11465335115790368,1.031489736223221,-2.4836545429229737
1752064912.5126219,-0.11459588080644607,1.0313235759544372,-2.483161483001709
1752064912.5149255,-0.11453841045498848,1.0311574156856538,-2.4826684230804448
1752064912.516954,-0.11448094010353088,1.03099125541687,-2.48217536315918
1752064912.5189939,-0.11442346975207329,1.0308250951480864,-2.481682303237915
1752064912.5211413,-0.1143659994006157,1.030658934879303,-2.4811892433166505
1752064912.5232415,-0.11430852904915809,1.0304927746105195,-2.4806961833953856
1752064912.5253818,-0.1142510586977005,1.0303266143417358,-2.480203123474121
1752064912.5274956,-0.1141935883462429,1.030160454072952,-2.479710063552856
1752064912.5295804,-0.1141361179947853,1.0299942938041686,-2.479217003631592
1752064912.5317833,-0.11407864764332772,1.0298281335353852,-2.4787239437103272
1752064912.5338235,-0.11402117729187011,1.0296619732666015,-2.4782308837890623
1752064912.5358546,-0.11396370694041252,1.029495812997818,-2.477737823867798
1752064912.5380034,-0.11390623658895492,1.0293296527290343,-2.477244763946533
1752064912.540151,-0.11384876623749733,1.0291634924602509,-2.4767517040252685
1752064912.542261,-0.11379129588603974,1.0289973321914674,-2.476258644104004
1752064912.5443947,-0.11373382553458214,1.0288311719226837,-2.4757655841827395
1752064912.5464597,-0.11367635518312455,1.0286650116539002,-2.4752725242614746
1752064912.5485804,-0.11361888483166693,1.0284988513851165,-2.4747794643402097
1752064912.5506985,-0.11356141448020934,1.028332691116333,-2.474286404418945
1752064912.5527318,-0.11350394412875175,1.0281665308475494,-2.4737933444976807
1752064912.5548348,-0.11344647377729415,1.028000370578766,-2.473300284576416
1752064912.5569792,-0.11338900342583656,1.0278342103099822,-2.4728072246551513
1752064912.559126,-0.11333153307437896,1.0276680500411988,-2.472314164733887
1752064912.5612347,-0.11327406272292137,1.027501889772415,-2.471821104812622
1752064912.5633643,-0.11321659237146378,1.0273357295036316,-2.4713280448913575
1752064912.565588,-0.11315912202000618,1.027169569234848,-2.4708349849700926
1752064912.5675504,-0.11310165166854859,1.0270034089660645,-2.470341925048828
1752064912.5695877,-0.11304418131709099,1.0268372486972808,-2.469848865127563
1752064912.5717337,-0.1129867109656334,1.0266710884284973,-2.469355805206299
1752064912.5738807,-0.11292924061417581,1.0265049281597138,-2.4688627452850342
1752064912.5760107,-0.11287177026271819,1.0263387678909301,-2.4683696853637693
1752064912.5781558,-0.1128142999112606,1.0261726076221467,-2.467876625442505
1752064912.5803003,-0.112756829559803,1.026006447353363,-2.46738356552124
1752064912.5824537,-0.11269935920834541,1.0258402870845795,-2.4668905055999755
1752064912.5844858,-0.11264188885688782,1.025674126815796,-2.466397445678711
1752064912.5865114,-0.11258441850543022,1.0255079665470124,-2.4659043857574465
1752064912.5885742,-0.11252694815397263,1.0253418062782287,-2.4654113258361816
1752064912.5906332,-0.11246947780251502,1.0251756460094452,-2.464918265914917
1752064912.5927763,-0.11241200745105744,1.0250094857406615,-2.4644252059936522
1752064912.5949225,-0.11235453709959985,1.024843325471878,-2.4639321460723878
1752064912.597049,-0.11229706674814224,1.0246771652030944,-2.463439086151123
1752064912.5992045,-0.11223959639668464,1.024511004934311,-2.4629460262298584
1752064912.6012738,-0.11218212604522704,1.0243448446655272,-2.462452966308594
1752064912.6032777,-0.11212465569376945,1.0241786843967438,-2.461959906387329
1752064912.6054416,-0.11206718534231186,1.0240125241279603,-2.4614668464660645
1752064912.6075022,-0.11200971499085426,1.0238463638591766,-2.4609737865447996
1752064912.6095638,-0.11195224463939667,1.0236802035903931,-2.460480726623535
1752064912.6116242,-0.11189477428793906,1.0235140433216094,-2.45998766670227
1752064912.6137657,-0.11183730393648147,1.023347883052826,-2.4594946067810057
1752064912.6158977,-0.11177983358502389,1.0231817227840425,-2.4590015468597413
1752064912.617974,-0.1117223632335663,1.0230155625152588,-2.458508486938477
1752064912.6201138,-0.1116648928821087,1.0228494022464751,-2.458015427017212
1752064912.6222558,-0.11160742253065108,1.0226832419776917,-2.457522367095947
1752064912.6243994,-0.11154995217919349,1.0225170817089082,-2.4570293071746825
1752064912.6265006,-0.1114924818277359,1.0223509214401245,-2.456536247253418
1752064912.6285617,-0.11143501147627831,1.022184761171341,-2.4560431873321535
1752064912.6307216,-0.1113775411248207,1.0220186009025574,-2.4555501274108886
1752064912.6327965,-0.1113200707733631,1.021852440633774,-2.455057067489624
1752064912.6348593,-0.11126260042190551,1.0216862803649902,-2.4545640075683592
1752064912.6370058,-0.11120513007044792,1.0215201200962067,-2.4540709476470948
1752064912.6391535,-0.11114765971899034,1.0213539598274233,-2.4535778877258303
1752064912.641258,-0.11109018936753273,1.0211877995586396,-2.4530848278045654
1752064912.6433969,-0.11103271901607513,1.021021639289856,-2.452591767883301
1752064912.6454928,-0.11097524866461754,1.0208554790210724,-2.452098707962036
1752064912.6476576,-0.11091777831315995,1.020689318752289,-2.4516056480407715
1752064912.649695,-0.11086030796170236,1.0205231584835053,-2.451112588119507
1752064912.6516948,-0.11080283761024474,1.0203569982147218,-2.450619528198242
1752064912.653804,-0.11074536725878716,1.0201908379459381,-2.4501264682769777
1752064912.6559546,-0.11068789690732955,1.0200246776771544,-2.4496334083557127
1752064912.6580992,-0.11063042655587196,1.019858517408371,-2.4491403484344483
1752064912.6602602,-0.11057295620441437,1.0196923571395875,-2.448647288513184
1752064912.6623614,-0.11051548585295677,1.0195261968708038,-2.448154228591919
1752064912.6647136,-0.11045801550149918,1.0193600366020203,-2.4476611686706544
1752064912.666669,-0.11040054515004158,1.0191938763332367,-2.4471681087493895
1752064912.6686182,-0.11034307479858399,1.019027716064453,-2.446675048828125
1752064912.6707695,-0.1102856044471264,1.0188615557956695,-2.4461819889068606
1752064912.6729167,-0.1102281340956688,1.018695395526886,-2.4456889289855956
1752064912.6750624,-0.11017066374421121,1.0185292352581024,-2.445195869064331
1752064912.6772006,-0.11011319339275359,1.0183630749893187,-2.4447028091430663
1752064912.6792932,-0.110055723041296,1.0181969147205352,-2.444209749221802
1752064912.681476,-0.10999825268983841,1.0180307544517517,-2.4437166893005373
1752064912.6835995,-0.10994078233838081,1.017864594182968,-2.4432236293792724
1752064912.6855674,-0.10988331198692322,1.0176984339141846,-2.442730569458008
1752064912.6876225,-0.10982584163546562,1.0175322736454009,-2.4422375095367435
1752064912.689764,-0.10976837128400803,1.0173661133766174,-2.4417444496154785
1752064912.691909,-0.10971090093255044,1.017199953107834,-2.441251389694214
1752064912.6940544,-0.10965343058109284,1.0170337928390503,-2.440758329772949
1752064912.6962152,-0.10959596022963525,1.0168676325702668,-2.4402652698516847
1752064912.6984947,-0.10953848987817764,1.0167014723014831,-2.4397722099304198
1752064912.7004247,-0.10948101952672006,1.0165353120326994,-2.4392791500091553
1752064912.7025266,-0.10942354917526245,1.016369151763916,-2.438786090087891
1752064912.7045887,-0.10936607882380485,1.0162029914951325,-2.438293030166626
1752064912.7066472,-0.10930860847234726,1.0160368312263488,-2.4377999702453614
1752064912.7087865,-0.10925113812088966,1.0158706709575653,-2.4373069103240965
1752064912.7109325,-0.10919366776943207,1.0157045106887816,-2.436813850402832
1752064912.7130666,-0.10913619741797448,1.0155383504199982,-2.4363207904815676
1752064912.7152874,-0.10907872706651688,1.0153721901512145,-2.4358277305603027
1752064912.717444,-0.10902125671505929,1.015206029882431,-2.435334670639038
1752064912.7194724,-0.10896378636360168,1.0150398696136473,-2.4348416107177733
1752064912.7215166,-0.1089063160121441,1.0148737093448639,-2.434348550796509
1752064912.7235758,-0.1088488456606865,1.0147075490760804,-2.4338554908752443
1752064912.7256358,-0.10879137530922889,1.0145413888072967,-2.4333624309539794
1752064912.727778,-0.1087339049577713,1.0143752285385133,-2.432869371032715
1752064912.72994,-0.1086764346063137,1.0142090682697296,-2.4323763111114505
1752064912.7321684,-0.1086189642548561,1.014042908000946,-2.4318832511901856
1752064912.7341113,-0.10856149390339852,1.0138767477321624,-2.431390191268921
1752064912.7362483,-0.10850402355194091,1.013710587463379,-2.430897131347656
1752064912.7383962,-0.10844655320048333,1.0135444271945953,-2.4304040714263917
1752064912.7404935,-0.10838908284902572,1.0133782669258118,-2.429911011505127
1752064912.742555,-0.10833161249756813,1.013212106657028,-2.4294179515838623
1752064912.744616,-0.10827414214611054,1.0130459463882446,-2.428924891662598
1752064912.746717,-0.10821667179465294,1.012879786119461,-2.428431831741333
1752064912.7488763,-0.10815920144319535,1.0127136258506775,-2.4279387718200685
1752064912.7509778,-0.10810173109173773,1.0125474655818938,-2.4274457118988035
1752064912.7530348,-0.10804426074028015,1.0123813053131103,-2.426952651977539
1752064912.7551894,-0.10798679038882256,1.0122151450443269,-2.4264595920562746
1752064912.7572803,-0.10792932003736495,1.0120489847755432,-2.4259665321350097
1752064912.7594247,-0.10787184968590736,1.0118828245067597,-2.425473472213745
1752064912.7614517,-0.10781437933444976,1.011716664237976,-2.4249804122924803
1752064912.7635546,-0.10775690898299217,1.0115505039691925,-2.424487352371216
1752064912.765711,-0.10769943863153458,1.011384343700409,-2.4239942924499513
1752064912.7677455,-0.10764196828007698,1.0112181834316254,-2.4235012325286864
1752064912.7698257,-0.10758449792861939,1.0110520231628417,-2.4230081726074215
1752064912.7719748,-0.10752702757716179,1.0108858628940582,-2.422515112686157
1752064912.7741218,-0.1074695572257042,1.0107197026252748,-2.4220220527648926
1752064912.7762516,-0.10741208687424661,1.010553542356491,-2.421528992843628
1752064912.7783966,-0.10735461652278899,1.0103873820877074,-2.421035932922363
1752064912.7805722,-0.1072971461713314,1.010221221818924,-2.4205428730010987
1752064912.7825766,-0.1072396758198738,1.0100550615501402,-2.420049813079834
1752064912.7846148,-0.10718220546841621,1.0098889012813568,-2.4195567531585693
1752064912.7866416,-0.10712473511695862,1.0097227410125733,-2.419063693237305
1752064912.7887926,-0.10706726476550102,1.0095565807437896,-2.41857063331604
1752064912.7909427,-0.10700979441404343,1.0093904204750062,-2.4180775733947755
1752064912.7930906,-0.10695232406258583,1.0092242602062225,-2.4175845134735106
1752064912.7952495,-0.10689485371112824,1.009058099937439,-2.417091453552246
1752064912.7973876,-0.10683738335967065,1.0088919396686555,-2.4165983936309816
1752064912.7995458,-0.10677991300821306,1.0087257793998718,-2.4161053337097167
1752064912.8015323,-0.10672244265675546,1.0085596191310882,-2.4156122737884522
1752064912.803586,-0.10666497230529784,1.0083934588623047,-2.4151192138671873
1752064912.805647,-0.10660750195384025,1.0082272985935212,-2.414626153945923
1752064912.8077998,-0.10655003160238266,1.0080611383247375,-2.4141330940246584
1752064912.8099313,-0.10649256125092507,1.007894978055954,-2.4136400341033935
1752064912.8120775,-0.10643509089946747,1.0077288177871704,-2.413146974182129
1752064912.8142512,-0.10637762054800987,1.007562657518387,-2.412653914260864
1752064912.816345,-0.10632015019655228,1.0073964972496032,-2.4121608543395996
1752064912.8184009,-0.10626267984509469,1.0072303369808198,-2.411667794418335
1752064912.8205361,-0.1062052094936371,1.0070641767120363,-2.4111747344970706
1752064912.8225942,-0.1061477391421795,1.0068980164432526,-2.4106816745758057
1752064912.8247397,-0.10609026879072189,1.006731856174469,-2.410188614654541
1752064912.8268661,-0.10603279843926429,1.0065656959056855,-2.4096955547332763
1752064912.8289647,-0.1059753280878067,1.006399535636902,-2.409202494812012
1752064912.8313446,-0.10591785773634911,1.0062333753681183,-2.4087094348907474
1752064912.8333173,-0.10586038738489151,1.0060672150993348,-2.4082163749694825
1752064912.8353028,-0.1058029170334339,1.0059010548305511,-2.4077233150482176
1752064912.83745,-0.10574544668197632,1.0057348945617677,-2.407230255126953
1752064912.8395112,-0.10568797633051873,1.005568734292984,-2.4067371952056886
1752064912.8415725,-0.10563050597906114,1.0054025740242005,-2.4062441352844237
1752064912.8436308,-0.10557303562760353,1.0052364137554168,-2.4057510753631592
1752064912.845722,-0.10551556527614593,1.0050702534866334,-2.4052580154418943
1752064912.8478973,-0.10545809492468834,1.0049040932178497,-2.40476495552063
1752064912.8499942,-0.10540062457323075,1.0047379329490662,-2.4042718955993654
1752064912.8520777,-0.10534315422177316,1.0045717726802827,-2.4037788356781005
1752064912.8541632,-0.10528568387031555,1.004405612411499,-2.403285775756836
1752064912.8562644,-0.10522821351885794,1.0042394521427154,-2.402792715835571
1752064912.858403,-0.10517074316740035,1.004073291873932,-2.4022996559143066
1752064912.8605015,-0.10511327281594277,1.0039071316051484,-2.401806595993042
1752064912.862565,-0.10505580246448518,1.0037409713363648,-2.401313536071777
1752064912.86481,-0.10499833211302757,1.0035748110675813,-2.4008204761505128
1752064912.866862,-0.10494086176156997,1.0034086507987974,-2.400327416229248
1752064912.8689113,-0.10488339141011238,1.0032424905300141,-2.3998343563079834
1752064912.8710585,-0.10482592105865479,1.0030763302612304,-2.399341296386719
1752064912.873211,-0.1047684507071972,1.002910169992447,-2.3988482364654544
1752064912.8753002,-0.1047109803557396,1.0027440097236633,-2.3983551765441895
1752064912.877389,-0.10465351000428198,1.0025778494548796,-2.3978621166229246
1752064912.8794734,-0.1045960396528244,1.0024116891860961,-2.39736905670166
1752064912.88154,-0.1045385693013668,1.0022455289173124,-2.3968759967803956
1752064912.8836577,-0.10448109894990922,1.0020793686485292,-2.3963829368591307
1752064912.885618,-0.10442362859845161,1.0019132083797455,-2.3958898769378663
1752064912.8876727,-0.10436615824699401,1.0017470481109618,-2.3953968170166013
1752064912.889815,-0.10430868789553642,1.0015808878421784,-2.394903757095337
1752064912.8919604,-0.10425121754407883,1.0014147275733947,-2.3944106971740724
1752064912.8941092,-0.10419374719262124,1.0012485673046112,-2.393917637252808
1752064912.8962767,-0.10413627684116364,1.0010824070358275,-2.393424577331543
1752064912.8984706,-0.10407880648970604,1.000916246767044,-2.392931517410278
1752064912.9006007,-0.10402133613824845,1.0007500864982604,-2.3924384574890136
1752064912.902528,-0.10396386578679086,1.000583926229477,-2.391945397567749
1752064912.9045823,-0.10390639543533327,1.0004177659606934,-2.3914523376464842
1752064912.906642,-0.10384892508387565,1.0002516056919097,-2.3909592777252198
1752064912.9087265,-0.10379145473241805,1.000085445423126,-2.390466217803955
1752064912.910851,-0.10373398438096046,0.9999192851543426,-2.3899731578826904
1752064912.913019,-0.10367651402950287,0.999753124885559,-2.389480097961426
1752064912.9152682,-0.10361904367804528,0.9995869646167755,-2.3889870380401614
1752064912.9172294,-0.10356157332658768,0.999420804347992,-2.3884939781188965
1752064912.9192712,-0.10350410297513007,0.9992546440792083,-2.3880009181976316
1752064912.9214168,-0.10344663262367249,0.9990884838104248,-2.387507858276367
1752064912.9234931,-0.1033891622722149,0.9989223235416412,-2.3870147983551027
1752064912.9255528,-0.10333169192075731,0.9987561632728577,-2.3865217384338377
1752064912.9276128,-0.1032742215692997,0.9985900030040741,-2.3860286785125733
1752064912.9298153,-0.10321675121784209,0.9984238427352904,-2.3855356185913084
1752064912.9320605,-0.1031592808663845,0.9982576824665068,-2.385042558670044
1752064912.934023,-0.10310181051492691,0.9980915221977233,-2.3845494987487794
1752064912.9361393,-0.10304434016346932,0.9979253619289399,-2.384056438827515
1752064912.9382443,-0.10298686981201172,0.9977592016601562,-2.38356337890625
1752064912.9403315,-0.10292939946055411,0.9975930413913726,-2.383070318984985
1752064912.942472,-0.10287192910909652,0.997426881122589,-2.3825772590637206
1752064912.9444973,-0.10281445875763894,0.9972607208538056,-2.382084199142456
1752064912.9465826,-0.10275698840618135,0.997094560585022,-2.3815911392211913
1752064912.9486887,-0.10269951805472374,0.9969284003162384,-2.381098079299927
1752064912.9507756,-0.10264204770326613,0.9967622400474547,-2.380605019378662
1752064912.9528668,-0.10258457735180854,0.9965960797786712,-2.3801119594573974
1752064912.9550192,-0.10252710700035095,0.9964299195098877,-2.379618899536133
1752064912.9571667,-0.10246963664889336,0.9962637592411041,-2.3791258396148685
1752064912.9592638,-0.10241216629743576,0.9960975989723205,-2.3786327796936035
1752064912.9614122,-0.10235469594597815,0.995931438703537,-2.3781397197723386
1752064912.9634829,-0.10229722559452056,0.9957652784347534,-2.377646659851074
1752064912.9656677,-0.10223975524306297,0.9955991181659698,-2.3771535999298097
1752064912.9676175,-0.10218228489160538,0.9954329578971863,-2.376660540008545
1752064912.9696822,-0.10212481454014778,0.9952667976284026,-2.3761674800872803
1752064912.9718325,-0.10206734418869018,0.9951006373596191,-2.3756744201660154
1752064912.9739807,-0.10200987383723259,0.9949344770908355,-2.375181360244751
1752064912.9761236,-0.101952403485775,0.994768316822052,-2.3746883003234864
1752064912.9782393,-0.10189493313431741,0.9946021565532684,-2.374195240402222
1752064912.980375,-0.1018374627828598,0.9944359962844849,-2.373702180480957
1752064912.982526,-0.10177999243140219,0.9942698360157012,-2.373209120559692
1752064912.9845269,-0.1017225220799446,0.9941036757469177,-2.3727160606384277
1752064912.986521,-0.10166505172848701,0.9939375154781341,-2.372223000717163
1752064912.9885755,-0.10160758137702942,0.9937713552093507,-2.3717299407958987
1752064912.990636,-0.10155011102557182,0.993605194940567,-2.371236880874634
1752064912.992778,-0.10149264067411422,0.9934390346717834,-2.370743820953369
1752064912.9949205,-0.10143517032265663,0.9932728744029998,-2.3702507610321044
1752064912.9970777,-0.10137769997119904,0.9931067141342163,-2.36975770111084
1752064912.9991672,-0.10132022961974145,0.9929405538654328,-2.3692646411895755
1752064913.001243,-0.10126275926828385,0.9927743935966491,-2.3687715812683106
1752064913.003277,-0.10120528891682626,0.9926082333278656,-2.368278521347046
1752064913.0052948,-0.10114781856536864,0.9924420730590819,-2.367785461425781
1752064913.0074053,-0.10109034821391105,0.9922759127902985,-2.3672924015045167
1752064913.009469,-0.10103287786245346,0.992109752521515,-2.3667993415832522
1752064913.0115268,-0.10097540751099586,0.9919435922527313,-2.3663062816619873
1752064913.0136216,-0.10091793715953827,0.9917774319839477,-2.365813221740723
1752064913.0158548,-0.10086046680808067,0.9916112717151642,-2.365320161819458
1752064913.017862,-0.10080299645662308,0.9914451114463806,-2.3648271018981935
1752064913.0199976,-0.10074552610516549,0.9912789511775971,-2.364334041976929
1752064913.0221415,-0.10068805575370789,0.9911127909088135,-2.363840982055664
1752064913.0242596,-0.1006305854022503,0.9909466306400299,-2.3633479221343996
1752064913.0264006,-0.1005731150507927,0.9907804703712463,-2.3628548622131347
1752064913.0285122,-0.1005156446993351,0.9906143101024628,-2.36236180229187
1752064913.0307088,-0.1004581743478775,0.9904481498336792,-2.3618687423706057
1752064913.0327384,-0.1004007039964199,0.9902819895648957,-2.361375682449341
1752064913.034797,-0.10034323364496231,0.9901158292961121,-2.3608826225280763
1752064913.036889,-0.1002857632935047,0.9899496690273284,-2.3603895626068114
1752064913.0390384,-0.10022829294204712,0.9897835087585449,-2.359896502685547
1752064913.041194,-0.10017082259058953,0.9896173484897615,-2.3594034427642825
1752064913.0432844,-0.10011335223913193,0.9894511882209778,-2.3589103828430176
1752064913.0454233,-0.10005588188767434,0.9892850279521943,-2.358417322921753
1752064913.047799,-0.09999841153621673,0.9891188676834106,-2.357924263000488
1752064913.0497239,-0.09994094118475914,0.9889527074146272,-2.3574312030792237
1752064913.0516648,-0.09988347083330155,0.9887865471458436,-2.3569381431579592
1752064913.053813,-0.09982600048184394,0.98862038687706,-2.3564450832366943
1752064913.0559647,-0.09976853013038635,0.9884542266082764,-2.35595202331543
1752064913.058103,-0.09971105977892875,0.9882880663394927,-2.355458963394165
1752064913.0602546,-0.09965358942747116,0.9881219060707093,-2.3549659034729005
1752064913.0623455,-0.09959611907601357,0.9879557458019257,-2.354472843551636
1752064913.0645344,-0.09953864872455598,0.9877895855331422,-2.3539797836303715
1752064913.0666127,-0.09948117837309838,0.9876234252643585,-2.3534867237091066
1752064913.0685775,-0.09942370802164077,0.987457264995575,-2.3529936637878417
1752064913.070654,-0.09936623767018318,0.9872911047267914,-2.3525006038665772
1752064913.07281,-0.0993087673187256,0.9871249444580079,-2.3520075439453128
1752064913.0749369,-0.099251296967268,0.9869587841892243,-2.3515144840240483
1752064913.0770717,-0.0991938266158104,0.9867926239204408,-2.3510214241027834
1752064913.079194,-0.09913635626435278,0.9866264636516571,-2.3505283641815184
1752064913.0814257,-0.0990788859128952,0.9864603033828736,-2.350035304260254
1752064913.083533,-0.0990214155614376,0.98629414311409,-2.3495422443389895
1752064913.085477,-0.09896394520998002,0.9861279828453064,-2.349049184417725
1752064913.0875266,-0.09890647485852241,0.9859618225765229,-2.34855612449646
1752064913.089591,-0.09884900450706481,0.9857956623077391,-2.348063064575195
1752064913.091651,-0.09879153415560722,0.9856295020389556,-2.3475700046539307
1752064913.0937867,-0.09873406380414963,0.9854633417701721,-2.3470769447326663
1752064913.0959349,-0.09867659345269204,0.9852971815013887,-2.346583884811402
1752064913.0981307,-0.09861912310123444,0.9851310212326049,-2.346090824890137
1752064913.1002278,-0.09856165274977684,0.9849648609638213,-2.345597764968872
1752064913.1022692,-0.09850418239831925,0.9847987006950378,-2.3451047050476075
1752064913.1042957,-0.09844671204686166,0.9846325404262543,-2.344611645126343
1752064913.1064126,-0.09838924169540407,0.9844663801574708,-2.3441185852050785
1752064913.1084661,-0.09833177134394645,0.9843002198886871,-2.3436255252838136
1752064913.1105263,-0.09827430099248885,0.9841340596199034,-2.3431324653625487
1752064913.1125476,-0.09821683064103126,0.98396789935112,-2.3426394054412842
1752064913.1147745,-0.09815936028957367,0.9838017390823364,-2.3421463455200198
1752064913.1167908,-0.09810188993811608,0.9836355788135529,-2.3416532855987553
1752064913.118768,-0.09804441958665848,0.9834694185447692,-2.3411602256774904
1752064913.120911,-0.09798694923520088,0.9833032582759856,-2.3406671657562255
1752064913.1230521,-0.09792947888374329,0.9831370980072021,-2.340174105834961
1752064913.1251984,-0.0978720085322857,0.9829709377384186,-2.3396810459136965
1752064913.1272871,-0.09781453818082811,0.982804777469635,-2.339187985992432
1752064913.1293843,-0.0977570678293705,0.9826386172008514,-2.338694926071167
1752064913.1315491,-0.09769959747791289,0.9824724569320678,-2.338201866149902
1752064913.1336963,-0.0976421271264553,0.9823062966632843,-2.3377088062286377
1752064913.1356225,-0.09758465677499771,0.9821401363945007,-2.3372157463073733
1752064913.1376793,-0.09752718642354012,0.9819739761257171,-2.336722686386109
1752064913.139765,-0.09746971607208252,0.9818078158569336,-2.336229626464844
1752064913.1419046,-0.09741224572062492,0.98164165558815,-2.335736566543579
1752064913.144041,-0.09735477536916733,0.9814754953193664,-2.3352435066223145
1752064913.1461987,-0.09729730501770974,0.9813093350505828,-2.33475044670105
1752064913.148433,-0.09723983466625215,0.9811431747817994,-2.3342573867797856
1752064913.1504204,-0.09718236431479454,0.9809770145130157,-2.3337643268585206
1752064913.1524603,-0.09712489396333694,0.9808108542442321,-2.3332712669372557
1752064913.1544735,-0.09706742361187934,0.9806446939754485,-2.3327782070159913
1752064913.1565354,-0.09700995326042175,0.980478533706665,-2.332285147094727
1752064913.158603,-0.09695248290896416,0.9803123734378815,-2.3317920871734623
1752064913.1607468,-0.09689501255750656,0.9801462131690979,-2.3312990272521974
1752064913.1628737,-0.09683754220604895,0.9799800529003142,-2.3308059673309325
1752064913.1650872,-0.09678007185459137,0.9798138926315307,-2.330312907409668
1752064913.1672013,-0.09672260150313378,0.9796477323627472,-2.3298198474884035
1752064913.1692219,-0.09666513115167619,0.9794815720939636,-2.329326787567139
1752064913.1712582,-0.09660766080021858,0.97931541182518,-2.328833727645874
1752064913.17337,-0.09655019044876098,0.9791492515563964,-2.3283406677246092
1752064913.1754582,-0.09649272009730339,0.9789830912876128,-2.3278476078033448
1752064913.1774728,-0.0964352497458458,0.9788169310188293,-2.3273545478820803
1752064913.1795638,-0.09637777939438821,0.9786507707500458,-2.326861487960816
1752064913.181782,-0.0963203090429306,0.9784846104812621,-2.326368428039551
1752064913.1837056,-0.096262838691473,0.9783184502124785,-2.325875368118286
1752064913.1857424,-0.0962053683400154,0.9781522899436951,-2.3253823081970215
1752064913.1878877,-0.09614789798855781,0.9779861296749115,-2.324889248275757
1752064913.1900313,-0.09609042763710023,0.977819969406128,-2.3243961883544926
1752064913.1921694,-0.09603295728564262,0.9776538091373443,-2.3239031284332277
1752064913.1942673,-0.09597548693418502,0.9774876488685607,-2.3234100685119627
1752064913.1964169,-0.09591801658272743,0.9773214885997772,-2.3229170085906983
1752064913.1985881,-0.09586054623126984,0.9771553283309936,-2.322423948669434
1752064913.200621,-0.09580307587981225,0.9769891680622101,-2.3219308887481693
1752064913.202571,-0.09574560552835465,0.9768230077934265,-2.3214378288269044
1752064913.2046292,-0.09568813517689703,0.9766568475246429,-2.3209447689056395
1752064913.206745,-0.09563066482543944,0.9764906872558593,-2.320451708984375
1752064913.208882,-0.09557319447398185,0.9763245269870758,-2.3199586490631106
1752064913.211023,-0.09551572412252426,0.9761583667182923,-2.319465589141846
1752064913.2131908,-0.09545825377106666,0.9759922064495087,-2.318972529220581
1752064913.2154186,-0.09540078341960906,0.975826046180725,-2.3184794692993163
1752064913.2173774,-0.09534331306815147,0.9756598859119414,-2.317986409378052
1752064913.2194283,-0.09528584271669388,0.975493725643158,-2.3174933494567873
1752064913.2214677,-0.09522837236523629,0.9753275653743745,-2.317000289535523
1752064913.223531,-0.09517090201377869,0.9751614051055908,-2.316507229614258
1752064913.2255921,-0.09511343166232109,0.9749952448368072,-2.316014169692993
1752064913.2276514,-0.0950559613108635,0.9748290845680236,-2.3155211097717285
1752064913.2298515,-0.0949984909594059,0.9746629242992402,-2.315028049850464
1752064913.232034,-0.09494102060794832,0.9744967640304566,-2.3145349899291996
1752064913.234007,-0.0948835502564907,0.974330603761673,-2.3140419300079347
1752064913.236119,-0.0948260799050331,0.9741644434928893,-2.3135488700866698
1752064913.238262,-0.09476860955357551,0.9739982832241058,-2.3130558101654053
1752064913.2403572,-0.09471113920211792,0.9738321229553223,-2.312562750244141
1752064913.242489,-0.09465366885066033,0.9736659626865387,-2.3120696903228763
1752064913.2445133,-0.09459619849920273,0.9734998024177551,-2.3115766304016114
1752064913.2466698,-0.09453872814774512,0.9733336421489716,-2.3110835704803465
1752064913.248879,-0.09448125779628753,0.973167481880188,-2.310590510559082
1752064913.250881,-0.09442378744482995,0.9730013216114044,-2.3100974506378176
1752064913.252921,-0.09436631709337236,0.9728351613426209,-2.309604390716553
1752064913.2550657,-0.09430884674191475,0.9726690010738372,-2.309111330795288
1752064913.2573135,-0.09425137639045715,0.9725028408050538,-2.3086182708740237
1752064913.259301,-0.09419390603899955,0.9723366805362701,-2.308125210952759
1752064913.261394,-0.09413643568754196,0.9721705202674866,-2.3076321510314943
1752064913.2634978,-0.09407896533608437,0.972004359998703,-2.30713909111023
1752064913.2656145,-0.09402149498462677,0.9718381997299195,-2.306646031188965
1752064913.2676938,-0.09396402463316918,0.9716720394611359,-2.3061529712677
1752064913.2697887,-0.09390655428171157,0.9715058791923523,-2.3056599113464356
1752064913.2719316,-0.09384908393025398,0.9713397189235687,-2.305166851425171
1752064913.274071,-0.0937916135787964,0.9711735586547852,-2.3046737915039066
1752064913.2762141,-0.09373414322733879,0.9710073983860016,-2.3041807315826417
1752064913.2783234,-0.0936766728758812,0.970841238117218,-2.3036876716613772
1752064913.2804809,-0.09361920252442359,0.9706750778484344,-2.3031946117401123
1752064913.282549,-0.093561732172966,0.9705089175796509,-2.302701551818848
1752064913.2845182,-0.09350426182150841,0.9703427573108674,-2.3022084918975834
1752064913.2865727,-0.0934467914700508,0.9701765970420837,-2.3017154319763184
1752064913.2886357,-0.09338932111859322,0.9700104367733002,-2.3012223720550535
1752064913.2907403,-0.09333185076713561,0.9698442765045165,-2.300729312133789
1752064913.2928796,-0.09327438041567802,0.9696781162357331,-2.3002362522125246
1752064913.29502,-0.09321691006422043,0.9695119559669496,-2.29974319229126
1752064913.2971199,-0.09315943971276283,0.9693457956981659,-2.299250132369995
1752064913.2992055,-0.09310196936130524,0.9691796354293823,-2.2987570724487307
1752064913.3012142,-0.09304449900984764,0.9690134751605987,-2.298264012527466
1752064913.30325,-0.09298702865839005,0.9688473148918152,-2.2977709526062013
1752064913.3053632,-0.09292955830693246,0.9686811546230317,-2.297277892684937
1752064913.3074975,-0.09287208795547484,0.9685149943542479,-2.296784832763672
1752064913.3095198,-0.09281461760401725,0.9683488340854645,-2.296291772842407
1752064913.3115814,-0.09275714725255965,0.9681826738166808,-2.2957987129211426
1752064913.3136852,-0.09269967690110206,0.9680165135478973,-2.295305652999878
1752064913.315874,-0.09264220654964447,0.9678503532791138,-2.2948125930786136
1752064913.3179007,-0.09258473619818687,0.9676841930103302,-2.2943195331573487
1752064913.3200314,-0.09252726584672928,0.9675180327415466,-2.2938264732360842
1752064913.3221695,-0.09246979549527168,0.967351872472763,-2.2933334133148193
1752064913.3242667,-0.09241232514381409,0.9671857122039794,-2.292840353393555
1752064913.3264,-0.0923548547923565,0.9670195519351958,-2.2923472934722904
1752064913.3285112,-0.09229738444089891,0.9668533916664125,-2.2918542335510255
1752064913.330657,-0.09223991408944131,0.9666872313976287,-2.2913611736297606
1752064913.3327143,-0.09218244373798369,0.9665210711288451,-2.290868113708496
1752064913.3347683,-0.0921249733865261,0.9663549108600615,-2.2903750537872316
1752064913.3368354,-0.09206750303506851,0.9661887505912781,-2.289881993865967
1752064913.3389766,-0.09201003268361092,0.9660225903224945,-2.289388933944702
1752064913.3411117,-0.09195256233215332,0.9658564300537109,-2.2888958740234377
1752064913.3432574,-0.09189509198069572,0.9656902697849272,-2.288402814102173
1752064913.3453977,-0.09183762162923813,0.9655241095161438,-2.2879097541809084
1752064913.3475468,-0.09178015127778054,0.9653579492473603,-2.287416694259644
1752064913.3496096,-0.09172268092632295,0.9651917889785766,-2.286923634338379
1752064913.351614,-0.09166521057486535,0.965025628709793,-2.286430574417114
1752064913.3537536,-0.09160774022340774,0.9648594684410094,-2.2859375144958496
1752064913.355891,-0.09155026987195015,0.964693308172226,-2.285444454574585
1752064913.3580315,-0.09149279952049255,0.9645271479034424,-2.2849513946533206
1752064913.3601727,-0.09143532916903496,0.9643609876346588,-2.2844583347320557
1752064913.362274,-0.09137785881757736,0.9641948273658751,-2.2839652748107913
1752064913.364416,-0.09132038846611976,0.9640286670970916,-2.2834722148895263
1752064913.3664248,-0.09126291811466217,0.963862506828308,-2.282979154968262
1752064913.368515,-0.09120544776320458,0.9636963465595245,-2.2824860950469974
1752064913.370555,-0.09114797741174699,0.963530186290741,-2.2819930351257325
1752064913.3726146,-0.09109050706028939,0.9633640260219574,-2.2814999752044676
1752064913.3747387,-0.09103303670883178,0.9631978657531737,-2.281006915283203
1752064913.376878,-0.0909755663573742,0.9630317054843902,-2.2805138553619386
1752064913.3789773,-0.0909180960059166,0.9628655452156067,-2.280020795440674
1752064913.3812263,-0.09086062565445902,0.9626993849468232,-2.2795277355194092
1752064913.3833156,-0.0908031553030014,0.9625332246780396,-2.2790346755981448
1752064913.38529,-0.0907456849515438,0.9623670644092559,-2.27854161567688
1752064913.3873737,-0.0906882146000862,0.9622009041404724,-2.2780485557556154
1752064913.3894575,-0.09063074424862862,0.9620347438716887,-2.2775554958343505
1752064913.3915195,-0.09057327389717103,0.9618685836029053,-2.277062435913086
1752064913.3935814,-0.09051580354571342,0.9617024233341217,-2.276569375991821
1752064913.3956435,-0.09045833319425582,0.9615362630653381,-2.2760763160705566
1752064913.3978245,-0.09040086284279823,0.9613701027965545,-2.275583256149292
1752064913.3998878,-0.09034339249134064,0.961203942527771,-2.275090196228027
1752064913.4019554,-0.09028592213988305,0.9610377822589875,-2.2745971363067627
1752064913.4040785,-0.09022845178842545,0.9608716219902038,-2.2741040763854983
1752064913.4062307,-0.09017098143696783,0.9607054617214201,-2.2736110164642334
1752064913.4083204,-0.09011351108551025,0.9605393014526367,-2.273117956542969
1752064913.4104137,-0.09005604073405266,0.9603731411838532,-2.272624896621704
1752064913.412529,-0.08999857038259507,0.9602069809150696,-2.2721318367004395
1752064913.414758,-0.08994110003113746,0.960040820646286,-2.2716387767791746
1752064913.416824,-0.08988362967967986,0.9598746603775024,-2.27114571685791
1752064913.4188638,-0.08982615932822227,0.9597085001087189,-2.2706526569366456
1752064913.4210112,-0.08976868897676468,0.9595423398399353,-2.2701595970153807
1752064913.423153,-0.0897112186253071,0.9593761795711517,-2.2696665370941163
1752064913.4252648,-0.08965374827384949,0.9592100193023682,-2.269173477172852
1752064913.4273736,-0.08959627792239189,0.9590438590335846,-2.268680417251587
1752064913.4294627,-0.0895388075709343,0.958877698764801,-2.2681873573303224
1752064913.4316251,-0.08948133721947671,0.9587115384960174,-2.2676942974090575
1752064913.4336884,-0.08942386686801912,0.958545378227234,-2.267201237487793
1752064913.4357347,-0.0893663965165615,0.9583792179584503,-2.266708177566528
1752064913.4378757,-0.0893089261651039,0.9582130576896667,-2.2662151176452636
1752064913.4400115,-0.08925145581364631,0.9580468974208831,-2.265722057723999
1752064913.442154,-0.08919398546218872,0.9578807371520996,-2.2652289978027342
1752064913.4442718,-0.08913651511073113,0.9577145768833161,-2.2647359378814698
1752064913.4464488,-0.08907904475927353,0.9575484166145325,-2.2642428779602053
1752064913.4486222,-0.08902157440781593,0.9573822563457488,-2.2637498180389404
1752064913.4505234,-0.08896410405635834,0.9572160960769653,-2.263256758117676
1752064913.4525268,-0.08890663370490075,0.9570499358081818,-2.262763698196411
1752064913.4545841,-0.08884916335344316,0.9568837755393982,-2.2622706382751465
1752064913.456646,-0.08879169300198556,0.9567176152706146,-2.2617775783538816
1752064913.4587338,-0.08873422265052794,0.956551455001831,-2.261284518432617
1752064913.4608676,-0.08867675229907035,0.9563852947330475,-2.260791458511352
1752064913.4630013,-0.08861928194761276,0.9562191344642639,-2.2602983985900877
1752064913.4652174,-0.08856181159615517,0.9560529741954804,-2.2598053386688233
1752064913.4672468,-0.08850434124469757,0.9558868139266967,-2.259312278747559
1752064913.4692953,-0.08844687089323996,0.9557206536579131,-2.258819218826294
1752064913.4713843,-0.08838940054178238,0.9555544933891296,-2.258326158905029
1752064913.4735198,-0.08833193019032479,0.9553883331203461,-2.2578330989837645
1752064913.4755814,-0.0882744598388672,0.9552221728515626,-2.2573400390625
1752064913.477644,-0.0882169894874096,0.955056012582779,-2.256846979141235
1752064913.479798,-0.08815951913595199,0.9548898523139953,-2.2563539192199706
1752064913.4820347,-0.0881020487844944,0.9547236920452118,-2.2558608592987057
1752064913.483983,-0.0880445784330368,0.9545575317764282,-2.2553677993774413
1752064913.4860928,-0.08798710808157921,0.9543913715076447,-2.254874739456177
1752064913.4882376,-0.08792963773012161,0.9542252112388612,-2.2543816795349123
1752064913.4903488,-0.087872167378664,0.9540590509700775,-2.2538886196136474
1752064913.492483,-0.08781469702720641,0.9538928907012939,-2.2533955596923825
1752064913.4945054,-0.08775722667574883,0.9537267304325103,-2.252902499771118
1752064913.496598,-0.08769975632429124,0.9535605701637269,-2.2524094398498535
1752064913.4986787,-0.08764228597283363,0.9533944098949432,-2.2519163799285886
1752064913.5008652,-0.08758481562137603,0.9532282496261597,-2.251423320007324
1752064913.5028627,-0.08752734526991844,0.953062089357376,-2.2509302600860592
1752064913.504976,-0.08746987491846085,0.9528959290885926,-2.2504372001647948
1752064913.5071146,-0.08741240456700326,0.9527297688198091,-2.2499441402435303
1752064913.5092585,-0.08735493421554565,0.9525636085510254,-2.249451080322266
1752064913.5113525,-0.08729746386408804,0.9523974482822417,-2.248958020401001
1752064913.5135,-0.08723999351263045,0.9522312880134582,-2.248464960479736
1752064913.5156085,-0.08718252316117286,0.9520651277446748,-2.2479719005584715
1752064913.5175328,-0.08712505280971528,0.9518989674758912,-2.247478840637207
1752064913.5195844,-0.08706758245825767,0.9517328072071076,-2.246985780715942
1752064913.5216448,-0.08701011210680008,0.9515666469383239,-2.2464927207946777
1752064913.5237815,-0.08695264175534248,0.9514004866695402,-2.2459996608734127
1752064913.5258744,-0.08689517140388489,0.9512343264007569,-2.2455066009521483
1752064913.5280147,-0.0868377010524273,0.9510681661319733,-2.245013541030884
1752064913.5301566,-0.0867802307009697,0.9509020058631896,-2.2445204811096193
1752064913.5323062,-0.08672276034951211,0.9507358455944062,-2.2440274211883544
1752064913.534337,-0.08666528999805449,0.9505696853256225,-2.2435343612670895
1752064913.5364618,-0.0866078196465969,0.9504035250568389,-2.243041301345825
1752064913.5385237,-0.08655034929513931,0.9502373647880555,-2.2425482414245606
1752064913.5405846,-0.08649287894368171,0.9500712045192719,-2.2420551815032956
1752064913.5426433,-0.08643540859222412,0.9499050442504882,-2.241562121582031
1752064913.5447786,-0.08637793824076652,0.9497388839817046,-2.2410690616607662
1752064913.546906,-0.08632046788930893,0.949572723712921,-2.2405760017395018
1752064913.5491233,-0.08626299753785134,0.9494065634441375,-2.2400829418182373
1752064913.5511532,-0.08620552718639374,0.9492404031753539,-2.239589881896973
1752064913.553224,-0.08614805683493615,0.9490742429065704,-2.239096821975708
1752064913.5552983,-0.08609058648347855,0.9489080826377867,-2.238603762054443
1752064913.557385,-0.08603311613202096,0.9487419223690032,-2.2381107021331785
1752064913.5594783,-0.08597564578056337,0.9485757621002198,-2.237617642211914
1752064913.5615382,-0.08591817542910575,0.9484096018314361,-2.237124582290649
1752064913.5636446,-0.08586070507764816,0.9482434415626526,-2.2366315223693847
1752064913.565762,-0.08580323472619056,0.9480772812938689,-2.2361384624481198
1752064913.567846,-0.08574576437473297,0.9479111210250855,-2.2356454025268553
1752064913.569951,-0.08568829402327538,0.9477449607563019,-2.235152342605591
1752064913.572099,-0.08563082367181778,0.9475788004875183,-2.2346592826843263
1752064913.5742407,-0.08557335332036019,0.9474126402187346,-2.2341662227630614
1752064913.5763621,-0.08551588296890258,0.9472464799499511,-2.2336731628417965
1752064913.578498,-0.085458412617445,0.9470803196811676,-2.233180102920532
1752064913.5806417,-0.0854009422659874,0.946914159412384,-2.2326870429992676
1752064913.5826972,-0.0853434719145298,0.9467479991436004,-2.2321939830780027
1752064913.5847695,-0.0852860015630722,0.9465818388748168,-2.231700923156738
1752064913.5868495,-0.0852285312116146,0.9464156786060332,-2.2312078632354733
1752064913.588995,-0.08517106086015701,0.9462495183372497,-2.230714803314209
1752064913.591135,-0.08511359050869942,0.9460833580684662,-2.2302217433929443
1752064913.5932627,-0.08505612015724183,0.9459171977996826,-2.22972868347168
1752064913.5953534,-0.08499864980578423,0.9457510375308991,-2.229235623550415
1752064913.5975664,-0.08494117945432662,0.9455848772621154,-2.22874256362915
1752064913.5995314,-0.08488370910286903,0.9454187169933319,-2.2282495037078855
1752064913.6015375,-0.08482623875141145,0.9452525567245483,-2.227756443786621
1752064913.603526,-0.08476876839995386,0.9450863964557648,-2.2272633838653566
1752064913.6055806,-0.08471129804849625,0.9449202361869812,-2.2267703239440917
1752064913.607641,-0.08465382769703864,0.9447540759181976,-2.2262772640228268
1752064913.6097407,-0.08459635734558105,0.944587915649414,-2.2257842041015623
1752064913.6118796,-0.08453888699412346,0.9444217553806304,-2.225291144180298
1752064913.6140425,-0.08448141664266587,0.944255595111847,-2.2247980842590334
1752064913.6161408,-0.08442394629120827,0.9440894348430633,-2.2243050243377684
1752064913.6182327,-0.08436647593975066,0.9439232745742797,-2.2238119644165035
1752064913.6202614,-0.08430900558829307,0.9437571143054961,-2.223318904495239
1752064913.622428,-0.08425153523683548,0.9435909540367127,-2.2228258445739746
1752064913.6245177,-0.0841940648853779,0.9434247937679291,-2.22233278465271
1752064913.6265793,-0.08413659453392029,0.9432586334991455,-2.221839724731445
1752064913.628639,-0.08407912418246269,0.9430924732303618,-2.2213466648101803
1752064913.6308482,-0.0840216538310051,0.9429263129615784,-2.220853604888916
1752064913.6328905,-0.08396418347954751,0.9427601526927949,-2.2203605449676513
1752064913.6349707,-0.08390671312808992,0.9425939924240112,-2.219867485046387
1752064913.6370883,-0.0838492427766323,0.9424278321552276,-2.219374425125122
1752064913.639237,-0.0837917724251747,0.942261671886444,-2.218881365203857
1752064913.6413753,-0.08373430207371711,0.9420955116176605,-2.2183883052825926
1752064913.64352,-0.08367683172225952,0.941929351348877,-2.217895245361328
1752064913.64558,-0.08361936137080193,0.9417631910800934,-2.2174021854400636
1752064913.647741,-0.08356189101934433,0.9415970308113097,-2.2169091255187987
1752064913.64983,-0.08350442066788673,0.9414308705425262,-2.216416065597534
1752064913.6518693,-0.08344695031642914,0.9412647102737426,-2.2159230056762693
1752064913.654012,-0.08338947996497155,0.9410985500049591,-2.215429945755005
1752064913.656149,-0.08333200961351396,0.9409323897361757,-2.2149368858337404
1752064913.6582608,-0.08327453926205636,0.940766229467392,-2.2144438259124755
1752064913.6603796,-0.08321706891059874,0.9406000691986083,-2.2139507659912105
1752064913.6624918,-0.08315959855914115,0.9404339089298248,-2.213457706069946
1752064913.6646314,-0.08310212820768356,0.9402677486610412,-2.2129646461486816
1752064913.6666987,-0.08304465785622597,0.9401015883922578,-2.212471586227417
1752064913.6686873,-0.08298718750476837,0.9399354281234742,-2.211978526306152
1752064913.6707983,-0.08292971715331077,0.9397692678546905,-2.2114854663848873
1752064913.6729443,-0.08287224680185318,0.939603107585907,-2.210992406463623
1752064913.6750848,-0.08281477645039559,0.9394369473171233,-2.2104993465423584
1752064913.677228,-0.082757306098938,0.9392707870483399,-2.210006286621094
1752064913.6792994,-0.0826998357474804,0.9391046267795562,-2.209513226699829
1752064913.681503,-0.0826423653960228,0.9389384665107727,-2.209020166778564
1752064913.683577,-0.0825848950445652,0.9387723062419892,-2.2085271068572996
1752064913.6855304,-0.08252742469310761,0.9386061459732056,-2.208034046936035
1752064913.6876998,-0.08246995434165001,0.9384399857044221,-2.2075409870147706
1752064913.6896584,-0.08241248399019241,0.9382738254356384,-2.2070479270935057
1752064913.691712,-0.0823550136387348,0.9381076651668547,-2.206554867172241
1752064913.6938415,-0.08229754328727722,0.9379415048980713,-2.2060618072509763
1752064913.6959357,-0.08224007293581963,0.9377753446292878,-2.205568747329712
1752064913.6981256,-0.08218260258436204,0.9376091843605042,-2.2050756874084474
1752064913.7005348,-0.08212513223290444,0.9374430240917206,-2.2045826274871825
1752064913.7022822,-0.08206766188144683,0.937276863822937,-2.2040895675659176
1752064913.7044039,-0.08201019152998924,0.9371107035541535,-2.203596507644653
1752064913.7064953,-0.08195272117853165,0.9369445432853699,-2.2031034477233886
1752064913.7085373,-0.08189525082707406,0.9367783830165863,-2.202610387802124
1752064913.7106872,-0.08183778047561645,0.9366122227478028,-2.2021173278808592
1752064913.7126758,-0.08178031012415884,0.9364460624790192,-2.2016242679595943
1752064913.714957,-0.08172283977270126,0.9362799022102356,-2.20113120803833
1752064913.7169259,-0.08166536942124367,0.936113741941452,-2.2006381481170654
1752064913.7191174,-0.08160789906978608,0.9359475816726686,-2.200145088195801
1752064913.7212203,-0.08155042871832847,0.9357814214038849,-2.199652028274536
1752064913.7233353,-0.08149295836687087,0.9356152611351013,-2.199158968353271
1752064913.7254581,-0.08143548801541328,0.9354491008663177,-2.1986659084320066
1752064913.7275496,-0.08137801766395569,0.9352829405975343,-2.198172848510742
1752064913.7296178,-0.0813205473124981,0.9351167803287507,-2.1976797885894777
1752064913.7317774,-0.0812630769610405,0.9349506200599671,-2.1971867286682127
1752064913.7341225,-0.08120560660958288,0.9347844597911834,-2.196693668746948
1752064913.7359138,-0.0811481362581253,0.9346182995223999,-2.1962006088256834
1752064913.7380466,-0.0810906659066677,0.9344521392536164,-2.195707548904419
1752064913.740187,-0.08103319555521012,0.9342859789848328,-2.1952144889831544
1752064913.7422476,-0.08097572520375251,0.9341198187160492,-2.1947214290618895
1752064913.7443478,-0.08091825485229491,0.9339536584472654,-2.1942283691406246
1752064913.7465117,-0.08086078450083732,0.933787498178482,-2.19373530921936
1752064913.7487285,-0.08080331414937973,0.9336213379096985,-2.1932422492980956
1752064913.7506394,-0.08074584379792214,0.933455177640915,-2.192749189376831
1752064913.7526877,-0.08068837344646454,0.9332890173721313,-2.1922561294555662
1752064913.7547498,-0.08063090309500694,0.9331228571033476,-2.1917630695343013
1752064913.75688,-0.08057343274354935,0.9329566968345642,-2.191270009613037
1752064913.7590141,-0.08051596239209176,0.9327905365657806,-2.1907769496917724
1752064913.7611494,-0.08045849204063417,0.932624376296997,-2.190283889770508
1752064913.7632806,-0.08040102168917655,0.9324582160282134,-2.189790829849243
1752064913.7654095,-0.08034355133771895,0.9322920557594299,-2.189297769927978
1752064913.7674868,-0.08028608098626136,0.9321258954906462,-2.1888047100067136
1752064913.7694952,-0.08022861063480377,0.9319597352218627,-2.188311650085449
1752064913.7715588,-0.08017114028334618,0.9317935749530792,-2.1878185901641847
1752064913.7736213,-0.08011366993188858,0.9316274146842956,-2.1873255302429198
1752064913.775751,-0.08005619958043098,0.931461254415512,-2.186832470321655
1752064913.7778993,-0.07999872922897339,0.9312950941467284,-2.1863394104003904
1752064913.7800195,-0.0799412588775158,0.9311289338779449,-2.185846350479126
1752064913.7822766,-0.07988378852605821,0.9309627736091614,-2.1853532905578614
1752064913.7842498,-0.0798263181746006,0.9307966133403778,-2.1848602306365965
1752064913.7863188,-0.07976884782314302,0.9306304530715942,-2.184367170715332
1752064913.788412,-0.0797113774716854,0.9304642928028106,-2.183874110794067
1752064913.7905195,-0.07965390712022781,0.930298132534027,-2.1833810508728027
1752064913.7925813,-0.07959643676877022,0.9301319722652435,-2.182887990951538
1752064913.7946448,-0.07953896641731262,0.9299658119964599,-2.1823949310302733
1752064913.7967913,-0.07948149606585503,0.9297996517276763,-2.181901871109009
1752064913.7989047,-0.07942402571439743,0.9296334914588927,-2.181408811187744
1752064913.8009906,-0.07936655536293984,0.9294673311901092,-2.1809157512664794
1752064913.8030822,-0.07930908501148225,0.9293011709213257,-2.180422691345215
1752064913.8052332,-0.07925161466002464,0.929135010652542,-2.17992963142395
1752064913.8073251,-0.07919414430856705,0.9289688503837585,-2.1794365715026855
1752064913.80945,-0.07913667395710945,0.9288026901149748,-2.1789435115814206
1752064913.8115258,-0.07907920360565185,0.9286365298461914,-2.178450451660156
1752064913.8136268,-0.07902173325419426,0.9284703695774079,-2.1779573917388917
1752064913.8158007,-0.07896426290273666,0.9283042093086242,-2.1774643318176268
1752064913.8178167,-0.07890679255127907,0.9281380490398407,-2.1769712718963623
1752064913.819937,-0.07884932219982146,0.9279718887710571,-2.1764782119750974
1752064913.8220682,-0.07879185184836388,0.9278057285022735,-2.175985152053833
1752064913.8242059,-0.07873438149690629,0.92763956823349,-2.1754920921325684
1752064913.8263009,-0.07867691114544868,0.9274734079647065,-2.1749990322113035
1752064913.8283892,-0.0786194407939911,0.9273072476959228,-2.174505972290039
1752064913.8306005,-0.07856197044253349,0.9271410874271392,-2.174012912368774
1752064913.832616,-0.0785045000910759,0.9269749271583556,-2.1735198524475097
1752064913.8346555,-0.07844702973961831,0.9268087668895721,-2.173026792526245
1752064913.8367383,-0.0783895593881607,0.9266426066207885,-2.1725337326049803
1752064913.8388817,-0.0783320890367031,0.926476446352005,-2.172040672683716
1752064913.8410134,-0.0782746186852455,0.9263102860832213,-2.171547612762451
1752064913.843147,-0.07821714833378791,0.9261441258144378,-2.1710545528411864
1752064913.8452868,-0.07815967798233033,0.9259779655456544,-2.170561492919922
1752064913.8474572,-0.07810220763087274,0.9258118052768708,-2.1700684329986575
1752064913.8495624,-0.07804473727941513,0.9256456450080872,-2.1695753730773926
1752064913.8515732,-0.07798726692795753,0.9254794847393035,-2.1690823131561277
1752064913.8536282,-0.07792979657649994,0.9253133244705201,-2.168589253234863
1752064913.8556905,-0.07787232622504235,0.9251471642017365,-2.1680961933135987
1752064913.857819,-0.07781485587358476,0.9249810039329529,-2.1676031333923342
1752064913.8599582,-0.07775738552212716,0.9248148436641692,-2.1671100734710693
1752064913.862089,-0.07769991517066954,0.9246486833953858,-2.1666170135498044
1752064913.8644338,-0.07764244481921195,0.9244825231266022,-2.16612395362854
1752064913.8663974,-0.07758497446775436,0.9243163628578186,-2.1656308937072755
1752064913.868474,-0.07752750411629677,0.9241502025890351,-2.165137833786011
1752064913.870552,-0.07747003376483917,0.9239840423202514,-2.164644773864746
1752064913.8726172,-0.07741256341338157,0.9238178820514678,-2.164151713943481
1752064913.8747234,-0.07735509306192398,0.9236517217826843,-2.1636586540222167
1752064913.8768523,-0.07729762271046639,0.9234855615139008,-2.163165594100952
1752064913.8789437,-0.0772401523590088,0.9233194012451172,-2.1626725341796877
1752064913.8811126,-0.0771826820075512,0.9231532409763337,-2.162179474258423
1752064913.8832252,-0.0771252116560936,0.92298708070755,-2.161686414337158
1752064913.8852775,-0.077067741304636,0.9228209204387665,-2.1611933544158934
1752064913.887374,-0.07701027095317842,0.9226547601699829,-2.160700294494629
1752064913.8894649,-0.07695280060172083,0.9224885999011994,-2.1602072345733645
1752064913.8915312,-0.07689533025026321,0.9223224396324158,-2.1597141746520996
1752064913.8935928,-0.07683785989880561,0.9221562793636322,-2.159221114730835
1752064913.8956566,-0.07678038954734802,0.9219901190948486,-2.15872805480957
1752064913.897828,-0.07672291919589043,0.921823958826065,-2.1582349948883057
1752064913.899934,-0.07666544884443284,0.9216577985572816,-2.1577419349670413
1752064913.9019754,-0.07660797849297524,0.9214916382884979,-2.1572488750457763
1752064913.904067,-0.07655050814151763,0.9213254780197143,-2.1567558151245114
1752064913.9062097,-0.07649303779006005,0.9211593177509307,-2.156262755203247
1752064913.9083018,-0.07643556743860246,0.9209931574821473,-2.1557696952819825
1752064913.9104302,-0.07637809708714487,0.9208269972133637,-2.155276635360718
1752064913.9125056,-0.07632062673568725,0.9206608369445801,-2.154783575439453
1752064913.9146695,-0.07626315638422965,0.9204946766757964,-2.1542905155181886
1752064913.9167464,-0.07620568603277206,0.920328516407013,-2.1537974555969237
1752064913.9187622,-0.07614821568131447,0.9201623561382294,-2.1533043956756592
1752064913.9208715,-0.07609074532985688,0.9199961958694458,-2.1528113357543948
1752064913.923015,-0.07603327497839928,0.9198300356006622,-2.15231827583313
1752064913.9251502,-0.07597580462694167,0.9196638753318787,-2.151825215911865
1752064913.9272428,-0.07591833427548408,0.9194977150630951,-2.1513321559906005
1752064913.9293485,-0.0758608639240265,0.9193315547943115,-2.150839096069336
1752064913.9316363,-0.0758033935725689,0.919165394525528,-2.1503460361480715
1752064913.9335659,-0.0757459232211113,0.9189992342567443,-2.1498529762268066
1752064913.9355667,-0.07568845286965369,0.9188330739879608,-2.149359916305542
1752064913.9376235,-0.0756309825181961,0.9186669137191772,-2.148866856384277
1752064913.939687,-0.07557351216673851,0.9185007534503937,-2.1483737964630127
1752064913.9418192,-0.07551604181528092,0.9183345931816103,-2.1478807365417483
1752064913.9439578,-0.07545857146382332,0.9181684329128266,-2.1473876766204834
1752064913.946088,-0.07540110111236571,0.9180022726440429,-2.1468946166992184
1752064913.9482968,-0.07534363076090812,0.9178361123752594,-2.146401556777954
1752064913.9504163,-0.07528616040945053,0.9176699521064758,-2.1459084968566895
1752064913.9524066,-0.07522869005799294,0.9175037918376924,-2.145415436935425
1752064913.9545083,-0.07517121970653534,0.9173376315689088,-2.14492237701416
1752064913.9565632,-0.07511374935507774,0.917171471300125,-2.1444293170928956
1752064913.9586203,-0.07505627900362015,0.9170053110313416,-2.1439362571716307
1752064913.9606822,-0.07499880865216256,0.916839150762558,-2.1434431972503663
1752064913.962798,-0.07494133830070497,0.9166729904937745,-2.142950137329102
1752064913.9650168,-0.07488386794924735,0.9165068302249908,-2.142457077407837
1752064913.9671185,-0.07482639759778975,0.9163406699562071,-2.141964017486572
1752064913.9690704,-0.07476892724633216,0.9161745096874236,-2.1414709575653075
1752064913.971232,-0.07471145689487457,0.9160083494186401,-2.140977897644043
1752064913.973341,-0.07465398654341698,0.9158421891498567,-2.1404848377227785
1752064913.9754665,-0.07459651619195938,0.9156760288810729,-2.1399917778015136
1752064913.9775255,-0.07453904584050178,0.9155098686122893,-2.139498717880249
1752064913.9795501,-0.07448157548904419,0.9153437083435058,-2.1390056579589842
1752064913.981709,-0.0744241051375866,0.9151775480747222,-2.1385125980377198
1752064913.9838185,-0.07436663478612901,0.9150113878059387,-2.1380195381164553
1752064913.9858184,-0.07430916443467141,0.914845227537155,-2.1375264781951904
1752064913.9879606,-0.07425169408321379,0.9146790672683714,-2.1370334182739255
1752064913.990091,-0.0741942237317562,0.9145129069995879,-2.136540358352661
1752064913.9922283,-0.07413675338029861,0.9143467467308044,-2.1360472984313965
1752064913.994322,-0.07407928302884102,0.9141805864620209,-2.135554238510132
1752064913.9965055,-0.07402181267738342,0.9140144261932373,-2.135061178588867
1752064913.9986112,-0.07396434232592582,0.9138482659244536,-2.1345681186676027
1752064914.0006099,-0.07390687197446823,0.9136821056556701,-2.1340750587463377
1752064914.0026684,-0.07384940162301064,0.9135159453868865,-2.1335819988250733
1752064914.0047321,-0.07379193127155305,0.913349785118103,-2.133088938903809
1752064914.0068552,-0.07373446092009545,0.9131836248493195,-2.132595878982544
1752064914.0089905,-0.07367699056863784,0.9130174645805358,-2.132102819061279
1752064914.011122,-0.07361952021718025,0.9128513043117522,-2.1316097591400145
1752064914.0132494,-0.07356204986572266,0.9126851440429686,-2.13111669921875
1752064914.01539,-0.07350457951426506,0.9125189837741852,-2.1306236392974855
1752064914.0175242,-0.07344710916280746,0.9123528235054015,-2.1301305793762206
1752064914.0195541,-0.07338963881134986,0.912186663236618,-2.129637519454956
1752064914.0216255,-0.07333216845989227,0.9120205029678343,-2.1291444595336912
1752064914.0236762,-0.07327469810843468,0.9118543426990509,-2.1286513996124268
1752064914.0257745,-0.07321722775697709,0.9116881824302674,-2.1281583396911623
1752064914.0280192,-0.07315975740551948,0.9115220221614837,-2.1276652797698974
1752064914.0300455,-0.07310228705406188,0.9113558618927,-2.1271722198486325
1752064914.0322409,-0.07304481670260429,0.9111897016239165,-2.126679159927368
1752064914.0342407,-0.0729873463511467,0.9110235413551331,-2.1261861000061035
1752064914.0363133,-0.07292987599968911,0.9108573810863495,-2.125693040084839
1752064914.038404,-0.0728724056482315,0.9106912208175659,-2.1251999801635746
1752064914.040491,-0.0728149352967739,0.9105250605487822,-2.1247069202423097
1752064914.0425372,-0.0727574649453163,0.9103589002799988,-2.1242138603210448
1752064914.0445874,-0.07269999459385872,0.9101927400112152,-2.1237208003997803
1752064914.0466788,-0.07264252424240113,0.9100265797424316,-2.123227740478516
1752064914.0488093,-0.07258505389094352,0.909860419473648,-2.122734680557251
1752064914.0509176,-0.07252758353948593,0.9096942592048645,-2.122241620635986
1752064914.0530043,-0.07247011318802833,0.9095280989360808,-2.1217485607147215
1752064914.055139,-0.07241264283657074,0.9093619386672973,-2.121255500793457
1752064914.057284,-0.07235517248511315,0.9091957783985138,-2.1207624408721926
1752064914.0593812,-0.07229770213365555,0.9090296181297302,-2.120269380950928
1752064914.0614703,-0.07224023178219796,0.9088634578609467,-2.119776321029663
1752064914.063533,-0.07218276143074034,0.908697297592163,-2.1192832611083983
1752064914.065775,-0.07212529107928276,0.9085311373233795,-2.118790201187134
1752064914.0676818,-0.07206782072782517,0.908364977054596,-2.1182971412658693
1752064914.0697885,-0.07201035037636756,0.9081988167858124,-2.1178040813446044
1752064914.0719173,-0.07195288002490997,0.9080326565170288,-2.1173110214233395
1752064914.074052,-0.07189540967345237,0.9078664962482452,-2.116817961502075
1752064914.076192,-0.07183793932199478,0.9077003359794616,-2.1163249015808105
1752064914.078295,-0.07178046897053719,0.9075341757106781,-2.1158318416595456
1752064914.0804377,-0.07172299861907959,0.9073680154418945,-2.1153387817382816
1752064914.0825863,-0.071665528267622,0.9072018551731109,-2.1148457218170167
1752064914.0845864,-0.0716080579161644,0.9070356949043273,-2.1143526618957518
1752064914.086634,-0.07155058756470681,0.9068695346355438,-2.1138596019744873
1752064914.0887642,-0.07149311721324922,0.9067033743667603,-2.113366542053223
1752064914.0909,-0.0714356468617916,0.9065372140979766,-2.112873482131958
1752064914.0930312,-0.07137817651033401,0.9063710538291931,-2.112380422210693
1752064914.095166,-0.07132070615887641,0.9062048935604095,-2.111887362289429
1752064914.0974092,-0.07126323580741882,0.906038733291626,-2.111394302368164
1752064914.0994446,-0.07120576545596123,0.9058725730228424,-2.110901242446899
1752064914.1015048,-0.07114829510450363,0.9057064127540588,-2.110408182525635
1752064914.1035304,-0.07109082475304604,0.9055402524852753,-2.10991512260437
1752064914.1055918,-0.07103335440158844,0.9053740922164917,-2.1094220626831053
1752064914.1076553,-0.07097588405013085,0.9052079319477081,-2.108929002761841
1752064914.1097825,-0.07091841369867326,0.9050417716789245,-2.1084359428405763
1752064914.1119168,-0.07086094334721565,0.9048756114101411,-2.1079428829193114
1752064914.1141202,-0.07080347299575807,0.9047094511413574,-2.1074498229980465
1752064914.1162245,-0.07074600264430045,0.9045432908725739,-2.1069567630767825
1752064914.1182976,-0.07068853229284286,0.9043771306037902,-2.1064637031555176
1752064914.1203442,-0.07063106194138527,0.9042109703350067,-2.1059706432342526
1752064914.122415,-0.07057359158992767,0.9040448100662231,-2.1054775833129886
1752064914.12445,-0.07051612123847008,0.9038786497974396,-2.1049845233917237
1752064914.1265216,-0.07045865088701248,0.903712489528656,-2.104491463470459
1752064914.1285777,-0.07040118053555489,0.9035463292598724,-2.1039984035491943
1752064914.1307878,-0.0703437101840973,0.9033801689910889,-2.10350534362793
1752064914.1327736,-0.0702862398326397,0.9032140087223053,-2.103012283706665
1752064914.1348066,-0.0702287694811821,0.9030478484535218,-2.1025192237854005
1752064914.1368449,-0.0701712991297245,0.9028816881847381,-2.102026163864136
1752064914.138972,-0.0701138287782669,0.9027155279159547,-2.101533103942871
1752064914.1410868,-0.07005635842680931,0.902549367647171,-2.101040044021606
1752064914.1431887,-0.0699988880753517,0.9023832073783875,-2.100546984100342
1752064914.145297,-0.06994141772389412,0.9022170471096038,-2.100053924179077
1752064914.1474426,-0.06988394737243653,0.9020508868408204,-2.0995608642578123
1752064914.1494873,-0.06982647702097892,0.9018847265720368,-2.099067804336548
1752064914.1514616,-0.06976900666952134,0.9017185663032532,-2.0985747444152834
1752064914.1535184,-0.06971153631806373,0.9015524060344696,-2.0980816844940184
1752064914.155578,-0.06965406596660614,0.901386245765686,-2.097588624572754
1752064914.1576407,-0.06959659561514855,0.9012200854969026,-2.0970955646514895
1752064914.1597004,-0.06953912526369095,0.9010539252281189,-2.0966025047302246
1752064914.1618078,-0.06948165491223336,0.9008877649593354,-2.0961094448089597
1752064914.164084,-0.06942418456077575,0.9007216046905517,-2.0956163848876956
1752064914.1660738,-0.06936671420931816,0.9005554444217683,-2.0951233249664307
1752064914.1681027,-0.06930924385786057,0.9003892841529846,-2.094630265045166
1752064914.1702127,-0.06925177350640296,0.9002231238842011,-2.0941372051239013
1752064914.1722608,-0.06919430315494537,0.9000569636154175,-2.093644145202637
1752064914.1743557,-0.06913683280348777,0.899890803346634,-2.093151085281372
1752064914.1764174,-0.06907936245203018,0.8997246430778504,-2.0926580253601075
1752064914.17846,-0.0690218921005726,0.8995584828090668,-2.092164965438843
1752064914.1805313,-0.06896442174911499,0.8993923225402832,-2.091671905517578
1752064914.182678,-0.0689069513976574,0.8992261622714997,-2.0911788455963136
1752064914.1846347,-0.0688494810461998,0.899060002002716,-2.090685785675049
1752064914.1866844,-0.06879201069474221,0.8988938417339325,-2.0901927257537842
1752064914.188773,-0.06873454034328462,0.898727681465149,-2.0896996658325193
1752064914.1908362,-0.068677069991827,0.8985615211963653,-2.089206605911255
1752064914.1929677,-0.06861959964036941,0.8983953609275817,-2.0887135459899904
1752064914.1950302,-0.06856212928891181,0.8982292006587982,-2.0882204860687255
1752064914.19724,-0.06850465893745422,0.8980630403900145,-2.087727426147461
1752064914.1992643,-0.06844718858599663,0.897896880121231,-2.0872343662261965
1752064914.2013118,-0.06838971823453903,0.8977307198524475,-2.0867413063049316
1752064914.203346,-0.06833224788308144,0.8975645595836639,-2.086248246383667
1752064914.2054067,-0.06827477753162384,0.8973983993148803,-2.0857551864624027
1752064914.2074554,-0.06821730718016625,0.8972322390460967,-2.0852621265411377
1752064914.2095213,-0.06815983682870866,0.8970660787773133,-2.084769066619873
1752064914.2115839,-0.06810236647725106,0.8968999185085296,-2.0842760066986084
1752064914.2137005,-0.06804489612579347,0.8967337582397461,-2.083782946777344
1752064914.2158132,-0.06798742577433585,0.8965675979709624,-2.083289886856079
1752064914.2178032,-0.06792995542287826,0.896401437702179,-2.0827968269348145
1752064914.219876,-0.06787248507142067,0.8962352774333953,-2.08230376701355
1752064914.2219791,-0.06781501471996307,0.8960691171646118,-2.081810707092285
1752064914.2240722,-0.06775754436850548,0.8959029568958282,-2.0813176471710206
1752064914.2261097,-0.06770007401704788,0.8957367966270446,-2.080824587249756
1752064914.2281594,-0.06764260366559029,0.8955706363582611,-2.0803315273284912
1752064914.2302718,-0.0675851333141327,0.8954044760894775,-2.0798384674072268
1752064914.2323875,-0.0675276629626751,0.8952383158206939,-2.079345407485962
1752064914.234432,-0.0674701926112175,0.8950721555519103,-2.0788523475646974
1752064914.2364502,-0.0674127222597599,0.8949059952831268,-2.0783592876434325
1752064914.2385154,-0.06735525190830231,0.8947398350143432,-2.077866227722168
1752064914.2405689,-0.06729778155684471,0.8945736747455597,-2.0773731678009035
1752064914.2426133,-0.06724031120538711,0.894407514476776,-2.0768801078796386
1752064914.2446947,-0.06718284085392952,0.8942413542079926,-2.076387047958374
1752064914.2467759,-0.06712537050247191,0.8940751939392089,-2.0758939880371097
1752064914.2490325,-0.06706790015101433,0.8939090336704254,-2.0754009281158448
1752064914.2509048,-0.06701042979955674,0.8937428734016418,-2.0749078681945803
1752064914.2530513,-0.06695295944809913,0.8935767131328582,-2.0744148082733154
1752064914.255193,-0.06689548909664154,0.8934105528640747,-2.073921748352051
1752064914.2573102,-0.06683801874518394,0.8932443925952911,-2.073428688430786
1752064914.2593727,-0.06678054839372635,0.8930782323265075,-2.0729356285095215
1752064914.2614331,-0.06672307804226876,0.8929120720577239,-2.072442568588257
1752064914.2634938,-0.06666560769081115,0.8927459117889404,-2.071949508666992
1752064914.265566,-0.06660813733935356,0.8925797515201568,-2.0714564487457277
1752064914.2676072,-0.06655066698789595,0.8924135912513733,-2.070963388824463
1752064914.2696342,-0.06649319663643836,0.8922474309825896,-2.0704703289031983
1752064914.271668,-0.06643572628498078,0.8920812707138062,-2.069977268981934
1752064914.2738092,-0.06637825593352317,0.8919151104450225,-2.069484209060669
1752064914.2759001,-0.06632078558206558,0.891748950176239,-2.0689911491394044
1752064914.2779806,-0.066263315230608,0.8915827899074554,-2.06849808921814
1752064914.2801044,-0.06620584487915039,0.8914166296386719,-2.068005029296875
1752064914.2822819,-0.0661483745276928,0.8912504693698883,-2.0675119693756105
1752064914.2843204,-0.0660909041762352,0.8910843091011047,-2.0670189094543456
1752064914.2863364,-0.06603343382477761,0.8909181488323211,-2.066525849533081
1752064914.28839,-0.06597596347332002,0.8907519885635375,-2.0660327896118167
1752064914.2904599,-0.0659184931218624,0.8905858282947541,-2.0655397296905518
1752064914.2925107,-0.06586102277040481,0.8904196680259704,-2.0650466697692873
1752064914.2945826,-0.06580355241894721,0.8902535077571869,-2.0645536098480224
1752064914.296656,-0.06574608206748962,0.8900873474884032,-2.064060549926758
1752064914.298803,-0.06568861171603203,0.8899211872196198,-2.0635674900054934
1752064914.3009171,-0.06563114136457443,0.8897550269508361,-2.0630744300842285
1752064914.3028872,-0.06557367101311684,0.8895888666820526,-2.062581370162964
1752064914.3050256,-0.06551620066165924,0.889422706413269,-2.062088310241699
1752064914.3070986,-0.06545873031020165,0.8892565461444855,-2.0615952503204347
1752064914.3091738,-0.06540125995874406,0.8890903858757019,-2.06110219039917
1752064914.3112705,-0.06534378960728646,0.8889242256069183,-2.0606091304779053
1752064914.3133945,-0.06528631925582887,0.8887580653381348,-2.060116070556641
1752064914.3156135,-0.06522884890437125,0.8885919050693512,-2.059623010635376
1752064914.3174927,-0.06517137855291366,0.8884257448005677,-2.0591299507141114
1752064914.3195207,-0.06511390820145607,0.888259584531784,-2.058636890792847
1752064914.321581,-0.06505643784999847,0.8880934242630005,-2.058143830871582
1752064914.3236437,-0.06499896749854088,0.8879272639942168,-2.0576507709503176
1752064914.3257048,-0.06494149714708328,0.8877611037254334,-2.0571577110290526
1752064914.3278239,-0.06488402679562569,0.8875949434566498,-2.056664651107788
1752064914.329876,-0.0648265564441681,0.8874287831878662,-2.0561715911865237
1752064914.3320231,-0.0647690860927105,0.8872626229190826,-2.055678531265259
1752064914.334136,-0.0647116157412529,0.8870964626502991,-2.0551854713439943
1752064914.336174,-0.0646541453897953,0.8869303023815155,-2.0546924114227294
1752064914.338314,-0.06459667503833771,0.8867641421127319,-2.054199351501465
1752064914.3403676,-0.06453920468688011,0.8865979818439484,-2.0537062915802005
1752064914.3424358,-0.06448173433542251,0.8864318215751648,-2.0532132316589355
1752064914.3444533,-0.06442426398396492,0.8862656613063813,-2.052720171737671
1752064914.3465796,-0.06436679363250732,0.8860995010375976,-2.052227111816406
1752064914.3487644,-0.06430932328104973,0.885933340768814,-2.0517340518951417
1752064914.3507674,-0.06425185292959214,0.8857671805000306,-2.051240991973877
1752064914.3528392,-0.06419438257813453,0.8856010202312469,-2.0507479320526123
1752064914.3549786,-0.06413691222667695,0.8854348599624633,-2.050254872131348
1752064914.3571103,-0.06407944187521934,0.8852686996936798,-2.049761812210083
1752064914.3592513,-0.06402197152376175,0.8851025394248961,-2.0492687522888184
1752064914.361346,-0.06396450117230416,0.8849363791561127,-2.048775692367554
1752064914.3634458,-0.06390703082084655,0.884770218887329,-2.048282632446289
1752064914.365563,-0.06384956046938896,0.8846040586185455,-2.0477895725250246
1752064914.3676007,-0.06379209011793135,0.8844378983497618,-2.0472965126037597
1752064914.369624,-0.06373461976647377,0.8842717380809784,-2.046803452682495
1752064914.3716817,-0.06367714941501618,0.8841055778121948,-2.0463103927612307
1752064914.3738148,-0.06361967906355857,0.8839394175434112,-2.045817332839966
1752064914.3759484,-0.06356220871210098,0.8837732572746276,-2.0453242729187013
1752064914.378085,-0.06350473836064338,0.883607097005844,-2.0448312129974364
1752064914.3802302,-0.06344726800918579,0.8834409367370606,-2.044338153076172
1752064914.382471,-0.0633897976577282,0.8832747764682769,-2.0438450931549075
1752064914.384463,-0.0633323273062706,0.8831086161994934,-2.0433520332336426
1752064914.38654,-0.06327485695481301,0.8829424559307097,-2.042858973312378
1752064914.388602,-0.0632173866033554,0.8827762956619263,-2.042365913391113
1752064914.3906686,-0.0631599162518978,0.8826101353931426,-2.0418728534698487
1752064914.3928082,-0.06310244590044022,0.8824439751243591,-2.0413797935485842
1752064914.3949342,-0.06304497554898261,0.8822778148555755,-2.0408867336273193
1752064914.3970928,-0.06298750519752502,0.882111654586792,-2.040393673706055
1752064914.3992074,-0.06293003484606742,0.8819454943180084,-2.03990061378479
1752064914.401275,-0.06287256449460983,0.8817793340492248,-2.0394075538635255
1752064914.4033453,-0.06281509414315224,0.8816131737804414,-2.038914493942261
1752064914.4054334,-0.06275762379169464,0.8814470135116577,-2.038421434020996
1752064914.4074922,-0.06270015344023705,0.8812808532428742,-2.0379283740997316
1752064914.4095309,-0.06264268308877946,0.8811146929740905,-2.0374353141784667
1752064914.4115937,-0.06258521273732186,0.880948532705307,-2.036942254257202
1752064914.4137259,-0.06252774238586427,0.8807823724365234,-2.0364491943359377
1752064914.4158227,-0.06247027203440666,0.8806162121677399,-2.035956134414673
1752064914.4178708,-0.06241280168294907,0.8804500518989563,-2.0354630744934084
1752064914.419995,-0.06235533133149148,0.8802838916301727,-2.034970014572144
1752064914.4221387,-0.06229786098003387,0.8801177313613892,-2.034476954650879
1752064914.4242797,-0.06224039062857628,0.8799515710926056,-2.0339838947296145
1752064914.4264095,-0.06218292027711868,0.879785410823822,-2.0334908348083496
1752064914.4284954,-0.06212544992566109,0.8796192505550384,-2.032997774887085
1752064914.4305966,-0.0620679795742035,0.879453090286255,-2.03250471496582
1752064914.4328063,-0.062010509222745896,0.8792869300174713,-2.0320116550445557
1752064914.434725,-0.0619530388712883,0.8791207697486878,-2.0315185951232912
1752064914.4368355,-0.0618955685198307,0.8789546094799041,-2.0310255352020263
1752064914.438977,-0.06183809816837311,0.8787884492111206,-2.030532475280762
1752064914.4411092,-0.06178062781691552,0.8786222889423371,-2.0300394153594974
1752064914.4432333,-0.061723157465457916,0.8784561286735535,-2.0295463554382325
1752064914.4453285,-0.06166568711400033,0.8782899684047699,-2.029053295516968
1752064914.4474928,-0.06160821676254272,0.8781238081359863,-2.028560235595703
1752064914.449529,-0.06155074641108513,0.8779576478672028,-2.0280671756744386
1752064914.4515533,-0.06149327605962754,0.8777914875984192,-2.0275741157531737
1752064914.4535882,-0.061435805708169935,0.8776253273296355,-2.0270810558319092
1752064914.4556487,-0.061378335356712346,0.877459167060852,-2.0265879959106448
1752064914.4577131,-0.061320865005254736,0.8772930067920683,-2.02609493598938
1752064914.4598203,-0.06126339465379715,0.8771268465232849,-2.0256018760681154
1752064914.4618955,-0.06120592430233956,0.8769606862545014,-2.025108816146851
1752064914.4640558,-0.061148453950881955,0.8767945259857177,-2.024615756225586
1752064914.4661248,-0.061090983599424366,0.8766283657169341,-2.0241226963043215
1752064914.4681544,-0.06103351324796676,0.8764622054481506,-2.0236296363830566
1752064914.4703097,-0.060976042896509174,0.8762960451793671,-2.023136576461792
1752064914.4723642,-0.060918572545051584,0.8761298849105834,-2.022643516540527
1752064914.4744341,-0.060861102193593974,0.8759637246418,-2.0221504566192627
1752064914.4764512,-0.060803631842136385,0.8757975643730163,-2.0216573966979983
1752064914.4785256,-0.06074616149067878,0.8756314041042328,-2.0211643367767334
1752064914.480747,-0.06068869113922119,0.8754652438354491,-2.020671276855469
1752064914.4827123,-0.060631220787763604,0.8752990835666656,-2.0201782169342044
1752064914.4847426,-0.060573750436305994,0.8751329232978821,-2.0196851570129395
1752064914.4867792,-0.060516280084848405,0.8749667630290985,-2.019192097091675
1752064914.4888935,-0.0604588097333908,0.8748006027603149,-2.01869903717041
1752064914.4909961,-0.06040133938193321,0.8746344424915313,-2.0182059772491456
1752064914.493095,-0.06034386903047562,0.8744682822227479,-2.0177129173278807
1752064914.4952052,-0.06028639867901801,0.8743021219539642,-2.0172198574066162
1752064914.4973574,-0.060228928327560424,0.8741359616851807,-2.0167267974853518
1752064914.4994104,-0.06017145797610282,0.873969801416397,-2.016233737564087
1752064914.5014431,-0.06011398762464523,0.8738036411476136,-2.0157406776428224
1752064914.5034883,-0.06005651727318764,0.8736374808788299,-2.015247617721558
1752064914.50552,-0.05999904692173004,0.8734713206100464,-2.014754557800293
1752064914.5075815,-0.05994157657027245,0.8733051603412628,-2.0142614978790285
1752064914.509641,-0.05988410621881484,0.8731390000724792,-2.0137684379577636
1752064914.5117059,-0.05982663586735725,0.8729728398036957,-2.013275378036499
1752064914.5138474,-0.05976916551589966,0.8728066795349121,-2.0127823181152342
1752064914.515955,-0.05971169516444206,0.8726405192661285,-2.0122892581939698
1752064914.5180154,-0.05965422481298447,0.8724743589973449,-2.0117961982727053
1752064914.5200863,-0.05959675446152686,0.8723081987285614,-2.0113031383514404
1752064914.522118,-0.05953928411006927,0.8721420384597778,-2.010810078430176
1752064914.5242503,-0.05948181375861168,0.8719758781909943,-2.0103170185089114
1752064914.5262969,-0.05942434340715408,0.8718097179222106,-2.0098239585876465
1752064914.5283906,-0.05936687305569649,0.8716435576534272,-2.009330898666382
1752064914.5305333,-0.05930940270423889,0.8714773973846435,-2.008837838745117
1752064914.532551,-0.0592519323527813,0.87131123711586,-2.0083447788238526
1752064914.5345669,-0.0591944620013237,0.8711450768470764,-2.0078517189025877
1752064914.5366135,-0.0591369916498661,0.8709789165782928,-2.0073586589813233
1752064914.538673,-0.05907952129840851,0.8708127563095093,-2.006865599060059
1752064914.540743,-0.05902205094695092,0.8706465960407257,-2.006372539138794
1752064914.5428302,-0.05896458059549332,0.8704804357719421,-2.0058794792175294
1752064914.5449607,-0.05890711024403573,0.8703142755031585,-2.005386419296265
1752064914.547103,-0.05884963989257812,0.870148115234375,-2.004893359375
1752064914.549136,-0.05879216954112053,0.8699819549655914,-2.0044002994537355
1752064914.5512106,-0.05873469918966294,0.8698157946968079,-2.0039072395324706
1752064914.5533228,-0.058677228838205336,0.8696496344280242,-2.003414179611206
1752064914.5553799,-0.05861975848674775,0.8694834741592408,-2.0029211196899412
1752064914.5574439,-0.05856228813529014,0.8693173138904571,-2.0024280597686768
1752064914.5594988,-0.05850481778383255,0.8691511536216736,-2.0019349998474123
1752064914.5615637,-0.05844734743237496,0.86898499335289,-2.0014419399261474
1752064914.5636797,-0.058389877080917356,0.8688188330841065,-2.000948880004883
1752064914.5657818,-0.05833240672945977,0.8686526728153229,-2.0004558200836184
1752064914.5677595,-0.058274936378002164,0.8684865125465393,-1.9999627601623535
1752064914.5698855,-0.058217466026544575,0.8683203522777556,-1.999469700241089
1752064914.57198,-0.058159995675086985,0.8681541920089721,-1.9989766403198241
1752064914.5740826,-0.058102525323629375,0.8679880317401886,-1.9984835803985594
1752064914.5761166,-0.058045054972171786,0.867821871471405,-1.997990520477295
1752064914.5781686,-0.05798758462071418,0.8676557112026214,-1.9974974605560303
1752064914.580284,-0.057930114269256594,0.8674895509338378,-1.9970044006347656
1752064914.582486,-0.057872643917799005,0.8673233906650544,-1.9965113407135011
1752064914.584407,-0.057815173566341395,0.8671572303962707,-1.9960182807922364
1752064914.586465,-0.057757703214883806,0.8669910701274872,-1.9955252208709717
1752064914.5885155,-0.0577002328634262,0.8668249098587035,-1.995032160949707
1752064914.5905843,-0.057642762511968614,0.8666587495899201,-1.9945391010284426
1752064914.5926404,-0.057585292160511024,0.8664925893211364,-1.9940460411071776
1752064914.5946803,-0.05752782180905342,0.8663264290523529,-1.993552981185913
1752064914.5967963,-0.057470351457595825,0.8661602687835693,-1.9930599212646485
1752064914.5988932,-0.05741288110613822,0.8659941085147858,-1.9925668613433838
1752064914.600982,-0.05735541075468063,0.8658279482460022,-1.992073801422119
1752064914.6030605,-0.057297940403223044,0.8656617879772186,-1.9915807415008546
1752064914.6051219,-0.05724047005176544,0.865495627708435,-1.99108768157959
1752064914.607209,-0.05718299970030785,0.8653294674396514,-1.9905946216583252
1752064914.609336,-0.05712552934885024,0.8651633071708679,-1.9901015617370605
1752064914.6113958,-0.05706805899739265,0.8649971469020843,-1.989608501815796
1752064914.6135094,-0.05701058864593506,0.8648309866333008,-1.9891154418945312
1752064914.6156242,-0.05695311829447746,0.8646648263645171,-1.9886223819732665
1752064914.6176105,-0.05689564794301987,0.8644986660957337,-1.988129322052002
1752064914.619657,-0.05683817759156226,0.86433250582695,-1.9876362621307373
1752064914.621719,-0.05678070724010467,0.8641663455581665,-1.9871432022094726
1752064914.623833,-0.05672323688864708,0.8640001852893829,-1.9866501422882081
1752064914.6259003,-0.05666576653718948,0.8638340250205994,-1.9861570823669434
1752064914.6279864,-0.05660829618573189,0.8636678647518158,-1.9856640224456787
1752064914.6301177,-0.05655082583427429,0.8635017044830322,-1.985170962524414
1752064914.632243,-0.0564933554828167,0.8633355442142486,-1.9846779026031496
1752064914.6343338,-0.05643588513135911,0.863169383945465,-1.9841848426818847
1752064914.636349,-0.0563784147799015,0.8630032236766815,-1.98369178276062
1752064914.638413,-0.05632094442844391,0.8628370634078979,-1.9831987228393555
1752064914.640455,-0.05626347407698631,0.8626709031391144,-1.9827056629180908
1752064914.642523,-0.05620600372552872,0.8625047428703307,-1.9822126029968261
1752064914.64458,-0.05614853337407113,0.8623385826015473,-1.9817195430755616
1752064914.6466808,-0.05609106302261352,0.8621724223327636,-1.981226483154297
1752064914.648899,-0.05603359267115593,0.8620062620639801,-1.9807334232330323
1752064914.6508243,-0.055976122319698327,0.8618401017951964,-1.9802403633117676
1752064914.652906,-0.05591865196824074,0.861673941526413,-1.979747303390503
1752064914.6550627,-0.05586118161678315,0.8615077812576294,-1.9792542434692382
1752064914.6571233,-0.05580371126532554,0.8613416209888458,-1.9787611835479735
1752064914.659254,-0.05574624091386795,0.8611754607200622,-1.978268123626709
1752064914.6613443,-0.055688770562410346,0.8610093004512787,-1.9777750637054443
1752064914.6634367,-0.05563130021095276,0.8608431401824952,-1.9772820037841796
1752064914.6655107,-0.05557382985949517,0.8606769799137115,-1.9767889438629151
1752064914.66756,-0.055516359508037565,0.8605108196449279,-1.9762958839416505
1752064914.669583,-0.055458889156579975,0.8603446593761443,-1.9758028240203858
1752064914.6716468,-0.055401418805122386,0.8601784991073609,-1.9753097640991213
1752064914.673685,-0.055343948453664776,0.8600123388385772,-1.9748167041778566
1752064914.6757677,-0.05528647810220719,0.8598461785697937,-1.9743236442565917
1752064914.6778846,-0.055229007750749584,0.85968001830101,-1.973830584335327
1752064914.6800137,-0.055171537399291995,0.8595138580322266,-1.9733375244140625
1752064914.6821997,-0.055114067047834406,0.859347697763443,-1.9728444644927978
1752064914.684097,-0.055056596696376796,0.8591815374946594,-1.9723514045715331
1752064914.6862257,-0.05499912634491921,0.8590153772258758,-1.9718583446502687
1752064914.6883085,-0.054941655993461604,0.8588492169570923,-1.971365284729004
1752064914.6903803,-0.054884185642004014,0.8586830566883087,-1.9708722248077393
1752064914.692434,-0.054826715290546425,0.8585168964195251,-1.9703791648864748
1752064914.6944904,-0.05476924493908882,0.8583507361507415,-1.96988610496521
1752064914.6965961,-0.054711774587631226,0.858184575881958,-1.9693930450439452
1752064914.6987019,-0.05465430423617362,0.8580184156131744,-1.9688999851226805
1752064914.7008097,-0.054596833884716034,0.8578522553443908,-1.968406925201416
1752064914.7027621,-0.054539363533258445,0.8576860950756073,-1.9679138652801513
1752064914.7048402,-0.05448189318180084,0.8575199348068236,-1.9674208053588866
1752064914.7069025,-0.05442442283034325,0.8573537745380402,-1.9669277454376222
1752064914.7088878,-0.05436695247888564,0.8571876142692565,-1.9664346855163575
1752064914.7109816,-0.05430948212742805,0.857021454000473,-1.9659416255950928
1752064914.7131608,-0.054252011775970464,0.8568552937316894,-1.9654485656738283
1752064914.7153244,-0.05419454142451286,0.8566891334629059,-1.9649555057525636
1752064914.7172918,-0.05413707107305527,0.8565229731941223,-1.9644624458312987
1752064914.7193096,-0.05407960072159766,0.8563568129253387,-1.963969385910034
1752064914.7213533,-0.05402213037014007,0.8561906526565551,-1.9634763259887695
1752064914.723411,-0.053964660018682484,0.8560244923877716,-1.9629832660675048
1752064914.7254672,-0.05390718966722488,0.855858332118988,-1.9624902061462401
1752064914.7275264,-0.05384971931576729,0.8556921718502044,-1.9619971462249757
1752064914.7296724,-0.05379224896430969,0.8555260115814208,-1.961504086303711
1752064914.7318585,-0.0537347786128521,0.8553598513126373,-1.9610110263824463
1752064914.733904,-0.05367730826139451,0.8551936910438538,-1.9605179664611818
1752064914.7360778,-0.0536198379099369,0.8550275307750701,-1.9600249065399171
1752064914.7381542,-0.05356236755847931,0.8548613705062866,-1.9595318466186522
1752064914.7402644,-0.05350489720702171,0.854695210237503,-1.9590387866973875
1752064914.7423248,-0.05344742685556412,0.8545290499687195,-1.958545726776123
1752064914.744352,-0.05338995650410653,0.8543628896999359,-1.9580526668548583
1752064914.746484,-0.05333248615264892,0.8541967294311523,-1.9575596069335937
1752064914.748671,-0.05327501580119133,0.8540305691623687,-1.9570665470123292
1752064914.7505782,-0.05321754544973373,0.8538644088935852,-1.9565734870910645
1752064914.7526124,-0.05316007509827614,0.8536982486248016,-1.9560804271697998
1752064914.7555306,-0.05310260474681855,0.853532088356018,-1.9555873672485353
1752064914.7597191,-0.053045134395360946,0.8533659280872345,-1.9550943073272706
1752064914.7640824,-0.05298766404390335,0.8531997678184509,-1.9546012474060057
1752064914.7685127,-0.05293019369244575,0.8530336075496674,-1.954108187484741
1752064914.7714524,-0.05287272334098816,0.8528674472808837,-1.9536151275634766
1752064914.7741306,-0.05281525298953057,0.8527012870121002,-1.9531220676422119
1752064914.7761402,-0.052757782638072966,0.8525351267433166,-1.9526290077209472
1752064914.778226,-0.052700312286615376,0.8523689664745331,-1.9521359477996827
1752064914.780285,-0.052642841935157766,0.8522028062057494,-1.951642887878418
1752064914.782486,-0.05258537158370018,0.8520366459369659,-1.9511498279571533
1752064914.7843158,-0.05252790123224259,0.8518704856681824,-1.9506567680358886
1752064914.7863536,-0.052470430880784985,0.8517043253993988,-1.9501637081146241
1752064914.788433,-0.052412960529327396,0.8515381651306153,-1.9496706481933594
1752064914.7904594,-0.052355490177869786,0.8513720048618316,-1.9491775882720948
1752064914.7925127,-0.0522980198264122,0.851205844593048,-1.94868452835083
1752064914.7945535,-0.05224054947495461,0.8510396843242645,-1.9481914684295654
1752064914.7966347,-0.052183079123497005,0.8508735240554809,-1.947698408508301
1752064914.7987368,-0.052125608772039415,0.8507073637866973,-1.9472053485870362
1752064914.8007777,-0.052068138420581826,0.8505412035179138,-1.9467122886657715
1752064914.8027806,-0.05201066806912422,0.8503750432491302,-1.946219228744507
1752064914.8049276,-0.051953197717666634,0.8502088829803467,-1.9457261688232421
1752064914.8071027,-0.051895727366209024,0.850042722711563,-1.9452331089019776
1752064914.809252,-0.051838257014751435,0.8498765624427795,-1.944740048980713
1752064914.811306,-0.051780786663293846,0.849710402173996,-1.9442469890594483
1752064914.8134243,-0.05172331631183624,0.8495442419052124,-1.9437539291381836
1752064914.8154788,-0.051665845960378654,0.8493780816364288,-1.9432608692169189
1752064914.8174798,-0.051608375608921044,0.8492119213676452,-1.9427678092956544
1752064914.81953,-0.051550905257463454,0.8490457610988617,-1.9422747493743897
1752064914.8215876,-0.051493434906005865,0.8488796008300781,-1.941781689453125
1752064914.823647,-0.05143596455454826,0.8487134405612945,-1.9412886295318605
1752064914.8258092,-0.05137849420309067,0.8485472802925109,-1.9407955696105956
1752064914.827868,-0.05132102385163306,0.8483811200237273,-1.9403025096893312
1752064914.830031,-0.051263553500175474,0.8482149597549438,-1.9398094497680665
1752064914.8323054,-0.051206083148717885,0.8480487994861603,-1.9393163898468018
1752064914.8342803,-0.05114861279726028,0.8478826392173766,-1.938823329925537
1752064914.836311,-0.05109114244580269,0.8477164789485931,-1.9383302700042724
1752064914.8383796,-0.05103367209434509,0.8475503186798095,-1.937837210083008
1752064914.8404262,-0.0509762017428875,0.847384158411026,-1.9373441501617432
1752064914.8424902,-0.05091873139142991,0.8472179981422424,-1.9368510902404785
1752064914.8445451,-0.0508612610399723,0.8470518378734588,-1.936358030319214
1752064914.846646,-0.05080379068851471,0.8468856776046753,-1.9358649703979494
1752064914.8487303,-0.05074632033705711,0.8467195173358917,-1.9353719104766847
1752064914.8507743,-0.05068884998559952,0.8465533570671081,-1.93487885055542
1752064914.8528988,-0.05063137963414193,0.8463871967983245,-1.9343857906341553
1752064914.8550813,-0.05057390928268432,0.8462210365295411,-1.9338927307128906
1752064914.8572538,-0.05051643893122673,0.8460548762607574,-1.933399670791626
1752064914.859307,-0.05045896857976913,0.8458887159919739,-1.9329066108703614
1752064914.8613632,-0.05040149822831154,0.8457225557231902,-1.9324135509490967
1752064914.8634677,-0.05034402787685395,0.8455563954544068,-1.931920491027832
1752064914.8655636,-0.05028655752539635,0.8453902351856231,-1.9314274311065676
1752064914.867556,-0.05022908717393875,0.8452240749168396,-1.9309343711853029
1752064914.869608,-0.05017161682248115,0.845057914648056,-1.9304413112640382
1752064914.871665,-0.05011414647102356,0.8448917543792724,-1.9299482513427735
1752064914.873829,-0.05005667611956597,0.8447255941104889,-1.9294551914215088
1752064914.8759494,-0.04999920576810837,0.8445594338417053,-1.928962131500244
1752064914.8780742,-0.04994173541665078,0.8443932735729218,-1.9284690715789794
1752064914.880133,-0.04988426506519317,0.8442271133041381,-1.927976011657715
1752064914.8823287,-0.04982679471373558,0.8440609530353547,-1.9274829517364502
1752064914.885027,-0.04976932436227799,0.843894792766571,-1.9269898918151855
1752064914.8892534,-0.049711854010820386,0.8437286324977875,-1.926496831893921
1752064914.893379,-0.0496543836593628,0.8435624722290038,-1.9260037719726564
1752064914.8975816,-0.04959691330790519,0.8433963119602202,-1.9255107120513917
1752064914.9010775,-0.0495394429564476,0.8432301516914368,-1.925017652130127
1752064914.903855,-0.04948197260499001,0.8430639914226532,-1.9245245922088623
1752064914.9059258,-0.049424502253532406,0.8428978311538695,-1.9240315322875976
1752064914.9080217,-0.049367031902074816,0.842731670885086,-1.923538472366333
1752064914.9099972,-0.04930956155061721,0.8425655106163024,-1.9230454124450684
1752064914.9121516,-0.049252091199159624,0.8423993503475189,-1.9225523525238037
1752064914.9142632,-0.049194620847702035,0.8422331900787354,-1.922059292602539
1752064914.9163318,-0.049137150496244425,0.8420670298099517,-1.9215662326812746
1752064914.918372,-0.049079680144786836,0.8419008695411682,-1.9210731727600099
1752064914.9203715,-0.04902220979332923,0.8417347092723846,-1.9205801128387452
1752064914.9224498,-0.048964739441871644,0.841568549003601,-1.9200870529174805
1752064914.924421,-0.048907269090414054,0.8414023887348174,-1.9195939929962158
1752064914.9264872,-0.048849798738956444,0.8412362284660339,-1.919100933074951
1752064914.9285207,-0.048792328387498855,0.8410700681972503,-1.9186078731536864
1752064914.9307156,-0.04873485803604125,0.8409039079284668,-1.918114813232422
1752064914.9327111,-0.04867738768458366,0.8407377476596831,-1.9176217533111573
1752064914.9347174,-0.048619917333126074,0.8405715873908997,-1.9171286933898926
1752064914.9367352,-0.04856244698166847,0.840405427122116,-1.916635633468628
1752064914.9388046,-0.048504976630210875,0.8402392668533325,-1.9161425735473634
1752064914.9409888,-0.048447506278753286,0.8400731065845489,-1.9156495136260987
1752064914.9431858,-0.04839003592729568,0.8399069463157653,-1.915156453704834
1752064914.9452527,-0.04833256557583809,0.8397407860469818,-1.9146633937835693
1752064914.9474742,-0.04827509522438049,0.8395746257781982,-1.9141703338623046
1752064914.949497,-0.0482176248729229,0.8394084655094146,-1.91367727394104
1752064914.9514208,-0.04816015452146531,0.839242305240631,-1.9131842140197755
1752064914.9534774,-0.0481026841700077,0.8390761449718476,-1.9126911540985108
1752064914.9555347,-0.04804521381855011,0.8389099847030639,-1.912198094177246
1752064914.9575944,-0.04798774346709251,0.8387438244342804,-1.9117050342559816
1752064914.9596565,-0.04793027311563492,0.8385776641654967,-1.911211974334717
1752064914.9617393,-0.04787280276417733,0.8384115038967133,-1.9107189144134522
1752064914.9639027,-0.04781533241271972,0.8382453436279296,-1.9102258544921873
1752064914.965958,-0.04775786206126213,0.8380791833591461,-1.9097327945709228
1752064914.967987,-0.04770039170980453,0.8379130230903625,-1.9092397346496581
1752064914.9709983,-0.04764292135834694,0.837746862821579,-1.9087466747283934
1752064914.9752114,-0.04758545100688935,0.8375807025527954,-1.908253614807129
1752064914.979342,-0.04752798065543175,0.8374145422840118,-1.9077605548858643
1752064914.9838965,-0.04747051030397416,0.8372483820152283,-1.9072674949645996
1752064914.9868412,-0.04741303995251655,0.8370822217464446,-1.906774435043335
1752064914.989445,-0.04735556960105896,0.8369160614776612,-1.9062813751220704
1752064914.9914489,-0.04729809924960137,0.8367499012088775,-1.9057883152008057
1752064914.9935207,-0.04724062889814377,0.836583740940094,-1.9052952552795412
1752064914.9955254,-0.04718315854668618,0.8364175806713103,-1.9048021953582766
1752064914.9975927,-0.04712568819522857,0.8362514204025269,-1.9043091354370116
1752064914.99957,-0.04706821784377098,0.8360852601337433,-1.903816075515747
1752064915.001651,-0.04701074749231339,0.8359190998649597,-1.9033230155944825
1752064915.0037277,-0.04695327714085579,0.8357529395961761,-1.9028299556732178
1752064915.005722,-0.0468958067893982,0.8355867793273926,-1.902336895751953
1752064915.0078287,-0.04683833643794059,0.835420619058609,-1.9018438358306886
1752064915.0098279,-0.046780866086483,0.8352544587898254,-1.901350775909424
1752064915.0119836,-0.04672339573502541,0.8350882985210419,-1.9008577159881592
1752064915.0142167,-0.046665925383567806,0.8349221382522583,-1.9003646560668943
1752064915.0161674,-0.04660845503211022,0.8347559779834748,-1.8998715961456298
1752064915.0181715,-0.046550984680652614,0.8345898177146911,-1.8993785362243651
1752064915.0202708,-0.046493514329195025,0.8344236574459076,-1.8988854763031005
1752064915.0223367,-0.046436043977737436,0.834257497177124,-1.898392416381836
1752064915.024353,-0.046378573626279826,0.8340913369083404,-1.8978993564605713
1752064915.0264175,-0.04632110327482224,0.8339251766395569,-1.8974062965393066
1752064915.028469,-0.046263632923364634,0.8337590163707733,-1.8969132366180421
1752064915.030828,-0.046206162571907045,0.8335928561019896,-1.8964201766967774
1752064915.0326993,-0.046148692220449455,0.8334266958332062,-1.8959271167755127
1752064915.0346634,-0.046091221868991845,0.8332605355644225,-1.8954340568542483
1752064915.0368593,-0.046033751517534256,0.833094375295639,-1.8949409969329836
1752064915.0390575,-0.04597628116607665,0.8329282150268553,-1.8944479370117187
1752064915.0412583,-0.045918810814619064,0.8327620547580719,-1.893954877090454
1752064915.0433109,-0.045861340463161475,0.8325958944892883,-1.8934618171691895
1752064915.0453548,-0.04580387011170387,0.8324297342205047,-1.8929687572479248
1752064915.047483,-0.045746399760246276,0.8322635739517211,-1.89247569732666
1752064915.0495765,-0.04568892940878867,0.8320974136829375,-1.8919826374053956
1752064915.0515344,-0.045631459057331084,0.8319312534141541,-1.891489577484131
1752064915.0535822,-0.045573988705873494,0.8317650931453704,-1.8909965175628662
1752064915.055778,-0.04551651835441589,0.8315989328765869,-1.8905034576416013
1752064915.0579822,-0.0454590480029583,0.8314327726078032,-1.8900103977203369
1752064915.060181,-0.04540157765150069,0.8312666123390198,-1.8895173377990722
1752064915.0622416,-0.0453441073000431,0.8311004520702361,-1.8890242778778075
1752064915.0644608,-0.045286636948585514,0.8309342918014526,-1.888531217956543
1752064915.066535,-0.04522916659712791,0.830768131532669,-1.8880381580352783
1752064915.068454,-0.04517169624567032,0.8306019712638855,-1.8875450981140136
1752064915.0705085,-0.04511422589421271,0.8304358109951019,-1.8870520381927491
1752064915.0726962,-0.04505675554275512,0.8302696507263183,-1.8865589782714844
1752064915.0747545,-0.04499928519129753,0.8301034904575348,-1.8860659183502198
1752064915.0769603,-0.04494181483983993,0.8299373301887512,-1.8855728584289553
1752064915.0791588,-0.04488434448838234,0.8297711699199677,-1.8850797985076906
1752064915.0813549,-0.04482687413692475,0.829605009651184,-1.884586738586426
1752064915.0834503,-0.04476940378546715,0.8294388493824005,-1.884093678665161
1752064915.0853586,-0.04471193343400956,0.8292726891136168,-1.8836006187438965
1752064915.0875323,-0.04465446308255195,0.8291065288448334,-1.8831075588226318
1752064915.0897188,-0.04459699273109436,0.8289403685760498,-1.8826144989013671
1752064915.091912,-0.04453952237963677,0.8287742083072662,-1.8821214389801026
1752064915.0941129,-0.04448205202817917,0.8286080480384826,-1.881628379058838
1752064915.0963433,-0.04442458167672158,0.8284418877696991,-1.8811353191375733
1752064915.0985482,-0.04436711132526397,0.8282757275009155,-1.8806422592163083
1752064915.1005397,-0.04430964097380638,0.8281095672321319,-1.8801491992950439
1752064915.102555,-0.04425217062234879,0.8279434069633484,-1.8796561393737794
1752064915.104751,-0.04419470027089119,0.8277772466945648,-1.8791630794525145
1752064915.1069393,-0.0441372299194336,0.8276110864257813,-1.87867001953125
1752064915.109143,-0.044079759567975996,0.8274449261569976,-1.8781769596099853
1752064915.1112866,-0.0440222892165184,0.8272787658882141,-1.8776838996887206
1752064915.1133769,-0.04396481886506081,0.8271126056194306,-1.8771908397674562
1752064915.1154966,-0.04390734851360321,0.826946445350647,-1.8766977798461915
1752064915.117481,-0.04384987816214562,0.8267802850818634,-1.8762047199249268
1752064915.1195211,-0.043792407810688015,0.8266141248130798,-1.8757116600036623
1752064915.121711,-0.043734937459230426,0.8264479645442963,-1.8752186000823976
1752064915.1239018,-0.04367746710777284,0.8262818042755127,-1.874725540161133
1752064915.126105,-0.04361999675631523,0.8261156440067291,-1.874232480239868
1752064915.128267,-0.04356252640485764,0.8259494837379455,-1.8737394203186035
1752064915.130389,-0.043505056053400035,0.8257833234691618,-1.8732463603973388
1752064915.1324534,-0.043447585701942446,0.8256171632003784,-1.8727533004760741
1752064915.1344883,-0.043390115350484856,0.8254510029315949,-1.8722602405548097
1752064915.1365025,-0.043332644999027246,0.8252848426628112,-1.871767180633545
1752064915.1385596,-0.04327517464756966,0.8251186823940277,-1.8712741207122803
1752064915.1407473,-0.043217704296112054,0.8249525221252441,-1.8707810607910154
1752064915.142934,-0.043160233944654465,0.8247863618564606,-1.8702880008697509
1752064915.1451397,-0.043102763593196876,0.8246202015876769,-1.8697949409484864
1752064915.147287,-0.04304529324173927,0.8244540413188934,-1.8693018810272215
1752064915.1494272,-0.042987822890281684,0.8242878810501097,-1.868808821105957
1752064915.1513376,-0.042930352538824074,0.8241217207813263,-1.8683157611846923
1752064915.1533513,-0.042872882187366484,0.8239555605125426,-1.8678227012634276
1752064915.1554115,-0.042815411835908895,0.8237894002437591,-1.8673296413421632
1752064915.1574674,-0.04275794148445129,0.8236232399749756,-1.8668365814208985
1752064915.1595275,-0.0427004711329937,0.823457079706192,-1.8663435214996338
1752064915.1617153,-0.04264300078153609,0.8232909194374084,-1.8658504615783693
1752064915.1639316,-0.042585530430078504,0.8231247591686248,-1.8653574016571046
1752064915.1659827,-0.042528060078620915,0.8229585988998414,-1.86486434173584
1752064915.1681287,-0.04247058972716331,0.8227924386310577,-1.864371281814575
1752064915.1702743,-0.04241311937570572,0.8226262783622742,-1.8638782218933105
1752064915.172332,-0.04235564902424812,0.8224601180934905,-1.8633851619720458
1752064915.17436,-0.04229817867279052,0.822293957824707,-1.8628921020507812
1752064915.17641,-0.042240708321332934,0.8221277975559234,-1.8623990421295167
1752064915.1784747,-0.04218323796987533,0.8219616372871399,-1.861905982208252
1752064915.180582,-0.04212576761841774,0.8217954770183563,-1.8614129222869873
1752064915.1826878,-0.04206829726696014,0.8216293167495727,-1.8609198623657224
1752064915.1848083,-0.04201082691550255,0.8214631564807892,-1.860426802444458
1752064915.1870008,-0.04195335656404496,0.8212969962120056,-1.8599337425231934
1752064915.1891985,-0.04189588621258735,0.821130835943222,-1.8594406826019285
1752064915.1912632,-0.04183841586112976,0.8209646756744384,-1.858947622680664
1752064915.1933184,-0.04178094550967216,0.8207985154056548,-1.8584545627593994
1752064915.1953547,-0.04172347515821457,0.8206323551368713,-1.8579615028381347
1752064915.1975427,-0.04166600480675698,0.8204661948680878,-1.8574684429168702
1752064915.1996949,-0.04160853445529937,0.8203000345993041,-1.8569753829956055
1752064915.201755,-0.04155106410384178,0.8201338743305207,-1.8564823230743408
1752064915.2038295,-0.04149359375238418,0.819967714061737,-1.8559892631530763
1752064915.2060215,-0.04143612340092659,0.8198015537929535,-1.8554962032318116
1752064915.2082279,-0.041378653049469,0.8196353935241699,-1.855003143310547
1752064915.210324,-0.0413211826980114,0.8194692332553863,-1.854510083389282
1752064915.212412,-0.04126371234655381,0.8193030729866028,-1.8540170234680176
1752064915.21469,-0.04120624199509621,0.8191369127178192,-1.853523963546753
1752064915.21667,-0.04114877164363861,0.8189707524490356,-1.8530309036254882
1752064915.218654,-0.04109130129218102,0.818804592180252,-1.8525378437042237
1752064915.2208219,-0.041033830940723416,0.8186384319114685,-1.852044783782959
1752064915.2229767,-0.04097636058926583,0.8184722716426849,-1.8515517238616943
1752064915.2251396,-0.04091889023780824,0.8183061113739014,-1.8510586639404298
1752064915.227275,-0.04086141988635063,0.8181399511051178,-1.850565604019165
1752064915.2293968,-0.04080394953489304,0.8179737908363343,-1.8500725440979005
1752064915.2315965,-0.040746479183435436,0.8178076305675507,-1.8495794841766355
1752064915.2336597,-0.040689008831977846,0.8176414702987671,-1.849086424255371
1752064915.235658,-0.04063153848052026,0.8174753100299835,-1.8485933643341066
1752064915.237792,-0.04057406812906265,0.8173091497612,-1.8481003044128417
1752064915.2399306,-0.04051659777760506,0.8171429894924164,-1.8476072444915772
1752064915.2420685,-0.040459127426147455,0.8169768292236328,-1.8471141845703125
1752064915.244211,-0.040401657074689866,0.8168106689548492,-1.8466211246490478
1752064915.2463665,-0.04034418672323228,0.8166445086860656,-1.8461280647277833
1752064915.2485487,-0.040286716371774674,0.816478348417282,-1.8456350048065187
1752064915.250543,-0.040229246020317085,0.8163121881484985,-1.845141944885254
1752064915.2525613,-0.040171775668859475,0.8161460278797148,-1.844648884963989
1752064915.2546194,-0.040114305317401885,0.8159798676109313,-1.8441558250427246
1752064915.256752,-0.040056834965944296,0.8158137073421479,-1.84366276512146
1752064915.2588892,-0.03999936461448669,0.8156475470733642,-1.8431697052001952
1752064915.261024,-0.039941894263029104,0.8154813868045807,-1.8426766452789307
1752064915.263194,-0.039884423911571494,0.815315226535797,-1.842183585357666
1752064915.2653642,-0.039826953560113905,0.8151490662670136,-1.8416905254364013
1752064915.267484,-0.039769483208656316,0.8149829059982299,-1.8411974655151369
1752064915.2694898,-0.03971201285719871,0.8148167457294464,-1.840704405593872
1752064915.271547,-0.039654542505741124,0.8146505854606627,-1.8402113456726075
1752064915.2736108,-0.03959707215428352,0.8144844251918792,-1.8397182857513426
1752064915.2757423,-0.039539601802825924,0.8143182649230956,-1.839225225830078
1752064915.2778757,-0.039482131451368335,0.8141521046543121,-1.8387321659088136
1752064915.280015,-0.03942466109991073,0.8139859443855286,-1.8382391059875487
1752064915.2821984,-0.03936719074845314,0.8138197841167449,-1.8377460460662842
1752064915.2849522,-0.03930972039699554,0.8136536238479615,-1.8372529861450195
1752064915.2890105,-0.03925225004553795,0.8134874635791778,-1.8367599262237548
1752064915.292963,-0.03919477969408036,0.8133213033103943,-1.8362668663024904
1752064915.29592,-0.03913730934262275,0.8131551430416106,-1.8357738063812257
1752064915.2987123,-0.03907983899116516,0.8129889827728272,-1.835280746459961
1752064915.3009431,-0.03902236863970756,0.8128228225040435,-1.834787686538696
1752064915.3030136,-0.03896489828824997,0.81265666223526,-1.8342946266174316
1752064915.3049867,-0.03890742793679238,0.8124905019664763,-1.8338015666961671
1752064915.3071547,-0.03884995758533477,0.8123243416976929,-1.8333085067749022
1752064915.3092442,-0.03879248723387718,0.8121581814289094,-1.8328154468536377
1752064915.3113348,-0.03873501688241958,0.8119920211601257,-1.832322386932373
1752064915.3134706,-0.03867754653096199,0.8118258608913422,-1.8318293270111083
1752064915.3155766,-0.0386200761795044,0.8116597006225585,-1.8313362670898439
1752064915.3175402,-0.0385626058280468,0.8114935403537751,-1.830843207168579
1752064915.3195407,-0.03850513547658921,0.8113273800849914,-1.8303501472473145
1752064915.321602,-0.0384476651251316,0.8111612198162079,-1.8298570873260496
1752064915.3237438,-0.03839019477367401,0.8109950595474242,-1.829364027404785
1752064915.325875,-0.03833272442221642,0.8108288992786408,-1.8288709674835206
1752064915.3280303,-0.03827525407075882,0.8106627390098571,-1.8283779075622557
1752064915.330146,-0.03821778371930123,0.8104965787410736,-1.8278848476409912
1752064915.3322892,-0.03816031336784362,0.8103304184722899,-1.8273917877197265
1752064915.3343472,-0.03810284301638603,0.8101642582035065,-1.8268987277984619
1752064915.3364,-0.03804537266492844,0.809998097934723,-1.8264056678771974
1752064915.3385034,-0.03798790231347084,0.8098319376659393,-1.8259126079559327
1752064915.340561,-0.03793043196201325,0.8096657773971558,-1.825419548034668
1752064915.3426208,-0.037872961610555644,0.8094996171283722,-1.824926488113403
1752064915.3447833,-0.03781549125909805,0.8093334568595887,-1.8244334281921386
1752064915.346969,-0.03775802090764046,0.809167296590805,-1.8239403682708741
1752064915.3490562,-0.037700550556182856,0.8090011363220215,-1.8234473083496092
1752064915.3511496,-0.03764308020472527,0.8088349760532378,-1.8229542484283447
1752064915.3532925,-0.03758560985326768,0.8086688157844544,-1.8224611885070803
1752064915.3553767,-0.037528139501810075,0.8085026555156707,-1.8219681285858154
1752064915.3574145,-0.037470669150352486,0.8083364952468872,-1.821475068664551
1752064915.3594742,-0.037413198798894876,0.8081703349781035,-1.820982008743286
1752064915.3615339,-0.037355728447437286,0.8080041747093201,-1.8204889488220215
1752064915.363702,-0.0372982580959797,0.8078380144405366,-1.8199958889007568
1752064915.3657765,-0.037240787744522094,0.8076718541717529,-1.8195028289794921
1752064915.367895,-0.037183317393064505,0.8075056939029693,-1.8190097690582276
1752064915.370052,-0.037125847041606895,0.8073395336341858,-1.8185167091369627
1752064915.3722308,-0.037068376690149306,0.8071733733654022,-1.8180236492156983
1752064915.3743253,-0.03701090633869172,0.8070072130966186,-1.8175305892944338
1752064915.3764145,-0.036953435987234114,0.806841052827835,-1.8170375293731689
1752064915.378472,-0.036895965635776524,0.8066748925590514,-1.8165444694519044
1752064915.3805907,-0.03683849528431892,0.8065087322902679,-1.8160514095306397
1752064915.382703,-0.03678102493286133,0.8063425720214843,-1.815558349609375
1752064915.3855593,-0.036723554581403736,0.8061764117527008,-1.8150652896881105
1752064915.3896046,-0.03666608422994613,0.8060102514839171,-1.8145722297668456
1752064915.3935888,-0.036608613878488544,0.8058440912151337,-1.8140791698455812
1752064915.3977597,-0.03655114352703094,0.8056779309463501,-1.8135861099243162
1752064915.401229,-0.03649367317557335,0.8055117706775665,-1.8130930500030518
1752064915.4038785,-0.03643620282411576,0.8053456104087829,-1.8125999900817873
1752064915.4059062,-0.03637873247265815,0.8051794501399994,-1.8121069301605224
1752064915.4079804,-0.03632126212120056,0.8050132898712158,-1.811613870239258
1752064915.4100287,-0.03626379176974296,0.8048471296024322,-1.811120810317993
1752064915.412191,-0.03620632141828537,0.8046809693336486,-1.8106277503967285
1752064915.414285,-0.03614885106682778,0.804514809064865,-1.8101346904754638
1752064915.4164243,-0.03609138071537017,0.8043486487960815,-1.8096416305541991
1752064915.4184418,-0.03603391036391258,0.8041824885272979,-1.8091485706329347
1752064915.4204729,-0.03597644001245498,0.8040163282585143,-1.8086555107116697
1752064915.4224944,-0.03591896966099739,0.8038501679897307,-1.8081624507904053
1752064915.4245207,-0.0358614993095398,0.8036840077209473,-1.8076693908691408
1752064915.4265819,-0.0358040289580822,0.8035178474521637,-1.8071763309478759
1752064915.4287047,-0.03574655860662461,0.8033516871833801,-1.8066832710266114
1752064915.430894,-0.035689088255167,0.8031855269145965,-1.8061902111053467
1752064915.4329364,-0.03563161790370941,0.803019366645813,-1.805697151184082
1752064915.4350317,-0.03557414755225182,0.8028532063770294,-1.8052040912628176
1752064915.4371922,-0.03551667720079422,0.8026870461082458,-1.8047110313415526
1752064915.439284,-0.03545920684933663,0.8025208858394622,-1.8042179714202882
1752064915.4414382,-0.03540173649787902,0.8023547255706787,-1.8037249114990233
1752064915.4434888,-0.03534426614642143,0.8021885653018951,-1.8032318515777588
1752064915.4455476,-0.03528679579496384,0.8020224050331115,-1.8027387916564943
1752064915.4477122,-0.03522932544350624,0.8018562447643279,-1.8022457317352294
1752064915.4498742,-0.03517185509204865,0.8016900844955445,-1.801752671813965
1752064915.4519022,-0.035114384740591045,0.8015239242267608,-1.8012596118927
1752064915.4540715,-0.03505691438913345,0.8013577639579773,-1.8007665519714355
1752064915.4562464,-0.03499944403767586,0.8011916036891937,-1.8002734920501708
1752064915.4583342,-0.03494197368621826,0.8010254434204102,-1.7997804321289061
1752064915.4604023,-0.03488450333476067,0.8008592831516266,-1.7992873722076417
1752064915.4624634,-0.034827032983303065,0.800693122882843,-1.7987943122863768
1752064915.4647048,-0.034769562631845476,0.8005269626140594,-1.7983012523651123
1752064915.4666445,-0.034712092280387886,0.8003608023452758,-1.7978081924438478
1752064915.4687731,-0.034654621928930276,0.8001946420764923,-1.797315132522583
1752064915.470935,-0.03459715157747269,0.8000284818077087,-1.7968220726013184
1752064915.4731002,-0.034539681226015084,0.7998623215389251,-1.7963290126800537
1752064915.4752622,-0.034482210874557495,0.7996961612701415,-1.795835952758789
1752064915.4773486,-0.034424740523099906,0.7995300010013581,-1.7953428928375246
1752064915.4794562,-0.034367270171642296,0.7993638407325745,-1.7948498329162597
1752064915.4816172,-0.03430979982018471,0.7991976804637908,-1.7943567729949952
1752064915.483748,-0.034252329468727104,0.7990315201950073,-1.7938637130737303
1752064915.4856548,-0.034194859117269515,0.7988653599262237,-1.7933706531524658
1752064915.4877522,-0.034137388765811925,0.7986991996574402,-1.7928775932312013
1752064915.4898033,-0.03407991841435432,0.7985330393886565,-1.7923845333099364
1752064915.4919608,-0.03402244806289673,0.798366879119873,-1.791891473388672
1752064915.4940755,-0.03396497771143914,0.7982007188510893,-1.7913984134674075
1752064915.49625,-0.033907507359981534,0.7980345585823059,-1.7909053535461426
1752064915.4983852,-0.033850037008523945,0.7978683983135222,-1.7904122936248779
1752064915.5003843,-0.03379256665706634,0.7977022380447387,-1.7899192337036132
1752064915.5024416,-0.03373509630560875,0.7975360777759553,-1.7894261737823487
1752064915.504465,-0.033677625954151164,0.7973699175071716,-1.788933113861084
1752064915.5065253,-0.033620155602693554,0.7972037572383881,-1.7884400539398193
1752064915.508561,-0.033562685251235964,0.7970375969696044,-1.7879469940185548
1752064915.510643,-0.03350521489977836,0.796871436700821,-1.78745393409729
1752064915.5127053,-0.03344774454832077,0.7967052764320373,-1.7869608741760254
1752064915.5148804,-0.03339027419686318,0.7965391161632538,-1.786467814254761
1752064915.5170386,-0.03333280384540557,0.7963729558944701,-1.785974754333496
1752064915.5190222,-0.033275333493947984,0.7962067956256866,-1.7854816944122316
1752064915.521142,-0.03321786314249038,0.796040635356903,-1.7849886344909667
1752064915.523279,-0.03316039279103279,0.7958744750881195,-1.7844955745697022
1752064915.5253298,-0.0331029224395752,0.795708314819336,-1.7840025146484375
1752064915.5273929,-0.0330454520881176,0.7955421545505523,-1.7835094547271728
1752064915.5295541,-0.03298798173666001,0.7953759942817689,-1.7830163948059083
1752064915.531727,-0.0329305113852024,0.7952098340129852,-1.7825233348846434
1752064915.5336628,-0.03287304103374481,0.7950436737442017,-1.782030274963379
1752064915.5356903,-0.03281557068228722,0.794877513475418,-1.7815372150421145
1752064915.5378416,-0.03275810033082962,0.7947113532066346,-1.7810441551208496
1752064915.539987,-0.03270062997937203,0.7945451929378509,-1.7805510951995849
1752064915.542071,-0.03264315962791442,0.7943790326690674,-1.7800580352783202
1752064915.544165,-0.03258568927645683,0.7942128724002837,-1.7795649753570557
1752064915.5462294,-0.03252821892499924,0.7940467121315002,-1.779071915435791
1752064915.548369,-0.03247074857354164,0.7938805518627166,-1.7785788555145263
1752064915.5505013,-0.03241327822208405,0.7937143915939331,-1.7780857955932619
1752064915.5524077,-0.032355807870626446,0.7935482313251494,-1.777592735671997
1752064915.5544698,-0.03229833751916886,0.7933820710563659,-1.7770996757507325
1752064915.5565236,-0.03224086716771126,0.7932159107875825,-1.776606615829468
1752064915.5585642,-0.03218339681625366,0.7930497505187988,-1.776113555908203
1752064915.5606418,-0.03212592646479607,0.7928835902500153,-1.7756204959869386
1752064915.5627232,-0.032068456113338466,0.7927174299812316,-1.7751274360656737
1752064915.5649226,-0.03201098576188088,0.792551269712448,-1.7746343761444092
1752064915.5669167,-0.03195351541042329,0.7923851094436645,-1.7741413162231445
1752064915.5690362,-0.03189604505896568,0.7922189491748809,-1.7736482563018798
1752064915.5711727,-0.03183857470750809,0.7920527889060973,-1.7731551963806154
1752064915.573273,-0.031781104356050485,0.7918866286373137,-1.7726621364593504
1752064915.575333,-0.031723634004592896,0.7917204683685302,-1.772169076538086
1752064915.577385,-0.03166616365313531,0.7915543080997467,-1.7716760166168215
1752064915.5795171,-0.0316086933016777,0.791388147830963,-1.7711829566955566
1752064915.581674,-0.03155122295022011,0.7912219875621795,-1.770689896774292
1752064915.583765,-0.031493752598762505,0.791055827293396,-1.7701968368530272
1752064915.5857158,-0.031436282247304916,0.7908896670246124,-1.7697037769317627
1752064915.587865,-0.031378811895847326,0.7907235067558288,-1.769210717010498
1752064915.5900295,-0.03132134154438972,0.7905573464870452,-1.7687176570892333
1752064915.5921662,-0.031263871192932134,0.7903911862182617,-1.7682245971679689
1752064915.5942705,-0.031206400841474524,0.7902250259494781,-1.767731537246704
1752064915.596373,-0.031148930490016935,0.7900588656806945,-1.7672384773254395
1752064915.5985157,-0.031091460138559346,0.7898927054119109,-1.766745417404175
1752064915.6005192,-0.031033989787101743,0.7897265451431273,-1.76625235748291
1752064915.6025305,-0.03097651943564415,0.7895603848743438,-1.7657592975616456
1752064915.6045887,-0.030919049084186547,0.7893942246055602,-1.7652662376403807
1752064915.606648,-0.030861578732728958,0.7892280643367767,-1.7647731777191162
1752064915.6087925,-0.03080410838127137,0.7890619040679931,-1.7642801177978515
1752064915.6108496,-0.030746638029813762,0.7888957437992096,-1.7637870578765869
1752064915.6130369,-0.030689167678356173,0.788729583530426,-1.7632939979553224
1752064915.6151996,-0.030631697326898567,0.7885634232616424,-1.7628009380340575
1752064915.6172202,-0.030574226975440977,0.7883972629928588,-1.762307878112793
1752064915.6192737,-0.03051675662398339,0.7882311027240753,-1.7618148181915285
1752064915.6213334,-0.030459286272525782,0.7880649424552917,-1.7613217582702636
1752064915.6233928,-0.030401815921068193,0.7878987821865081,-1.760828698348999
1752064915.6254046,-0.030344345569610603,0.7877326219177245,-1.7603356384277342
1752064915.6274638,-0.030286875218152997,0.787566461648941,-1.7598425785064697
1752064915.6295595,-0.030229404866695408,0.7874003013801575,-1.759349518585205
1752064915.6317184,-0.030171934515237805,0.7872341411113738,-1.7588564586639404
1752064915.6336756,-0.030114464163780212,0.7870679808425903,-1.7583633987426759
1752064915.635692,-0.030056993812322623,0.7869018205738068,-1.7578703388214112
1752064915.6377475,-0.02999952346086502,0.7867356603050232,-1.7573772789001465
1752064915.6398914,-0.02994205310940743,0.7865695000362396,-1.756884218978882
1752064915.6420553,-0.029884582757949824,0.786403339767456,-1.7563911590576171
1752064915.644203,-0.029827112406492235,0.7862371794986724,-1.7558980991363526
1752064915.6462715,-0.029769642055034646,0.7860710192298889,-1.7554050392150882
1752064915.6484172,-0.02971217170357704,0.7859048589611053,-1.7549119792938233
1752064915.650516,-0.02965470135211945,0.7857386986923217,-1.7544189193725586
1752064915.6524634,-0.029597231000661844,0.7855725384235381,-1.7539258594512939
1752064915.6545181,-0.029539760649204255,0.7854063781547546,-1.7534327995300294
1752064915.6565785,-0.029482290297746665,0.7852402178859711,-1.7529397396087647
1752064915.6586404,-0.02942481994628906,0.7850740576171875,-1.7524466796875
1752064915.6607573,-0.02936734959483147,0.7849078973484039,-1.7519536197662355
1752064915.6629739,-0.029309879243373867,0.7847417370796204,-1.7514605598449706
1752064915.665051,-0.029252408891916274,0.7845755768108368,-1.750967499923706
1752064915.667089,-0.029194938540458685,0.7844094165420532,-1.7504744400024412
1752064915.6699996,-0.029137468189001082,0.7842432562732696,-1.7499813800811768
1752064915.6742184,-0.029079997837543493,0.784077096004486,-1.749488320159912
1752064915.678363,-0.029022527486085886,0.7839109357357025,-1.7489952602386474
1752064915.681418,-0.028965057134628297,0.7837447754669189,-1.748502200317383
1752064915.6843412,-0.028907586783170708,0.7835786151981353,-1.7480091403961182
1752064915.6863892,-0.0288501164317131,0.7834124549293517,-1.7475160804748535
1752064915.68843,-0.028792646080255512,0.7832462946605683,-1.747023020553589
1752064915.690435,-0.028735175728797906,0.7830801343917846,-1.7465299606323241
1752064915.692498,-0.028677705377340316,0.7829139741230011,-1.7460369007110597
1752064915.694474,-0.028620235025882727,0.7827478138542175,-1.7455438407897952
1752064915.696589,-0.02856276467442512,0.782581653585434,-1.7450507808685303
1752064915.698812,-0.02850529432296753,0.7824154933166504,-1.7445577209472656
1752064915.7006838,-0.028447823971509925,0.7822493330478668,-1.7440646610260009
1752064915.702728,-0.028390353620052336,0.7820831727790832,-1.7435716011047364
1752064915.7048094,-0.028332883268594747,0.7819170125102997,-1.7430785411834717
1752064915.706905,-0.028275412917137144,0.7817508522415161,-1.742585481262207
1752064915.7089367,-0.028217942565679555,0.7815846919727325,-1.7420924213409426
1752064915.711053,-0.028160472214221948,0.7814185317039489,-1.7415993614196776
1752064915.7131617,-0.02810300186276436,0.7812523714351653,-1.741106301498413
1752064915.7152793,-0.02804553151130677,0.7810862111663819,-1.7406132415771483
1752064915.717313,-0.027988061159849163,0.7809200508975983,-1.7401201816558838
1752064915.719808,-0.027930590808391574,0.7807538906288147,-1.739627121734619
1752064915.7225742,-0.027873120456933968,0.780587730360031,-1.7391340618133544
1752064915.7249355,-0.02781565010547638,0.7804215700912476,-1.73864100189209
1752064915.7269464,-0.02775817975401879,0.780255409822464,-1.7381479419708252
1752064915.7290611,-0.027700709402561183,0.7800892495536804,-1.7376548820495605
1752064915.731098,-0.027643239051103594,0.7799230892848968,-1.737161822128296
1752064915.7331543,-0.027585768699645987,0.7797569290161133,-1.7366687622070311
1752064915.7351594,-0.027528298348188398,0.7795907687473296,-1.7361757022857667
1752064915.737337,-0.02747082799673081,0.7794246084785461,-1.7356826423645022
1752064915.7393448,-0.027413357645273206,0.7792584482097624,-1.7351895824432373
1752064915.7414064,-0.027355887293815613,0.779092287940979,-1.7346965225219726
1752064915.7434547,-0.02729841694235801,0.7789261276721953,-1.734203462600708
1752064915.7454822,-0.02724094659090042,0.7787599674034118,-1.7337104026794434
1752064915.7476761,-0.02718347623944283,0.7785938071346283,-1.7332173427581787
1752064915.749755,-0.027126005887985225,0.7784276468658446,-1.732724282836914
1752064915.751783,-0.027068535536527636,0.7782614865970612,-1.7322312229156496
1752064915.7539303,-0.02701106518507003,0.7780953263282775,-1.7317381629943847
1752064915.7560687,-0.02695359483361244,0.777929166059494,-1.73124510307312
1752064915.7582376,-0.02689612448215485,0.7777630057907103,-1.7307520431518553
1752064915.7603183,-0.026838654130697245,0.7775968455219269,-1.7302589832305908
1752064915.7623773,-0.026781183779239656,0.7774306852531432,-1.729765923309326
1752064915.7645583,-0.026723713427782066,0.7772645249843597,-1.7292728633880614
1752064915.766624,-0.02666624307632446,0.777098364715576,-1.728779803466797
1752064915.7685742,-0.02660877272486687,0.7769322044467926,-1.7282867435455322
1752064915.7707283,-0.026551302373409268,0.7767660441780091,-1.7277936836242676
1752064915.7728858,-0.026493832021951675,0.7765998839092254,-1.727300623703003
1752064915.7750416,-0.026436361670494086,0.7764337236404419,-1.7268075637817384
1752064915.777206,-0.026378891319036483,0.7762675633716583,-1.7263145038604737
1752064915.7793503,-0.026321420967578894,0.7761014031028748,-1.7258214439392092
1752064915.7815604,-0.026263950616121287,0.7759352428340911,-1.7253283840179443
1752064915.7836263,-0.026206480264663698,0.7757690825653076,-1.7248353240966796
1752064915.7855518,-0.02614900991320611,0.7756029222965239,-1.724342264175415
1752064915.7876062,-0.026091539561748502,0.7754367620277404,-1.7238492042541504
1752064915.7897584,-0.026034069210290913,0.7752706017589568,-1.7233561443328858
1752064915.791915,-0.025976598858833307,0.7751044414901732,-1.722863084411621
1752064915.7940729,-0.025919128507375717,0.7749382812213897,-1.7223700244903566
1752064915.7962997,-0.02586165815591813,0.7747721209526062,-1.721876964569092
1752064915.7985156,-0.025804187804460522,0.7746059606838226,-1.721383904647827
1752064915.80045,-0.025746717453002933,0.774439800415039,-1.7208908447265623
1752064915.8024607,-0.02568924710154533,0.7742736401462554,-1.7203977848052978
1752064915.8045185,-0.025631776750087737,0.7741074798774719,-1.7199047248840331
1752064915.8065765,-0.025574306398630148,0.7739413196086883,-1.7194116649627684
1752064915.8087304,-0.025516836047172545,0.7737751593399047,-1.718918605041504
1752064915.8108835,-0.025459365695714956,0.7736089990711211,-1.7184255451202393
1752064915.8129747,-0.02540189534425735,0.7734428388023376,-1.7179324851989746
1752064915.8151658,-0.02534442499279976,0.773276678533554,-1.71743942527771
1752064915.8172784,-0.02528695464134217,0.7731105182647705,-1.7169463653564454
1752064915.8192842,-0.025229484289884564,0.7729443579959868,-1.7164533054351807
1752064915.8213675,-0.025172013938426975,0.7727781977272034,-1.7159602455139162
1752064915.8234274,-0.02511454358696937,0.7726120374584198,-1.7154671855926513
1752064915.82544,-0.02505707323551178,0.7724458771896362,-1.7149741256713866
1752064915.8274975,-0.02499960288405419,0.7722797169208526,-1.714481065750122
1752064915.829659,-0.024942132532596584,0.772113556652069,-1.7139880058288575
1752064915.831878,-0.024884662181138995,0.7719473963832855,-1.7134949459075928
1752064915.833853,-0.02482719182968139,0.7717812361145019,-1.713001885986328
1752064915.8359756,-0.0247697214782238,0.7716150758457183,-1.7125088260650636
1752064915.838139,-0.02471225112676621,0.7714489155769347,-1.712015766143799
1752064915.840275,-0.024654780775308607,0.7712827553081512,-1.711522706222534
1752064915.842411,-0.024597310423851017,0.7711165950393676,-1.7110296463012695
1752064915.8444932,-0.02453984007239341,0.770950434770584,-1.7105365863800048
1752064915.8466144,-0.024482369720935822,0.7707842745018005,-1.7100435264587401
1752064915.8487694,-0.024424899369478233,0.770618114233017,-1.7095504665374754
1752064915.8508554,-0.024367429018020626,0.7704519539642334,-1.709057406616211
1752064915.8529706,-0.024309958666563037,0.7702857936954498,-1.7085643466949463
1752064915.8551326,-0.02425248831510543,0.7701196334266662,-1.7080712867736816
1752064915.8572953,-0.02419501796364784,0.7699534731578827,-1.7075782268524171
1752064915.8593812,-0.024137547612190252,0.7697873128890991,-1.7070851669311524
1752064915.8614326,-0.024080077260732646,0.7696211526203155,-1.7065921070098877
1752064915.8635423,-0.024022606909275056,0.7694549923515319,-1.7060990470886233
1752064915.8657167,-0.02396513655781745,0.7692888320827483,-1.7056059871673583
1752064915.8677282,-0.02390766620635986,0.7691226718139648,-1.7051129272460936
1752064915.869802,-0.02385019585490227,0.7689565115451813,-1.704619867324829
1752064915.87196,-0.02379272550344467,0.7687903512763976,-1.7041268074035645
1752064915.8741145,-0.02373525515198708,0.7686241910076141,-1.7036337474822998
1752064915.8762686,-0.023677784800529473,0.7684580307388306,-1.703140687561035
1752064915.8783536,-0.023620314449071884,0.768291870470047,-1.7026476276397706
1752064915.8805196,-0.023562844097614295,0.7681257102012634,-1.702154567718506
1752064915.88257,-0.023505373746156688,0.7679595499324798,-1.701661507797241
1752064915.8845737,-0.0234479033946991,0.7677933896636963,-1.7011684478759765
1752064915.886723,-0.023390433043241492,0.7676272293949127,-1.7006753879547118
1752064915.8888776,-0.023332962691783903,0.7674610691261291,-1.7001823280334472
1752064915.891034,-0.023275492340326314,0.7672949088573455,-1.6996892681121827
1752064915.8931975,-0.023218021988868708,0.767128748588562,-1.699196208190918
1752064915.8952882,-0.02316055163741112,0.7669625883197784,-1.6987031482696533
1752064915.8974423,-0.02310308128595353,0.7667964280509949,-1.6982100883483886
1752064915.8995304,-0.023045610934495923,0.7666302677822113,-1.6977170284271241
1752064915.9015224,-0.022988140583038334,0.7664641075134278,-1.6972239685058594
1752064915.9035747,-0.02293067023158073,0.7662979472446442,-1.6967309085845947
1752064915.905631,-0.022873199880123138,0.7661317869758606,-1.6962378486633303
1752064915.9077888,-0.02281572952866555,0.765965626707077,-1.6957447887420656
1752064915.909866,-0.022758259177207946,0.7657994664382934,-1.6952517288208007
1752064915.9120069,-0.022700788825750357,0.7656333061695099,-1.6947586688995362
1752064915.9141896,-0.02264331847429275,0.7654671459007263,-1.6942656089782715
1752064915.916363,-0.02258584812283516,0.7653009856319427,-1.6937725490570068
1752064915.918311,-0.02252837777137757,0.7651348253631591,-1.6932794891357423
1752064915.9203935,-0.022470907419919965,0.7649686650943756,-1.6927864292144776
1752064915.9224381,-0.022413437068462376,0.7648025048255921,-1.692293369293213
1752064915.9244971,-0.02235596671700477,0.7646363445568084,-1.691800309371948
1752064915.9265583,-0.02229849636554718,0.7644701842880249,-1.6913072494506836
1752064915.9286668,-0.02224102601408959,0.7643040240192414,-1.6908141895294189
1752064915.9308734,-0.022183555662631985,0.7641378637504578,-1.6903211296081542
1752064915.9329596,-0.022126085311174395,0.7639717034816742,-1.6898280696868897
1752064915.9350271,-0.022068614959716792,0.7638055432128906,-1.689335009765625
1752064915.9371667,-0.0220111446082592,0.763639382944107,-1.6888419498443603
1752064915.9392726,-0.02195367425680161,0.7634732226753235,-1.6883488899230958
1752064915.941421,-0.021896203905344008,0.7633070624065399,-1.6878558300018311
1752064915.9434328,-0.02183873355388642,0.7631409021377563,-1.6873627700805665
1752064915.9454591,-0.021781263202428812,0.7629747418689727,-1.6868697101593018
1752064915.9477642,-0.021723792850971223,0.7628085816001892,-1.6863766502380373
1752064915.9496453,-0.021666322499513634,0.7626424213314057,-1.6858835903167726
1752064915.9516218,-0.021608852148056027,0.7624762610626221,-1.6853905303955077
1752064915.953776,-0.021551381796598438,0.7623101007938384,-1.6848974704742432
1752064915.9559314,-0.02149391144514083,0.762143940525055,-1.6844044105529785
1752064915.958091,-0.021436441093683242,0.7619777802562713,-1.6839113506317138
1752064915.9602497,-0.021378970742225653,0.7618116199874878,-1.6834182907104493
1752064915.962347,-0.021321500390768047,0.7616454597187041,-1.6829252307891847
1752064915.964597,-0.021264030039310457,0.7614792994499207,-1.68243217086792
1752064915.966609,-0.021206559687852854,0.761313139181137,-1.681939110946655
1752064915.9685857,-0.02114908933639526,0.7611469789123535,-1.6814460510253906
1752064915.970744,-0.021091618984937673,0.7609808186435698,-1.6809529911041259
1752064915.9729006,-0.02103414863348007,0.7608146583747863,-1.6804599311828612
1752064915.9750576,-0.02097667828202248,0.7606484981060029,-1.6799668712615967
1752064915.9772184,-0.020919207930564874,0.7604823378372192,-1.679473811340332
1752064915.9793308,-0.020861737579107285,0.7603161775684357,-1.6789807514190673
1752064915.9815147,-0.020804267227649696,0.760150017299652,-1.6784876914978029
1752064915.9835055,-0.02074679687619209,0.7599838570308686,-1.6779946315765382
1752064915.9855099,-0.0206893265247345,0.7598176967620849,-1.6775015716552735
1752064915.9875693,-0.020631856173276893,0.7596515364933014,-1.6770085117340088
1752064915.9897196,-0.020574385821819304,0.7594853762245177,-1.6765154518127443
1752064915.9918756,-0.020516915470361715,0.7593192159557343,-1.6760223918914796
1752064915.9940362,-0.02045944511890411,0.7591530556869506,-1.6755293319702147
1752064915.9962099,-0.02040197476744652,0.7589868954181671,-1.6750362720489502
1752064915.9983685,-0.020344504415988916,0.7588207351493834,-1.6745432121276855
1752064916.0005543,-0.020287034064531324,0.7586545748806,-1.6740501522064208
1752064916.0024927,-0.020229563713073734,0.7584884146118165,-1.6735570922851564
1752064916.0045218,-0.02017209336161613,0.7583222543430328,-1.6730640323638917
1752064916.006579,-0.020114623010158542,0.7581560940742492,-1.672570972442627
1752064916.0087323,-0.020057152658700936,0.7579899338054656,-1.672077912521362
1752064916.0108879,-0.019999682307243347,0.7578237735366821,-1.6715848526000976
1752064916.0130503,-0.019942211955785757,0.7576576132678985,-1.671091792678833
1752064916.015338,-0.01988474160432815,0.7574914529991149,-1.6705987327575682
1752064916.0173073,-0.019827271252870562,0.7573252927303313,-1.6701056728363037
1752064916.0193632,-0.019769800901412955,0.7571591324615478,-1.669612612915039
1752064916.021453,-0.019712330549955366,0.7569929721927642,-1.6691195529937743
1752064916.0235233,-0.019654860198497777,0.7568268119239806,-1.6686264930725099
1752064916.0255723,-0.01959738984704017,0.756660651655197,-1.6681334331512452
1752064916.02772,-0.01953991949558258,0.7564944913864136,-1.6676403732299805
1752064916.0298207,-0.019482449144124992,0.75632833111763,-1.667147313308716
1752064916.0320768,-0.019424978792667386,0.7561621708488464,-1.6666542533874513
1752064916.0341678,-0.019367508441209796,0.7559960105800628,-1.6661611934661866
1752064916.0362322,-0.019310038089752193,0.7558298503112792,-1.6656681335449217
1752064916.0383203,-0.019252567738294604,0.7556636900424957,-1.6651750736236572
1752064916.0404043,-0.01919509738683701,0.7554975297737121,-1.6646820137023925
1752064916.0424495,-0.01913762703537941,0.7553313695049285,-1.6641889537811279
1752064916.0445096,-0.01908015668392182,0.7551652092361449,-1.6636958938598634
1752064916.0466082,-0.019022686332464213,0.7549990489673614,-1.6632028339385987
1752064916.0488749,-0.018965215981006624,0.7548328886985778,-1.662709774017334
1752064916.0507996,-0.018907745629549035,0.7546667284297943,-1.6622167140960695
1752064916.0529282,-0.018850275278091428,0.7545005681610106,-1.6617236541748046
1752064916.0550916,-0.01879280492663384,0.7543344078922272,-1.66123059425354
1752064916.0571887,-0.018735334575176232,0.7541682476234436,-1.6607375343322752
1752064916.0592883,-0.018677864223718643,0.75400208735466,-1.6602444744110108
1752064916.0613785,-0.018620393872261054,0.7538359270858764,-1.659751414489746
1752064916.0634434,-0.018562923520803448,0.7536697668170929,-1.6592583545684814
1752064916.0655143,-0.01850545316934586,0.7535036065483093,-1.658765294647217
1752064916.0675435,-0.018447982817888255,0.7533374462795257,-1.6582722347259522
1752064916.0695634,-0.018390512466430666,0.7531712860107421,-1.6577791748046875
1752064916.0717251,-0.018333042114973074,0.7530051257419585,-1.657286114883423
1752064916.073885,-0.01827557176351547,0.752838965473175,-1.6567930549621583
1752064916.0759742,-0.01821810141205788,0.7526728052043914,-1.6562999950408936
1752064916.0781307,-0.018160631060600275,0.7525066449356078,-1.6558069351196287
1752064916.0803046,-0.018103160709142686,0.7523404846668243,-1.6553138751983643
1752064916.082417,-0.018045690357685096,0.7521743243980408,-1.6548208152770996
1752064916.084476,-0.01798822000622749,0.7520081641292572,-1.6543277553558349
1752064916.0865138,-0.0179307496547699,0.7518420038604736,-1.6538346954345704
1752064916.0885758,-0.017873279303312294,0.75167584359169,-1.6533416355133057
1752064916.0907266,-0.017815808951854705,0.7515096833229065,-1.652848575592041
1752064916.0928843,-0.017758338600397116,0.7513435230541229,-1.6523555156707765
1752064916.095041,-0.01770086824893951,0.7511773627853393,-1.6518624557495116
1752064916.0972738,-0.01764339789748192,0.7510112025165557,-1.651369395828247
1752064916.0993137,-0.017585927546024317,0.7508450422477722,-1.6508763359069822
1752064916.1013558,-0.017528457194566725,0.7506788819789886,-1.6503832759857178
1752064916.1034212,-0.017470986843109135,0.7505127217102051,-1.649890216064453
1752064916.105441,-0.017413516491651532,0.7503465614414214,-1.6493971561431884
1752064916.1075003,-0.017356046140193943,0.750180401172638,-1.648904096221924
1752064916.109564,-0.017298575788736337,0.7500142409038544,-1.6484110363006592
1752064916.1117253,-0.017241105437278748,0.7498480806350708,-1.6479179763793945
1752064916.1140397,-0.01718363508582116,0.7496819203662872,-1.64742491645813
1752064916.1158748,-0.017126164734363552,0.7495157600975036,-1.6469318565368654
1752064916.1180093,-0.017068694382905963,0.7493495998287201,-1.6464387966156007
1752064916.120155,-0.017011224031448356,0.7491834395599365,-1.6459457366943357
1752064916.122282,-0.016953753679990767,0.7490172792911529,-1.6454526767730713
1752064916.1243656,-0.016896283328533178,0.7488511190223693,-1.6449596168518066
1752064916.1264322,-0.01683881297707557,0.7486849587535858,-1.644466556930542
1752064916.1284952,-0.016781342625617982,0.7485187984848022,-1.6439734970092774
1752064916.1307077,-0.01672387227416038,0.7483526382160186,-1.6434804370880127
1752064916.1327243,-0.016666401922702787,0.7481864779472351,-1.642987377166748
1752064916.134814,-0.016608931571245197,0.7480203176784516,-1.6424943172454836
1752064916.1368837,-0.016551461219787594,0.747854157409668,-1.6420012573242186
1752064916.1390445,-0.016493990868330005,0.7476879971408844,-1.641508197402954
1752064916.1412063,-0.0164365205168724,0.7475218368721008,-1.6410151374816893
1752064916.1432974,-0.01637905016541481,0.7473556766033173,-1.6405220775604248
1752064916.1453872,-0.01632157981395722,0.7471895163345337,-1.64002901763916
1752064916.1475816,-0.016264109462499614,0.7470233560657501,-1.6395359577178954
1752064916.1496193,-0.016206639111042025,0.7468571957969665,-1.639042897796631
1752064916.1515954,-0.016149168759584435,0.746691035528183,-1.6385498378753662
1752064916.1537554,-0.01609169840812683,0.7465248752593994,-1.6380567779541015
1752064916.1559117,-0.01603422805666924,0.7463587149906159,-1.637563718032837
1752064916.158014,-0.015976757705211633,0.7461925547218322,-1.6370706581115724
1752064916.1601708,-0.015919287353754044,0.7460263944530487,-1.6365775981903077
1752064916.1622715,-0.015861817002296455,0.7458602341842652,-1.6360845382690432
1752064916.1644347,-0.01580434665083885,0.7456940739154816,-1.6355914783477783
1752064916.166549,-0.01574687629938126,0.745527913646698,-1.6350984184265136
1752064916.1685135,-0.015689405947923656,0.7453617533779144,-1.634605358505249
1752064916.170568,-0.015631935596466067,0.7451955931091309,-1.6341122985839844
1752064916.1727195,-0.015574465245008476,0.7450294328403473,-1.6336192386627197
1752064916.1748762,-0.015516994893550871,0.7448632725715637,-1.633126178741455
1752064916.177032,-0.01545952454209328,0.7446971123027801,-1.6326331188201906
1752064916.1791434,-0.015402054190635676,0.7445309520339964,-1.6321400588989257
1752064916.1813176,-0.015344583839178087,0.744364791765213,-1.631646998977661
1752064916.183449,-0.015287113487720497,0.7441986314964295,-1.6311539390563965
1752064916.1854002,-0.015229643136262891,0.7440324712276458,-1.6306608791351318
1752064916.1874497,-0.015172172784805302,0.7438663109588624,-1.630167819213867
1752064916.1895087,-0.015114702433347697,0.7437001506900787,-1.6296747592926024
1752064916.1915684,-0.015057232081890106,0.7435339904212952,-1.629181699371338
1752064916.1937206,-0.014999761730432517,0.7433678301525115,-1.6286886394500733
1752064916.1958575,-0.014942291378974912,0.743201669883728,-1.6281955795288086
1752064916.1981552,-0.014884821027517323,0.7430355096149444,-1.627702519607544
1752064916.2001944,-0.014827350676059716,0.7428693493461608,-1.6272094596862794
1752064916.202257,-0.014769880324602127,0.7427031890773772,-1.6267163997650147
1752064916.2043464,-0.014712409973144538,0.7425370288085937,-1.6262233398437502
1752064916.206429,-0.014654939621686933,0.74237086853981,-1.6257302799224853
1752064916.2084894,-0.014597469270229342,0.7422047082710266,-1.6252372200012206
1752064916.2105486,-0.014539998918771738,0.7420385480022429,-1.624744160079956
1752064916.2126348,-0.014482528567314149,0.7418723877334594,-1.6242511001586915
1752064916.214901,-0.01442505821585656,0.741706227464676,-1.6237580402374268
1752064916.2168932,-0.014367587864398953,0.7415400671958923,-1.623264980316162
1752064916.2189598,-0.014310117512941364,0.7413739069271087,-1.6227719203948976
1752064916.2211132,-0.014252647161483759,0.7412077466583251,-1.6222788604736327
1752064916.223271,-0.014195176810026168,0.7410415863895415,-1.621785800552368
1752064916.225359,-0.014137706458568579,0.740875426120758,-1.6212927406311035
1752064916.2274399,-0.014080236107110974,0.7407092658519744,-1.6207996807098388
1752064916.2295182,-0.014022765755653385,0.7405431055831908,-1.6203066207885741
1752064916.2316499,-0.013965295404195778,0.7403769453144072,-1.6198135608673094
1752064916.2337167,-0.01390782505273819,0.7402107850456237,-1.619320500946045
1752064916.235823,-0.0138503547012806,0.7400446247768402,-1.6188274410247803
1752064916.2379816,-0.013792884349822994,0.7398784645080566,-1.6183343811035156
1752064916.2401366,-0.013735413998365404,0.739712304239273,-1.617841321182251
1752064916.242256,-0.0136779436469078,0.7395461439704895,-1.6173482612609864
1752064916.244341,-0.01362047329545021,0.7393799837017059,-1.6168552013397217
1752064916.2464516,-0.013563002943992621,0.7392138234329223,-1.6163621414184572
1752064916.2485535,-0.013505532592535015,0.7390476631641387,-1.6158690814971923
1752064916.2506037,-0.013448062241077426,0.7388815028953551,-1.6153760215759276
1752064916.2527122,-0.01339059188961982,0.7387153426265716,-1.614882961654663
1752064916.254873,-0.01333312153816223,0.738549182357788,-1.6143899017333985
1752064916.2570271,-0.01327565118670464,0.7383830220890044,-1.6138968418121338
1752064916.2591891,-0.013218180835247036,0.7382168618202208,-1.613403781890869
1752064916.2612846,-0.013160710483789447,0.7380507015514374,-1.6129107219696046
1752064916.2634034,-0.01310324013233184,0.7378845412826537,-1.6124176620483397
1752064916.2656727,-0.013045769780874251,0.7377183810138702,-1.611924602127075
1752064916.2675421,-0.012988299429416662,0.7375522207450866,-1.6114315422058105
1752064916.269573,-0.012930829077959055,0.7373860604763031,-1.6109384822845458
1752064916.2717326,-0.012873358726501466,0.7372199002075195,-1.6104454223632811
1752064916.2738922,-0.012815888375043862,0.7370537399387359,-1.6099523624420164
1752064916.2760453,-0.012758418023586272,0.7368875796699523,-1.609459302520752
1752064916.278207,-0.012700947672128681,0.7367214194011688,-1.6089662425994873
1752064916.2803853,-0.012643477320671077,0.7365552591323852,-1.6084731826782226
1752064916.282475,-0.012586006969213488,0.7363890988636016,-1.6079801227569581
1752064916.284477,-0.012528536617755898,0.7362229385948181,-1.6074870628356934
1752064916.2865138,-0.012471066266298292,0.7360567783260344,-1.6069940029144287
1752064916.2885816,-0.012413595914840703,0.735890618057251,-1.6065009429931643
1752064916.2907302,-0.012356125563383098,0.7357244577884674,-1.6060078830718993
1752064916.2928848,-0.012298655211925509,0.7355582975196838,-1.6055148231506347
1752064916.2950397,-0.012241184860467918,0.7353921372509002,-1.6050217632293702
1752064916.2972243,-0.012183714509010313,0.7352259769821167,-1.6045287033081055
1752064916.2993677,-0.012126244157552724,0.7350598167133331,-1.6040356433868408
1752064916.3013356,-0.012068773806095117,0.7348936564445495,-1.603542583465576
1752064916.3034167,-0.012011303454637528,0.7347274961757659,-1.6030495235443116
1752064916.305439,-0.011953833103179939,0.7345613359069824,-1.602556463623047
1752064916.3075004,-0.011896362751722334,0.7343951756381988,-1.602063403701782
1752064916.3095593,-0.011838892400264743,0.7342290153694152,-1.6015703437805175
1752064916.31171,-0.011781422048807139,0.7340628551006316,-1.6010772838592529
1752064916.3139453,-0.01172395169734955,0.7338966948318482,-1.6005842239379882
1752064916.3159666,-0.01166648134589196,0.7337305345630646,-1.6000911640167237
1752064916.3180866,-0.011609010994434354,0.733564374294281,-1.599598104095459
1752064916.320233,-0.011551540642976765,0.7333982140254974,-1.5991050441741943
1752064916.322323,-0.01149407029151916,0.7332320537567139,-1.5986119842529296
1752064916.3244092,-0.011436599940061569,0.7330658934879303,-1.5981189243316651
1752064916.3264346,-0.01137912958860398,0.7328997332191467,-1.5976258644104004
1752064916.3284962,-0.011321659237146375,0.7327335729503631,-1.5971328044891357
1752064916.3306103,-0.011264188885688786,0.7325674126815795,-1.5966397445678713
1752064916.332737,-0.01120671853423118,0.732401252412796,-1.5961466846466064
1752064916.3348334,-0.01114924818277359,0.7322350921440124,-1.5956536247253417
1752064916.3369827,-0.011091777831316001,0.7320689318752289,-1.5951605648040772
1752064916.339138,-0.011034307479858396,0.7319027716064452,-1.5946675048828125
1752064916.3412828,-0.010976837128400805,0.7317366113376618,-1.5941744449615478
1752064916.3433661,-0.0109193667769432,0.7315704510688782,-1.5936813850402831
1752064916.3454287,-0.010861896425485611,0.7314042908000946,-1.5931883251190186
1752064916.3476207,-0.010804426074028022,0.731238130531311,-1.592695265197754
1752064916.3496733,-0.010746955722570416,0.7310719702625275,-1.592202205276489
1752064916.3515909,-0.010689485371112827,0.7309058099937439,-1.5917091453552246
1752064916.3537483,-0.010632015019655222,0.7307396497249603,-1.5912160854339599
1752064916.355903,-0.01057454466819763,0.7305734894561767,-1.5907230255126952
1752064916.3580616,-0.010517074316740042,0.7304073291873932,-1.5902299655914307
1752064916.3602247,-0.010459603965282437,0.7302411689186096,-1.589736905670166
1752064916.3623245,-0.010402133613824848,0.730075008649826,-1.5892438457489013
1752064916.3645434,-0.010344663262367241,0.7299088483810424,-1.5887507858276366
1752064916.3666365,-0.010287192910909652,0.729742688112259,-1.5882577259063722
1752064916.3685613,-0.010229722559452063,0.7295765278434754,-1.5877646659851075
1752064916.3706155,-0.010172252207994458,0.7294103675746918,-1.5872716060638428
1752064916.372767,-0.010114781856536867,0.7292442073059082,-1.5867785461425783
1752064916.3749275,-0.010057311505079262,0.7290780470371246,-1.5862854862213134
1752064916.3770936,-0.009999841153621673,0.7289118867683411,-1.5857924263000487
1752064916.3792415,-0.009942370802164084,0.7287457264995575,-1.5852993663787842
1752064916.381522,-0.009884900450706478,0.7285795662307739,-1.5848063064575195
1752064916.3834658,-0.009827430099248888,0.7284134059619903,-1.5843132465362548
1752064916.3855112,-0.009769959747791284,0.7282472456932068,-1.5838201866149901
1752064916.3875678,-0.009712489396333693,0.7280810854244232,-1.5833271266937257
1752064916.3897247,-0.009655019044876104,0.7279149251556397,-1.582834066772461
1752064916.3918836,-0.009597548693418499,0.727748764886856,-1.582341006851196
1752064916.3940387,-0.00954007834196091,0.7275826046180726,-1.5818479469299316
1752064916.3962145,-0.009482607990503303,0.727416444349289,-1.5813548870086669
1752064916.3984485,-0.009425137639045714,0.7272502840805054,-1.5808618270874022
1752064916.4005475,-0.009367667287588125,0.7270841238117218,-1.5803687671661377
1752064916.4024465,-0.009310196936130518,0.7269179635429381,-1.579875707244873
1752064916.4045048,-0.00925272658467293,0.7267518032741547,-1.5793826473236083
1752064916.4065628,-0.009195256233215324,0.726585643005371,-1.5788895874023436
1752064916.4087143,-0.009137785881757735,0.7264194827365875,-1.5783965274810792
1752064916.4108706,-0.009080315530300146,0.7262533224678038,-1.5779034675598145
1752064916.412999,-0.00902284517884254,0.7260871621990204,-1.5774104076385498
1752064916.4152648,-0.00896537482738495,0.7259210019302367,-1.5769173477172853
1752064916.4172108,-0.008907904475927361,0.7257548416614532,-1.5764242877960206
1752064916.419289,-0.008850434124469755,0.7255886813926697,-1.5759312278747557
1752064916.4213743,-0.008792963773012166,0.725422521123886,-1.5754381679534912
1752064916.4234862,-0.00873549342155456,0.7252563608551025,-1.5749451080322265
1752064916.4255464,-0.008678023070096972,0.7250902005863189,-1.5744520481109618
1752064916.4276025,-0.00862055271863938,0.7249240403175354,-1.5739589881896974
1752064916.4297106,-0.008563082367181776,0.7247578800487517,-1.5734659282684327
1752064916.4318767,-0.008505612015724187,0.7245917197799683,-1.572972868347168
1752064916.4340007,-0.00844814166426658,0.7244255595111846,-1.572479808425903
1752064916.4360814,-0.008390671312808991,0.724259399242401,-1.5719867485046386
1752064916.4382503,-0.008333200961351402,0.7240932389736174,-1.571493688583374
1752064916.4403687,-0.008275730609893797,0.7239270787048339,-1.5710006286621092
1752064916.4424868,-0.008218260258436206,0.7237609184360504,-1.5705075687408447
1752064916.4445448,-0.008160789906978601,0.7235947581672667,-1.57001450881958
1752064916.446684,-0.008103319555521012,0.7234285978984832,-1.5695214488983154
1752064916.4488258,-0.008045849204063423,0.7232624376296997,-1.5690283889770509
1752064916.4509258,-0.007988378852605817,0.7230962773609161,-1.5685353290557862
1752064916.4530704,-0.007930908501148227,0.7229301170921325,-1.5680422691345215
1752064916.455231,-0.007873438149690623,0.7227639568233489,-1.567549209213257
1752064916.4573364,-0.007815967798233034,0.7225977965545654,-1.5670561492919923
1752064916.4594872,-0.0077584974467754435,0.7224316362857818,-1.5665630893707276
1752064916.4615467,-0.007701027095317838,0.7222654760169982,-1.5660700294494627
1752064916.463688,-0.007643556743860249,0.7220993157482146,-1.5655769695281982
1752064916.4658396,-0.007586086392402643,0.721933155479431,-1.5650839096069336
1752064916.4678419,-0.007528616040945053,0.7217669952106475,-1.5645908496856689
1752064916.4699814,-0.007471145689487464,0.721600834941864,-1.5640977897644044
1752064916.472144,-0.007413675338029858,0.7214346746730804,-1.5636047298431397
1752064916.4742737,-0.007356204986572269,0.7212685144042968,-1.563111669921875
1752064916.4763594,-0.007298734635114663,0.7211023541355133,-1.56261861000061
1752064916.4784455,-0.007241264283657074,0.7209361938667297,-1.5621255500793456
1752064916.4806657,-0.007183793932199484,0.7207700335979461,-1.561632490158081
1752064916.4826431,-0.0071263235807418794,0.7206038733291625,-1.5611394302368162
1752064916.4846952,-0.007068853229284289,0.720437713060379,-1.5606463703155518
1752064916.4867566,-0.007011382877826684,0.7202715527915954,-1.560153310394287
1752064916.4888458,-0.006953912526369095,0.7201053925228118,-1.5596602504730224
1752064916.4910014,-0.0068964421749115054,0.7199392322540282,-1.559167190551758
1752064916.4931576,-0.0068389718234539,0.7197730719852447,-1.5586741306304932
1752064916.495319,-0.006781501471996311,0.7196069117164612,-1.5581810707092285
1752064916.4974782,-0.006724031120538705,0.7194407514476775,-1.557688010787964
1752064916.4995513,-0.006666560769081115,0.719274591178894,-1.5571949508666993
1752064916.501527,-0.006609090417623526,0.7191084309101105,-1.5567018909454347
1752064916.5035264,-0.00655162006616592,0.7189422706413269,-1.5562088310241697
1752064916.5055733,-0.006494149714708331,0.7187761103725433,-1.5557157711029053
1752064916.5077267,-0.006436679363250725,0.7186099501037597,-1.5552227111816406
1752064916.5098813,-0.006379209011793136,0.7184437898349761,-1.5547296512603759
1752064916.5119758,-0.006321738660335546,0.7182776295661926,-1.5542365913391114
1752064916.5142062,-0.006264268308877941,0.718111469297409,-1.5537435314178467
1752064916.5163932,-0.006206797957420351,0.7179453090286254,-1.553250471496582
1752064916.518369,-0.006149327605962746,0.7177791487598418,-1.552757411575317
1752064916.5204415,-0.0060918572545051565,0.7176129884910583,-1.5522643516540526
1752064916.5224931,-0.006034386903047567,0.7174468282222748,-1.551771291732788
1752064916.5245488,-0.005976916551589962,0.7172806679534912,-1.5512782318115232
1752064916.5267,-0.005919446200132372,0.7171145076847076,-1.5507851718902588
1752064916.5287898,-0.005861975848674767,0.7169483474159241,-1.550292111968994
1752064916.5310385,-0.005804505497217177,0.7167821871471405,-1.5497990520477294
1752064916.5331454,-0.005747035145759588,0.7166160268783569,-1.549305992126465
1752064916.5351524,-0.005689564794301982,0.7164498666095733,-1.5488129322052002
1752064916.5373,-0.005632094442844393,0.7162837063407897,-1.5483198722839355
1752064916.5394592,-0.005574624091386787,0.7161175460720062,-1.547826812362671
1752064916.5414922,-0.005517153739929198,0.7159513858032226,-1.5473337524414064
1752064916.5435514,-0.005459683388471608,0.715785225534439,-1.5468406925201417
1752064916.545609,-0.005402213037014002,0.7156190652656554,-1.5463476325988768
1752064916.5478113,-0.005344742685556413,0.715452904996872,-1.5458545726776123
1752064916.549922,-0.005287272334098824,0.7152867447280884,-1.5453615127563476
1752064916.5519793,-0.0052298019826412185,0.7151205844593048,-1.544868452835083
1752064916.5541425,-0.005172331631183628,0.7149544241905212,-1.5443753929138184
1752064916.5563068,-0.005114861279726024,0.7147882639217377,-1.5438823329925537
1752064916.558451,-0.005057390928268434,0.7146221036529541,-1.543389273071289
1752064916.5604982,-0.0049999205768108445,0.7144559433841705,-1.5428962131500246
1752064916.5625784,-0.004942450225353239,0.7142897831153869,-1.5424031532287596
1752064916.5648336,-0.00488497987389565,0.7141236228466034,-1.541910093307495
1752064916.5668132,-0.004827509522438044,0.7139574625778198,-1.5414170333862303
1752064916.5688403,-0.004770039170980455,0.7137913023090362,-1.5409239734649658
1752064916.571002,-0.004712568819522865,0.7136251420402527,-1.540430913543701
1752064916.5731587,-0.004655098468065259,0.713458981771469,-1.5399378536224364
1752064916.5752993,-0.00459762811660767,0.7132928215026856,-1.539444793701172
1752064916.5774493,-0.004540157765150064,0.713126661233902,-1.5389517337799072
1752064916.5795147,-0.004482687413692475,0.7129605009651184,-1.5384586738586425
1752064916.5817013,-0.004425217062234886,0.7127943406963348,-1.537965613937378
1752064916.5838022,-0.00436774671077728,0.7126281804275513,-1.5374725540161134
1752064916.5858338,-0.00431027635931969,0.7124620201587677,-1.5369794940948487
1752064916.5879962,-0.004252806007862086,0.7122958598899841,-1.5364864341735838
1752064916.590152,-0.0041953356564044956,0.7121296996212005,-1.5359933742523193
1752064916.592251,-0.004137865304946906,0.711963539352417,-1.5355003143310546
1752064916.5943546,-0.004080394953489301,0.7117973790836334,-1.53500725440979
1752064916.596486,-0.004022924602031712,0.7116312188148498,-1.5345141944885254
1752064916.5987153,-0.003965454250574106,0.7114650585460662,-1.5340211345672607
1752064916.6006107,-0.003907983899116517,0.7112988982772828,-1.533528074645996
1752064916.6027052,-0.0038505135476589267,0.7111327380084992,-1.5330350147247316
1752064916.6048698,-0.0037930431962013215,0.7109665777397156,-1.5325419548034667
1752064916.6070287,-0.003735572844743732,0.710800417470932,-1.532048894882202
1752064916.6091883,-0.0036781024932861267,0.7106342572021485,-1.5315558349609373
1752064916.6112907,-0.003620632141828537,0.7104680969333649,-1.5310627750396728
1752064916.6134408,-0.0035631617903709475,0.7103019366645813,-1.5305697151184081
1752064916.6155071,-0.003505691438913342,0.7101357763957977,-1.5300766551971434
1752064916.6175036,-0.0034482210874557527,0.7099696161270141,-1.529583595275879
1752064916.6195579,-0.003390750735998147,0.7098034558582306,-1.5290905353546143
1752064916.6216161,-0.0033332803845405575,0.709637295589447,-1.5285974754333496
1752064916.6237683,-0.0032758100330829683,0.7094711353206635,-1.528104415512085
1752064916.6259253,-0.0032183396816253627,0.7093049750518798,-1.5276113555908204
1752064916.6280837,-0.003160869330167773,0.7091388147830964,-1.5271182956695557
1752064916.6302192,-0.003103398978710168,0.7089726545143127,-1.5266252357482908
1752064916.6325076,-0.0030459286272525783,0.7088064942455292,-1.5261321758270263
1752064916.6344151,-0.0029884582757949887,0.7086403339767456,-1.5256391159057616
1752064916.63645,-0.0029309879243373835,0.708474173707962,-1.525146055984497
1752064916.6385098,-0.002873517572879794,0.7083080134391784,-1.5246529960632325
1752064916.6405709,-0.0028160472214221882,0.7081418531703948,-1.5241599361419678
1752064916.6427352,-0.002758576869964599,0.7079756929016112,-1.523666876220703
1752064916.64488,-0.0027011065185070095,0.7078095326328278,-1.5231738162994386
1752064916.6470776,-0.002643636167049404,0.7076433723640441,-1.5226807563781737
1752064916.6491566,-0.002586165815591814,0.7074772120952605,-1.522187696456909
1752064916.651252,-0.002528695464134209,0.7073110518264769,-1.5216946365356445
1752064916.6533184,-0.0024712251126766194,0.7071448915576934,-1.5212015766143798
1752064916.655475,-0.00241375476121903,0.7069787312889099,-1.5207085166931151
1752064916.6574914,-0.0023562844097614246,0.7068125710201263,-1.5202154567718504
1752064916.6595535,-0.002298814058303835,0.7066464107513427,-1.519722396850586
1752064916.66161,-0.00224134370684623,0.7064802504825591,-1.5192293369293213
1752064916.6637814,-0.00218387335538864,0.7063140902137756,-1.5187362770080566
1752064916.6658676,-0.0021264030039310506,0.706147929944992,-1.518243217086792
1752064916.667948,-0.002068932652473445,0.7059817696762084,-1.5177501571655274
1752064916.670098,-0.002011462301015856,0.7058156094074248,-1.5172570972442627
1752064916.6722674,-0.00195399194955825,0.7056494491386412,-1.516764037322998
1752064916.6743548,-0.0018965215981006608,0.7054832888698577,-1.5162709774017333
1752064916.67644,-0.0018390512466430712,0.7053171286010742,-1.5157779174804686
1752064916.6785016,-0.0017815808951854657,0.7051509683322905,-1.515284857559204
1752064916.6806564,-0.0017241105437278764,0.704984808063507,-1.5147917976379395
1752064916.682786,-0.0016666401922702868,0.7048186477947235,-1.5142987377166748
1752064916.6847937,-0.0016091698408126813,0.7046524875259399,-1.51380567779541
1752064916.6869195,-0.001551699489355092,0.7044863272571563,-1.5133126178741456
1752064916.6890817,-0.0014942291378974863,0.7043201669883727,-1.5128195579528807
1752064916.691242,-0.001436758786439897,0.7041540067195892,-1.512326498031616
1752064916.693345,-0.0013792884349823073,0.7039878464508056,-1.5118334381103515
1752064916.6954281,-0.001321818083524702,0.703821686182022,-1.5113403781890868
1752064916.6976464,-0.0012643477320671125,0.7036555259132384,-1.5108473182678221
1752064916.699684,-0.001206877380609507,0.7034893656444549,-1.5103542583465577
1752064916.701711,-0.0011494070291519175,0.7033232053756713,-1.509861198425293
1752064916.7038682,-0.0010919366776943281,0.7031570451068878,-1.5093681385040283
1752064916.7060218,-0.0010344663262367225,0.7029908848381042,-1.5088750785827636
1752064916.7081192,-0.000976995974779133,0.7028247245693207,-1.5083820186614991
1752064916.7102885,-0.0009195256233215277,0.7026585643005371,-1.5078889587402344
1752064916.7123778,-0.0008620552718639382,0.7024924040317535,-1.5073958988189697
1752064916.7145596,-0.0008045849204063487,0.7023262437629699,-1.5069028388977053
1752064916.7166061,-0.0007471145689487432,0.7021600834941863,-1.5064097789764404
1752064916.7185755,-0.0006896442174911537,0.7019939232254028,-1.5059167190551757
1752064916.7206297,-0.0006321738660335482,0.7018277629566192,-1.5054236591339112
1752064916.722784,-0.0005747035145759588,0.7016616026878356,-1.5049305992126465
1752064916.7249436,-0.0005172331631183693,0.701495442419052,-1.5044375392913818
1752064916.727099,-0.00045976281166076383,0.7013292821502685,-1.5039444793701173
1752064916.729253,-0.00040229246020317435,0.701163121881485,-1.5034514194488526
1752064916.7315502,-0.00034482210874556886,0.7009969616127013,-1.5029583595275877
1752064916.7335427,-0.0002873517572879794,0.7008308013439178,-1.502465299606323
1752064916.7354624,-0.00022988140583038989,0.7006646410751343,-1.5019722396850586
1752064916.7375062,-0.00017241105437278443,0.7004984808063507,-1.5014791797637939
1752064916.7395656,-0.00011494070291519494,0.7003323205375671,-1.5009861198425292
1752064916.7416244,-5.7470351457589496e-05,0.7001661602687835,-1.5004930599212647
1752064916.7437778,0.0,0.7,-1.5
1752064916.7458856,0.0,0.7,-1.5
1752064916.748104,0.0,0.7,-1.5
1752064916.7502449,0.0,0.7,-1.5
1752064916.7522616,0.0,0.7,-1.5
1752064916.7543714,0.0,0.7,-1.5
1752064916.756501,0.0,0.7,-1.5
1752064916.7585585,0.0,0.7,-1.5
1752064916.760618,0.0,0.7,-1.5
1752064916.7627683,0.0,0.7,-1.5
1752064916.7649865,0.0,0.7,-1.5
1752064916.7669516,0.0,0.7,-1.5
1752064916.7690592,0.0,0.7,-1.5
1752064916.7712274,0.0,0.7,-1.5
1752064916.7733176,0.0,0.7,-1.5
1752064916.7754028,0.0,0.7,-1.5
1752064916.7774322,0.0,0.7,-1.5
1752064916.7795124,0.0,0.7,-1.5
1752064916.7816322,0.0,0.7,-1.5
1752064916.7837698,0.0,0.7,-1.5
1752064916.785772,0.0,0.7,-1.5
1752064916.787933,0.0,0.7,-1.5
1752064916.790089,0.0,0.7,-1.5
1752064916.7922528,0.0,0.7,-1.5
1752064916.7943623,0.0,0.7,-1.5
1752064916.7964861,0.0,0.7,-1.5
1752064916.7987185,0.0,0.7,-1.5
1752064916.800643,0.0,0.7,-1.5
1752064916.8027503,0.0,0.7,-1.5
1752064916.8049035,0.0,0.7,-1.5
1752064916.8070567,0.0,0.7,-1.5
1752064916.8092196,0.0,0.7,-1.5
1752064916.8113093,0.0,0.7,-1.5
1752064916.8134449,0.0,0.7,-1.5
1752064916.8155477,0.0,0.7,-1.5
1752064916.81752,0.0,0.7,-1.5
1752064916.819703,0.0,0.7,-1.5
1752064916.8221471,0.0,0.7,-1.5
1752064916.8237758,0.0,0.7,-1.5
1752064916.825932,0.0,0.7,-1.5
1752064916.828089,0.0,0.7,-1.5
1752064916.8302417,0.0,0.7,-1.5
1752064916.8323615,0.0,0.7,-1.5
1752064916.8350956,0.0,0.7,-1.5
1752064916.839301,0.0,0.7,-1.5
1752064916.843448,0.0,0.7,-1.5
1752064916.8476586,0.0,0.7,-1.5
1752064916.8521457,0.0,0.7,-1.5
1752064916.8563764,0.0,0.7,-1.5
1752064916.860467,0.0,0.7,-1.5
1752064916.8644977,0.0,0.7,-1.5
1752064916.8676047,0.0,0.7,-1.5
1752064916.8699481,0.0,0.7,-1.5
1752064916.8720114,0.0,0.7,-1.5
1752064916.8740594,0.0,0.7,-1.5
1752064916.876064,0.0,0.7,-1.5
1752064916.8782036,0.0,0.7,-1.5
1752064916.8802865,0.0,0.7,-1.5
1752064916.8825278,0.0,0.7,-1.5
1752064916.8843796,0.0,0.7,-1.5
1752064916.8864496,0.0,0.7,-1.5
1752064916.888455,0.0,0.7,-1.5
1752064916.8904822,0.0,0.7,-1.5
1752064916.892539,0.0,0.7,-1.5
1752064916.894576,0.0,0.7,-1.5
1752064916.8966825,0.0,0.7,-1.5
1752064916.8988163,0.0,0.7,-1.5
1752064916.9009173,0.0,0.7,-1.5
1752064916.9030635,0.0,0.7,-1.5
1752064916.9052455,0.0,0.7,-1.5
1752064916.9073017,0.0,0.7,-1.5
1752064916.9093518,0.0,0.7,-1.5
1752064916.9114087,0.0,0.7,-1.5
1752064916.9135544,0.0,0.7,-1.5
1752064916.9156055,0.0,0.7,-1.5
1752064916.9176624,0.0,0.7,-1.5
1752064916.9197526,0.0,0.7,-1.5
1752064916.9219692,0.0,0.7,-1.5
1752064916.9241664,0.0,0.7,-1.5
1752064916.9262812,0.0,0.7,-1.5
1752064916.928334,0.0,0.7,-1.5
1752064916.930446,0.0,0.7,-1.5
1752064916.9324927,0.0,0.7,-1.5
1752064916.9353929,0.0,0.7,-1.5
1752064916.9396036,0.0,0.7,-1.5
1752064916.943715,0.0,0.7,-1.5
1752064916.9479382,0.0,0.7,-1.5
1752064916.95129,0.0,0.7,-1.5
1752064916.9540222,0.0,0.7,-1.5
1752064916.9560676,0.0,0.7,-1.5
1752064916.9580667,0.0,0.7,-1.5
1752064916.960051,0.0,0.7,-1.5
1752064916.9621527,0.0,0.7,-1.5
1752064916.9642112,0.0,0.7,-1.5
1752064916.966316,0.0,0.7,-1.5
1752064916.9683833,0.0,0.7,-1.5
1752064916.9704013,0.0,0.7,-1.5
1752064916.9724476,0.0,0.7,-1.5
1752064916.9744759,0.0,0.7,-1.5
1752064916.9765372,0.0,0.7,-1.5
1752064916.9785802,0.0,0.7,-1.5
1752064916.9807844,0.0,0.7,-1.5
1752064916.9827816,0.0,0.7,-1.5
1752064916.9848619,0.0,0.7,-1.5
1752064916.9870267,0.0,0.7,-1.5
1752064916.9892015,0.0,0.7,-1.5
1752064916.9913042,0.0,0.7,-1.5
1752064916.9933574,0.0,0.7,-1.5
1752064916.995371,0.0,0.7,-1.5
1752064916.9975579,0.0,0.7,-1.5
1752064916.999657,0.0,0.7,-1.5
1752064917.0016072,0.0,0.7,-1.5
1752064917.0036168,0.0,0.7,-1.5
1752064917.005788,0.0,0.7,-1.5
1752064917.0079556,0.0,0.7,-1.5
1752064917.010134,0.0,0.7,-1.5
1752064917.0122087,0.0,0.7,-1.5
1752064917.0144937,0.0,0.7,-1.5
1752064917.0164077,0.0,0.7,-1.5
1752064917.0183911,0.0,0.7,-1.5
1752064917.0204349,0.0,0.7,-1.5
1752064917.022488,0.0,0.7,-1.5
1752064917.024547,0.0,0.7,-1.5
1752064917.026606,0.0,0.7,-1.5
1752064917.0286791,0.0,0.7,-1.5
1752064917.0308564,0.0,0.7,-1.5
1752064917.032929,0.0,0.7,-1.5
1752064917.0350215,0.0,0.7,-1.5
1752064917.0371852,0.0,0.7,-1.5
1752064917.0392807,0.0,0.7,-1.5
1752064917.0413363,0.0,0.7,-1.5
1752064917.0433674,0.0,0.7,-1.5
1752064917.0454278,0.0,0.7,-1.5
1752064917.047578,0.0,0.7,-1.5
1752064917.0497265,0.0,0.7,-1.5
1752064917.0516334,0.0,0.7,-1.5
1752064917.0538003,0.0,0.7,-1.5
1752064917.0559828,0.0,0.7,-1.5
1752064917.058148,0.0,0.7,-1.5
1752064917.0602822,0.0,0.7,-1.5
1752064917.0623446,0.0,0.7,-1.5
1752064917.0645592,0.0,0.7,-1.5
1752064917.0664644,0.0,0.7,-1.5
1752064917.0684848,0.0,0.7,-1.5
1752064917.070541,0.0,0.7,-1.5
1752064917.0727057,0.0,0.7,-1.5
1752064917.074869,0.0,0.7,-1.5
1752064917.07705,0.0,0.7,-1.5
1752064917.0791585,0.0,0.7,-1.5
1752064917.0813196,0.0,0.7,-1.5
1752064917.0834384,0.0,0.7,-1.5
1752064917.0853536,0.0,0.7,-1.5
1752064917.08737,0.0,0.7,-1.5
1752064917.089428,0.0,0.7,-1.5
1752064917.0914865,0.0,0.7,-1.5
1752064917.0935442,0.0,0.7,-1.5
1752064917.0956056,0.0,0.7,-1.5
1752064917.0978558,0.0,0.7,-1.5
1752064917.099852,0.0,0.7,-1.5
1752064917.1019204,0.0,0.7,-1.5
1752064917.1040268,0.0,0.7,-1.5
1752064917.1061997,0.0,0.7,-1.5
1752064917.1082838,0.0,0.7,-1.5
1752064917.110338,0.0,0.7,-1.5
1752064917.1123753,0.0,0.7,-1.5
1752064917.1145313,0.0,0.7,-1.5
1752064917.1166446,0.0,0.7,-1.5
1752064917.1185522,0.0,0.7,-1.5
1752064917.120732,0.0,0.7,-1.5
1752064917.1228962,0.0,0.7,-1.5
1752064917.125076,0.0,0.7,-1.5
1752064917.127153,0.0,0.7,-1.5
1752064917.1292837,0.0,0.7,-1.5
1752064917.131505,0.0,0.7,-1.5
1752064917.1334186,0.0,0.7,-1.5
1752064917.1354349,0.0,0.7,-1.5
1752064917.1374915,0.0,0.7,-1.5
1752064917.1395497,0.0,0.7,-1.5
1752064917.1417127,0.0,0.7,-1.5
1752064917.1438782,0.0,0.7,-1.5
1752064917.1460757,0.0,0.7,-1.5
1752064917.1482697,0.0,0.7,-1.5
1752064917.1504173,0.0,0.7,-1.5
1752064917.1523376,0.0,0.7,-1.5
1752064917.154375,0.0,0.7,-1.5
1752064917.1564276,0.0,0.7,-1.5
1752064917.1584864,0.0,0.7,-1.5
1752064917.1605444,0.0,0.7,-1.5
1752064917.162627,0.0,0.7,-1.5
1752064917.164894,0.0,0.7,-1.5
1752064917.166883,0.0,0.7,-1.5
1752064917.1690307,0.0,0.7,-1.5
1752064917.1711998,0.0,0.7,-1.5
1752064917.173277,0.0,0.7,-1.5
1752064917.1753342,0.0,0.7,-1.5
1752064917.177369,0.0,0.7,-1.5
1752064917.1794324,0.0,0.7,-1.5
1752064917.181627,0.0,0.7,-1.5
1752064917.1836908,0.0,0.7,-1.5
1752064917.1857347,0.0,0.7,-1.5
1752064917.1879036,0.0,0.7,-1.5
1752064917.1900835,0.0,0.7,-1.5
1752064917.1922581,0.0,0.7,-1.5
1752064917.1943173,0.0,0.7,-1.5
1752064917.1965694,0.0,0.7,-1.5
1752064917.198589,0.0,0.7,-1.5
1752064917.2005534,0.0,0.7,-1.5
1752064917.2026296,0.0,0.7,-1.5
1752064917.20477,0.0,0.7,-1.5
1752064917.2069385,0.0,0.7,-1.5
1752064917.2091093,0.0,0.7,-1.5
1752064917.2112722,0.0,0.7,-1.5
1752064917.213443,0.0,0.7,-1.5
1752064917.2156966,0.0,0.7,-1.5
1752064917.2175844,0.0,0.7,-1.5
1752064917.219648,0.0,0.7,-1.5
1752064917.2218218,0.0,0.7,-1.5
1752064917.224014,0.0,0.7,-1.5
1752064917.226152,0.0,0.7,-1.5
1752064917.2282724,0.0,0.7,-1.5
1752064917.2304735,0.0,0.7,-1.5
1752064917.232523,0.0,0.7,-1.5
1752064917.2345355,0.0,0.7,-1.5
1752064917.2365716,0.0,0.7,-1.5
1752064917.238629,0.0,0.7,-1.5
1752064917.2407768,0.0,0.7,-1.5
1752064917.2429276,0.0,0.7,-1.5
1752064917.2450795,0.0,0.7,-1.5
1752064917.247259,0.0,0.7,-1.5
1752064917.2493503,0.0,0.7,-1.5
1752064917.2513804,0.0,0.7,-1.5
1752064917.25346,0.0,0.7,-1.5
1752064917.2555187,0.0,0.7,-1.5
1752064917.257579,0.0,0.7,-1.5
1752064917.2597244,0.0,0.7,-1.5
1752064917.2618723,0.0,0.7,-1.5
1752064917.2642386,0.0,0.7,-1.5
1752064917.266133,0.0,0.7,-1.5
1752064917.2682328,0.0,0.7,-1.5
1752064917.270317,0.0,0.7,-1.5
1752064917.2724013,0.0,0.7,-1.5
1752064917.2744489,0.0,0.7,-1.5
1752064917.2765083,0.0,0.7,-1.5
1752064917.2785695,0.0,0.7,-1.5
1752064917.2807481,0.0,0.7,-1.5
1752064917.2828937,0.0,0.7,-1.5
1752064917.2849383,0.0,0.7,-1.5
1752064917.2870548,0.0,0.7,-1.5
1752064917.2892034,0.0,0.7,-1.5
1752064917.2913034,0.0,0.7,-1.5
1752064917.2933915,0.0,0.7,-1.5
1752064917.295437,0.0,0.7,-1.5
1752064917.2975707,0.0,0.7,-1.5
1752064917.2997394,0.0,0.7,-1.5
1752064917.301711,0.0,0.7,-1.5
1752064917.303863,0.0,0.7,-1.5
1752064917.3060114,0.0,0.7,-1.5
1752064917.3081608,0.0,0.7,-1.5
1752064917.310305,0.0,0.7,-1.5
1752064917.3124,0.0,0.7,-1.5
1752064917.31458,0.0,0.7,-1.5
1752064917.3165874,0.0,0.7,-1.5
1752064917.3185833,0.0,0.7,-1.5
1752064917.3207216,0.0,0.7,-1.5
1752064917.3228698,0.0,0.7,-1.5
1752064917.3250196,0.0,0.7,-1.5
1752064917.3271673,0.0,0.7,-1.5
1752064917.3293157,0.0,0.7,-1.5
1752064917.3315046,0.0,0.7,-1.5
1752064917.3336082,0.0,0.7,-1.5
1752064917.3355336,0.0,0.7,-1.5
1752064917.337587,0.0,0.7,-1.5
1752064917.3397305,0.0,0.7,-1.5
1752064917.341883,0.0,0.7,-1.5
1752064917.3440301,0.0,0.7,-1.5
1752064917.346227,0.0,0.7,-1.5
1752064917.3484597,0.0,0.7,-1.5
1752064917.3504012,0.0,0.7,-1.5
1752064917.3524485,0.0,0.7,-1.5
1752064917.3545053,0.0,0.7,-1.5
1752064917.356568,0.0,0.7,-1.5
1752064917.358711,0.0,0.7,-1.5
1752064917.3608615,0.0,0.7,-1.5
1752064917.362984,0.0,0.7,-1.5
1752064917.365128,0.0,0.7,-1.5
1752064917.367254,0.0,0.7,-1.5
1752064917.3693056,0.0,0.7,-1.5
1752064917.3713899,0.0,0.7,-1.5
1752064917.3734572,0.0,0.7,-1.5
1752064917.3755062,0.0,0.7,-1.5
1752064917.3775635,0.0,0.7,-1.5
1752064917.3796537,0.0,0.7,-1.5
1752064917.3819065,0.0,0.7,-1.5
1752064917.38391,0.0,0.7,-1.5
1752064917.386021,0.0,0.7,-1.5
1752064917.388183,0.0,0.7,-1.5
1752064917.3903034,0.0,0.7,-1.5
1752064917.392386,0.0,0.7,-1.5
1752064917.3944483,0.0,0.7,-1.5
1752064917.3965476,0.0,0.7,-1.5
1752064917.398647,0.0,0.7,-1.5
1752064917.4007297,0.0,0.7,-1.5
1752064917.4028375,0.0,0.7,-1.5
1752064917.4049935,0.0,0.7,-1.5
1752064917.4071429,0.0,0.7,-1.5
1752064917.4092987,0.0,0.7,-1.5
1752064917.4113884,0.0,0.7,-1.5
1752064917.4135299,0.0,0.7,-1.5
1752064917.4155917,0.0,0.7,-1.5
1752064917.4175994,0.0,0.7,-1.5
1752064917.4197342,0.0,0.7,-1.5
1752064917.4218912,0.0,0.7,-1.5
1752064917.4240422,0.0,0.7,-1.5
1752064917.4261968,0.0,0.7,-1.5
1752064917.4282978,0.0,0.7,-1.5
1752064917.4304652,0.0,0.7,-1.5
1752064917.4325244,0.0,0.7,-1.5
1752064917.4345474,0.0,0.7,-1.5
1752064917.4365795,0.0,0.7,-1.5
1752064917.4387221,0.0,0.7,-1.5
1752064917.4408708,0.0,0.7,-1.5
1752064917.4430199,0.0,0.7,-1.5
1752064917.44517,0.0,0.7,-1.5
1752064917.4473965,0.0,0.7,-1.5
1752064917.449468,0.0,0.7,-1.5
1752064917.4514565,0.0,0.7,-1.5
1752064917.453509,0.0,0.7,-1.5
1752064917.455573,0.0,0.7,-1.5
1752064917.4577131,0.0,0.7,-1.5
1752064917.459866,0.0,0.7,-1.5
1752064917.461985,0.0,0.7,-1.5
1752064917.4641747,0.0,0.7,-1.5
1752064917.4662657,0.0,0.7,-1.5
1752064917.4683094,0.0,0.7,-1.5
1752064917.4703376,0.0,0.7,-1.5
1752064917.4725049,0.0,0.7,-1.5
1752064917.4745657,0.0,0.7,-1.5
1752064917.4766254,0.0,0.7,-1.5
1752064917.478723,0.0,0.7,-1.5
1752064917.4810944,0.0,0.7,-1.5
1752064917.4830472,0.0,0.7,-1.5
1752064917.4850795,0.0,0.7,-1.5
1752064917.487231,0.0,0.7,-1.5
1752064917.4893355,0.0,0.7,-1.5
1752064917.4914212,0.0,0.7,-1.5
1752064917.4934437,0.0,0.7,-1.5
1752064917.4955049,0.0,0.7,-1.5
1752064917.4976847,0.0,0.7,-1.5
1752064917.4997616,0.0,0.7,-1.5
1752064917.501797,0.0,0.7,-1.5
1752064917.5039167,0.0,0.7,-1.5
1752064917.5060582,0.0,0.7,-1.5
1752064917.508209,0.0,0.7,-1.5
1752064917.510303,0.0,0.7,-1.5
1752064917.5123925,0.0,0.7,-1.5
1752064917.514586,0.0,0.7,-1.5
1752064917.5166101,0.0,0.7,-1.5
1752064917.5185957,0.0,0.7,-1.5
1752064917.520742,0.0,0.7,-1.5
1752064917.5228906,0.0,0.7,-1.5
1752064917.5250385,0.0,0.7,-1.5
1752064917.527195,0.0,0.7,-1.5
1752064917.529308,0.0,0.7,-1.5
1752064917.5315359,0.0,0.7,-1.5
1752064917.533579,0.0,0.7,-1.5
1752064917.5355275,0.0,0.7,-1.5
1752064917.5375803,0.0,0.7,-1.5
1752064917.539726,0.0,0.7,-1.5
1752064917.5418766,0.0,0.7,-1.5
1752064917.5440245,0.0,0.7,-1.5
1752064917.5462701,0.0,0.7,-1.5
1752064917.5484657,0.0,0.7,-1.5
1752064917.5504045,0.0,0.7,-1.5
1752064917.552465,0.0,0.7,-1.5
1752064917.5545201,0.0,0.7,-1.5
1752064917.5565813,0.0,0.7,-1.5
1752064917.5587246,0.0,0.7,-1.5
1752064917.560874,0.0,0.7,-1.5
1752064917.5629735,0.0,0.7,-1.5
1752064917.5651498,0.0,0.7,-1.5
1752064917.5672708,0.0,0.7,-1.5
1752064917.5692987,0.0,0.7,-1.5
1752064917.5713818,0.0,0.7,-1.5
1752064917.5734344,0.0,0.7,-1.5
1752064917.5754979,0.0,0.7,-1.5
1752064917.5775576,0.0,0.7,-1.5
1752064917.5796587,0.0,0.7,-1.5
1752064917.5818775,0.0,0.7,-1.5
1752064917.5839036,0.0,0.7,-1.5
1752064917.5860267,0.0,0.7,-1.5
1752064917.5881855,0.0,0.7,-1.5
1752064917.590288,0.0,0.7,-1.5
1752064917.5923927,0.0,0.7,-1.5
1752064917.5944932,0.0,0.7,-1.5
1752064917.5965934,0.0,0.7,-1.5
1752064917.598733,0.0,0.7,-1.5
1752064917.6008224,0.0,0.7,-1.5
1752064917.602932,0.0,0.7,-1.5
1752064917.6050882,0.0,0.7,-1.5
1752064917.6072435,0.0,0.7,-1.5
1752064917.6093304,0.0,0.7,-1.5
1752064917.611416,0.0,0.7,-1.5
1752064917.6134844,0.0,0.7,-1.5
1752064917.615642,0.0,0.7,-1.5
1752064917.6176004,0.0,0.7,-1.5
1752064917.6197264,0.0,0.7,-1.5
1752064917.621882,0.0,0.7,-1.5
1752064917.6240363,0.0,0.7,-1.5
1752064917.6261902,0.0,0.7,-1.5
1752064917.628314,0.0,0.7,-1.5
1752064917.630536,0.0,0.7,-1.5
1752064917.632511,0.0,0.7,-1.5
1752064917.6345384,0.0,0.7,-1.5
1752064917.6365714,0.0,0.7,-1.5
1752064917.6387334,0.0,0.7,-1.5
1752064917.640873,0.0,0.7,-1.5
1752064917.6430163,0.0,0.7,-1.5
1752064917.645172,0.0,0.7,-1.5
1752064917.6475537,0.0,0.7,-1.5
1752064917.6494298,0.0,0.7,-1.5
1752064917.6514552,0.0,0.7,-1.5
1752064917.6535118,0.0,0.7,-1.5
1752064917.655569,0.0,0.7,-1.5
1752064917.657717,0.0,0.7,-1.5
1752064917.6598685,0.0,0.7,-1.5
1752064917.661962,0.0,0.7,-1.5
1752064917.6643114,0.0,0.7,-1.5
1752064917.6662338,0.0,0.7,-1.5
1752064917.668265,0.0,0.7,-1.5
1752064917.6703503,0.0,0.7,-1.5
1752064917.6724386,0.0,0.7,-1.5
1752064917.6744525,0.0,0.7,-1.5
1752064917.6765141,0.0,0.7,-1.5
1752064917.6785758,0.0,0.7,-1.5
1752064917.6808908,0.0,0.7,-1.5
1752064917.682927,0.0,0.7,-1.5
1752064917.6849587,0.0,0.7,-1.5
1752064917.6871023,0.0,0.7,-1.5
1752064917.6892161,0.0,0.7,-1.5
1752064917.6913047,0.0,0.7,-1.5
1752064917.6933947,0.0,0.7,-1.5
1752064917.6954334,0.0,0.7,-1.5
1752064917.6975386,0.0,0.7,-1.5
1752064917.6996317,0.0,0.7,-1.5
1752064917.7016077,0.0,0.7,-1.5
1752064917.7037084,0.0,0.7,-1.5
1752064917.7058651,0.0,0.7,-1.5
1752064917.7080126,0.0,0.7,-1.5
1752064917.710162,0.0,0.7,-1.5
1752064917.7123005,0.0,0.7,-1.5
1752064917.7144847,0.0,0.7,-1.5
1752064917.716574,0.0,0.7,-1.5
1752064917.7184668,0.0,0.7,-1.5
1752064917.7205281,0.0,0.7,-1.5
1752064917.7225826,0.0,0.7,-1.5
1752064917.724732,0.0,0.7,-1.5
1752064917.7268877,0.0,0.7,-1.5
1752064917.7290435,0.0,0.7,-1.5
1752064917.731239,0.0,0.7,-1.5
1752064917.7334049,0.0,0.7,-1.5
1752064917.7353883,0.0,0.7,-1.5
1752064917.7374613,0.0,0.7,-1.5
1752064917.7395191,0.0,0.7,-1.5
1752064917.7415788,0.0,0.7,-1.5
1752064917.7437246,0.0,0.7,-1.5
1752064917.7458606,0.0,0.7,-1.5
1752064917.748113,0.0,0.7,-1.5
1752064917.750094,0.0,0.7,-1.5
1752064917.7522027,0.0,0.7,-1.5
1752064917.754312,0.0,0.7,-1.5
1752064917.7564013,0.0,0.7,-1.5
1752064917.7584443,0.0,0.7,-1.5
1752064917.760503,0.0,0.7,-1.5
1752064917.7625754,0.0,0.7,-1.5
1752064917.7648125,0.0,0.7,-1.5
1752064917.7668009,0.0,0.7,-1.5
1752064917.7689135,0.0,0.7,-1.5
1752064917.771065,0.0,0.7,-1.5
1752064917.7732189,0.0,0.7,-1.5
1752064917.7753139,0.0,0.7,-1.5
1752064917.7774014,0.0,0.7,-1.5
1752064917.779459,0.0,0.7,-1.5
1752064917.7815492,0.0,0.7,-1.5
1752064917.7835827,0.0,0.7,-1.5
1752064917.7855902,0.0,0.7,-1.5
1752064917.787741,0.0,0.7,-1.5
1752064917.7898908,0.0,0.7,-1.5
1752064917.7920382,0.0,0.7,-1.5
1752064917.7941923,0.0,0.7,-1.5
1752064917.7963388,0.0,0.7,-1.5
1752064917.7985425,0.0,0.7,-1.5
1752064917.80049,0.0,0.7,-1.5
1752064917.8025327,0.0,0.7,-1.5
1752064917.804591,0.0,0.7,-1.5
1752064917.8067362,0.0,0.7,-1.5
1752064917.8088863,0.0,0.7,-1.5
1752064917.811035,0.0,0.7,-1.5
1752064917.8131864,0.0,0.7,-1.5
1752064917.815528,0.0,0.7,-1.5
1752064917.8174007,0.0,0.7,-1.5
1752064917.819455,0.0,0.7,-1.5
1752064917.8215406,0.0,0.9,-1.7
1752064917.8236604,0.0,0.9,-1.7
1752064917.8257527,0.0,0.9,-1.7
1752064917.827842,-0.004038648679852486,0.5497220098972321,-1.632843841612339
1752064917.8302104,-0.004038648679852486,0.5497220098972321,-1.632843841612339
1752064917.833679,-0.004038648679852486,0.5497220098972321,-1.632843841612339
1752064917.835642,-0.006003366783261299,0.5512866020202637,-1.6289167746901512
1752064917.8377151,-0.006003366783261299,0.5512866020202637,-1.6289167746901512
1752064917.8398073,-0.006003366783261299,0.5512866020202637,-1.6289167746901512
1752064917.8422337,0.03543496131896973,0.8587260447442532,-1.7164611507207155
1752064917.844287,0.03543496131896973,0.8587260447442532,-1.7164611507207155
1752064917.8487656,0.03543496131896973,0.8587260447442532,-1.7164611507207155
1752064917.8523183,0.03543496131896973,0.8587260447442532,-1.7164611507207155
1752064917.853059,0.03543496131896973,0.8587260447442532,-1.7164611507207155
1752064917.8551621,0.012847324833273888,0.7540924936532974,-1.6088568314909935
1752064917.8572211,0.012847324833273888,0.7540924936532974,-1.6088568314909935
1752064917.8592982,0.012847324833273888,0.7540924936532974,-1.6088568314909935
1752064917.8614824,0.06625369191169739,0.7377711772918701,-1.879289773106575
1752064917.863706,0.06625369191169739,0.7377711772918701,-1.879289773106575
1752064917.8675964,0.06625369191169739,0.7377711772918701,-1.879289773106575
1752064917.8713293,0.06625369191169739,0.7377711772918701,-1.879289773106575
1752064917.872066,0.06625369191169739,0.7377711772918701,-1.879289773106575
1752064917.8741753,0.051028311252593994,0.7206419348716736,-1.665633898973465
1752064917.876229,0.051028311252593994,0.7206419348716736,-1.665633898973465
1752064917.8782997,0.051028311252593994,0.7206419348716736,-1.665633898973465
1752064917.8844388,0.051028311252593994,0.7206419348716736,-1.665633898973465
1752064917.8864477,0.04111563414335251,0.6615564316511154,-2.0477011024951937
1752064917.8884985,0.04111563414335251,0.6615564316511154,-2.0477011024951937
1752064917.8905654,0.04111563414335251,0.6615564316511154,-2.0477011024951937
1752064917.8929243,0.05068393051624298,0.7103367686271668,-1.8739752143621444
1752064917.8950107,0.05068393051624298,0.7103367686271668,-1.8739752143621444
1752064917.8980913,0.05068393051624298,0.7103367686271668,-1.8739752143621444
1752064917.9024622,0.05068393051624298,0.7103367686271668,-1.8739752143621444
1752064917.9032357,0.05068393051624298,0.7103367686271668,-1.8739752143621444
1752064917.9052925,0.056789979338645935,0.5975201368331909,-2.2017449259757997
1752064917.9073412,0.056789979338645935,0.5975201368331909,-2.2017449259757997
1752064917.9094102,0.056789979338645935,0.5975201368331909,-2.2017449259757997
1752064917.9118059,0.07403084635734558,0.7088497519493103,-2.194946509599686
1752064917.9149768,0.07403084635734558,0.7088497519493103,-2.194946509599686
1752064917.9171934,0.07403084635734558,0.7088497519493103,-2.194946509599686
1752064917.9204054,0.07403084635734558,0.7088497519493103,-2.194946509599686
1752064917.9211988,0.07403084635734558,0.7088497519493103,-2.194946509599686
1752064917.9232533,0.033963486552238464,0.60013827085495,-2.3481677889823915
1752064917.9253104,0.033963486552238464,0.60013827085495,-2.3481677889823915
1752064917.92735,0.033963486552238464,0.60013827085495,-2.3481677889823915
1752064917.9320877,0.033963486552238464,0.60013827085495,-2.3481677889823915
1752064917.9344256,0.059740617871284485,0.6189324498176575,-2.422508728504181
1752064917.9363325,0.059740617871284485,0.6189324498176575,-2.422508728504181
1752064917.9383602,0.059740617871284485,0.6189324498176575,-2.422508728504181
1752064917.9407885,0.02306431345641613,0.5652261018753052,-2.562345039844513
1752064917.9428504,0.02306431345641613,0.5652261018753052,-2.562345039844513
1752064917.944917,0.02306431345641613,0.5652261018753052,-2.562345039844513
1752064917.9490948,0.02306431345641613,0.5652261018753052,-2.562345039844513
1752064917.9522278,0.02306431345641613,0.5652261018753052,-2.562345039844513
1752064917.9542737,0.007041832432150841,0.5741393804550171,-2.6344938397407534
1752064917.9563222,0.007041832432150841,0.5741393804550171,-2.6344938397407534
1752064917.958352,0.007041832432150841,0.5741393804550171,-2.6344938397407534
1752064917.9606125,-0.017518991604447365,0.5439899802207947,-2.7155220031738283
1752064917.9627948,-0.017518991604447365,0.5439899802207947,-2.7155220031738283
1752064917.9648702,-0.017518991604447365,0.5439899802207947,-2.7155220031738283
1752064917.9693453,-0.017518991604447365,0.5439899802207947,-2.7155220031738283
1752064917.9700925,-0.017518991604447365,0.5439899802207947,-2.7155220031738283
1752064917.972175,-0.07168685644865036,0.5414762735366822,-2.6847212433815004
1752064917.9742248,-0.07168685644865036,0.5414762735366822,-2.6847212433815004
1752064917.9762836,-0.07168685644865036,0.5414762735366822,-2.6847212433815004
1752064917.9787714,-0.12108888477087021,0.4980116724967957,-2.4845171689987184
1752064917.9821615,-0.12108888477087021,0.4980116724967957,-2.4845171689987184
1752064917.9842257,-0.12108888477087021,0.4980116724967957,-2.4845171689987184
1752064917.9879944,-0.12108888477087021,0.4980116724967957,-2.4845171689987184
1752064917.9887521,-0.12108888477087021,0.4980116724967957,-2.4845171689987184
1752064917.990843,-0.1785106509923935,0.5267409920692444,-2.2332746505737306
1752064917.9929018,-0.1785106509923935,0.5267409920692444,-2.2332746505737306
1752064917.99497,-0.1785106509923935,0.5267409920692444,-2.2332746505737306
1752064918.0028162,-0.1785106509923935,0.5267409920692444,-2.2332746505737306
1752064918.004794,-0.2065066546201706,0.5216281652450562,-2.1032914340496065
1752064918.0068588,-0.2065066546201706,0.5216281652450562,-2.1032914340496065
1752064918.0104809,-0.2065066546201706,0.5216281652450562,-2.1032914340496065
1752064918.0112267,-0.2065066546201706,0.5216281652450562,-2.1032914340496065
1752064918.0133321,-0.20136839151382446,0.4534716844558716,-2.063646596670151
1752064918.01582,-0.20136839151382446,0.4534716844558716,-2.063646596670151
1752064918.0178254,-0.20136839151382446,0.4534716844558716,-2.063646596670151
1752064918.021481,-0.1575464904308319,0.44340639710426333,-1.9372519075870513
1752064918.0235364,-0.1575464904308319,0.44340639710426333,-1.9372519075870513
1752064918.0255928,-0.1575464904308319,0.44340639710426333,-1.9372519075870513
1752064918.0276585,-0.1575464904308319,0.44340639710426333,-1.9372519075870513
1752064918.0302885,-0.1727006584405899,0.4255689024925232,-1.841637921333313
1752064918.032634,-0.1727006584405899,0.4255689024925232,-1.841637921333313
1752064918.035474,-0.1727006584405899,0.4255689024925232,-1.841637921333313
1752064918.0383265,-0.1727006584405899,0.4255689024925232,-1.841637921333313
1752064918.0415359,-0.1727006584405899,0.4255689024925232,-1.841637921333313
1752064918.043598,-0.17189371585845947,0.4188294649124146,-1.7545218735933303
1752064918.0456715,-0.17189371585845947,0.4188294649124146,-1.7545218735933303
1752064918.047912,-0.17189371585845947,0.4188294649124146,-1.7545218735933303
1752064918.051425,-0.18199142813682556,0.42225574851036074,-1.6796854853630065
1752064918.0534074,-0.18199142813682556,0.42225574851036074,-1.6796854853630065
1752064918.0554645,-0.18199142813682556,0.42225574851036074,-1.6796854853630065
1752064918.0575328,-0.18199142813682556,0.42225574851036074,-1.6796854853630065
1752064918.059752,-0.14969219267368317,0.4135500431060791,-1.5951991125941276
1752064918.061924,-0.14969219267368317,0.4135500431060791,-1.5951991125941276
1752064918.0658565,-0.14969219267368317,0.4135500431060791,-1.5951991125941276
1752064918.0696135,-0.14969219267368317,0.4135500431060791,-1.5951991125941276
1752064918.0703652,-0.14969219267368317,0.4135500431060791,-1.5951991125941276
1752064918.072435,-0.10724648088216782,0.4279612243175507,-1.5002666682004928
1752064918.0744903,-0.10724648088216782,0.4279612243175507,-1.5002666682004928
1752064918.0765564,-0.10724648088216782,0.4279612243175507,-1.5002666682004928
1752064918.080654,-0.07347451895475388,0.45079016089439394,-1.4325195670127868
1752064918.0826995,-0.07347451895475388,0.45079016089439394,-1.4325195670127868
1752064918.0853324,-0.07347451895475388,0.45079016089439394,-1.4325195670127868
1752064918.0873592,-0.07347451895475388,0.45079016089439394,-1.4325195670127868
1752064918.0893478,-0.07347451895475388,0.45079016089439394,-1.4325195670127868
1752064918.091413,-0.03772757202386856,0.5010487079620362,-1.3118920147418975
1752064918.0934687,-0.03772757202386856,0.5010487079620362,-1.3118920147418975
1752064918.0955424,-0.03772757202386856,0.5010487079620362,-1.3118920147418975
1752064918.0999753,-0.03772757202386856,0.5010487079620362,-1.3118920147418975
1752064918.1028576,-0.015342840924859047,0.5448981165885926,-1.238947582244873
1752064918.1049192,-0.015342840924859047,0.5448981165885926,-1.238947582244873
1752064918.107033,-0.015342840924859047,0.5448981165885926,-1.238947582244873
1752064918.1105196,0.004556959494948387,0.590545529127121,-1.1132280349731445
1752064918.1133974,0.004556959494948387,0.590545529127121,-1.1132280349731445
1752064918.1158159,0.004556959494948387,0.590545529127121,-1.1132280349731445
1752064918.1181402,0.004556959494948387,0.590545529127121,-1.1132280349731445
1752064918.1206417,-0.008344249799847603,0.5954295933246613,-1.0200282454490661
1752064918.1227021,-0.008344249799847603,0.5954295933246613,-1.0200282454490661
1752064918.124744,-0.008344249799847603,0.5954295933246613,-1.0200282454490661
1752064918.1281972,-0.008344249799847603,0.5954295933246613,-1.0200282454490661
1752064918.1289203,-0.008344249799847603,0.5954295933246613,-1.0200282454490661
1752064918.133558,0.00017514638602733612,0.565845274925232,-0.9615517377853393
1752064918.1358695,0.00017514638602733612,0.565845274925232,-0.9615517377853393
1752064918.1379328,0.00017514638602733612,0.565845274925232,-0.9615517377853393
1752064918.1416757,0.019772982224822044,0.49711048007011416,-1.0043567538261413
1752064918.1437564,0.019772982224822044,0.49711048007011416,-1.0043567538261413
1752064918.148839,0.019772982224822044,0.49711048007011416,-1.0043567538261413
1752064918.1510372,0.019772982224822044,0.49711048007011416,-1.0043567538261413
1752064918.153548,0.037172555923461914,0.6048793435096741,-1.1100623726844787
1752064918.1556063,0.037172555923461914,0.6048793435096741,-1.1100623726844787
1752064918.1576643,0.037172555923461914,0.6048793435096741,-1.1100623726844787
1752064918.1611934,0.037172555923461914,0.6048793435096741,-1.1100623726844787
1752064918.1619205,0.037172555923461914,0.6048793435096741,-1.1100623726844787
1752064918.165757,0.007272323593497276,0.5096860766410828,-1.0580396771430969
1752064918.1680458,0.007272323593497276,0.5096860766410828,-1.0580396771430969
1752064918.171762,0.007272323593497276,0.5096860766410828,-1.0580396771430969
1752064918.1725016,0.007272323593497276,0.5096860766410828,-1.0580396771430969
1752064918.1745687,0.022411895915865898,0.48908197283744814,-1.034300398826599
1752064918.1766686,0.022411895915865898,0.48908197283744814,-1.034300398826599
1752064918.1787457,0.022411895915865898,0.48908197283744814,-1.034300398826599
1752064918.1850557,0.022411895915865898,0.48908197283744814,-1.034300398826599
1752064918.1858108,0.022411895915865898,0.48908197283744814,-1.034300398826599
1752064918.18786,0.014044417068362236,0.5110044121742249,-1.0527783155441284
1752064918.189957,0.014044417068362236,0.5110044121742249,-1.0527783155441284
1752064918.192182,-0.0065212491899728775,0.4709861516952515,-1.0466230630874633
1752064918.1942523,-0.0065212491899728775,0.4709861516952515,-1.0466230630874633
1752064918.1968894,-0.0065212491899728775,0.4709861516952515,-1.0466230630874633
1752064918.2015,-0.0065212491899728775,0.4709861516952515,-1.0466230630874633
1752064918.202294,-0.0065212491899728775,0.4709861516952515,-1.0466230630874633
1752064918.2043219,-0.038663528859615326,0.48981534838676455,-1.04284508228302
1752064918.2063644,-0.038663528859615326,0.48981534838676455,-1.04284508228302
1752064918.208415,-0.038663528859615326,0.48981534838676455,-1.04284508228302
1752064918.210567,-0.0654047504067421,0.48702972531318667,-1.039324653148651
1752064918.2135704,-0.0654047504067421,0.48702972531318667,-1.039324653148651
1752064918.2172182,-0.0654047504067421,0.48702972531318667,-1.039324653148651
1752064918.220389,-0.0654047504067421,0.48702972531318667,-1.039324653148651
1752064918.2216759,-0.0654047504067421,0.48702972531318667,-1.039324653148651
1752064918.2237384,-0.06607108563184738,0.472212815284729,-1.0589855432510376
1752064918.2258215,-0.06607108563184738,0.472212815284729,-1.0589855432510376
1752064918.227913,-0.06607108563184738,0.472212815284729,-1.0589855432510376
1752064918.2348907,-0.06607108563184738,0.472212815284729,-1.0589855432510376
1752064918.236903,-0.0714222863316536,0.497277969121933,-1.0453335762023925
1752064918.2389817,-0.0714222863316536,0.497277969121933,-1.0453335762023925
1752064918.241079,-0.0714222863316536,0.497277969121933,-1.0453335762023925
1752064918.2435472,-0.06367673724889755,0.4951277315616608,-1.0448266983032226
1752064918.2456195,-0.06367673724889755,0.4951277315616608,-1.0448266983032226
1752064918.2477903,-0.06367673724889755,0.4951277315616608,-1.0448266983032226
1752064918.2523673,-0.06367673724889755,0.4951277315616608,-1.0448266983032226
1752064918.2531393,-0.06367673724889755,0.4951277315616608,-1.0448266983032226
1752064918.255681,-0.0770082026720047,0.4942858457565308,-1.0273349404335022
1752064918.2577598,-0.0770082026720047,0.4942858457565308,-1.0273349404335022
1752064918.2598522,-0.0770082026720047,0.4942858457565308,-1.0273349404335022
1752064918.264208,-0.07468504458665848,0.47423639297485354,-1.0279679417610168
1752064918.2676177,-0.07468504458665848,0.47423639297485354,-1.0279679417610168
1752064918.2696106,-0.07468504458665848,0.47423639297485354,-1.0279679417610168
1752064918.2734063,-0.07468504458665848,0.47423639297485354,-1.0279679417610168
1752064918.274159,-0.07468504458665848,0.47423639297485354,-1.0279679417610168
1752064918.2762263,-0.06684542447328568,0.4562444627285004,-1.0682755827903747
1752064918.2786188,-0.06684542447328568,0.4562444627285004,-1.0682755827903747
1752064918.2804487,-0.06684542447328568,0.4562444627285004,-1.0682755827903747
1752064918.2854254,-0.06684542447328568,0.4562444627285004,-1.0682755827903747
1752064918.2873602,-0.09954965859651566,0.4942272245883942,-1.0719262480735778
1752064918.289405,-0.09954965859651566,0.4942272245883942,-1.0719262480735778
1752064918.2914732,-0.09954965859651566,0.4942272245883942,-1.0719262480735778
1752064918.2953866,-0.09680532664060593,0.5293196678161621,-1.059885275363922
1752064918.2980177,-0.09680532664060593,0.5293196678161621,-1.059885275363922
1752064918.3011444,-0.09680532664060593,0.5293196678161621,-1.059885275363922
1752064918.3032131,-0.09680532664060593,0.5293196678161621,-1.059885275363922
1752064918.3057032,-0.06321107596158981,0.5250633597373963,-1.0915159106254577
1752064918.307817,-0.06321107596158981,0.5250633597373963,-1.0915159106254577
1752064918.3098483,-0.06321107596158981,0.5250633597373963,-1.0915159106254577
1752064918.3136866,-0.06321107596158981,0.5250633597373963,-1.0915159106254577
1752064918.3144717,-0.06321107596158981,0.5250633597373963,-1.0915159106254577
1752064918.31928,-0.04027026891708374,0.5507570445537567,-1.104163122177124
1752064918.3211749,-0.04027026891708374,0.5507570445537567,-1.104163122177124
1752064918.3235714,-0.04027026891708374,0.5507570445537567,-1.104163122177124
1752064918.32572,-0.023884015157818794,0.5261699795722962,-1.1001224040985107
1752064918.3277833,-0.023884015157818794,0.5261699795722962,-1.1001224040985107
1752064918.3305883,-0.023884015157818794,0.5261699795722962,-1.1001224040985107
1752064918.3346045,-0.023884015157818794,0.5261699795722962,-1.1001224040985107
1752064918.3353705,-0.023884015157818794,0.5261699795722962,-1.1001224040985107
1752064918.3374283,-0.012667851522564888,0.5456103324890137,-1.0928415179252624
1752064918.3394864,-0.012667851522564888,0.5456103324890137,-1.0928415179252624
1752064918.3415506,-0.012667851522564888,0.5456103324890137,-1.0928415179252624
1752064918.3436968,-0.015473010018467903,0.5729890704154968,-1.1030316472053527
1752064918.345834,-0.015473010018467903,0.5729890704154968,-1.1030316472053527
1752064918.3486345,-0.015473010018467903,0.5729890704154968,-1.1030316472053527
1752064918.3524625,-0.015473010018467903,0.5729890704154968,-1.1030316472053527
1752064918.353249,-0.015473010018467903,0.5729890704154968,-1.1030316472053527
1752064918.3553176,-0.024565817788243294,0.5709517240524292,-1.0944131731987
1752064918.357342,-0.024565817788243294,0.5709517240524292,-1.0944131731987
1752064918.3594077,-0.024565817788243294,0.5709517240524292,-1.0944131731987
1752064918.3619375,-0.0204921942204237,0.581265264749527,-1.0862878680229187
1752064918.363666,-0.0204921942204237,0.581265264749527,-1.0862878680229187
1752064918.3671658,-0.0204921942204237,0.581265264749527,-1.0862878680229187
1752064918.3709238,-0.0204921942204237,0.581265264749527,-1.0862878680229187
1752064918.3716705,-0.0204921942204237,0.581265264749527,-1.0862878680229187
1752064918.3737702,-0.018778586760163307,0.6151176929473877,-1.06916583776474
1752064918.3758528,-0.018778586760163307,0.6151176929473877,-1.06916583776474
1752064918.3779416,-0.018778586760163307,0.6151176929473877,-1.06916583776474
1752064918.3818152,-0.03341810405254364,0.6417226433753968,-1.0810242414474487
1752064918.3855925,-0.03341810405254364,0.6417226433753968,-1.0810242414474487
1752064918.3876042,-0.03341810405254364,0.6417226433753968,-1.0810242414474487
1752064918.3896708,-0.03341810405254364,0.6417226433753968,-1.0810242414474487
1752064918.3917263,-0.03341810405254364,0.6417226433753968,-1.0810242414474487
1752064918.3937888,-0.05522845685482025,0.6332655489444733,-1.1372764229774475
1752064918.395959,-0.05522845685482025,0.6332655489444733,-1.1372764229774475
1752064918.4001215,-0.05522845685482025,0.6332655489444733,-1.1372764229774475
1752064918.4032202,-0.06593169271945953,0.6579182237386704,-1.32497279047966
1752064918.4052887,-0.06593169271945953,0.6579182237386704,-1.32497279047966
1752064918.4073255,-0.06593169271945953,0.6579182237386704,-1.32497279047966
1752064918.40935,-0.06593169271945953,0.6579182237386704,-1.32497279047966
1752064918.4118743,0.0252902340143919,0.6040636539459229,-1.655611102283001
1752064918.4137323,0.0252902340143919,0.6040636539459229,-1.655611102283001
1752064918.4171433,0.0252902340143919,0.6040636539459229,-1.655611102283001
1752064918.4208877,0.0252902340143919,0.6040636539459229,-1.655611102283001
1752064918.4216573,0.0252902340143919,0.6040636539459229,-1.655611102283001
1752064918.423715,0.03127036243677139,0.6378615140914917,-1.7096467863768339
1752064918.4257984,0.03127036243677139,0.6378615140914917,-1.7096467863768339
1752064918.4278893,0.03127036243677139,0.6378615140914917,-1.7096467863768339
1752064918.433706,0.039428576827049255,0.6709952294826508,-1.7687785148620605
1752064918.4358687,0.039428576827049255,0.6709952294826508,-1.7687785148620605
1752064918.4379303,0.039428576827049255,0.6709952294826508,-1.7687785148620605
1752064918.4400365,0.039428576827049255,0.6709952294826508,-1.7687785148620605
1752064918.4420838,0.039428576827049255,0.6709952294826508,-1.7687785148620605
1752064918.4441543,0.07585272192955017,0.7586697727441788,-1.9720537483692169
1752064918.4492953,0.07585272192955017,0.7586697727441788,-1.9720537483692169
1752064918.4501348,0.07585272192955017,0.7586697727441788,-1.9720537483692169
1752064918.452641,0.09836003184318542,0.7301056027412415,-2.0099963366985323
1752064918.4547231,0.09836003184318542,0.7301056027412415,-2.0099963366985323
1752064918.4568038,0.09836003184318542,0.7301056027412415,-2.0099963366985323
1752064918.4602363,0.09836003184318542,0.7301056027412415,-2.0099963366985323
1752064918.4609592,0.09836003184318542,0.7301056027412415,-2.0099963366985323
1752064918.4646938,0.0791187733411789,0.7145026862621308,-2.113808435201645
1752064918.4669297,0.0791187733411789,0.7145026862621308,-2.113808435201645
1752064918.469716,0.0791187733411789,0.7145026862621308,-2.113808435201645
1752064918.4720705,0.0773305892944336,0.6697533816099167,-2.227685582637787
1752064918.4741633,0.0773305892944336,0.6697533816099167,-2.227685582637787
1752064918.4762166,0.0773305892944336,0.6697533816099167,-2.227685582637787
1752064918.4782875,0.0773305892944336,0.6697533816099167,-2.227685582637787
1752064918.4854274,0.0773305892944336,0.6697533816099167,-2.227685582637787
1752064918.4904592,0.047451138496398926,0.5887657642364502,-2.3316147446632387
1752064918.4912386,0.047451138496398926,0.5887657642364502,-2.3316147446632387
1752064918.4949555,0.047451138496398926,0.5887657642364502,-2.3316147446632387
1752064918.4957013,0.047451138496398926,0.5887657642364502,-2.3316147446632387
1752064918.4997616,0.047451138496398926,0.5887657642364502,-2.3316147446632387
1752064918.5013664,0.01560988835990429,0.5430296897888184,-2.4496345639228823
1752064918.5049176,0.01560988835990429,0.5430296897888184,-2.4496345639228823
1752064918.5056713,-0.016037138178944588,0.5123055219650269,-2.5347239494323732
1752064918.5077682,-0.016037138178944588,0.5123055219650269,-2.5347239494323732
1752064918.5098484,-0.016037138178944588,0.5123055219650269,-2.5347239494323732
1752064918.5136473,-0.016037138178944588,0.5123055219650269,-2.5347239494323732
1752064918.5144463,-0.016037138178944588,0.5123055219650269,-2.5347239494323732
1752064918.5179274,-0.04610920697450638,0.46855618953704836,-2.5739849328994753
1752064918.5199137,-0.04610920697450638,0.46855618953704836,-2.5739849328994753
1752064918.5220165,-0.04610920697450638,0.46855618953704836,-2.5739849328994753
1752064918.5244622,-0.07748356461524963,0.48969014883041384,-2.6194695949554445
1752064918.5265234,-0.07748356461524963,0.48969014883041384,-2.6194695949554445
1752064918.5285845,-0.07748356461524963,0.48969014883041384,-2.6194695949554445
1752064918.5315337,-0.07748356461524963,0.48969014883041384,-2.6194695949554445
1752064918.5345812,-0.07748356461524963,0.48969014883041384,-2.6194695949554445
1752064918.5366743,-0.11939768493175507,0.4925840735435486,-2.4521565556526186
1752064918.538605,-0.11939768493175507,0.4925840735435486,-2.4521565556526186
1752064918.5406902,-0.11939768493175507,0.4925840735435486,-2.4521565556526186
1752064918.5431237,-0.14933526515960693,0.5018412709236145,-2.2635996460914614
1752064918.545336,-0.14933526515960693,0.5018412709236145,-2.2635996460914614
1752064918.5481997,-0.14933526515960693,0.5018412709236145,-2.2635996460914614
1752064918.5523505,-0.14933526515960693,0.5018412709236145,-2.2635996460914614
1752064918.5531151,-0.14933526515960693,0.5018412709236145,-2.2635996460914614
1752064918.5551968,-0.22803664207458496,0.4920834243297577,-2.062815409898758
1752064918.5572612,-0.22803664207458496,0.4920834243297577,-2.062815409898758
1752064918.5593271,-0.22803664207458496,0.4920834243297577,-2.062815409898758
1752064918.5614789,-0.21998412907123566,0.43797009587287905,-2.0598254024982454
1752064918.565517,-0.21998412907123566,0.43797009587287905,-2.0598254024982454
1752064918.56752,-0.21998412907123566,0.43797009587287905,-2.0598254024982454
1752064918.5712955,-0.21998412907123566,0.43797009587287905,-2.0598254024982454
1752064918.5720346,-0.21998412907123566,0.43797009587287905,-2.0598254024982454
1752064918.574139,-0.14469976723194122,0.46144368648529055,-1.963844072818756
1752064918.5761983,-0.14469976723194122,0.46144368648529055,-1.963844072818756
1752064918.5782697,-0.14469976723194122,0.46144368648529055,-1.963844072818756
1752064918.5811658,-0.16112564504146576,0.41172307133674624,-1.8646750569343566
1752064918.5848255,-0.16112564504146576,0.41172307133674624,-1.8646750569343566
1752064918.5868273,-0.16112564504146576,0.41172307133674624,-1.8646750569343566
1752064918.5889082,-0.16112564504146576,0.41172307133674624,-1.8646750569343566
1752064918.5909705,-0.16112564504146576,0.41172307133674624,-1.8646750569343566
1752064918.5930436,-0.16014842689037323,0.4251567363739014,-1.794807967543602
1752064918.5952766,-0.16014842689037323,0.4251567363739014,-1.794807967543602
1752064918.598515,-0.16014842689037323,0.4251567363739014,-1.794807967543602
1752064918.6022997,-0.16014842689037323,0.4251567363739014,-1.794807967543602
1752064918.6043417,-0.16345804929733276,0.40649410486221316,-1.6971072804182767
1752064918.6063435,-0.16345804929733276,0.40649410486221316,-1.6971072804182767
1752064918.6084077,-0.16345804929733276,0.40649410486221316,-1.6971072804182767
1752064918.61064,-0.1459455043077469,0.39420475959777834,-1.5932761549949646
1752064918.6127706,-0.1459455043077469,0.39420475959777834,-1.5932761549949646
1752064918.616334,-0.1459455043077469,0.39420475959777834,-1.5932761549949646
1752064918.6196966,-0.1459455043077469,0.39420475959777834,-1.5932761549949646
1752064918.6204405,-0.1459455043077469,0.39420475959777834,-1.5932761549949646
1752064918.622509,-0.11647860705852509,0.4198650658130646,-1.5390503227710723
1752064918.624567,-0.11647860705852509,0.4198650658130646,-1.5390503227710723
1752064918.626632,-0.11647860705852509,0.4198650658130646,-1.5390503227710723
1752064918.6289036,-0.08920107781887054,0.45787074565887453,-1.4180849015712738
1752064918.6310334,-0.08920107781887054,0.45787074565887453,-1.4180849015712738
1752064918.6331847,-0.08920107781887054,0.45787074565887453,-1.4180849015712738
1752064918.636868,-0.08920107781887054,0.45787074565887453,-1.4180849015712738
1752064918.6376128,-0.08920107781887054,0.45787074565887453,-1.4180849015712738
1752064918.6396785,-0.07505977898836136,0.4804749727249146,-1.3364458501338958
1752064918.6417341,-0.07505977898836136,0.4804749727249146,-1.3364458501338958
1752064918.643827,-0.07505977898836136,0.4804749727249146,-1.3364458501338958
1752064918.6462965,-0.07505977898836136,0.4804749727249146,-1.3364458501338958
1752064918.649088,-0.045944347977638245,0.5507304310798645,-1.2306072533130645
1752064918.65095,-0.045944347977638245,0.5507304310798645,-1.2306072533130645
1752064918.654703,-0.045944347977638245,0.5507304310798645,-1.2306072533130645
1752064918.6554434,-0.045944347977638245,0.5507304310798645,-1.2306072533130645
1752064918.6575131,-0.033093638718128204,0.5987593770027161,-1.1299047589302063
1752064918.6595705,-0.033093638718128204,0.5987593770027161,-1.1299047589302063
1752064918.6616352,-0.033093638718128204,0.5987593770027161,-1.1299047589302063
1752064918.6667771,-0.033093638718128204,0.5987593770027161,-1.1299047589302063
1752064918.6687765,0.005178241059184074,0.615307742357254,-1.0366190791130065
1752064918.6708431,0.005178241059184074,0.615307742357254,-1.0366190791130065
1752064918.6729112,0.005178241059184074,0.615307742357254,-1.0366190791130065
1752064918.6753294,0.014398543164134026,0.6013794481754303,-0.9584163546562194
1752064918.6773593,0.014398543164134026,0.6013794481754303,-0.9584163546562194
1752064918.6794286,0.014398543164134026,0.6013794481754303,-0.9584163546562194
1752064918.6815794,0.014398543164134026,0.6013794481754303,-0.9584163546562194
1752064918.684838,0.014398543164134026,0.6013794481754303,-0.9584163546562194
1752064918.6869068,0.008431544527411461,0.5638959646224976,-0.9383795380592346
1752064918.6889567,0.008431544527411461,0.5638959646224976,-0.9383795380592346
1752064918.691066,0.008431544527411461,0.5638959646224976,-0.9383795380592346
1752064918.6933503,0.026088399812579155,0.4978493392467499,-0.9714048027992248
1752064918.6954148,0.026088399812579155,0.4978493392467499,-0.9714048027992248
1752064918.6987736,0.026088399812579155,0.4978493392467499,-0.9714048027992248
1752064918.7017043,0.026088399812579155,0.4978493392467499,-0.9714048027992248
1752064918.7034168,0.026088399812579155,0.4978493392467499,-0.9714048027992248
1752064918.7054725,0.08144021034240723,0.5842483580112457,-1.0720275163650512
1752064918.7075312,0.08144021034240723,0.5842483580112457,-1.0720275163650512
1752064918.709594,0.08144021034240723,0.5842483580112457,-1.0720275163650512
1752064918.71209,0.05150440335273743,0.46970518827438357,-1.0138031363487243
1752064918.7144744,0.05150440335273743,0.46970518827438357,-1.0138031363487243
1752064918.7171352,0.05150440335273743,0.46970518827438357,-1.0138031363487243
1752064918.7207887,0.05150440335273743,0.46970518827438357,-1.0138031363487243
1752064918.721536,0.05150440335273743,0.46970518827438357,-1.0138031363487243
1752064918.7236035,0.0613076314330101,0.4648097097873688,-1.0074094653129577
1752064918.7256613,0.0613076314330101,0.4648097097873688,-1.0074094653129577
1752064918.7277544,0.0613076314330101,0.4648097097873688,-1.0074094653129577
1752064918.7335525,0.0613076314330101,0.4648097097873688,-1.0074094653129577
1752064918.7355082,0.06291387975215912,0.4549436211585999,-1.028251302242279
1752064918.737533,0.06291387975215912,0.4549436211585999,-1.028251302242279
1752064918.7402885,0.06291387975215912,0.4549436211585999,-1.028251302242279
1752064918.7420366,0.06291387975215912,0.4549436211585999,-1.028251302242279
1752064918.7441134,0.020343957468867302,0.45936726927757265,-1.013465118408203
1752064918.746394,0.020343957468867302,0.45936726927757265,-1.013465118408203
1752064918.7500436,0.020343957468867302,0.45936726927757265,-1.013465118408203
1752064918.7534301,-0.02403745986521244,0.4740853250026703,-1.0055392503738403
1752064918.7554646,-0.02403745986521244,0.4740853250026703,-1.0055392503738403
1752064918.7575219,-0.02403745986521244,0.4740853250026703,-1.0055392503738403
1752064918.7595875,-0.02403745986521244,0.4740853250026703,-1.0055392503738403
1752064918.7621374,-0.03907786309719086,0.48056291937828066,-0.995367956161499
1752064918.7648602,-0.03907786309719086,0.48056291937828066,-0.995367956161499
1752064918.766783,-0.03907786309719086,0.48056291937828066,-0.995367956161499
1752064918.7705355,-0.03907786309719086,0.48056291937828066,-0.995367956161499
1752064918.7713194,-0.03907786309719086,0.48056291937828066,-0.995367956161499
1752064918.7733445,-0.07404042780399323,0.4757497549057007,-1.0175589442253112
1752064918.775403,-0.07404042780399323,0.4757497549057007,-1.0175589442253112
1752064918.7774754,-0.07404042780399323,0.4757497549057007,-1.0175589442253112
1752064918.782189,-0.07404042780399323,0.4757497549057007,-1.0175589442253112
1752064918.784818,-0.07231393456459045,0.47927709817886355,-1.0140705227851867
1752064918.7868469,-0.07231393456459045,0.47927709817886355,-1.0140705227851867
1752064918.7905614,-0.07231393456459045,0.47927709817886355,-1.0140705227851867
1752064918.7912986,-0.07231393456459045,0.47927709817886355,-1.0140705227851867
1752064918.7933428,-0.08493194729089737,0.49834450483322146,-1.0238821625709533
1752064918.7954056,-0.08493194729089737,0.49834450483322146,-1.0238821625709533
1752064918.797559,-0.08493194729089737,0.49834450483322146,-1.0238821625709533
1752064918.802169,-0.08493194729089737,0.49834450483322146,-1.0238821625709533
1752064918.8042057,-0.08286152780056,0.500227177143097,-1.027854335308075
1752064918.8062558,-0.08286152780056,0.500227177143097,-1.027854335308075
1752064918.8083162,-0.08286152780056,0.500227177143097,-1.027854335308075
1752064918.8105612,-0.07216973602771759,0.5127187609672547,-1.0220515847206115
1752064918.8127046,-0.07216973602771759,0.5127187609672547,-1.0220515847206115
1752064918.8148367,-0.07216973602771759,0.5127187609672547,-1.0220515847206115
1752064918.817363,-0.07216973602771759,0.5127187609672547,-1.0220515847206115
1752064918.820433,-0.07216973602771759,0.5127187609672547,-1.0220515847206115
1752064918.8224733,-0.06532624363899231,0.4996765196323395,-1.0313794136047363
1752064918.8245802,-0.06532624363899231,0.4996765196323395,-1.0313794136047363
1752064918.8265965,-0.06532624363899231,0.4996765196323395,-1.0313794136047363
1752064918.8319025,-0.062107644975185394,0.4622866153717041,-1.0539723753929138
1752064918.8340576,-0.062107644975185394,0.4622866153717041,-1.0539723753929138
1752064918.8360882,-0.062107644975185394,0.4622866153717041,-1.0539723753929138
1752064918.8381948,-0.062107644975185394,0.4622866153717041,-1.0539723753929138
1752064918.8407001,-0.08033701777458191,0.4672634243965149,-1.0605040907859802
1752064918.8427825,-0.08033701777458191,0.4672634243965149,-1.0605040907859802
1752064918.8448396,-0.08033701777458191,0.4672634243965149,-1.0605040907859802
1752064918.8476443,-0.08033701777458191,0.4672634243965149,-1.0605040907859802
1752064918.8518958,-0.08033701777458191,0.4672634243965149,-1.0605040907859802
1752064918.8539412,-0.08633073419332504,0.5336211562156677,-1.0521517515182495
1752064918.8560364,-0.08633073419332504,0.5336211562156677,-1.0521517515182495
1752064918.8581226,-0.08633073419332504,0.5336211562156677,-1.0521517515182495
1752064918.860384,-0.06214302033185959,0.5464911997318268,-1.075835359096527
1752064918.8624527,-0.06214302033185959,0.5464911997318268,-1.075835359096527
1752064918.8659465,-0.06214302033185959,0.5464911997318268,-1.075835359096527
1752064918.8693244,-0.06214302033185959,0.5464911997318268,-1.075835359096527
1752064918.8700745,-0.06214302033185959,0.5464911997318268,-1.075835359096527
1752064918.8721828,-0.039010487496852875,0.517042750120163,-1.087455403804779
1752064918.8742468,-0.039010487496852875,0.517042750120163,-1.087455403804779
1752064918.8763072,-0.039010487496852875,0.517042750120163,-1.087455403804779
1752064918.8787985,-0.04037773609161377,0.5310800313949585,-1.0941811323165893
1752064918.8809497,-0.04037773609161377,0.5310800313949585,-1.0941811323165893
1752064918.884428,-0.04037773609161377,0.5310800313949585,-1.0941811323165893
1752064918.8880816,-0.04037773609161377,0.5310800313949585,-1.0941811323165893
1752064918.888809,-0.04037773609161377,0.5310800313949585,-1.0941811323165893
1752064918.8908808,-0.025198863819241524,0.5447648406028748,-1.0968122005462646
1752064918.8929675,-0.025198863819241524,0.5447648406028748,-1.0968122005462646
1752064918.89544,-0.025198863819241524,0.5447648406028748,-1.0968122005462646
1752064918.8994503,-0.025198863819241524,0.5447648406028748,-1.0968122005462646
1752064918.9016778,-0.029880696907639503,0.5521622240543366,-1.1014702439308166
1752064918.9037473,-0.029880696907639503,0.5521622240543366,-1.1014702439308166
1752064918.9074993,-0.029880696907639503,0.5521622240543366,-1.1014702439308166
1752064918.9082386,-0.029880696907639503,0.5521622240543366,-1.1014702439308166
1752064918.910308,-0.031034627929329872,0.57151939868927,-1.1052416682243347
1752064918.912343,-0.031034627929329872,0.57151939868927,-1.1052416682243347
1752064918.9151628,-0.031034627929329872,0.57151939868927,-1.1052416682243347
1752064918.9184177,-0.031034627929329872,0.57151939868927,-1.1052416682243347
1752064918.9204545,-0.033645354211330414,0.5850388944149018,-1.1117218255996704
1752064918.9225097,-0.033645354211330414,0.5850388944149018,-1.1117218255996704
1752064918.9245725,-0.033645354211330414,0.5850388944149018,-1.1117218255996704
1752064918.9267821,-0.02223215438425541,0.6170289158821106,-1.0959934711456298
1752064918.9288442,-0.02223215438425541,0.6170289158821106,-1.0959934711456298
1752064918.9317136,-0.02223215438425541,0.6170289158821106,-1.0959934711456298
1752064918.9355524,-0.02223215438425541,0.6170289158821106,-1.0959934711456298
1752064918.9363072,-0.02223215438425541,0.6170289158821106,-1.0959934711456298
1752064918.9383428,-0.030997926369309425,0.6270255386829376,-1.130917203426361
1752064918.940369,-0.030997926369309425,0.6270255386829376,-1.130917203426361
1752064918.9424298,-0.030997926369309425,0.6270255386829376,-1.130917203426361
1752064918.9445717,-0.05348089337348938,0.6500550746917725,-1.1014819264411926
1752064918.946718,-0.05348089337348938,0.6500550746917725,-1.1014819264411926
1752064918.9502082,-0.05348089337348938,0.6500550746917725,-1.1014819264411926
1752064918.9540935,-0.05348089337348938,0.6500550746917725,-1.1014819264411926
1752064918.9548612,-0.05348089337348938,0.6500550746917725,-1.1014819264411926
1752064918.9569178,-0.06833585351705551,0.6723522186279297,-1.21071035861969
1752064918.9589736,-0.06833585351705551,0.6723522186279297,-1.21071035861969
1752064918.9610696,-0.06833585351705551,0.6723522186279297,-1.21071035861969
1752064918.9670243,-0.06411927938461304,0.6682992964982987,-1.365050357580185
1752064918.9690082,-0.06411927938461304,0.6682992964982987,-1.365050357580185
1752064918.9710617,-0.06411927938461304,0.6682992964982987,-1.365050357580185
1752064918.9731565,-0.06411927938461304,0.6682992964982987,-1.365050357580185
1752064918.9755428,-0.06411927938461304,0.6682992964982987,-1.365050357580185
1752064918.9775999,0.009403062984347343,0.6141846120357514,-1.6610291048884391
1752064918.9797668,0.009403062984347343,0.6141846120357514,-1.6610291048884391
1752064918.9839084,0.009403062984347343,0.6141846120357514,-1.6610291048884391
1752064918.987751,0.009403062984347343,0.6141846120357514,-1.6610291048884391
1752064918.989806,-0.0088872779160738,0.6521771490573883,-1.6645789191126823
1752064918.991902,-0.0088872779160738,0.6521771490573883,-1.6645789191126823
1752064918.9939845,-0.0088872779160738,0.6521771490573883,-1.6645789191126823
1752064918.9991653,0.03730473667383194,0.706748241186142,-1.8023577004671096
1752064919.0012121,0.03730473667383194,0.706748241186142,-1.8023577004671096
1752064919.0032907,0.03730473667383194,0.706748241186142,-1.8023577004671096
1752064919.0069456,0.03730473667383194,0.706748241186142,-1.8023577004671096
1752064919.0076723,0.03730473667383194,0.706748241186142,-1.8023577004671096
1752064919.009779,0.06227004528045654,0.7239288330078125,-1.8389838457107544
1752064919.0118692,0.06227004528045654,0.7239288330078125,-1.8389838457107544
1752064919.014075,0.06227004528045654,0.7239288330078125,-1.8389838457107544
1752064919.018525,0.06227004528045654,0.7239288330078125,-1.8389838457107544
1752064919.0204704,0.0778496041893959,0.7402745872735977,-2.0326040506362917
1752064919.0225182,0.0778496041893959,0.7402745872735977,-2.0326040506362917
1752064919.0246115,0.0778496041893959,0.7402745872735977,-2.0326040506362917
1752064919.0267746,0.0791316032409668,0.6990185618400574,-2.0387590348720552
1752064919.0288813,0.0791316032409668,0.6990185618400574,-2.0387590348720552
1752064919.0310361,0.0791316032409668,0.6990185618400574,-2.0387590348720552
1752064919.0355372,0.0791316032409668,0.6990185618400574,-2.0387590348720552
1752064919.036284,0.0791316032409668,0.6990185618400574,-2.0387590348720552
1752064919.0383806,0.06679081916809082,0.6539331018924713,-2.20152862071991
1752064919.0404341,0.06679081916809082,0.6539331018924713,-2.20152862071991
1752064919.042501,0.06679081916809082,0.6539331018924713,-2.20152862071991
1752064919.0446422,0.06933565437793732,0.6165679037570954,-2.286437225341797
1752064919.0467582,0.06933565437793732,0.6165679037570954,-2.286437225341797
1752064919.0508144,0.06933565437793732,0.6165679037570954,-2.286437225341797
1752064919.054427,0.06933565437793732,0.6165679037570954,-2.286437225341797
1752064919.0551486,0.06933565437793732,0.6165679037570954,-2.286437225341797
1752064919.057258,0.032867059111595154,0.5731530725955963,-2.4222287058830263
1752064919.0593557,0.032867059111595154,0.5731530725955963,-2.4222287058830263
1752064919.0613823,0.032867059111595154,0.5731530725955963,-2.4222287058830263
1752064919.06562,0.032867059111595154,0.5731530725955963,-2.4222287058830263
1752064919.0680635,0.015414921566843987,0.502656900882721,-2.452355754375458
1752064919.0701203,0.015414921566843987,0.502656900882721,-2.452355754375458
1752064919.073798,0.015414921566843987,0.502656900882721,-2.452355754375458
1752064919.0745218,0.015414921566843987,0.502656900882721,-2.452355754375458
1752064919.0766237,-0.017883362248539925,0.4754789710044861,-2.5570977449417116
1752064919.078713,-0.017883362248539925,0.4754789710044861,-2.5570977449417116
1752064919.0813353,-0.017883362248539925,0.4754789710044861,-2.5570977449417116
1752064919.086696,-0.017883362248539925,0.4754789710044861,-2.5570977449417116
1752064919.08876,-0.047291114926338196,0.49161633253097536,-2.6296795129776003
1752064919.0908582,-0.047291114926338196,0.49161633253097536,-2.6296795129776003
1752064919.0929434,-0.047291114926338196,0.49161633253097536,-2.6296795129776003
1752064919.0964584,-0.10791535675525665,0.4614294707775116,-2.5340027928352358
1752064919.098533,-0.10791535675525665,0.4614294707775116,-2.5340027928352358
1752064919.1005435,-0.10791535675525665,0.4614294707775116,-2.5340027928352358
1752064919.1026442,-0.10791535675525665,0.4614294707775116,-2.5340027928352358
1752064919.1063483,-0.14906057715415955,0.4690528750419617,-2.3306043267250063
1752064919.1083736,-0.14906057715415955,0.4690528750419617,-2.3306043267250063
1752064919.1104317,-0.14906057715415955,0.4690528750419617,-2.3306043267250063
1752064919.1125033,-0.14906057715415955,0.4690528750419617,-2.3306043267250063
1752064919.1174586,-0.14906057715415955,0.4690528750419617,-2.3306043267250063
1752064919.1182203,-0.14906057715415955,0.4690528750419617,-2.3306043267250063
1752064919.120315,-0.23383675515651703,0.4549578368663788,-2.024755519628525
1752064919.1223845,-0.23383675515651703,0.4549578368663788,-2.024755519628525
1752064919.1246305,-0.23238873481750488,0.4272844135761261,-2.0394225835800173
1752064919.126721,-0.23238873481750488,0.4272844135761261,-2.0394225835800173
1752064919.128779,-0.23238873481750488,0.4272844135761261,-2.0394225835800173
1752064919.1320586,-0.23238873481750488,0.4272844135761261,-2.0394225835800173
1752064919.13502,-0.23238873481750488,0.4272844135761261,-2.0394225835800173
1752064919.136629,-0.15641836822032928,0.4430946946144104,-1.9609689235687255
1752064919.1387165,-0.15641836822032928,0.4430946946144104,-1.9609689235687255
1752064919.1408124,-0.15641836822032928,0.4430946946144104,-1.9609689235687255
1752064919.142992,-0.15035788714885712,0.4161532759666443,-1.8887427568435669
1752064919.1451852,-0.15035788714885712,0.4161532759666443,-1.8887427568435669
1752064919.147262,-0.15035788714885712,0.4161532759666443,-1.8887427568435669
1752064919.152197,-0.15035788714885712,0.4161532759666443,-1.8887427568435669
1752064919.15294,-0.15035788714885712,0.4161532759666443,-1.8887427568435669
1752064919.1550531,-0.17048074305057526,0.39118185043334963,-1.7720496848225593
1752064919.1571364,-0.17048074305057526,0.39118185043334963,-1.7720496848225593
1752064919.159238,-0.17048074305057526,0.39118185043334963,-1.7720496848225593
1752064919.1614928,-0.17538146674633026,0.39076229333877566,-1.7161889996379613
1752064919.1649766,-0.17538146674633026,0.39076229333877566,-1.7161889996379613
1752064919.1671169,-0.17538146674633026,0.39076229333877566,-1.7161889996379613
1752064919.1707354,-0.17538146674633026,0.39076229333877566,-1.7161889996379613
1752064919.1714773,-0.17538146674633026,0.39076229333877566,-1.7161889996379613
1752064919.173546,-0.16293397545814514,0.39046170711517336,-1.611809779703617
1752064919.1756306,-0.16293397545814514,0.39046170711517336,-1.611809779703617
1752064919.177723,-0.16293397545814514,0.39046170711517336,-1.611809779703617
1752064919.1803608,-0.16293397545814514,0.39046170711517336,-1.611809779703617
1752064919.1827722,-0.15242862701416016,0.3917053580284119,-1.5091232031583786
1752064919.1847346,-0.15242862701416016,0.3917053580284119,-1.5091232031583786
1752064919.1884716,-0.15242862701416016,0.3917053580284119,-1.5091232031583786
1752064919.1892116,-0.15242862701416016,0.3917053580284119,-1.5091232031583786
1752064919.1913111,-0.12802106142044067,0.4260850787162781,-1.4226631343364715
1752064919.1933737,-0.12802106142044067,0.4260850787162781,-1.4226631343364715
1752064919.195439,-0.12802106142044067,0.4260850787162781,-1.4226631343364715
1752064919.198934,-0.12802106142044067,0.4260850787162781,-1.4226631343364715
1752064919.2018566,-0.12802106142044067,0.4260850787162781,-1.4226631343364715
1752064919.2034454,-0.08583448082208633,0.4775660276412964,-1.3266923248767852
1752064919.2055116,-0.08583448082208633,0.4775660276412964,-1.3266923248767852
1752064919.2076814,-0.07102605700492859,0.5142489612102509,-1.232481700181961
1752064919.2097676,-0.07102605700492859,0.5142489612102509,-1.232481700181961
1752064919.2119539,-0.07102605700492859,0.5142489612102509,-1.232481700181961
1752064919.217311,-0.07102605700492859,0.5142489612102509,-1.232481700181961
1752064919.2180626,-0.07102605700492859,0.5142489612102509,-1.232481700181961
1752064919.2201612,-0.03689228743314743,0.5713875830173493,-1.113830578327179
1752064919.222258,-0.03689228743314743,0.5713875830173493,-1.113830578327179
1752064919.2243476,-0.03689228743314743,0.5713875830173493,-1.113830578327179
1752064919.227818,-0.005865084007382393,0.5912990808486939,-1.0224994540214538
1752064919.2299583,-0.005865084007382393,0.5912990808486939,-1.0224994540214538
1752064919.23327,-0.005865084007382393,0.5912990808486939,-1.0224994540214538
1752064919.2351902,-0.005865084007382393,0.5912990808486939,-1.0224994540214538
1752064919.23766,0.02286200039088726,0.5844799220561981,-0.9768673300743103
1752064919.2397432,0.02286200039088726,0.5844799220561981,-0.9768673300743103
1752064919.241831,0.02286200039088726,0.5844799220561981,-0.9768673300743103
1752064919.2452621,0.02286200039088726,0.5844799220561981,-0.9768673300743103
1752064919.246086,0.02286200039088726,0.5844799220561981,-0.9768673300743103
1752064919.2500758,0.027590936049818993,0.536837899684906,-0.9462259531021118
1752064919.2520936,0.027590936049818993,0.536837899684906,-0.9462259531021118
1752064919.2558284,0.027590936049818993,0.536837899684906,-0.9462259531021118
1752064919.2565644,0.027590936049818993,0.536837899684906,-0.9462259531021118
1752064919.2586648,0.051967814564704895,0.6061595320701599,-1.118990969657898
1752064919.2607498,0.051967814564704895,0.6061595320701599,-1.118990969657898
1752064919.2633002,0.051967814564704895,0.6061595320701599,-1.118990969657898
1752064919.2673037,0.051967814564704895,0.6061595320701599,-1.118990969657898
1752064919.2693465,0.04292433708906174,0.5023164093494416,-1.066294264793396
1752064919.2713974,0.04292433708906174,0.5023164093494416,-1.066294264793396
1752064919.2734675,0.04292433708906174,0.5023164093494416,-1.066294264793396
1752064919.275799,0.03427017480134964,0.4606937408447266,-1.0245571255683898
1752064919.2778971,0.03427017480134964,0.4606937408447266,-1.0245571255683898
1752064919.2821465,0.03427017480134964,0.4606937408447266,-1.0245571255683898
1752064919.2857428,0.03427017480134964,0.4606937408447266,-1.0245571255683898
1752064919.286479,0.03427017480134964,0.4606937408447266,-1.0245571255683898
1752064919.2885592,0.04449056088924408,0.4705661177635193,-1.045507264137268
1752064919.2906356,0.04449056088924408,0.4705661177635193,-1.045507264137268
1752064919.2927263,0.04449056088924408,0.4705661177635193,-1.045507264137268
1752064919.2948763,0.020610233768820763,0.43796181082725527,-1.0479605317115783
1752064919.2971892,0.020610233768820763,0.43796181082725527,-1.0479605317115783
1752064919.3004603,0.020610233768820763,0.43796181082725527,-1.0479605317115783
1752064919.3041515,0.020610233768820763,0.43796181082725527,-1.0479605317115783
1752064919.3048909,0.020610233768820763,0.43796181082725527,-1.0479605317115783
1752064919.3069901,0.0185652207583189,0.45109068751335146,-1.021129560470581
1752064919.3090768,0.0185652207583189,0.45109068751335146,-1.021129560470581
1752064919.3111737,0.0185652207583189,0.45109068751335146,-1.021129560470581
1752064919.313836,0.0185652207583189,0.45109068751335146,-1.021129560470581
1752064919.3162172,-0.03530497848987579,0.4534373223781586,-1.0138181567192077
1752064919.318238,-0.03530497848987579,0.4534373223781586,-1.0138181567192077
1752064919.3219693,-0.03530497848987579,0.4534373223781586,-1.0138181567192077
1752064919.322701,-0.03530497848987579,0.4534373223781586,-1.0138181567192077
1752064919.324805,-0.05104512721300125,0.4354852080345154,-1.0080828189849853
1752064919.3268926,-0.05104512721300125,0.4354852080345154,-1.0080828189849853
1752064919.3289595,-0.05104512721300125,0.4354852080345154,-1.0080828189849853
1752064919.3335822,-0.05104512721300125,0.4354852080345154,-1.0080828189849853
1752064919.3356047,-0.06314361840486526,0.44098257422447207,-1.0259766697883606
1752064919.3376782,-0.06314361840486526,0.44098257422447207,-1.0259766697883606
1752064919.3397892,-0.06314361840486526,0.44098257422447207,-1.0259766697883606
1752064919.3433757,-0.061104170978069305,0.46335535645484927,-1.0261036276817321
1752064919.345435,-0.061104170978069305,0.46335535645484927,-1.0261036276817321
1752064919.3483698,-0.061104170978069305,0.46335535645484927,-1.0261036276817321
1752064919.3507707,-0.061104170978069305,0.46335535645484927,-1.0261036276817321
1752064919.3532746,-0.07508525252342224,0.464104825258255,-1.0250106573104858
1752064919.3553686,-0.07508525252342224,0.464104825258255,-1.0250106573104858
1752064919.3573751,-0.07508525252342224,0.464104825258255,-1.0250106573104858
1752064919.3607645,-0.07508525252342224,0.464104825258255,-1.0250106573104858
1752064919.3614879,-0.07508525252342224,0.464104825258255,-1.0250106573104858
1752064919.3649688,-0.08219729363918304,0.4680089592933655,-1.0119938969612121
1752064919.3672886,-0.08219729363918304,0.4680089592933655,-1.0119938969612121
1752064919.3693326,-0.08219729363918304,0.4680089592933655,-1.0119938969612121
1752064919.371822,-0.059502191841602325,0.4952747166156769,-1.023402464389801
1752064919.3739095,-0.059502191841602325,0.4952747166156769,-1.023402464389801
1752064919.3759947,-0.059502191841602325,0.4952747166156769,-1.023402464389801
1752064919.3789504,-0.059502191841602325,0.4952747166156769,-1.023402464389801
1752064919.3841386,-0.059502191841602325,0.4952747166156769,-1.023402464389801
1752064919.3861375,-0.07544644922018051,0.47820063829422,-1.0284863829612731
1752064919.3882332,-0.07544644922018051,0.47820063829422,-1.0284863829612731
1752064919.3903205,-0.07544644922018051,0.47820063829422,-1.0284863829612731
1752064919.3926756,-0.07123995572328568,0.45262914299964907,-1.0617147207260131
1752064919.3947685,-0.07123995572328568,0.45262914299964907,-1.0617147207260131
1752064919.3970873,-0.07123995572328568,0.45262914299964907,-1.0617147207260131
1752064919.4014225,-0.07123995572328568,0.45262914299964907,-1.0617147207260131
1752064919.4021668,-0.07123995572328568,0.45262914299964907,-1.0617147207260131
1752064919.404274,-0.09655983000993729,0.47379314303398135,-1.0696167469024658
1752064919.4063623,-0.09655983000993729,0.47379314303398135,-1.0696167469024658
1752064919.4083812,-0.09655983000993729,0.47379314303398135,-1.0696167469024658
1752064919.4105415,-0.097767174243927,0.5535999774932862,-1.0580240607261657
1752064919.413123,-0.097767174243927,0.5535999774932862,-1.0580240607261657
1752064919.416313,-0.097767174243927,0.5535999774932862,-1.0580240607261657
1752064919.4195263,-0.097767174243927,0.5535999774932862,-1.0580240607261657
1752064919.4207885,-0.097767174243927,0.5535999774932862,-1.0580240607261657
1752064919.4228797,-0.07313338667154312,0.5212799549102783,-1.0810639977455139
1752064919.4249666,-0.07313338667154312,0.5212799549102783,-1.0810639977455139
1752064919.4270716,-0.07313338667154312,0.5212799549102783,-1.0810639977455139
1752064919.4297056,-0.04355020076036453,0.5376090049743653,-1.1041187167167663
1752064919.4326184,-0.04355020076036453,0.5376090049743653,-1.1041187167167663
1752064919.4346373,-0.04355020076036453,0.5376090049743653,-1.1041187167167663
1752064919.4383872,-0.04355020076036453,0.5376090049743653,-1.1041187167167663
1752064919.439116,-0.04355020076036453,0.5376090049743653,-1.1041187167167663
1752064919.4412303,-0.012223953381180763,0.5442922949790955,-1.1096316695213317
1752064919.4433112,-0.012223953381180763,0.5442922949790955,-1.1096316695213317
1752064919.4453728,-0.012223953381180763,0.5442922949790955,-1.1096316695213317
1752064919.4510567,-0.012223953381180763,0.5442922949790955,-1.1096316695213317
1752064919.453017,-0.010240713134407997,0.5265977323055268,-1.0889004588127136
1752064919.4551053,-0.010240713134407997,0.5265977323055268,-1.0889004588127136
1752064919.457197,-0.010240713134407997,0.5265977323055268,-1.0889004588127136
1752064919.4595838,-0.01892009563744068,0.5459133625030518,-1.1013356566429138
1752064919.4619977,-0.01892009563744068,0.5459133625030518,-1.1013356566429138
1752064919.4645202,-0.01892009563744068,0.5459133625030518,-1.1013356566429138
1752064919.4684203,-0.01892009563744068,0.5459133625030518,-1.1013356566429138
1752064919.4691634,-0.01892009563744068,0.5459133625030518,-1.1013356566429138
1752064919.471273,-0.02406037040054798,0.5577364504337311,-1.10443617105484
1752064919.473349,-0.02406037040054798,0.5577364504337311,-1.10443617105484
1752064919.4753835,-0.02406037040054798,0.5577364504337311,-1.10443617105484
1752064919.4775624,-0.023213619366288185,0.5924680769443512,-1.113523495197296
1752064919.4805605,-0.023213619366288185,0.5924680769443512,-1.113523495197296
1752064919.4842193,-0.023213619366288185,0.5924680769443512,-1.113523495197296
1752064919.4874587,-0.023213619366288185,0.5924680769443512,-1.113523495197296
1752064919.4887054,-0.023213619366288185,0.5924680769443512,-1.113523495197296
1752064919.4907992,-0.015282394364476204,0.6070035636425019,-1.089910101890564
1752064919.492882,-0.015282394364476204,0.6070035636425019,-1.089910101890564
1752064919.495369,-0.015282394364476204,0.6070035636425019,-1.089910101890564
1752064919.4983795,-0.015282394364476204,0.6070035636425019,-1.089910101890564
1752064919.5036907,-0.02285836823284626,0.6352727353572846,-1.1023659825325012
1752064919.505881,-0.02285836823284626,0.6352727353572846,-1.1023659825325012
1752064919.509294,-0.02285836823284626,0.6352727353572846,-1.1023659825325012
1752064919.510021,-0.02285836823284626,0.6352727353572846,-1.1023659825325012
1752064919.5121078,-0.044992923736572266,0.6302868664264679,-1.1365229606628418
1752064919.5143287,-0.044992923736572266,0.6302868664264679,-1.1365229606628418
1752064919.5174332,-0.044992923736572266,0.6302868664264679,-1.1365229606628418
1752064919.519907,-0.07794727385044098,0.6971165180206299,-1.23590327501297
1752064919.521995,-0.07794727385044098,0.6971165180206299,-1.23590327501297
1752064919.5240927,-0.07794727385044098,0.6971165180206299,-1.23590327501297
1752064919.5275083,-0.07794727385044098,0.6971165180206299,-1.23590327501297
1752064919.5282376,-0.07794727385044098,0.6971165180206299,-1.23590327501297
1752064919.530388,-0.04775896668434143,0.6667958736419678,-1.4232128083705902
1752064919.5343812,-0.04775896668434143,0.6667958736419678,-1.4232128083705902
1752064919.5380332,-0.04775896668434143,0.6667958736419678,-1.4232128083705902
1752064919.5387683,-0.04775896668434143,0.6667958736419678,-1.4232128083705902
1752064919.5408838,0.033132411539554596,0.6032045125961304,-1.654665333032608
1752064919.5429673,0.033132411539554596,0.6032045125961304,-1.654665333032608
1752064919.5450451,0.033132411539554596,0.6032045125961304,-1.654665333032608
1752064919.5495822,0.033132411539554596,0.6032045125961304,-1.654665333032608
1752064919.552349,0.02539762668311596,0.6533891499042511,-1.715060307458043
1752064919.554385,0.02539762668311596,0.6533891499042511,-1.715060307458043
1752064919.5580728,0.02539762668311596,0.6533891499042511,-1.715060307458043
1752064919.5588107,0.02539762668311596,0.6533891499042511,-1.715060307458043
1752064919.5609052,0.04028107225894928,0.6903272211551666,-1.7832038521766662
1752064919.5634038,0.04028107225894928,0.6903272211551666,-1.7832038521766662
1752064919.5677688,0.04028107225894928,0.6903272211551666,-1.7832038521766662
1752064919.570288,0.06718093901872635,0.7424379676580429,-1.9368753254413604
1752064919.5723827,0.06718093901872635,0.7424379676580429,-1.9368753254413604
1752064919.5744307,0.06718093901872635,0.7424379676580429,-1.9368753254413604
1752064919.577848,0.06718093901872635,0.7424379676580429,-1.9368753254413604
1752064919.5785837,0.06718093901872635,0.7424379676580429,-1.9368753254413604
1752064919.5817425,0.08385320007801056,0.7336942195892334,-2.0341118395328524
1752064919.5850062,0.08385320007801056,0.7336942195892334,-2.0341118395328524
1752064919.588741,0.08385320007801056,0.7336942195892334,-2.0341118395328524
1752064919.5894806,0.08385320007801056,0.7336942195892334,-2.0341118395328524
1752064919.5915859,0.07531701773405075,0.7169288188219071,-2.1449230432510378
1752064919.5936623,0.07531701773405075,0.7169288188219071,-2.1449230432510378
1752064919.5957813,0.07531701773405075,0.7169288188219071,-2.1449230432510378
1752064919.6004074,0.07531701773405075,0.7169288188219071,-2.1449230432510378
1752064919.6029344,0.05795447528362274,0.6288734018802643,-2.2077943205833437
1752064919.6050055,0.05795447528362274,0.6288734018802643,-2.2077943205833437
1752064919.60864,0.05795447528362274,0.6288734018802643,-2.2077943205833437
1752064919.6093898,0.05795447528362274,0.6288734018802643,-2.2077943205833437
1752064919.6114504,0.04325157403945923,0.5950307488441468,-2.378931772708893
1752064919.613742,0.04325157403945923,0.5950307488441468,-2.378931772708893
1752064919.6174562,0.04325157403945923,0.5950307488441468,-2.378931772708893
1752064919.6199336,0.04325157403945923,0.5950307488441468,-2.378931772708893
1752064919.6220262,0.01926351897418499,0.5190242171287537,-2.434494507312775
1752064919.6241145,0.01926351897418499,0.5190242171287537,-2.434494507312775
1752064919.626226,0.01926351897418499,0.5190242171287537,-2.434494507312775
1752064919.6286848,-0.003071362152695656,0.468717896938324,-2.50610591173172
1752064919.630933,-0.003071362152695656,0.468717896938324,-2.50610591173172
1752064919.6345327,-0.003071362152695656,0.468717896938324,-2.50610591173172
1752064919.638186,-0.003071362152695656,0.468717896938324,-2.50610591173172
1752064919.6389139,-0.003071362152695656,0.468717896938324,-2.50610591173172
1752064919.6409972,-0.030589038506150246,0.48049026131629946,-2.6001273512840273
1752064919.6430774,-0.030589038506150246,0.48049026131629946,-2.6001273512840273
1752064919.6451886,-0.030589038506150246,0.48049026131629946,-2.6001273512840273
1752064919.6507852,-0.030589038506150246,0.48049026131629946,-2.6001273512840273
1752064919.6527429,-0.07569704204797745,0.48699443936347964,-2.6064434170722963
1752064919.65478,-0.07569704204797745,0.48699443936347964,-2.6064434170722963
1752064919.656868,-0.07569704204797745,0.48699443936347964,-2.6064434170722963
1752064919.6591332,-0.13188399374485016,0.45541867017745974,-2.367809367179871
1752064919.6612318,-0.13188399374485016,0.45541867017745974,-2.367809367179871
1752064919.6641467,-0.13188399374485016,0.45541867017745974,-2.367809367179871
1752064919.6683276,-0.13188399374485016,0.45541867017745974,-2.367809367179871
1752064919.66908,-0.13188399374485016,0.45541867017745974,-2.367809367179871
1752064919.671196,-0.1862776279449463,0.4802542269229889,-2.170347583293915
1752064919.6732774,-0.1862776279449463,0.4802542269229889,-2.170347583293915
1752064919.6753685,-0.1862776279449463,0.4802542269229889,-2.170347583293915
1752064919.6787567,-0.22896336019039154,0.4476925373077393,-2.0250283598899843
1752064919.681156,-0.22896336019039154,0.4476925373077393,-2.0250283598899843
1752064919.6846752,-0.22896336019039154,0.4476925373077393,-2.0250283598899843
1752064919.6867,-0.22896336019039154,0.4476925373077393,-2.0250283598899843
1752064919.6891043,-0.22896336019039154,0.4476925373077393,-2.0250283598899843
1752064919.691205,-0.2094663828611374,0.4115657448768616,-2.000846040248871
1752064919.6932862,-0.2094663828611374,0.4115657448768616,-2.000846040248871
1752064919.6953669,-0.2094663828611374,0.4115657448768616,-2.000846040248871
1752064919.699233,-0.16526184976100922,0.4174442231655121,-1.8784162670373916
1752064919.7014756,-0.16526184976100922,0.4174442231655121,-1.8784162670373916
1752064919.703475,-0.16526184976100922,0.4174442231655121,-1.8784162670373916
1752064919.70554,-0.16526184976100922,0.4174442231655121,-1.8784162670373916
1752064919.7081017,-0.17058105766773224,0.39195462465286257,-1.7986733138561248
1752064919.7103903,-0.17058105766773224,0.39195462465286257,-1.7986733138561248
1752064919.7122426,-0.17058105766773224,0.39195462465286257,-1.7986733138561248
1752064919.7174187,-0.17058105766773224,0.39195462465286257,-1.7986733138561248
1752064919.7181818,-0.17058105766773224,0.39195462465286257,-1.7986733138561248
1752064919.7202804,-0.16862273216247559,0.3952800273895264,-1.7142328087240457
1752064919.7223635,-0.16862273216247559,0.3952800273895264,-1.7142328087240457
1752064919.7243855,-0.16862273216247559,0.3952800273895264,-1.7142328087240457
1752064919.726548,-0.16274870932102203,0.3829501509666443,-1.610839483141899
1752064919.7286766,-0.16274870932102203,0.3829501509666443,-1.610839483141899
1752064919.7325652,-0.16274870932102203,0.3829501509666443,-1.610839483141899
1752064919.7362523,-0.16274870932102203,0.3829501509666443,-1.610839483141899
1752064919.7369843,-0.16274870932102203,0.3829501509666443,-1.610839483141899
1752064919.7390904,-0.1432640701532364,0.392204487323761,-1.5372745662927627
1752064919.741187,-0.1432640701532364,0.392204487323761,-1.5372745662927627
1752064919.7432792,-0.1432640701532364,0.392204487323761,-1.5372745662927627
1752064919.745489,-0.11302030086517334,0.4239807963371277,-1.4240111529827117
1752064919.7482533,-0.11302030086517334,0.4239807963371277,-1.4240111529827117
1752064919.7509296,-0.11302030086517334,0.4239807963371277,-1.4240111529827117
1752064919.7546453,-0.11302030086517334,0.4239807963371277,-1.4240111529827117
1752064919.7553892,-0.11302030086517334,0.4239807963371277,-1.4240111529827117
1752064919.757458,-0.08904807269573212,0.4515331625938416,-1.3217420995235443
1752064919.7595139,-0.08904807269573212,0.4515331625938416,-1.3217420995235443
1752064919.761606,-0.08904807269573212,0.4515331625938416,-1.3217420995235443
1752064919.7691107,-0.08904807269573212,0.4515331625938416,-1.3217420995235443
1752064919.7712994,-0.06479565799236298,0.5081982254981995,-1.2236544013023376
1752064919.773231,-0.06479565799236298,0.5081982254981995,-1.2236544013023376
1752064919.7753255,-0.06479565799236298,0.5081982254981995,-1.2236544013023376
1752064919.7776906,-0.043632373213768005,0.5731535196304322,-1.077999722957611
1752064919.780421,-0.043632373213768005,0.5731535196304322,-1.077999722957611
1752064919.7835927,-0.043632373213768005,0.5731535196304322,-1.077999722957611
1752064919.7863228,-0.043632373213768005,0.5731535196304322,-1.077999722957611
1752064919.7881472,-0.005839833989739418,0.5912340223789215,-0.9899937033653259
1752064919.790255,-0.005839833989739418,0.5912340223789215,-0.9899937033653259
1752064919.7923305,-0.005839833989739418,0.5912340223789215,-0.9899937033653259
1752064919.7943852,-0.005839833989739418,0.5912340223789215,-0.9899937033653259
1752064919.7979221,0.03777306526899338,0.562979006767273,-0.9655004858970642
1752064919.801457,0.03777306526899338,0.562979006767273,-0.9655004858970642
1752064919.8033905,0.03777306526899338,0.562979006767273,-0.9655004858970642
1752064919.8054507,0.03777306526899338,0.562979006767273,-0.9655004858970642
1752064919.807514,0.03777306526899338,0.562979006767273,-0.9655004858970642
1752064919.8096094,0.011457132175564766,0.5044696271419525,-0.9579450607299804
1752064919.8119004,0.011457132175564766,0.5044696271419525,-0.9579450607299804
1752064919.8154619,0.011457132175564766,0.5044696271419525,-0.9579450607299804
1752064919.818604,0.011457132175564766,0.5044696271419525,-0.9579450607299804
1752064919.8207753,0.04382285475730896,0.5951581835746765,-1.1390220642089843
1752064919.8228576,0.04382285475730896,0.5951581835746765,-1.1390220642089843
1752064919.825956,0.04382285475730896,0.5951581835746765,-1.1390220642089843
1752064919.8271399,0.04382285475730896,0.5951581835746765,-1.1390220642089843
1752064919.8296697,0.031623758375644684,0.4592337250709534,-1.0232060074806213
1752064919.832903,0.031623758375644684,0.4592337250709534,-1.0232060074806213
1752064919.8348768,0.031623758375644684,0.4592337250709534,-1.0232060074806213
1752064919.8373175,0.031623758375644684,0.4592337250709534,-1.0232060074806213
1752064919.8393774,0.040972232818603516,0.4644916892051697,-1.012529981136322
1752064919.841431,0.040972232818603516,0.4644916892051697,-1.012529981136322
1752064919.843497,0.040972232818603516,0.4644916892051697,-1.012529981136322
1752064919.8457386,0.05323319137096405,0.4299308001995087,-1.04682297706604
1752064919.847901,0.05323319137096405,0.4299308001995087,-1.04682297706604
1752064919.8502135,0.05323319137096405,0.4299308001995087,-1.04682297706604
1752064919.8539066,0.05323319137096405,0.4299308001995087,-1.04682297706604
1752064919.8546453,0.05323319137096405,0.4299308001995087,-1.04682297706604
1752064919.8567169,0.05607607960700989,0.4379636287689209,-1.0447350859642028
1752064919.8588088,0.05607607960700989,0.4379636287689209,-1.0447350859642028
1752064919.8609061,0.05607607960700989,0.4379636287689209,-1.0447350859642028
1752064919.8641894,0.05607607960700989,0.4379636287689209,-1.0447350859642028
1752064919.8669474,0.026869533583521843,0.4409779250621796,-1.0221219778060913
1752064919.8689692,0.026869533583521843,0.4409779250621796,-1.0221219778060913
1752064919.871063,0.026869533583521843,0.4409779250621796,-1.0221219778060913
1752064919.8735516,-0.009866224601864815,0.43381127119064333,-1.0050586581230163
1752064919.8756356,-0.009866224601864815,0.43381127119064333,-1.0050586581230163
1752064919.8777218,-0.009866224601864815,0.43381127119064333,-1.0050586581230163
1752064919.8837366,-0.009866224601864815,0.43381127119064333,-1.0050586581230163
1752064919.8845282,-0.009866224601864815,0.43381127119064333,-1.0050586581230163
1752064919.8866107,-0.04421006143093109,0.4212840735912323,-1.0124221563339233
1752064919.8886912,-0.04421006143093109,0.4212840735912323,-1.0124221563339233
1752064919.8907955,-0.04421006143093109,0.4212840735912323,-1.0124221563339233
1752064919.89318,-0.06886505335569382,0.4140805840492249,-1.0208662271499633
1752064919.8952508,-0.06886505335569382,0.4140805840492249,-1.0208662271499633
1752064919.8973653,-0.06886505335569382,0.4140805840492249,-1.0208662271499633
1752064919.9023669,-0.06886505335569382,0.4140805840492249,-1.0208662271499633
1752064919.9031234,-0.06886505335569382,0.4140805840492249,-1.0208662271499633
1752064919.9051921,-0.05033203959465027,0.45479669570922854,-1.0119574189186096
1752064919.9072797,-0.05033203959465027,0.45479669570922854,-1.0119574189186096
1752064919.9093757,-0.05033203959465027,0.45479669570922854,-1.0119574189186096
1752064919.9115639,-0.06452319025993347,0.447652006149292,-1.0316492438316345
1752064919.91538,-0.06452319025993347,0.447652006149292,-1.0316492438316345
1752064919.9174068,-0.06452319025993347,0.447652006149292,-1.0316492438316345
1752064919.9211273,-0.06452319025993347,0.447652006149292,-1.0316492438316345
1752064919.9218574,-0.06452319025993347,0.447652006149292,-1.0316492438316345
1752064919.9239633,-0.061986446380615234,0.4454506278038025,-1.0151221871376037
1752064919.9260292,-0.061986446380615234,0.4454506278038025,-1.0151221871376037
1752064919.928115,-0.061986446380615234,0.4454506278038025,-1.0151221871376037
1752064919.9314606,-0.061986446380615234,0.4454506278038025,-1.0151221871376037
1752064919.9344535,-0.06837640702724457,0.46036809086799624,-1.0091516494750976
1752064919.9364517,-0.06837640702724457,0.46036809086799624,-1.0091516494750976
1752064919.9385216,-0.06837640702724457,0.46036809086799624,-1.0091516494750976
1752064919.9409266,-0.06098266690969467,0.452727222442627,-1.03746999502182
1752064919.9430184,-0.06098266690969467,0.452727222442627,-1.03746999502182
1752064919.9452455,-0.06098266690969467,0.452727222442627,-1.03746999502182
1752064919.9489064,-0.06098266690969467,0.452727222442627,-1.03746999502182
1752064919.9517086,-0.06098266690969467,0.452727222442627,-1.03746999502182
1752064919.953789,-0.052904509007930756,0.4220669507980347,-1.0668927550315856
1752064919.9558754,-0.052904509007930756,0.4220669507980347,-1.0668927550315856
1752064919.9579768,-0.052904509007930756,0.4220669507980347,-1.0668927550315856
1752064919.9601328,-0.09004852175712585,0.4871029794216156,-1.0631828427314758
1752064919.9622428,-0.09004852175712585,0.4871029794216156,-1.0631828427314758
1752064919.9644217,-0.09004852175712585,0.4871029794216156,-1.0631828427314758
1752064919.9683263,-0.09004852175712585,0.4871029794216156,-1.0631828427314758
1752064919.9690716,-0.09004852175712585,0.4871029794216156,-1.0631828427314758
1752064919.9711752,-0.07681544870138168,0.5415498554706574,-1.057973039150238
1752064919.9732704,-0.07681544870138168,0.5415498554706574,-1.057973039150238
1752064919.975356,-0.07681544870138168,0.5415498554706574,-1.057973039150238
1752064919.977537,-0.05956069380044937,0.539155238866806,-1.0808485865592956
1752064919.9798927,-0.05956069380044937,0.539155238866806,-1.0808485865592956
1752064919.9836874,-0.05956069380044937,0.539155238866806,-1.0808485865592956
1752064919.9888,-0.05956069380044937,0.539155238866806,-1.0808485865592956
1752064919.9895463,-0.05956069380044937,0.539155238866806,-1.0808485865592956
1752064919.9916568,-0.00984676368534565,0.4919348001480103,-1.0930503726005554
1752064919.9937332,-0.00984676368534565,0.4919348001480103,-1.0930503726005554
1752064919.9962869,-0.00984676368534565,0.4919348001480103,-1.0930503726005554
1752064920.001469,-0.00984676368534565,0.4919348001480103,-1.0930503726005554
1752064920.003513,0.002857750281691551,0.5305590867996216,-1.0976598978042602
1752064920.0055246,0.002857750281691551,0.5305590867996216,-1.0976598978042602
1752064920.0091934,0.002857750281691551,0.5305590867996216,-1.0976598978042602
1752064920.0099273,0.002857750281691551,0.5305590867996216,-1.0976598978042602
1752064920.0120041,0.00017914734780788422,0.5241123080253601,-1.1000776410102844
1752064920.0143113,0.00017914734780788422,0.5241123080253601,-1.1000776410102844
1752064920.016852,0.00017914734780788422,0.5241123080253601,-1.1000776410102844
1752064920.019478,0.00017914734780788422,0.5241123080253601,-1.1000776410102844
1752064920.0216765,-0.005975143983960152,0.5371471881866455,-1.112098228931427
1752064920.0237586,-0.005975143983960152,0.5371471881866455,-1.112098228931427
1752064920.0261343,-0.005975143983960152,0.5371471881866455,-1.112098228931427
1752064920.0281403,-0.02299029566347599,0.5692665219306946,-1.1103978276252746
1752064920.0303173,-0.02299029566347599,0.5692665219306946,-1.1103978276252746
1752064920.0334337,-0.02299029566347599,0.5692665219306946,-1.1103978276252746
1752064920.0370317,-0.02299029566347599,0.5692665219306946,-1.1103978276252746
1752064920.0377746,-0.02299029566347599,0.5692665219306946,-1.1103978276252746
1752064920.0398862,-0.013197036460042,0.6072908282279968,-1.1142903685569763
1752064920.041965,-0.013197036460042,0.6072908282279968,-1.1142903685569763
1752064920.044061,-0.013197036460042,0.6072908282279968,-1.1142903685569763
1752064920.0471015,-0.013197036460042,0.6072908282279968,-1.1142903685569763
1752064920.05086,-0.004909412935376167,0.6060929238796234,-1.1031655192375183
1752064920.0528803,-0.004909412935376167,0.6060929238796234,-1.1031655192375183
1752064920.0566316,-0.004909412935376167,0.6060929238796234,-1.1031655192375183
1752064920.0573683,-0.004909412935376167,0.6060929238796234,-1.1031655192375183
1752064920.059441,-0.019268514588475227,0.6350261211395264,-1.1191854596138
1752064920.0614998,-0.019268514588475227,0.6350261211395264,-1.1191854596138
1752064920.0637252,-0.019268514588475227,0.6350261211395264,-1.1191854596138
1752064920.0683756,-0.019268514588475227,0.6350261211395264,-1.1191854596138
1752064920.0703855,-0.031017856672406197,0.64733766913414,-1.1162367582321167
1752064920.0724368,-0.031017856672406197,0.64733766913414,-1.1162367582321167
1752064920.0745096,-0.031017856672406197,0.64733766913414,-1.1162367582321167
1752064920.076821,-0.058963850140571594,0.6922054082155228,-1.2012229084968566
1752064920.0789337,-0.058963850140571594,0.6922054082155228,-1.2012229084968566
1752064920.082217,-0.058963850140571594,0.6922054082155228,-1.2012229084968566
1752064920.085432,-0.058963850140571594,0.6922054082155228,-1.2012229084968566
1752064920.0866933,-0.058963850140571594,0.6922054082155228,-1.2012229084968566
1752064920.0887914,-0.06626734882593155,0.6828572243452072,-1.3125594079494476
1752064920.0908756,-0.06626734882593155,0.6828572243452072,-1.3125594079494476
1752064920.0929685,-0.06626734882593155,0.6828572243452072,-1.3125594079494476
1752064920.0953805,0.03936648368835449,0.6168275713920593,-1.6423141106963157
1752064920.098608,0.03936648368835449,0.6168275713920593,-1.6423141106963157
1752064920.1007304,0.03936648368835449,0.6168275713920593,-1.6423141106963157
1752064920.1043851,0.03936648368835449,0.6168275713920593,-1.6423141106963157
1752064920.1051266,0.03936648368835449,0.6168275713920593,-1.6423141106963157
1752064920.1072323,0.025949066504836082,0.6250356078147888,-1.6407937079668045
1752064920.1093256,0.025949066504836082,0.6250356078147888,-1.6407937079668045
1752064920.1113846,0.025949066504836082,0.6250356078147888,-1.6407937079668045
1752064920.115017,0.025949066504836082,0.6250356078147888,-1.6407937079668045
1752064920.117251,0.01886419765651226,0.6769806981086731,-1.7462825670838356
1752064920.1192977,0.01886419765651226,0.6769806981086731,-1.7462825670838356
1752064920.123008,0.01886419765651226,0.6769806981086731,-1.7462825670838356
1752064920.1237404,0.01886419765651226,0.6769806981086731,-1.7462825670838356
1752064920.1258476,0.03792610764503479,0.6994296997785568,-1.7909425914287567
1752064920.128044,0.03792610764503479,0.6994296997785568,-1.7909425914287567
1752064920.1303966,0.03792610764503479,0.6994296997785568,-1.7909425914287567
1752064920.1354425,0.03792610764503479,0.6994296997785568,-1.7909425914287567
1752064920.1374485,0.06681393086910248,0.7053297102451325,-1.9629940211772918
1752064920.1394951,0.06681393086910248,0.7053297102451325,-1.9629940211772918
1752064920.1415887,0.06681393086910248,0.7053297102451325,-1.9629940211772918
1752064920.1452253,0.08379149436950684,0.7252710402011872,-2.0280849158763887
1752064920.1480281,0.08379149436950684,0.7252710402011872,-2.0280849158763887
1752064920.1500182,0.08379149436950684,0.7252710402011872,-2.0280849158763887
1752064920.1521835,0.08379149436950684,0.7252710402011872,-2.0280849158763887
1752064920.154727,0.0642968937754631,0.6598478645086289,-2.1441294968128206
1752064920.156812,0.0642968937754631,0.6598478645086289,-2.1441294968128206
1752064920.1589022,0.0642968937754631,0.6598478645086289,-2.1441294968128206
1752064920.1618264,0.0642968937754631,0.6598478645086289,-2.1441294968128206
1752064920.1649659,0.0642968937754631,0.6598478645086289,-2.1441294968128206
1752064920.1680532,0.0642968937754631,0.6598478645086289,-2.1441294968128206
1752064920.169945,0.07104843854904175,0.6555546164512634,-2.2905209183692934
1752064920.1720357,0.07104843854904175,0.6555546164512634,-2.2905209183692934
1752064920.175709,0.037583619356155396,0.5477028727531433,-2.3446548104286196
1752064920.1777909,0.037583619356155396,0.5477028727531433,-2.3446548104286196
1752064920.1805468,0.037583619356155396,0.5477028727531433,-2.3446548104286196
1752064920.1843052,0.037583619356155396,0.5477028727531433,-2.3446548104286196
1752064920.186745,0.037583619356155396,0.5477028727531433,-2.3446548104286196
1752064920.1888328,0.029903067275881767,0.493212902545929,-2.476809632778168
1752064920.1909192,0.029903067275881767,0.493212902545929,-2.476809632778168
1752064920.1930132,0.029903067275881767,0.493212902545929,-2.476809632778168
1752064920.1954365,0.0030791740864515305,0.4770494341850281,-2.530704391002655
1752064920.1975799,0.0030791740864515305,0.4770494341850281,-2.530704391002655
1752064920.1997716,0.0030791740864515305,0.4770494341850281,-2.530704391002655
1752064920.2023509,0.0030791740864515305,0.4770494341850281,-2.530704391002655
1752064920.2042732,0.0030791740864515305,0.4770494341850281,-2.530704391002655
1752064920.2063503,-0.02908294089138508,0.44068475961685183,-2.5862682580947878
1752064920.2083764,-0.02908294089138508,0.44068475961685183,-2.5862682580947878
1752064920.21044,-0.02908294089138508,0.44068475961685183,-2.5862682580947878
1752064920.2153268,-0.02908294089138508,0.44068475961685183,-2.5862682580947878
1752064920.217563,-0.06907147169113159,0.44780668020248415,-2.5722915649414064
1752064920.2197444,-0.06907147169113159,0.44780668020248415,-2.5722915649414064
1752064920.223452,-0.06907147169113159,0.44780668020248415,-2.5722915649414064
1752064920.22419,-0.06907147169113159,0.44780668020248415,-2.5722915649414064
1752064920.226291,-0.1278655230998993,0.4507185161113739,-2.3623799800872805
1752064920.2285504,-0.1278655230998993,0.4507185161113739,-2.3623799800872805
1752064920.2325225,-0.1278655230998993,0.4507185161113739,-2.3623799800872805
1752064920.2363493,-0.19288583099842072,0.47818087935447695,-2.1391143620014192
1752064920.2383857,-0.19288583099842072,0.47818087935447695,-2.1391143620014192
1752064920.2404318,-0.19288583099842072,0.47818087935447695,-2.1391143620014192
1752064920.2424996,-0.19288583099842072,0.47818087935447695,-2.1391143620014192
1752064920.2446878,-0.23821331560611725,0.43491836786270144,-2.0392555713653566
1752064920.2475588,-0.23821331560611725,0.43491836786270144,-2.0392555713653566
1752064920.249607,-0.23821331560611725,0.43491836786270144,-2.0392555713653566
1752064920.2523727,-0.23821331560611725,0.43491836786270144,-2.0392555713653566
1752064920.254107,-0.21422655880451202,0.41349374651908877,-1.9943408787250518
1752064920.256209,-0.21422655880451202,0.41349374651908877,-1.9943408787250518
1752064920.258285,-0.21422655880451202,0.41349374651908877,-1.9943408787250518
1752064920.261749,-0.21422655880451202,0.41349374651908877,-1.9943408787250518
1752064920.2624865,-0.21422655880451202,0.41349374651908877,-1.9943408787250518
1752064920.2679656,-0.17279188334941864,0.4126938819885254,-1.8857255548238754
1752064920.269991,-0.17279188334941864,0.4126938819885254,-1.8857255548238754
1752064920.2720804,-0.17279188334941864,0.4126938819885254,-1.8857255548238754
1752064920.2746048,-0.16718994081020355,0.38859626054763796,-1.7998807698488235
1752064920.2766936,-0.16718994081020355,0.38859626054763796,-1.7998807698488235
1752064920.2787576,-0.16718994081020355,0.38859626054763796,-1.7998807698488235
1752064920.281422,-0.16718994081020355,0.38859626054763796,-1.7998807698488235
1752064920.2868974,-0.16718994081020355,0.38859626054763796,-1.7998807698488235
1752064920.2889915,-0.15772682428359985,0.4023938119411469,-1.7250192191451788
1752064920.2910683,-0.15772682428359985,0.4023938119411469,-1.7250192191451788
1752064920.2947142,-0.15772682428359985,0.4023938119411469,-1.7250192191451788
1752064920.295453,-0.15772682428359985,0.4023938119411469,-1.7250192191451788
1752064920.2992852,-0.16346274316310883,0.3760212898254395,-1.5969750255346298
1752064920.3015246,-0.16346274316310883,0.3760212898254395,-1.5969750255346298
1752064920.3041098,-0.16346274316310883,0.3760212898254395,-1.5969750255346298
1752064920.3062696,-0.16346274316310883,0.3760212898254395,-1.5969750255346298
1752064920.3082337,-0.1357562243938446,0.38132514953613283,-1.504404318332672
1752064920.3103263,-0.1357562243938446,0.38132514953613283,-1.504404318332672
1752064920.3128195,-0.1357562243938446,0.38132514953613283,-1.504404318332672
1752064920.3167136,-0.1357562243938446,0.38132514953613283,-1.504404318332672
1752064920.320205,-0.1357562243938446,0.38132514953613283,-1.504404318332672
1752064920.3222644,-0.10385013371706009,0.4162140727043152,-1.4044254541397094
1752064920.3243499,-0.10385013371706009,0.4162140727043152,-1.4044254541397094
1752064920.3265986,-0.07755938172340393,0.45574703216552737,-1.2940412878990173
1752064920.3286524,-0.07755938172340393,0.45574703216552737,-1.2940412878990173
1752064920.3314729,-0.07755938172340393,0.45574703216552737,-1.2940412878990173
1752064920.3335178,-0.07755938172340393,0.45574703216552737,-1.2940412878990173
1752064920.3366232,-0.05415554344654083,0.5256415843963623,-1.1899722337722778
1752064920.3387167,-0.05415554344654083,0.5256415843963623,-1.1899722337722778
1752064920.3407934,-0.05415554344654083,0.5256415843963623,-1.1899722337722778
1752064920.344271,-0.05415554344654083,0.5256415843963623,-1.1899722337722778
1752064920.344998,-0.05415554344654083,0.5256415843963623,-1.1899722337722778
1752064920.3495276,-0.05415554344654083,0.5256415843963623,-1.1899722337722778
1752064920.3514667,-0.03439977765083313,0.5739364564418793,-1.074613344669342
1752064920.3535006,-0.03439977765083313,0.5739364564418793,-1.074613344669342
1752064920.3559232,7.889233529567719e-05,0.5828690767288208,-0.9840305566787719
1752064920.3579752,7.889233529567719e-05,0.5828690767288208,-0.9840305566787719
1752064920.3600657,7.889233529567719e-05,0.5828690767288208,-0.9840305566787719
1752064920.3642168,7.889233529567719e-05,0.5828690767288208,-0.9840305566787719
1752064920.3649817,7.889233529567719e-05,0.5828690767288208,-0.9840305566787719
1752064920.369374,0.018901506438851357,0.5591564416885376,-0.9638565897941589
1752064920.3713195,0.018901506438851357,0.5591564416885376,-0.9638565897941589
1752064920.3733652,0.018901506438851357,0.5591564416885376,-0.9638565897941589
1752064920.3757904,0.01856858842074871,0.49648314118385317,-0.9487447261810302
1752064920.3778825,0.01856858842074871,0.49648314118385317,-0.9487447261810302
1752064920.3806167,0.01856858842074871,0.49648314118385317,-0.9487447261810302
1752064920.383213,0.01856858842074871,0.49648314118385317,-0.9487447261810302
1752064920.3868833,0.01856858842074871,0.49648314118385317,-0.9487447261810302
1752064920.3889124,0.05476289987564087,0.5636692881584168,-1.1266530275344848
1752064920.391003,0.05476289987564087,0.5636692881584168,-1.1266530275344848
1752064920.3930917,0.05476289987564087,0.5636692881584168,-1.1266530275344848
1752064920.3957965,0.04207606613636017,0.42303653955459597,-1.0151562809944152
1752064920.3996277,0.04207606613636017,0.42303653955459597,-1.0151562809944152
1752064920.401693,0.04207606613636017,0.42303653955459597,-1.0151562809944152
1752064920.4044704,0.04207606613636017,0.42303653955459597,-1.0151562809944152
1752064920.406213,0.04207606613636017,0.42303653955459597,-1.0151562809944152
1752064920.4083114,0.022701194509863853,0.437289172410965,-1.0157522082328796
1752064920.4103744,0.022701194509863853,0.437289172410965,-1.0157522082328796
1752064920.4133956,0.022701194509863853,0.437289172410965,-1.0157522082328796
1752064920.4166534,0.022701194509863853,0.437289172410965,-1.0157522082328796
1752064920.4198577,0.04144419729709625,0.4420171320438385,-1.047252070903778
1752064920.4219186,0.04144419729709625,0.4420171320438385,-1.047252070903778
1752064920.4240189,0.04144419729709625,0.4420171320438385,-1.047252070903778
1752064920.4263437,0.030712110921740532,0.43021425008773806,-1.0265674710273742
1752064920.4284775,0.030712110921740532,0.43021425008773806,-1.0265674710273742
1752064920.4323146,0.030712110921740532,0.43021425008773806,-1.0265674710273742
1752064920.43548,0.030712110921740532,0.43021425008773806,-1.0265674710273742
1752064920.4362593,0.030712110921740532,0.43021425008773806,-1.0265674710273742
1752064920.4383717,-0.0004617590457201004,0.4417633950710297,-1.00302095413208
1752064920.4403758,-0.0004617590457201004,0.4417633950710297,-1.00302095413208
1752064920.4424412,-0.0004617590457201004,0.4417633950710297,-1.00302095413208
1752064920.4446049,-0.01919582672417164,0.4217981338500977,-1.0073258399963378
1752064920.4470236,-0.01919582672417164,0.4217981338500977,-1.0073258399963378
1752064920.450759,-0.01919582672417164,0.4217981338500977,-1.0073258399963378
1752064920.4544728,-0.01919582672417164,0.4217981338500977,-1.0073258399963378
1752064920.4552298,-0.01919582672417164,0.4217981338500977,-1.0073258399963378
1752064920.457315,-0.03513909876346588,0.40648710131645205,-1.0144955039024353
1752064920.4593744,-0.03513909876346588,0.40648710131645205,-1.0144955039024353
1752064920.4614403,-0.03513909876346588,0.40648710131645205,-1.0144955039024353
1752064920.4682076,-0.03513909876346588,0.40648710131645205,-1.0144955039024353
1752064920.470166,-0.023987533524632454,0.42159228920936587,-1.0217045068740844
1752064920.4722908,-0.023987533524632454,0.42159228920936587,-1.0217045068740844
1752064920.4743493,-0.023987533524632454,0.42159228920936587,-1.0217045068740844
1752064920.4766805,-0.02763942815363407,0.44797789454460146,-1.0266741633415222
1752064920.4787507,-0.02763942815363407,0.44797789454460146,-1.0266741633415222
1752064920.4808974,-0.02763942815363407,0.44797789454460146,-1.0266741633415222
1752064920.4852135,-0.02763942815363407,0.44797789454460146,-1.0266741633415222
1752064920.4897149,-0.02763942815363407,0.44797789454460146,-1.0266741633415222
1752064920.4917848,-0.03310286998748779,0.43691387176513674,-1.024009895324707
1752064920.4938834,-0.03310286998748779,0.43691387176513674,-1.024009895324707
1752064920.4962957,-0.03310286998748779,0.43691387176513674,-1.024009895324707
1752064920.49953,-0.03310286998748779,0.43691387176513674,-1.024009895324707
1752064920.501499,-0.04165668785572052,0.43951853513717654,-1.0155434727668762
1752064920.503578,-0.04165668785572052,0.43951853513717654,-1.0155434727668762
1752064920.5056696,-0.04165668785572052,0.43951853513717654,-1.0155434727668762
1752064920.5078764,-0.03703451156616211,0.4434110462665558,-1.0369426131248474
1752064920.5099657,-0.03703451156616211,0.4434110462665558,-1.0369426131248474
1752064920.5120564,-0.03703451156616211,0.4434110462665558,-1.0369426131248474
1752064920.51706,-0.03703451156616211,0.4434110462665558,-1.0369426131248474
1752064920.5178273,-0.03703451156616211,0.4434110462665558,-1.0369426131248474
1752064920.5199125,-0.04796198755502701,0.41664364337921145,-1.0663418889045715
1752064920.5219965,-0.04796198755502701,0.41664364337921145,-1.0663418889045715
1752064920.5240905,-0.04796198755502701,0.41664364337921145,-1.0663418889045715
1752064920.5262961,-0.0747717022895813,0.46814184784889223,-1.0614175915718078
1752064920.5283751,-0.0747717022895813,0.46814184784889223,-1.0614175915718078
1752064920.5320752,-0.0747717022895813,0.46814184784889223,-1.0614175915718078
1752064920.5357382,-0.0747717022895813,0.46814184784889223,-1.0614175915718078
1752064920.5364647,-0.0747717022895813,0.46814184784889223,-1.0614175915718078
1752064920.538535,-0.0686747282743454,0.5190751194953919,-1.0584409356117248
1752064920.5406256,-0.0686747282743454,0.5190751194953919,-1.0584409356117248
1752064920.5427165,-0.0686747282743454,0.5190751194953919,-1.0584409356117248
1752064920.544821,-0.046921126544475555,0.526301109790802,-1.0852185010910034
1752064920.548121,-0.046921126544475555,0.526301109790802,-1.0852185010910034
1752064920.550254,-0.046921126544475555,0.526301109790802,-1.0852185010910034
1752064920.5538821,-0.046921126544475555,0.526301109790802,-1.0852185010910034
1752064920.5546107,-0.046921126544475555,0.526301109790802,-1.0852185010910034
1752064920.5567122,0.004843955859541893,0.5276581883430481,-1.0939478397369384
1752064920.5587971,0.004843955859541893,0.5276581883430481,-1.0939478397369384
1752064920.5608933,0.004843955859541893,0.5276581883430481,-1.0939478397369384
1752064920.565935,0.01908123306930065,0.5417234539985657,-1.1120046496391296
1752064920.567987,0.01908123306930065,0.5417234539985657,-1.1120046496391296
1752064920.5700576,0.01908123306930065,0.5417234539985657,-1.1120046496391296
1752064920.5737188,0.01908123306930065,0.5417234539985657,-1.1120046496391296
1752064920.5744543,0.01908123306930065,0.5417234539985657,-1.1120046496391296
1752064920.5765276,0.019919296726584435,0.5292673945426941,-1.0903045654296875
1752064920.5786338,0.019919296726584435,0.5292673945426941,-1.0903045654296875
1752064920.582411,0.019919296726584435,0.5292673945426941,-1.0903045654296875
1752064920.5849085,0.018995044752955437,0.5147574782371521,-1.0871586918830871
1752064920.5869863,0.018995044752955437,0.5147574782371521,-1.0871586918830871
1752064920.5890732,0.018995044752955437,0.5147574782371521,-1.0871586918830871
1752064920.5924838,0.018995044752955437,0.5147574782371521,-1.0871586918830871
1752064920.5932157,0.018995044752955437,0.5147574782371521,-1.0871586918830871
1752064920.5953429,0.013073375448584557,0.5318897008895874,-1.1145777821540832
1752064920.5984476,0.013073375448584557,0.5318897008895874,-1.1145777821540832
1752064920.6004505,0.013073375448584557,0.5318897008895874,-1.1145777821540832
1752064920.6029022,0.010725094005465508,0.5642637848854065,-1.1188684225082397
1752064920.6049933,0.010725094005465508,0.5642637848854065,-1.1188684225082397
1752064920.607078,0.010725094005465508,0.5642637848854065,-1.1188684225082397
1752064920.6105149,0.010725094005465508,0.5642637848854065,-1.1188684225082397
1752064920.6112425,0.010725094005465508,0.5642637848854065,-1.1188684225082397
1752064920.6133916,0.01651470921933651,0.6017441093921662,-1.109708797931671
1752064920.6165013,0.01651470921933651,0.6017441093921662,-1.109708797931671
1752064920.618396,0.01651470921933651,0.6017441093921662,-1.109708797931671
1752064920.620833,-0.00027857162058353424,0.6410348355770111,-1.1040549397468566
1752064920.6229227,-0.00027857162058353424,0.6410348355770111,-1.1040549397468566
1752064920.6250086,-0.00027857162058353424,0.6410348355770111,-1.1040549397468566
1752064920.628416,-0.00027857162058353424,0.6410348355770111,-1.1040549397468566
1752064920.629266,-0.00027857162058353424,0.6410348355770111,-1.1040549397468566
1752064920.6323717,-0.015403645113110542,0.6644839137792588,-1.0942903876304626
1752064920.6343853,-0.015403645113110542,0.6644839137792588,-1.0942903876304626
1752064920.6364431,-0.015403645113110542,0.6644839137792588,-1.0942903876304626
1752064920.638886,-0.028580615296959877,0.6473351359367371,-1.1754337072372436
1752064920.6409764,-0.028580615296959877,0.6473351359367371,-1.1754337072372436
1752064920.6430628,-0.028580615296959877,0.6473351359367371,-1.1754337072372436
1752064920.6467974,-0.028580615296959877,0.6473351359367371,-1.1754337072372436
1752064920.6477046,-0.028580615296959877,0.6473351359367371,-1.1754337072372436
1752064920.6507626,-0.06619405746459961,0.7087450563907624,-1.2754940211772918
1752064920.6528113,-0.06619405746459961,0.7087450563907624,-1.2754940211772918
1752064920.6564577,-0.06619405746459961,0.7087450563907624,-1.2754940211772918
1752064920.6571941,-0.06619405746459961,0.7087450563907624,-1.2754940211772918
1752064920.6592922,-0.04785601794719696,0.6911653518676758,-1.3755112707614898
1752064920.6613717,-0.04785601794719696,0.6911653518676758,-1.3755112707614898
1752064920.663443,-0.04785601794719696,0.6911653518676758,-1.3755112707614898
1752064920.6680691,-0.04785601794719696,0.6911653518676758,-1.3755112707614898
1752064920.6701002,0.041996508836746216,0.6129658460617066,-1.6502750039100647
1752064920.6721857,0.041996508836746216,0.6129658460617066,-1.6502750039100647
1752064920.6758316,0.041996508836746216,0.6129658460617066,-1.6502750039100647
1752064920.676572,0.041996508836746216,0.6129658460617066,-1.6502750039100647
1752064920.6786773,0.017117826268076897,0.6702686786651612,-1.6823549259454011
1752064920.6824143,0.017117826268076897,0.6702686786651612,-1.6823549259454011
1752064920.6844037,0.017117826268076897,0.6702686786651612,-1.6823549259454011
1752064920.6868563,0.03129644691944122,0.6981139123439789,-1.77211434841156
1752064920.6889412,0.03129644691944122,0.6981139123439789,-1.77211434841156
1752064920.6910267,0.03129644691944122,0.6981139123439789,-1.77211434841156
1752064920.6944387,0.03129644691944122,0.6981139123439789,-1.77211434841156
1752064920.6951609,0.03129644691944122,0.6981139123439789,-1.77211434841156
1752064920.6973755,0.06555314362049103,0.734180235862732,-1.9139967083930969
1752064920.6994245,0.06555314362049103,0.734180235862732,-1.9139967083930969
1752064920.7014482,0.06555314362049103,0.734180235862732,-1.9139967083930969
1752064920.7038865,0.06555314362049103,0.734180235862732,-1.9139967083930969
1752064920.7059717,0.08107666671276093,0.7335537016391754,-2.040570539236069
1752064920.708058,0.08107666671276093,0.7335537016391754,-2.040570539236069
1752064920.7101574,0.08107666671276093,0.7335537016391754,-2.040570539236069
1752064920.712505,0.07902474701404572,0.7061804175376892,-2.0951021134853365
1752064920.7157092,0.07902474701404572,0.7061804175376892,-2.0951021134853365
1752064920.7177346,0.07902474701404572,0.7061804175376892,-2.0951021134853365
1752064920.721453,0.07902474701404572,0.7061804175376892,-2.0951021134853365
1752064920.722173,0.07902474701404572,0.7061804175376892,-2.0951021134853365
1752064920.7242813,0.06386737525463104,0.6841970175504685,-2.236576807498932
1752064920.7263734,0.06386737525463104,0.6841970175504685,-2.236576807498932
1752064920.7284336,0.06386737525463104,0.6841970175504685,-2.236576807498932
1752064920.7314606,0.05942295491695404,0.6034841179847718,-2.331778180599213
1752064920.7344353,0.05942295491695404,0.6034841179847718,-2.331778180599213
1752064920.736435,0.05942295491695404,0.6034841179847718,-2.331778180599213
1752064920.7401154,0.05942295491695404,0.6034841179847718,-2.331778180599213
1752064920.7408469,0.05942295491695404,0.6034841179847718,-2.331778180599213
1752064920.7429469,0.018752707168459892,0.5192888617515564,-2.3987698674201967
1752064920.745037,0.018752707168459892,0.5192888617515564,-2.3987698674201967
1752064920.7473865,0.018752707168459892,0.5192888617515564,-2.3987698674201967
1752064920.7512276,0.018752707168459892,0.5192888617515564,-2.3987698674201967
1752064920.7532792,0.0246023740619421,0.5329498887062073,-2.5351967930793764
1752064920.7553556,0.0246023740619421,0.5329498887062073,-2.5351967930793764
1752064920.7574236,0.0246023740619421,0.5329498887062073,-2.5351967930793764
1752064920.759777,-0.029724756255745888,0.46268620491027834,-2.5554272651672365
1752064920.7618773,-0.029724756255745888,0.46268620491027834,-2.5554272651672365
1752064920.7643373,-0.029724756255745888,0.46268620491027834,-2.5554272651672365
1752064920.767246,-0.029724756255745888,0.46268620491027834,-2.5554272651672365
1752064920.769845,-0.052039191126823425,0.4901734530925751,-2.655960512161255
1752064920.771933,-0.052039191126823425,0.4901734530925751,-2.655960512161255
1752064920.7740202,-0.052039191126823425,0.4901734530925751,-2.655960512161255
1752064920.777427,-0.052039191126823425,0.4901734530925751,-2.655960512161255
1752064920.7781432,-0.052039191126823425,0.4901734530925751,-2.655960512161255
1752064920.7807496,-0.1129220724105835,0.44883480072021487,-2.478192698955536
1752064920.7827077,-0.1129220724105835,0.44883480072021487,-2.478192698955536
1752064920.7847536,-0.1129220724105835,0.44883480072021487,-2.478192698955536
1752064920.787182,-0.14048871397972107,0.47079854607582095,-2.4030102610588076
1752064920.7892745,-0.14048871397972107,0.47079854607582095,-2.4030102610588076
1752064920.7913578,-0.14048871397972107,0.47079854607582095,-2.4030102610588076
1752064920.7947054,-0.14048871397972107,0.47079854607582095,-2.4030102610588076
1752064920.7954488,-0.14048871397972107,0.47079854607582095,-2.4030102610588076
1752064920.7984095,-0.22072017192840576,0.4776798725128174,-2.059128147363663
1752064920.8003783,-0.22072017192840576,0.4776798725128174,-2.059128147363663
1752064920.803739,-0.22072017192840576,0.4776798725128174,-2.059128147363663
1752064920.804472,-0.22072017192840576,0.4776798725128174,-2.059128147363663
1752064920.806574,-0.24255602061748505,0.43458988666534426,-2.030388277769089
1752064920.8086584,-0.24255602061748505,0.43458988666534426,-2.030388277769089
1752064920.8107512,-0.24255602061748505,0.43458988666534426,-2.030388277769089
1752064920.8144314,-0.17587408423423767,0.4456964671611786,-2.0021255731582643
1752064920.8164499,-0.17587408423423767,0.4456964671611786,-2.0021255731582643
1752064920.8183806,-0.17587408423423767,0.4456964671611786,-2.0021255731582643
1752064920.820442,-0.17587408423423767,0.4456964671611786,-2.0021255731582643
1752064920.8228667,-0.16041673719882965,0.4240072309970856,-1.9081585824489593
1752064920.8249614,-0.16041673719882965,0.4240072309970856,-1.9081585824489593
1752064920.8270185,-0.16041673719882965,0.4240072309970856,-1.9081585824489593
1752064920.8307445,-0.16041673719882965,0.4240072309970856,-1.9081585824489593
1752064920.8315208,-0.16041673719882965,0.4240072309970856,-1.9081585824489593
1752064920.8346834,-0.16821637749671936,0.3895373582839966,-1.804399874806404
1752064920.8367333,-0.16821637749671936,0.3895373582839966,-1.804399874806404
1752064920.8403888,-0.16821637749671936,0.3895373582839966,-1.804399874806404
1752064920.8411129,-0.16821637749671936,0.3895373582839966,-1.804399874806404
1752064920.843226,-0.1671019047498703,0.3906071424484253,-1.7253478940576314
1752064920.8453157,-0.1671019047498703,0.3906071424484253,-1.7253478940576314
1752064920.8491557,-0.1671019047498703,0.3906071424484253,-1.7253478940576314
1752064920.8516514,-0.1671019047498703,0.3906071424484253,-1.7253478940576314
1752064920.853735,-0.1663297712802887,0.3740409255027771,-1.6113179817795753
1752064920.8558314,-0.1663297712802887,0.3740409255027771,-1.6113179817795753
1752064920.8578866,-0.1663297712802887,0.3740409255027771,-1.6113179817795753
1752064920.8600054,-0.1516045480966568,0.3890609979629517,-1.5393852710723877
1752064920.8621,-0.1516045480966568,0.3890609979629517,-1.5393852710723877
1752064920.8655863,-0.1516045480966568,0.3890609979629517,-1.5393852710723877
1752064920.8691905,-0.1516045480966568,0.3890609979629517,-1.5393852710723877
1752064920.869932,-0.1516045480966568,0.3890609979629517,-1.5393852710723877
1752064920.8720388,-0.12813341617584229,0.4111287534236908,-1.4254478633403778
1752064920.8741255,-0.12813341617584229,0.4111287534236908,-1.4254478633403778
1752064920.8762243,-0.12813341617584229,0.4111287534236908,-1.4254478633403778
1752064920.878555,-0.10143455117940903,0.44627916216850283,-1.3208909451961517
1752064920.8807375,-0.10143455117940903,0.44627916216850283,-1.3208909451961517
1752064920.8839257,-0.10143455117940903,0.44627916216850283,-1.3208909451961517
1752064920.8875875,-0.10143455117940903,0.44627916216850283,-1.3208909451961517
1752064920.8883166,-0.10143455117940903,0.44627916216850283,-1.3208909451961517
1752064920.8903713,-0.07709451019763947,0.5013092994689942,-1.2201765596866607
1752064920.892431,-0.07709451019763947,0.5013092994689942,-1.2201765596866607
1752064920.8944955,-0.07709451019763947,0.5013092994689942,-1.2201765596866607
1752064920.8971326,-0.043195441365242004,0.5588209867477417,-1.1022802710533142
1752064920.9001927,-0.043195441365242004,0.5588209867477417,-1.1022802710533142
1752064920.9021618,-0.043195441365242004,0.5588209867477417,-1.1022802710533142
1752064920.9058826,-0.043195441365242004,0.5588209867477417,-1.1022802710533142
1752064920.9066122,-0.043195441365242004,0.5588209867477417,-1.1022802710533142
1752064920.9087148,-0.028199898079037666,0.5920599639415741,-1.0128182291984558
1752064920.9108002,-0.028199898079037666,0.5920599639415741,-1.0128182291984558
1752064920.9132533,-0.028199898079037666,0.5920599639415741,-1.0128182291984558
1752064920.9174924,-0.028199898079037666,0.5920599639415741,-1.0128182291984558
1752064920.9195006,0.0019485261291265488,0.5786758601665497,-0.9789568901062011
1752064920.9215803,0.0019485261291265488,0.5786758601665497,-0.9789568901062011
1752064920.9236739,0.0019485261291265488,0.5786758601665497,-0.9789568901062011
1752064920.9259715,0.010325027629733086,0.5208068728446961,-0.9578479647636413
1752064920.9280615,0.010325027629733086,0.5208068728446961,-0.9578479647636413
1752064920.9302738,0.010325027629733086,0.5208068728446961,-0.9578479647636413
1752064920.9345467,0.010325027629733086,0.5208068728446961,-0.9578479647636413
1752064920.9352949,0.010325027629733086,0.5208068728446961,-0.9578479647636413
1752064920.9373724,0.01618362031877041,0.6006673812866211,-1.0840646743774414
1752064920.9394302,0.01618362031877041,0.6006673812866211,-1.0840646743774414
1752064920.9414942,0.01618362031877041,0.6006673812866211,-1.0840646743774414
1752064920.944958,0.04298338294029236,0.5013735830783844,-1.066815447807312
1752064920.9472287,0.04298338294029236,0.5013735830783844,-1.066815447807312
1752064920.9500418,0.04298338294029236,0.5013735830783844,-1.066815447807312
1752064920.9520257,0.04298338294029236,0.5013735830783844,-1.066815447807312
1752064920.9540796,0.04298338294029236,0.5013735830783844,-1.066815447807312
1752064920.9561813,0.05648878961801529,0.449147367477417,-1.0153749108314514
1752064920.9582698,0.05648878961801529,0.449147367477417,-1.0153749108314514
1752064920.9603581,0.05648878961801529,0.449147367477417,-1.0153749108314514
1752064920.9625218,0.041734710335731506,0.4311563611030579,-1.040173304080963
1752064920.9653292,0.041734710335731506,0.4311563611030579,-1.040173304080963
1752064920.967317,0.041734710335731506,0.4311563611030579,-1.040173304080963
1752064920.9709852,0.041734710335731506,0.4311563611030579,-1.040173304080963
1752064920.971722,0.041734710335731506,0.4311563611030579,-1.040173304080963
1752064920.9738255,0.06992782652378082,0.4345923900604248,-1.034370195865631
1752064920.9759116,0.06992782652378082,0.4345923900604248,-1.034370195865631
1752064920.978004,0.06992782652378082,0.4345923900604248,-1.034370195865631
1752064920.9827878,0.06992782652378082,0.4345923900604248,-1.034370195865631
1752064920.9847982,0.0423474982380867,0.44314091801643374,-1.0217065334320068
1752064920.9868674,0.0423474982380867,0.44314091801643374,-1.0217065334320068
1752064920.9904945,0.0423474982380867,0.44314091801643374,-1.0217065334320068
1752064920.9912312,0.0423474982380867,0.44314091801643374,-1.0217065334320068
1752064920.993334,0.00348525308072567,0.41933619379997256,-1.00981707572937
1752064920.9953785,0.00348525308072567,0.41933619379997256,-1.00981707572937
1752064920.9998667,0.00348525308072567,0.41933619379997256,-1.00981707572937
1752064921.004217,0.00348525308072567,0.41933619379997256,-1.00981707572937
1752064921.0062547,-0.022525371983647346,0.42781212329864504,-1.0005329370498657
1752064921.0083342,-0.022525371983647346,0.42781212329864504,-1.0005329370498657
1752064921.011475,-0.022525371983647346,0.42781212329864504,-1.0005329370498657
1752064921.012966,-0.022525371983647346,0.42781212329864504,-1.0005329370498657
1752064921.0163403,-0.03496876358985901,0.4262284576892853,-1.0019595742225647
1752064921.0183306,-0.03496876358985901,0.4262284576892853,-1.0019595742225647
1752064921.0220032,-0.03496876358985901,0.4262284576892853,-1.0019595742225647
1752064921.0227313,-0.03496876358985901,0.4262284576892853,-1.0019595742225647
1752064921.0248365,-0.0545317679643631,0.4019989311695099,-1.024530005455017
1752064921.0268927,-0.0545317679643631,0.4019989311695099,-1.024530005455017
1752064921.0292282,-0.0545317679643631,0.4019989311695099,-1.024530005455017
1752064921.0339668,-0.0545317679643631,0.4019989311695099,-1.024530005455017
1752064921.0360062,-0.05253039300441742,0.4281067490577698,-1.0187564611434936
1752064921.0380907,-0.05253039300441742,0.4281067490577698,-1.0187564611434936
1752064921.0401933,-0.05253039300441742,0.4281067490577698,-1.0187564611434936
1752064921.042535,-0.062027111649513245,0.4599063634872437,-1.0215278387069702
1752064921.0446236,-0.062027111649513245,0.4599063634872437,-1.0215278387069702
1752064921.0467694,-0.062027111649513245,0.4599063634872437,-1.0215278387069702
1752064921.0503376,-0.062027111649513245,0.4599063634872437,-1.0215278387069702
1752064921.0510921,-0.062027111649513245,0.4599063634872437,-1.0215278387069702
1752064921.05315,-0.06700367480516434,0.44879918694496157,-1.0161949515342712
1752064921.0552459,-0.06700367480516434,0.44879918694496157,-1.0161949515342712
1752064921.0573647,-0.06700367480516434,0.44879918694496157,-1.0161949515342712
1752064921.0594966,-0.05285021662712097,0.46727325916290285,-1.0260485529899597
1752064921.0615902,-0.05285021662712097,0.46727325916290285,-1.0260485529899597
1752064921.0637429,-0.05285021662712097,0.46727325916290285,-1.0260485529899597
1752064921.068157,-0.05285021662712097,0.46727325916290285,-1.0260485529899597
1752064921.0689096,-0.05285021662712097,0.46727325916290285,-1.0260485529899597
1752064921.071005,-0.041351109743118286,0.43339564800262453,-1.0563726544380188
1752064921.073088,-0.041351109743118286,0.43339564800262453,-1.0563726544380188
1752064921.0751884,-0.041351109743118286,0.43339564800262453,-1.0563726544380188
1752064921.0772977,-0.0495152473449707,0.43445473313331606,-1.0732463121414184
1752064921.0793846,-0.0495152473449707,0.43445473313331606,-1.0732463121414184
1752064921.082376,-0.0495152473449707,0.43445473313331606,-1.0732463121414184
1752064921.0860183,-0.0495152473449707,0.43445473313331606,-1.0732463121414184
1752064921.0867524,-0.0495152473449707,0.43445473313331606,-1.0732463121414184
1752064921.0888553,-0.06527166068553925,0.5323971748352051,-1.059259307384491
1752064921.0909412,-0.06527166068553925,0.5323971748352051,-1.059259307384491
1752064921.0930333,-0.06527166068553925,0.5323971748352051,-1.059259307384491
1752064921.0951815,-0.060352571308612823,0.5200820803642273,-1.0611274361610412
1752064921.0990288,-0.060352571308612823,0.5200820803642273,-1.0611274361610412
1752064921.1010458,-0.060352571308612823,0.5200820803642273,-1.0611274361610412
1752064921.1048732,-0.060352571308612823,0.5200820803642273,-1.0611274361610412
1752064921.1056085,-0.060352571308612823,0.5200820803642273,-1.0611274361610412
1752064921.1077087,-0.019470008090138435,0.5088265180587769,-1.0811829686164856
1752064921.109796,-0.019470008090138435,0.5088265180587769,-1.0811829686164856
1752064921.1119442,-0.019470008090138435,0.5088265180587769,-1.0811829686164856
1752064921.114782,-0.019470008090138435,0.5088265180587769,-1.0811829686164856
1752064921.1175034,-0.006683485582470894,0.5283110976219177,-1.0968986868858337
1752064921.11952,-0.006683485582470894,0.5283110976219177,-1.0968986868858337
1752064921.1216075,-0.006683485582470894,0.5283110976219177,-1.0968986868858337
1752064921.1239939,0.010269759222865105,0.5230894923210144,-1.0880369067192077
1752064921.1260839,0.010269759222865105,0.5230894923210144,-1.0880369067192077
1752064921.1281734,0.010269759222865105,0.5230894923210144,-1.0880369067192077
1752064921.1336741,0.010269759222865105,0.5230894923210144,-1.0880369067192077
1752064921.1344528,0.010269759222865105,0.5230894923210144,-1.0880369067192077
1752064921.1365044,0.013004867359995842,0.5377612352371216,-1.0974432349205017
1752064921.1385853,0.013004867359995842,0.5377612352371216,-1.0974432349205017
1752064921.1406758,0.013004867359995842,0.5377612352371216,-1.0974432349205017
1752064921.1429362,0.015512889251112938,0.5417734324932099,-1.109278392791748
1752064921.1450284,0.015512889251112938,0.5417734324932099,-1.109278392791748
1752064921.1489651,0.015512889251112938,0.5417734324932099,-1.109278392791748
1752064921.152659,0.015512889251112938,0.5417734324932099,-1.109278392791748
1752064921.1533997,0.015512889251112938,0.5417734324932099,-1.109278392791748
1752064921.1554651,0.007390288636088371,0.5544305384159088,-1.1073613286018371
1752064921.1575408,0.007390288636088371,0.5544305384159088,-1.1073613286018371
1752064921.1596339,0.007390288636088371,0.5544305384159088,-1.1073613286018371
1752064921.1618347,0.012930287048220634,0.5732771992683411,-1.119514000415802
1752064921.165589,0.012930287048220634,0.5732771992683411,-1.119514000415802
1752064921.167612,0.012930287048220634,0.5732771992683411,-1.119514000415802
1752064921.1713455,0.012930287048220634,0.5732771992683411,-1.119514000415802
1752064921.1720712,0.012930287048220634,0.5732771992683411,-1.119514000415802
1752064921.174174,0.01651097647845745,0.6202584147453308,-1.104238760471344
1752064921.176266,0.01651097647845745,0.6202584147453308,-1.104238760471344
1752064921.178365,0.01651097647845745,0.6202584147453308,-1.104238760471344
1752064921.1806505,0.01651097647845745,0.6202584147453308,-1.104238760471344
1752064921.1843188,0.01651097647845745,0.6202584147453308,-1.104238760471344
1752064921.1862953,0.0005197804421186447,0.6374356985092163,-1.11834557056427
1752064921.18838,0.0005197804421186447,0.6374356985092163,-1.11834557056427
1752064921.1906514,-0.01877629943192005,0.6402513027191162,-1.125817847251892
1752064921.1927319,-0.01877629943192005,0.6402513027191162,-1.125817847251892
1752064921.1948192,-0.01877629943192005,0.6402513027191162,-1.125817847251892
1752064921.1999965,-0.01877629943192005,0.6402513027191162,-1.125817847251892
1752064921.2007506,-0.01877629943192005,0.6402513027191162,-1.125817847251892
1752064921.2028503,-0.050487324595451355,0.6967630922794342,-1.2428650677204132
1752064921.2049346,-0.050487324595451355,0.6967630922794342,-1.2428650677204132
1752064921.2070365,-0.050487324595451355,0.6967630922794342,-1.2428650677204132
1752064921.2104259,-0.0614931657910347,0.6985939234495163,-1.2905741751194
1752064921.2125928,-0.0614931657910347,0.6985939234495163,-1.2905741751194
1752064921.215501,-0.0614931657910347,0.6985939234495163,-1.2905741751194
1752064921.2175286,-0.0614931657910347,0.6985939234495163,-1.2905741751194
1752064921.2199626,0.041545599699020386,0.6235609591007233,-1.6226835370063781
1752064921.2220602,0.041545599699020386,0.6235609591007233,-1.6226835370063781
1752064921.2241404,0.041545599699020386,0.6235609591007233,-1.6226835370063781
1752064921.227604,0.041545599699020386,0.6235609591007233,-1.6226835370063781
1752064921.2283275,0.041545599699020386,0.6235609591007233,-1.6226835370063781
1752064921.2320163,0.01947963796555996,0.633671247959137,-1.6294917583465576
1752064921.2340362,0.01947963796555996,0.633671247959137,-1.6294917583465576
1752064921.2361262,0.01947963796555996,0.633671247959137,-1.6294917583465576
1752064921.2386804,0.020469268783926964,0.6679096311330796,-1.7213470850139856
1752064921.2407737,0.020469268783926964,0.6679096311330796,-1.7213470850139856
1752064921.2428539,0.020469268783926964,0.6679096311330796,-1.7213470850139856
1752064921.246653,0.020469268783926964,0.6679096311330796,-1.7213470850139856
1752064921.247446,0.020469268783926964,0.6679096311330796,-1.7213470850139856
1752064921.250801,0.047222599387168884,0.7105195760726929,-1.8120076477527618
1752064921.252823,0.047222599387168884,0.7105195760726929,-1.8120076477527618
1752064921.2565522,0.047222599387168884,0.7105195760726929,-1.8120076477527618
1752064921.2572796,0.047222599387168884,0.7105195760726929,-1.8120076477527618
1752064921.259372,0.06904970854520798,0.7044496476650238,-1.9242631316184997
1752064921.261427,0.06904970854520798,0.7044496476650238,-1.9242631316184997
1752064921.2637227,0.06904970854520798,0.7044496476650238,-1.9242631316184997
1752064921.2677753,0.06904970854520798,0.7044496476650238,-1.9242631316184997
1752064921.269823,0.0778864175081253,0.7335389941930771,-2.0601994812488558
1752064921.2719054,0.0778864175081253,0.7335389941930771,-2.0601994812488558
1752064921.274,0.0778864175081253,0.7335389941930771,-2.0601994812488558
1752064921.2762816,0.07152532041072845,0.702396297454834,-2.1468472599983217
1752064921.27836,0.07152532041072845,0.702396297454834,-2.1468472599983217
1752064921.281925,0.07152532041072845,0.702396297454834,-2.1468472599983217
1752064921.2848344,0.07152532041072845,0.702396297454834,-2.1468472599983217
1752064921.2865365,0.06890185177326202,0.6359710931777954,-2.280044209957123
1752064921.2886226,0.06890185177326202,0.6359710931777954,-2.280044209957123
1752064921.2907147,0.06890185177326202,0.6359710931777954,-2.280044209957123
1752064921.292773,0.06890185177326202,0.6359710931777954,-2.280044209957123
1752064921.2948864,0.045058101415634155,0.5748550832271576,-2.3605356931686403
1752064921.2987711,0.045058101415634155,0.5748550832271576,-2.3605356931686403
1752064921.3007674,0.045058101415634155,0.5748550832271576,-2.3605356931686403
1752064921.3044755,0.045058101415634155,0.5748550832271576,-2.3605356931686403
1752064921.305216,0.045058101415634155,0.5748550832271576,-2.3605356931686403
1752064921.3073082,0.04491575062274933,0.5177499294281006,-2.4609905600547792
1752064921.3093717,0.04491575062274933,0.5177499294281006,-2.4609905600547792
1752064921.3114376,0.04491575062274933,0.5177499294281006,-2.4609905600547792
1752064921.3163552,0.04491575062274933,0.5177499294281006,-2.4609905600547792
1752064921.318278,0.0261212270706892,0.46989121437072756,-2.520668637752533
1752064921.3203506,0.0261212270706892,0.46989121437072756,-2.520668637752533
1752064921.322382,0.0261212270706892,0.46989121437072756,-2.520668637752533
1752064921.324698,0.0261212270706892,0.46989121437072756,-2.520668637752533
1752064921.3267941,-0.023548142984509468,0.4680995583534241,-2.611220192909241
1752064921.3288891,-0.023548142984509468,0.4680995583534241,-2.611220192909241
1752064921.331135,-0.023548142984509468,0.4680995583534241,-2.611220192909241
1752064921.334903,-0.023548142984509468,0.4680995583534241,-2.611220192909241
1752064921.3369577,-0.06987336277961731,0.43050035238265993,-2.559811902046204
1752064921.3390455,-0.06987336277961731,0.43050035238265993,-2.559811902046204
1752064921.341144,-0.06987336277961731,0.43050035238265993,-2.559811902046204
1752064921.343265,-0.13061247766017914,0.43302264213562014,-2.4355177998542787
1752064921.3453615,-0.13061247766017914,0.43302264213562014,-2.4355177998542787
1752064921.3489559,-0.13061247766017914,0.43302264213562014,-2.4355177998542787
1752064921.352601,-0.13061247766017914,0.43302264213562014,-2.4355177998542787
1752064921.3533492,-0.13061247766017914,0.43302264213562014,-2.4355177998542787
1752064921.3555315,-0.16945822536945343,0.46450638175010683,-2.192769151926041
1752064921.3576114,-0.16945822536945343,0.46450638175010683,-2.192769151926041
1752064921.3610513,-0.16945822536945343,0.46450638175010683,-2.192769151926041
1752064921.3617864,-0.16945822536945343,0.46450638175010683,-2.192769151926041
1752064921.3648856,-0.2267773300409317,0.46012898683547976,-2.0195576369762422
1752064921.3669584,-0.2267773300409317,0.46012898683547976,-2.0195576369762422
1752064921.3690135,-0.2267773300409317,0.46012898683547976,-2.0195576369762422
1752064921.372709,-0.2262464463710785,0.41894527673721316,-2.0243496716022493
1752064921.3747935,-0.2262464463710785,0.41894527673721316,-2.0243496716022493
1752064921.3768795,-0.2262464463710785,0.41894527673721316,-2.0243496716022493
1752064921.3790336,-0.2262464463710785,0.41894527673721316,-2.0243496716022493
1752064921.3841374,-0.2262464463710785,0.41894527673721316,-2.0243496716022493
1752064921.3848777,-0.2262464463710785,0.41894527673721316,-2.0243496716022493
1752064921.38698,-0.18241839110851288,0.39511295557022097,-1.8720488369464874
1752064921.3890772,-0.18241839110851288,0.39511295557022097,-1.8720488369464874
1752064921.3912046,-0.16966108977794647,0.3947154521942139,-1.8132334768772125
1752064921.3932922,-0.16966108977794647,0.3947154521942139,-1.8132334768772125
1752064921.3953788,-0.16966108977794647,0.3947154521942139,-1.8132334768772125
1752064921.40063,-0.16966108977794647,0.3947154521942139,-1.8132334768772125
1752064921.4013805,-0.16966108977794647,0.3947154521942139,-1.8132334768772125
1752064921.4034476,-0.16280491650104523,0.38438370227813723,-1.714688128605485
1752064921.4055061,-0.16280491650104523,0.38438370227813723,-1.714688128605485
1752064921.407598,-0.16280491650104523,0.38438370227813723,-1.714688128605485
1752064921.4110155,-0.16443990170955658,0.38911803960800173,-1.6454544484615325
1752064921.4131799,-0.16443990170955658,0.38911803960800173,-1.6454544484615325
1752064921.4160926,-0.16443990170955658,0.38911803960800173,-1.6454544484615325
1752064921.417892,-0.16443990170955658,0.38911803960800173,-1.6454544484615325
1752064921.4203358,-0.15021689236164093,0.3786766767501831,-1.5382778912782669
1752064921.422377,-0.15021689236164093,0.3786766767501831,-1.5382778912782669
1752064921.424429,-0.15021689236164093,0.3786766767501831,-1.5382778912782669
1752064921.4277997,-0.15021689236164093,0.3786766767501831,-1.5382778912782669
1752064921.4285295,-0.15021689236164093,0.3786766767501831,-1.5382778912782669
1752064921.432744,-0.12931616604328156,0.4049386322498322,-1.4419391572475433
1752064921.4346497,-0.12931616604328156,0.4049386322498322,-1.4419391572475433
1752064921.4367404,-0.12931616604328156,0.4049386322498322,-1.4419391572475433
1752064921.4391618,-0.12931616604328156,0.4049386322498322,-1.4419391572475433
1752064921.4412527,-0.105117067694664,0.4434086322784424,-1.353300642967224
1752064921.443336,-0.105117067694664,0.4434086322784424,-1.353300642967224
1752064921.4453769,-0.105117067694664,0.4434086322784424,-1.353300642967224
1752064921.4494832,-0.08526299148797989,0.48561339974403384,-1.2285532772541046
1752064921.451472,-0.08526299148797989,0.48561339974403384,-1.2285532772541046
1752064921.453502,-0.08526299148797989,0.48561339974403384,-1.2285532772541046
1752064921.457212,-0.08526299148797989,0.48561339974403384,-1.2285532772541046
1752064921.4579418,-0.08526299148797989,0.48561339974403384,-1.2285532772541046
1752064921.4600413,-0.048280179500579834,0.5410176753997803,-1.112869393825531
1752064921.462139,-0.048280179500579834,0.5410176753997803,-1.112869393825531
1752064921.4657207,-0.6743717193603516,1.6412089347839356,-1.56380575299263
1752064921.4677725,-0.21492277383804323,0.9215997695922852,-1.6898220896720886
1752064921.4698122,-0.21492277383804323,0.9215997695922852,-1.6898220896720886
1752064921.4718974,-0.21492277383804323,0.9215997695922852,-1.6898220896720886
1752064921.473991,-0.21492277383804323,0.9215997695922852,-1.6898220896720886
1752064921.4760497,-0.25195142030715945,0.9509414911270142,-1.7140564918518066
1752064921.478126,-0.25195142030715945,0.9509414911270142,-1.7140564918518066
1752064921.4808915,-0.25195142030715945,0.9509414911270142,-1.7140564918518066
1752064921.484032,-0.25195142030715945,0.9509414911270142,-1.7140564918518066
1752064921.4863417,-0.47252449989318845,0.7848007649183274,-1.5450180500745774
1752064921.4884183,-0.47252449989318845,0.7848007649183274,-1.5450180500745774
1752064921.4904494,-0.47252449989318845,0.7848007649183274,-1.5450180500745774
1752064921.4928918,-0.47252449989318845,0.7848007649183274,-1.5450180500745774
1752064921.4945593,-0.2815941572189331,0.7985067069530487,-1.4797715812921524
1752064921.4994411,-0.2815941572189331,0.7985067069530487,-1.4797715812921524
1752064921.5030758,-0.2815941572189331,0.7985067069530487,-1.4797715812921524
1752064921.5050933,-0.2815941572189331,0.7985067069530487,-1.4797715812921524
1752064921.5071707,-0.3554994106292725,1.005135202407837,-1.5974095344543457
1752064921.5092566,-0.3554994106292725,1.005135202407837,-1.5974095344543457
1752064921.5113428,-0.3554994106292725,1.005135202407837,-1.5974095344543457
1752064921.5156164,-0.3554994106292725,1.005135202407837,-1.5974095344543457
1752064921.517527,-0.36145734786987305,1.0637782573699952,-1.6732872605323792
1752064921.5195475,-0.36145734786987305,1.0637782573699952,-1.6732872605323792
1752064921.521606,-0.36145734786987305,1.0637782573699952,-1.6732872605323792
1752064921.5241082,-0.36145734786987305,1.0637782573699952,-1.6732872605323792
1752064921.525773,-0.12918442487716675,0.8258760690689088,-1.7646422386169434
1752064921.5278609,-0.12918442487716675,0.8258760690689088,-1.7646422386169434
1752064921.5300508,-0.12918442487716675,0.8258760690689088,-1.7646422386169434
1752064921.5327246,-0.12918442487716675,0.8258760690689088,-1.7646422386169434
1752064921.5347466,-0.20877898931503297,0.8616851568222046,-1.6615503668785094
1752064921.5367575,-0.20877898931503297,0.8616851568222046,-1.6615503668785094
1752064921.5388467,-0.20877898931503297,0.8616851568222046,-1.6615503668785094
1752064921.5409431,-0.20877898931503297,0.8616851568222046,-1.6615503668785094
1752064921.5430217,-0.39043292999267576,0.9322765231132508,-1.5296507060527802
1752064921.545196,-0.39043292999267576,0.9322765231132508,-1.5296507060527802
1752064921.5475078,-0.39043292999267576,0.9322765231132508,-1.5296507060527802
1752064921.5504594,-0.39043292999267576,0.9322765231132508,-1.5296507060527802
1752064921.5524194,-0.26924747228622437,0.8465929925441742,-1.7687620162963866
1752064921.554448,-0.26924747228622437,0.8465929925441742,-1.7687620162963866
1752064921.5565064,-0.26924747228622437,0.8465929925441742,-1.7687620162963866
1752064921.5585787,-0.26924747228622437,0.8465929925441742,-1.7687620162963866
1752064921.560647,-0.22874702215194703,1.0194434165954591,-1.8039075136184692
1752064921.5634418,-0.22874702215194703,1.0194434165954591,-1.8039075136184692
1752064921.5670464,-0.22874702215194703,1.0194434165954591,-1.8039075136184692
1752064921.5689478,-0.22874702215194703,1.0194434165954591,-1.8039075136184692
1752064921.5714488,-0.21253703832626344,0.9461974978446961,-1.6626277565956116
1752064921.5735064,-0.21253703832626344,0.9461974978446961,-1.6626277565956116
1752064921.5755637,-0.21253703832626344,0.9461974978446961,-1.6626277565956116
1752064921.5776546,-0.21253703832626344,0.9461974978446961,-1.6626277565956116
1752064921.579868,-0.18397215604782105,0.7977246701717378,-1.6730546593666076
1752064921.584571,-0.18397215604782105,0.7977246701717378,-1.6730546593666076
1752064921.5864632,-0.18397215604782105,0.7977246701717378,-1.6730546593666076
1752064921.5885239,-0.18397215604782105,0.7977246701717378,-1.6730546593666076
1752064921.5905683,-0.2986906886100769,1.002818012237549,-1.6290493965148927
1752064921.5926507,-0.2986906886100769,1.002818012237549,-1.6290493965148927
1752064921.5947344,-0.2986906886100769,1.002818012237549,-1.6290493965148927
1752064921.5972426,-0.2986906886100769,1.002818012237549,-1.6290493965148927
1752064921.601655,-0.28760514259338377,1.055856466293335,-1.6495109438896178
1752064921.6035779,-0.28760514259338377,1.055856466293335,-1.6495109438896178
1752064921.605629,-0.28760514259338377,1.055856466293335,-1.6495109438896178
1752064921.608144,-0.28760514259338377,1.055856466293335,-1.6495109438896178
1752064921.6097531,-0.225865113735199,1.004986619949341,-1.78907470703125
1752064921.611837,-0.225865113735199,1.004986619949341,-1.78907470703125
1752064921.6144822,-0.225865113735199,1.004986619949341,-1.78907470703125
1752064921.617896,-0.225865113735199,1.004986619949341,-1.78907470703125
1752064921.6192946,-0.2679241061210632,1.069773054122925,-1.6973533749580383
1752064921.6213837,-0.2679241061210632,1.069773054122925,-1.6973533749580383
1752064921.6234498,-0.2679241061210632,1.069773054122925,-1.6973533749580383
1752064921.625521,-0.2679241061210632,1.069773054122925,-1.6973533749580383
1752064921.6275635,-0.3073904991149903,1.0657362937927246,-1.690987467765808
1752064921.629735,-0.3073904991149903,1.0657362937927246,-1.690987467765808
1752064921.633274,-0.3073904991149903,1.0657362937927246,-1.690987467765808
1752064921.635295,-0.3073904991149903,1.0657362937927246,-1.690987467765808
1752064921.637349,-0.36075735092163086,1.0566217422485353,-1.676065456867218
1752064921.6394353,-0.36075735092163086,1.0566217422485353,-1.676065456867218
1752064921.6414487,-0.36075735092163086,1.0566217422485353,-1.676065456867218
1752064921.6435142,-0.36075735092163086,1.0566217422485353,-1.676065456867218
1752064921.6455917,-0.308896541595459,1.0209111690521242,-1.7610072851181031
1752064921.648583,-0.308896541595459,1.0209111690521242,-1.7610072851181031
1752064921.6507223,-0.308896541595459,1.0209111690521242,-1.7610072851181031
1752064921.652664,-0.308896541595459,1.0209111690521242,-1.7610072851181031
1752064921.655445,-0.3320027828216553,1.0682788848876954,-1.6918476700782776
1752064921.6574473,-0.3320027828216553,1.0682788848876954,-1.6918476700782776
1752064921.6595042,-0.3320027828216553,1.0682788848876954,-1.6918476700782776
1752064921.6623952,-0.3320027828216553,1.0682788848876954,-1.6918476700782776
1752064921.664998,-0.3320027828216553,1.0682788848876954,-1.6918476700782776
1752064921.6683135,-0.3320027828216553,1.0682788848876954,-1.6918476700782776
1752064921.670139,-0.33361101150512695,1.0688172817230226,-1.7107825040817262
1752064921.672904,-0.33361101150512695,1.0688172817230226,-1.7107825040817262
1752064921.6743038,-0.3595894813537598,1.0605249404907227,-1.7452022790908814
1752064921.676399,-0.3595894813537598,1.0605249404907227,-1.7452022790908814
1752064921.6784573,-0.3595894813537598,1.0605249404907227,-1.7452022790908814
1752064921.6811464,-0.3595894813537598,1.0605249404907227,-1.7452022790908814
1752064921.6855674,-0.3595894813537598,1.0605249404907227,-1.7452022790908814
1752064921.6871428,-0.3595894813537598,1.0605249404907227,-1.7452022790908814
1752064921.6889615,-0.35654439926147463,1.0537376880645752,-1.6981479048728942
1752064921.691055,-0.35654439926147463,1.0537376880645752,-1.6981479048728942
1752064921.6931221,-0.35744674205780036,1.0675756454467775,-1.7466480255126953
1752064921.6951957,-0.35744674205780036,1.0675756454467775,-1.7466480255126953
1752064921.6997025,-0.35744674205780036,1.0675756454467775,-1.7466480255126953
1752064921.7018576,-0.35744674205780036,1.0675756454467775,-1.7466480255126953
1752064921.7045043,-0.3938403367996216,1.064285469055176,-1.7475103855133056
1752064921.7065582,-0.3938403367996216,1.064285469055176,-1.7475103855133056
1752064921.7086163,-0.3938403367996216,1.064285469055176,-1.7475103855133056
1752064921.7107065,-0.3938403367996216,1.064285469055176,-1.7475103855133056
1752064921.712883,-0.38421630859375,1.0604791641235352,-1.7733459949493409
1752064921.7170799,-0.38421630859375,1.0604791641235352,-1.7733459949493409
1752064921.7190115,-0.38421630859375,1.0604791641235352,-1.7733459949493409
1752064921.721818,-0.38421630859375,1.0604791641235352,-1.7733459949493409
1752064921.7231684,-0.36993837356567383,1.0589961528778078,-1.7532923936843872
1752064921.7252145,-0.36993837356567383,1.0589961528778078,-1.7532923936843872
1752064921.7273026,-0.36993837356567383,1.0589961528778078,-1.7532923936843872
1752064921.7311,-0.36993837356567383,1.0589961528778078,-1.7532923936843872
1752064921.7327735,-0.36993837356567383,1.0589961528778078,-1.7532923936843872
1752064921.7362301,-0.36993837356567383,1.0589961528778078,-1.7532923936843872
1752064921.738055,-0.3888275623321533,1.042800235748291,-1.7204764127731322
1752064921.7408133,-0.3888275623321533,1.042800235748291,-1.7204764127731322
1752064921.742187,-0.40904207229614264,1.0378456115722656,-1.7465492725372314
1752064921.744293,-0.40904207229614264,1.0378456115722656,-1.7465492725372314
1752064921.7472985,-0.40904207229614264,1.0378456115722656,-1.7465492725372314
1752064921.7512348,-0.40904207229614264,1.0378456115722656,-1.7465492725372314
1752064921.752519,-0.4054081439971924,1.0593242645263672,-1.732940149307251
1752064921.7545874,-0.4054081439971924,1.0593242645263672,-1.732940149307251
1752064921.756669,-0.4054081439971924,1.0593242645263672,-1.732940149307251
1752064921.7593958,-0.4054081439971924,1.0593242645263672,-1.732940149307251
1752064921.7609212,-0.39197578430175783,1.0470844745635988,-1.752562665939331
1752064921.7633488,-0.39197578430175783,1.0470844745635988,-1.752562665939331
1752064921.7660375,-0.39197578430175783,1.0470844745635988,-1.752562665939331
1752064921.7680125,-0.39197578430175783,1.0470844745635988,-1.752562665939331
1752064921.7700143,-0.40185596942901614,1.033666181564331,-1.7222949028015138
1752064921.7720873,-0.40185596942901614,1.033666181564331,-1.7222949028015138
1752064921.7741861,-0.40185596942901614,1.033666181564331,-1.7222949028015138
1752064921.77628,-0.40185596942901614,1.033666181564331,-1.7222949028015138
1752064921.7783556,-0.4171251773834229,1.0343273162841797,-1.7217231512069702
1752064921.7808175,-0.4171251773834229,1.0343273162841797,-1.7217231512069702
1752064921.7828321,-0.4171251773834229,1.0343273162841797,-1.7217231512069702
1752064921.7853415,-0.4171251773834229,1.0343273162841797,-1.7217231512069702
1752064921.7867553,-0.4218377590179444,1.0387383460998536,-1.7327283143997192
1752064921.7888486,-0.4218377590179444,1.0387383460998536,-1.7327283143997192
1752064921.7909381,-0.4218377590179444,1.0387383460998536,-1.7327283143997192
1752064921.793003,-0.4218377590179444,1.0387383460998536,-1.7327283143997192
1752064921.7950814,-0.4172533988952637,1.0387894153594972,-1.7201940059661864
1752064921.79725,-0.4172533988952637,1.0387894153594972,-1.7201940059661864
1752064921.7995036,-0.4172533988952637,1.0387894153594972,-1.7201940059661864
1752064921.8014202,-0.4172533988952637,1.0387894153594972,-1.7201940059661864
1752064921.803439,-0.42343869209289553,1.027181625366211,-1.701608419418335
1752064921.8054495,-0.42343869209289553,1.027181625366211,-1.701608419418335
1752064921.8075166,-0.42343869209289553,1.027181625366211,-1.701608419418335
1752064921.8095767,-0.42343869209289553,1.027181625366211,-1.701608419418335
1752064921.8120217,-0.4206393718719482,1.0322038650512697,-1.7012852907180787
1752064921.8152282,-0.4206393718719482,1.0322038650512697,-1.7012852907180787
1752064921.8178282,-0.4206393718719482,1.0322038650512697,-1.7012852907180787
1752064921.819831,-0.4206393718719482,1.0322038650512697,-1.7012852907180787
1752064921.821885,-0.43256897926330573,1.0278014898300172,-1.6953392267227172
1752064921.8239841,-0.43256897926330573,1.0278014898300172,-1.6953392267227172
1752064921.8260624,-0.43256897926330573,1.0278014898300172,-1.6953392267227172
1752064921.8284478,-0.43256897926330573,1.0278014898300172,-1.6953392267227172
1752064921.8315027,-0.4269594192504883,1.0209922313690187,-1.6934195160865784
1752064921.8349118,-0.4269594192504883,1.0209922313690187,-1.6934195160865784
1752064921.8368971,-0.4269594192504883,1.0209922313690187,-1.6934195160865784
1752064921.8389745,-0.4269594192504883,1.0209922313690187,-1.6934195160865784
1752064921.8410485,-0.43102626800537114,1.0220523834228517,-1.6929334163665772
1752064921.8431404,-0.43102626800537114,1.0220523834228517,-1.6929334163665772
1752064921.8452094,-0.43102626800537114,1.0220523834228517,-1.6929334163665772
1752064921.8489518,-0.43102626800537114,1.0220523834228517,-1.6929334163665772
1752064921.851461,-0.42790651321411133,1.0189664840698243,-1.680730164051056
1752064921.853559,-0.42790651321411133,1.0189664840698243,-1.680730164051056
1752064921.855586,-0.42790651321411133,1.0189664840698243,-1.680730164051056
1752064921.8582275,-0.42790651321411133,1.0189664840698243,-1.680730164051056
1752064921.8597083,-0.44294457435607915,1.0226698398590088,-1.6895412802696228
1752064921.8621016,-0.44294457435607915,1.0226698398590088,-1.6895412802696228
1752064921.8645787,-0.44294457435607915,1.0226698398590088,-1.6895412802696228
1752064921.8685215,-0.44294457435607915,1.0226698398590088,-1.6895412802696228
1752064921.8697908,-0.4396824836730957,1.0119859695434572,-1.6720258235931396
1752064921.8718812,-0.4396824836730957,1.0119859695434572,-1.6720258235931396
1752064921.8739774,-0.4396824836730957,1.0119859695434572,-1.6720258235931396
1752064921.8760674,-0.4396824836730957,1.0119859695434572,-1.6720258235931396
1752064921.878304,-0.44429335594177244,1.0342327117919923,-1.6699503421783448
1752064921.8814645,-0.44429335594177244,1.0342327117919923,-1.6699503421783448
1752064921.8839447,-0.44429335594177244,1.0342327117919923,-1.6699503421783448
1752064921.8858395,-0.44429335594177244,1.0342327117919923,-1.6699503421783448
1752064921.8878899,-0.44281959533691406,1.0222635746002198,-1.6773542284965515
1752064921.8899908,-0.44281959533691406,1.0222635746002198,-1.6773542284965515
1752064921.8920734,-0.44281959533691406,1.0222635746002198,-1.6773542284965515
1752064921.8941696,-0.44281959533691406,1.0222635746002198,-1.6773542284965515
1752064921.8995554,-0.4494327068328857,1.029251003265381,-1.6619500756263732
1752064921.9004943,-0.4494327068328857,1.029251003265381,-1.6619500756263732
1752064921.9024546,-0.4494327068328857,1.029251003265381,-1.6619500756263732
1752064921.9045224,-0.4494327068328857,1.029251003265381,-1.6619500756263732
1752064921.906568,-0.44640483856201174,1.029885244369507,-1.667744219303131
1752064921.9086533,-0.44640483856201174,1.029885244369507,-1.667744219303131
1752064921.9107401,-0.44640483856201174,1.029885244369507,-1.667744219303131
1752064921.9162414,-0.44640483856201174,1.029885244369507,-1.667744219303131
1752064921.9178665,-0.44640483856201174,1.029885244369507,-1.667744219303131
1752064921.9200556,-0.43515191078186033,1.0168105125427247,-1.665775990486145
1752064921.922157,-0.43515191078186033,1.0168105125427247,-1.665775990486145
1752064921.9247334,-0.43515191078186033,1.0168105125427247,-1.665775990486145
1752064921.9263227,-0.44920668601989744,1.0293540477752687,-1.662049663066864
1752064921.928498,-0.44920668601989744,1.0293540477752687,-1.662049663066864
1752064921.9329424,-0.44920668601989744,1.0293540477752687,-1.662049663066864
1752064921.9354584,-0.44920668601989744,1.0293540477752687,-1.662049663066864
1752064921.9369817,-0.450453519821167,1.0296835899353027,-1.6377019047737122
1752064921.9390707,-0.450453519821167,1.0296835899353027,-1.6377019047737122
1752064921.9411566,-0.450453519821167,1.0296835899353027,-1.6377019047737122
1752064921.943267,-0.450453519821167,1.0296835899353027,-1.6377019047737122
1752064921.945334,-0.448201322555542,1.0287957668304444,-1.6448280692100525
1752064921.9495595,-0.448201322555542,1.0287957668304444,-1.6448280692100525
1752064921.951473,-0.448201322555542,1.0287957668304444,-1.6448280692100525
1752064921.953587,-0.448201322555542,1.0287957668304444,-1.6448280692100525
1752064921.955668,-0.46511139869689944,1.0364604473114014,-1.6492936611175537
1752064921.9577472,-0.46511139869689944,1.0364604473114014,-1.6492936611175537
1752064921.9598348,-0.46511139869689944,1.0364604473114014,-1.6492936611175537
1752064921.9619112,-0.46511139869689944,1.0364604473114014,-1.6492936611175537
1752064921.964399,-0.46511139869689944,1.0364604473114014,-1.6492936611175537
1752064921.9676275,-0.46761860847473147,1.027988624572754,-1.6297264695167542
1752064921.9695656,-0.46761860847473147,1.027988624572754,-1.6297264695167542
1752064921.972131,-0.46761860847473147,1.027988624572754,-1.6297264695167542
1752064921.973709,-0.45716300010681155,1.030447769165039,-1.6318618655204773
1752064921.9757898,-0.45716300010681155,1.030447769165039,-1.6318618655204773
1752064921.9778743,-0.45716300010681155,1.030447769165039,-1.6318618655204773
1752064921.9820256,-0.45716300010681155,1.030447769165039,-1.6318618655204773
1752064921.9828608,-0.45716300010681155,1.030447769165039,-1.6318618655204773
1752064921.9855852,-0.4727916717529297,1.042405939102173,-1.6549826502799987
1752064921.9876497,-0.4727916717529297,1.042405939102173,-1.6549826502799987
1752064921.9902935,-0.4727916717529297,1.042405939102173,-1.6549826502799987
1752064921.9917774,-0.48823432922363286,1.0328607559204102,-1.6424691915512084
1752064921.9938664,-0.48823432922363286,1.0328607559204102,-1.6424691915512084
1752064921.9959688,-0.48823432922363286,1.0328607559204102,-1.6424691915512084
1752064921.9987607,-0.48823432922363286,1.0328607559204102,-1.6424691915512084
1752064922.002919,-0.48823432922363286,1.0328607559204102,-1.6424691915512084
1752064922.00433,-0.46651806831359866,1.03684720993042,-1.6329440116882323
1752064922.0064166,-0.46651806831359866,1.03684720993042,-1.6329440116882323
1752064922.0084488,-0.46651806831359866,1.03684720993042,-1.6329440116882323
1752064922.0104508,-0.48134350776672363,1.0518964290618897,-1.6453954339027406
1752064922.0125952,-0.48134350776672363,1.0518964290618897,-1.6453954339027406
1752064922.0170293,-0.48134350776672363,1.0518964290618897,-1.6453954339027406
1752064922.0187967,-0.48134350776672363,1.0518964290618897,-1.6453954339027406
1752064922.0204432,-0.48903465270996094,1.0518808841705323,-1.6554516673088073
1752064922.022452,-0.48903465270996094,1.0518808841705323,-1.6554516673088073
1752064922.0245104,-0.48903465270996094,1.0518808841705323,-1.6554516673088073
1752064922.026974,-0.48903465270996094,1.0518808841705323,-1.6554516673088073
1752064922.0286286,-0.4704048156738282,1.0451634407043457,-1.6368717193603515
1752064922.0310147,-0.4704048156738282,1.0451634407043457,-1.6368717193603515
1752064922.0345018,-0.4704048156738282,1.0451634407043457,-1.6368717193603515
1752064922.0364697,-0.4704048156738282,1.0451634407043457,-1.6368717193603515
1752064922.0385115,-0.4814805507659913,1.0492964744567872,-1.6437952756881713
1752064922.0405798,-0.4814805507659913,1.0492964744567872,-1.6437952756881713
1752064922.0426562,-0.4814805507659913,1.0492964744567872,-1.6437952756881713
1752064922.0450535,-0.4814805507659913,1.0492964744567872,-1.6437952756881713
1752064922.0472372,-0.49844498634338386,1.0496073722839356,-1.6472436785697937
1752064922.0494244,-0.49844498634338386,1.0496073722839356,-1.6472436785697937
1752064922.0521579,-0.49844498634338386,1.0496073722839356,-1.6472436785697937
1752064922.0547814,-0.49844498634338386,1.0496073722839356,-1.6472436785697937
1752064922.0562434,-0.48060913085937507,1.0550487041473389,-1.652475607395172
1752064922.0583389,-0.48060913085937507,1.0550487041473389,-1.652475607395172
1752064922.0604205,-0.48060913085937507,1.0550487041473389,-1.652475607395172
1752064922.063659,-0.48060913085937507,1.0550487041473389,-1.652475607395172
1752064922.0645704,-0.4880742549896241,1.0507147312164307,-1.650729238986969
1752064922.068029,-0.4880742549896241,1.0507147312164307,-1.650729238986969
1752064922.0700176,-0.4880742549896241,1.0507147312164307,-1.650729238986969
1752064922.0726542,-0.4880742549896241,1.0507147312164307,-1.650729238986969
1752064922.074207,-0.4910242080688477,1.0453692436218263,-1.6472487449645996
1752064922.076292,-0.4910242080688477,1.0453692436218263,-1.6472487449645996
1752064922.0783827,-0.4910242080688477,1.0453692436218263,-1.6472487449645996
1752064922.082313,-0.4910242080688477,1.0453692436218263,-1.6472487449645996
1752064922.0853763,-0.48761377334594724,1.052962064743042,-1.6445252060890199
1752064922.087401,-0.48761377334594724,1.052962064743042,-1.6445252060890199
1752064922.0894554,-0.48761377334594724,1.052962064743042,-1.6445252060890199
1752064922.0919433,-0.48761377334594724,1.052962064743042,-1.6445252060890199
1752064922.0935667,-0.4876277923583985,1.0519614219665527,-1.6498205304145812
1752064922.095722,-0.4876277923583985,1.0519614219665527,-1.6498205304145812
1752064922.0978901,-0.4876277923583985,1.0519614219665527,-1.6498205304145812
1752064922.1008117,-0.4876277923583985,1.0519614219665527,-1.6498205304145812
1752064922.1029422,-0.4860117435455322,1.0553562164306642,-1.6482895135879516
1752064922.1050205,-0.4860117435455322,1.0553562164306642,-1.6482895135879516
1752064922.1071086,-0.4860117435455322,1.0553562164306642,-1.6482895135879516
1752064922.1092505,-0.4860117435455322,1.0553562164306642,-1.6482895135879516
1752064922.1112895,-0.48325095176696775,1.049132537841797,-1.6488657355308534
1752064922.1137502,-0.48325095176696775,1.049132537841797,-1.6488657355308534
1752064922.117408,-0.48325095176696775,1.049132537841797,-1.6488657355308534
1752064922.1194372,-0.48325095176696775,1.049132537841797,-1.6488657355308534
1752064922.1214535,-0.49128971099853513,1.0590636253356935,-1.6482996344566345
1752064922.123517,-0.49128971099853513,1.0590636253356935,-1.6482996344566345
1752064922.125566,-0.49128971099853513,1.0590636253356935,-1.6482996344566345
1752064922.1276622,-0.49128971099853513,1.0590636253356935,-1.6482996344566345
1752064922.1320105,-0.48604993820190434,1.053388261795044,-1.6463332414627074
1752064922.1339972,-0.48604993820190434,1.053388261795044,-1.6463332414627074
1752064922.1361167,-0.48604993820190434,1.053388261795044,-1.6463332414627074
1752064922.1386864,-0.48604993820190434,1.053388261795044,-1.6463332414627074
1752064922.1402416,-0.4836786270141602,1.061254644393921,-1.648269259929657
1752064922.1423302,-0.4836786270141602,1.061254644393921,-1.648269259929657
1752064922.1444244,-0.4836786270141602,1.061254644393921,-1.648269259929657
1752064922.1468039,-0.4836786270141602,1.061254644393921,-1.648269259929657
1752064922.151549,-0.4856125354766846,1.0642611980438232,-1.6466334223747254
1752064922.1535313,-0.4856125354766846,1.0642611980438232,-1.6466334223747254
1752064922.1555743,-0.4856125354766846,1.0642611980438232,-1.6466334223747254
1752064922.1581311,-0.4856125354766846,1.0642611980438232,-1.6466334223747254
1752064922.1597455,-0.48657026290893557,1.0549362182617188,-1.6476972937583922
1752064922.1618826,-0.48657026290893557,1.0549362182617188,-1.6476972937583922
1752064922.1672578,-0.48657026290893557,1.0549362182617188,-1.6476972937583922
1752064922.1692288,-0.48657026290893557,1.0549362182617188,-1.6476972937583922
1752064922.1713593,-0.4842236042022705,1.058562994003296,-1.6403777480125428
1752064922.1733897,-0.4842236042022705,1.058562994003296,-1.6403777480125428
1752064922.1754503,-0.4842236042022705,1.058562994003296,-1.6403777480125428
1752064922.1775165,-0.4842236042022705,1.058562994003296,-1.6403777480125428
1752064922.180151,-0.4895274162292481,1.0597619056701661,-1.646927797794342
1752064922.1840265,-0.4895274162292481,1.0597619056701661,-1.646927797794342
1752064922.185907,-0.4895274162292481,1.0597619056701661,-1.646927797794342
1752064922.1880004,-0.4895274162292481,1.0597619056701661,-1.646927797794342
1752064922.1900814,-0.4807155132293701,1.0557312965393066,-1.6463517785072326
1752064922.192165,-0.4807155132293701,1.0557312965393066,-1.6463517785072326
1752064922.1942275,-0.4807155132293701,1.0557312965393066,-1.6463517785072326
1752064922.1972616,-0.4807155132293701,1.0557312965393066,-1.6463517785072326
1752064922.201679,-0.475862979888916,1.054728937149048,-1.6465141654014588
1752064922.203575,-0.475862979888916,1.054728937149048,-1.6465141654014588
1752064922.2056615,-0.475862979888916,1.054728937149048,-1.6465141654014588
1752064922.2081902,-0.475862979888916,1.054728937149048,-1.6465141654014588
1752064922.2098,-0.4729807376861572,1.0571815490722658,-1.6453440546989442
1752064922.2119188,-0.4729807376861572,1.0571815490722658,-1.6453440546989442
1752064922.216816,-0.4729807376861572,1.0571815490722658,-1.6453440546989442
1752064922.2188196,-0.4729807376861572,1.0571815490722658,-1.6453440546989442
1752064922.22088,-0.4772976875305176,1.0570458412170411,-1.6490955352783203
1752064922.2229722,-0.4772976875305176,1.0570458412170411,-1.6490955352783203
1752064922.2250245,-0.4772976875305176,1.0570458412170411,-1.6490955352783203
1752064922.22712,-0.4772976875305176,1.0570458412170411,-1.6490955352783203
1752064922.2296822,-0.47354192733764655,1.0586722850799561,-1.6496602416038513
1752064922.2319944,-0.47354192733764655,1.0586722850799561,-1.6496602416038513
1752064922.2343733,-0.47354192733764655,1.0586722850799561,-1.6496602416038513
1752064922.2363758,-0.47354192733764655,1.0586722850799561,-1.6496602416038513
1752064922.2384307,-0.46966285705566413,1.0556875705718995,-1.6477612018585206
1752064922.2405024,-0.46966285705566413,1.0556875705718995,-1.6477612018585206
1752064922.24251,-0.46966285705566413,1.0556875705718995,-1.6477612018585206
1752064922.2445786,-0.46966285705566413,1.0556875705718995,-1.6477612018585206
1752064922.2498875,-0.46966285705566413,1.0556875705718995,-1.6477612018585206
1752064922.2520847,-0.46858558654785154,1.055912208557129,-1.6470637202262879
1752064922.2541435,-0.46858558654785154,1.055912208557129,-1.6470637202262879
1752064922.2566683,-0.46858558654785154,1.055912208557129,-1.6470637202262879
1752064922.2583342,-0.4680331707000732,1.0550570011138918,-1.6441490530967713
1752064922.2604067,-0.4680331707000732,1.0550570011138918,-1.6441490530967713
1752064922.262484,-0.4680331707000732,1.0550570011138918,-1.6441490530967713
1752064922.2661233,-0.4680331707000732,1.0550570011138918,-1.6441490530967713
1752064922.2688122,-0.4651088237762452,1.0558775901794435,-1.6454649567604065
1752064922.270865,-0.4651088237762452,1.0558775901794435,-1.6454649567604065
1752064922.272957,-0.4651088237762452,1.0558775901794435,-1.6454649567604065
1752064922.2755463,-0.4651088237762452,1.0558775901794435,-1.6454649567604065
1752064922.277125,-0.46516485214233405,1.0555510520935059,-1.6407365560531617
1752064922.2792964,-0.46516485214233405,1.0555510520935059,-1.6407365560531617
1752064922.283656,-0.46516485214233405,1.0555510520935059,-1.6407365560531617
1752064922.2859945,-0.46516485214233405,1.0555510520935059,-1.6407365560531617
1752064922.2876167,-0.46372532844543457,1.0495223045349122,-1.6425661206245423
1752064922.2897,-0.46372532844543457,1.0495223045349122,-1.6425661206245423
1752064922.291784,-0.46372532844543457,1.0495223045349122,-1.6425661206245423
1752064922.294164,-0.46372532844543457,1.0495223045349122,-1.6425661206245423
1752064922.2959762,-0.4618534088134766,1.0537452697753906,-1.6433333516120912
1752064922.2991114,-0.4618534088134766,1.0537452697753906,-1.6433333516120912
1752064922.3013718,-0.4618534088134766,1.0537452697753906,-1.6433333516120912
1752064922.3034763,-0.4618534088134766,1.0537452697753906,-1.6433333516120912
1752064922.3054566,-0.46330089569091804,1.0551526546478271,-1.6455431222915649
1752064922.3075187,-0.46330089569091804,1.0551526546478271,-1.6455431222915649
1752064922.309568,-0.46330089569091804,1.0551526546478271,-1.6455431222915649
1752064922.311807,-0.46330089569091804,1.0551526546478271,-1.6455431222915649
1752064922.316079,-0.4661784648895264,1.0562808990478516,-1.6448797345161439
1752064922.3182402,-0.4661784648895264,1.0562808990478516,-1.6448797345161439
1752064922.320343,-0.4661784648895264,1.0562808990478516,-1.6448797345161439
1752064922.322404,-0.4661784648895264,1.0562808990478516,-1.6448797345161439
1752064922.3244576,-0.45921874046325684,1.0521318912506104,-1.6466247320175171
1752064922.3265092,-0.45921874046325684,1.0521318912506104,-1.6466247320175171
1752064922.3286557,-0.45921874046325684,1.0521318912506104,-1.6466247320175171
1752064922.3349426,-0.45921874046325684,1.0521318912506104,-1.6466247320175171
1752064922.3358088,-0.45921874046325684,1.0521318912506104,-1.6466247320175171
1752064922.3379085,-0.4597184658050537,1.0521140098571777,-1.646762454509735
1752064922.3399947,-0.4597184658050537,1.0521140098571777,-1.646762454509735
1752064922.3420994,-0.4597184658050537,1.0521140098571777,-1.646762454509735
1752064922.344171,-0.4562719345092774,1.0541677474975586,-1.644550657272339
1752064922.3470592,-0.4562719345092774,1.0541677474975586,-1.644550657272339
1752064922.3511605,-0.4562719345092774,1.0541677474975586,-1.644550657272339
1752064922.353156,-0.4562719345092774,1.0541677474975586,-1.644550657272339
1752064922.3557115,-0.46425962448120117,1.0498382091522218,-1.6422927021980285
1752064922.3577976,-0.46425962448120117,1.0498382091522218,-1.6422927021980285
1752064922.3598833,-0.46425962448120117,1.0498382091522218,-1.6422927021980285
1752064922.3619812,-0.46425962448120117,1.0498382091522218,-1.6422927021980285
1752064922.365731,-0.46425962448120117,1.0498382091522218,-1.6422927021980285
1752064922.368649,-0.4608603477478027,1.052894687652588,-1.6472832560539246
1752064922.3707094,-0.4608603477478027,1.052894687652588,-1.6472832560539246
1752064922.3733616,-0.4608603477478027,1.052894687652588,-1.6472832560539246
1752064922.3748782,-0.4628010272979737,1.0541317462921143,-1.650044596195221
1752064922.3769612,-0.4628010272979737,1.0541317462921143,-1.650044596195221
1752064922.3791304,-0.4628010272979737,1.0541317462921143,-1.650044596195221
1752064922.382893,-0.4628010272979737,1.0541317462921143,-1.650044596195221
1752064922.3854375,-0.46338305473327634,1.0536215782165528,-1.6523693442344665
1752064922.3874617,-0.46338305473327634,1.0536215782165528,-1.6523693442344665
1752064922.3895094,-0.46338305473327634,1.0536215782165528,-1.6523693442344665
1752064922.3919654,-0.46338305473327634,1.0536215782165528,-1.6523693442344665
1752064922.3936527,-0.46080226898193366,1.0510505676269533,-1.6503968358039856
1752064922.3957481,-0.46080226898193366,1.0510505676269533,-1.6503968358039856
1752064922.4006186,-0.46080226898193366,1.0510505676269533,-1.6503968358039856
1752064922.4015045,-0.46080226898193366,1.0510505676269533,-1.6503968358039856
1752064922.4035513,-0.46251187324523924,1.0493541717529298,-1.6500332474708557
1752064922.4056137,-0.46251187324523924,1.0493541717529298,-1.6500332474708557
1752064922.407694,-0.46251187324523924,1.0493541717529298,-1.6500332474708557
1752064922.4097872,-0.46251187324523924,1.0493541717529298,-1.6500332474708557
1752064922.4123116,-0.4615332126617432,1.050351619720459,-1.646327555179596
1752064922.4143932,-0.4615332126617432,1.050351619720459,-1.646327555179596
1752064922.4180684,-0.4615332126617432,1.050351619720459,-1.646327555179596
1752064922.4200072,-0.4615332126617432,1.050351619720459,-1.646327555179596
1752064922.4220777,-0.4597686767578125,1.0506847381591797,-1.6478707671165467
1752064922.424165,-0.4597686767578125,1.0506847381591797,-1.6478707671165467
1752064922.4262557,-0.4597686767578125,1.0506847381591797,-1.6478707671165467
1752064922.428434,-0.4597686767578125,1.0506847381591797,-1.6478707671165467
1752064922.4328394,-0.46146612167358403,1.0514200687408448,-1.6495805621147155
1752064922.4351122,-0.46146612167358403,1.0514200687408448,-1.6495805621147155
1752064922.4369583,-0.46146612167358403,1.0514200687408448,-1.6495805621147155
1752064922.4390528,-0.46146612167358403,1.0514200687408448,-1.6495805621147155
1752064922.4411042,-0.46369209289550783,1.0502939224243164,-1.6502188205718995
1752064922.4431875,-0.46369209289550783,1.0502939224243164,-1.6502188205718995
1752064922.44531,-0.46369209289550783,1.0502939224243164,-1.6502188205718995
1752064922.4481552,-0.46369209289550783,1.0502939224243164,-1.6502188205718995
1752064922.4515753,-0.4641247749328613,1.0502104759216309,-1.6479143857955934
1752064922.453535,-0.4641247749328613,1.0502104759216309,-1.6479143857955934
1752064922.455637,-0.4641247749328613,1.0502104759216309,-1.6479143857955934
1752064922.4581478,-0.4641247749328613,1.0502104759216309,-1.6479143857955934
1752064922.4597476,-0.46411762237548826,1.0484365940093996,-1.6457361102104187
1752064922.461815,-0.46411762237548826,1.0484365940093996,-1.6457361102104187
1752064922.4662971,-0.46411762237548826,1.0484365940093996,-1.6457361102104187
1752064922.468382,-0.46411762237548826,1.0484365940093996,-1.6457361102104187
1752064922.4703646,-0.4648312568664551,1.050469207763672,-1.6478501439094544
1752064922.472436,-0.4648312568664551,1.050469207763672,-1.6478501439094544
1752064922.47445,-0.4648312568664551,1.050469207763672,-1.6478501439094544
1752064922.4765246,-0.4648312568664551,1.050469207763672,-1.6478501439094544
1752064922.478726,-0.4657253742218018,1.0489195346832276,-1.642211365699768
1752064922.4830067,-0.4657253742218018,1.0489195346832276,-1.642211365699768
1752064922.4850569,-0.4657253742218018,1.0489195346832276,-1.642211365699768
1752064922.4870427,-0.4657253742218018,1.0489195346832276,-1.642211365699768
1752064922.4896264,-0.46485147476196287,1.0483159065246583,-1.6458852410316467
1752064922.4917138,-0.46485147476196287,1.0483159065246583,-1.6458852410316467
1752064922.493794,-0.46485147476196287,1.0483159065246583,-1.6458852410316467
1752064922.4959044,-0.46485147476196287,1.0483159065246583,-1.6458852410316467
1752064922.4990788,-0.4664165019989014,1.0488887310028077,-1.6378477215766907
1752064922.5021584,-0.4664165019989014,1.0488887310028077,-1.6378477215766907
1752064922.5042248,-0.4664165019989014,1.0488887310028077,-1.6378477215766907
1752064922.50759,-0.4664165019989014,1.0488887310028077,-1.6378477215766907
1752064922.5097716,-0.4650752544403076,1.0465081214904786,-1.6374472022056579
1752064922.5118494,-0.4650752544403076,1.0465081214904786,-1.6374472022056579
1752064922.5159438,-0.4650752544403076,1.0465081214904786,-1.6374472022056579
1752064922.5179353,-0.4650752544403076,1.0465081214904786,-1.6374472022056579
1752064922.5199995,-0.4688309669494629,1.0489264965057374,-1.6385451197624206
1752064922.522086,-0.4688309669494629,1.0489264965057374,-1.6385451197624206
1752064922.5242004,-0.4688309669494629,1.0489264965057374,-1.6385451197624206
1752064922.5262735,-0.4688309669494629,1.0489264965057374,-1.6385451197624206
1752064922.5283582,-0.46589365005493166,1.047654390335083,-1.6379886269569397
1752064922.531839,-0.46589365005493166,1.047654390335083,-1.6379886269569397
1752064922.5338318,-0.46589365005493166,1.047654390335083,-1.6379886269569397
1752064922.5359197,-0.46589365005493166,1.047654390335083,-1.6379886269569397
1752064922.5379927,-0.46243219375610356,1.0421518325805665,-1.6394890546798706
1752064922.54008,-0.46243219375610356,1.0421518325805665,-1.6394890546798706
1752064922.5421693,-0.46243219375610356,1.0421518325805665,-1.6394890546798706
1752064922.5442667,-0.46243219375610356,1.0421518325805665,-1.6394890546798706
1752064922.5483813,-0.46337032318115234,1.0447835445404055,-1.6405930280685426
1752064922.5503516,-0.46337032318115234,1.0447835445404055,-1.6405930280685426
1752064922.5524154,-0.46337032318115234,1.0447835445404055,-1.6405930280685426
1752064922.5544598,-0.46337032318115234,1.0447835445404055,-1.6405930280685426
1752064922.5565023,-0.4675485134124756,1.047462272644043,-1.6365914344787598
1752064922.558562,-0.4675485134124756,1.047462272644043,-1.6365914344787598
1752064922.5606449,-0.4675485134124756,1.047462272644043,-1.6365914344787598
1752064922.5627775,-0.4675485134124756,1.047462272644043,-1.6365914344787598
1752064922.566627,-0.4675485134124756,1.047462272644043,-1.6365914344787598
1752064922.5685563,-0.46630363464355473,1.0452551364898683,-1.6377624154090882
1752064922.5706222,-0.46630363464355473,1.0452551364898683,-1.6377624154090882
1752064922.5727031,-0.46630363464355473,1.0452551364898683,-1.6377624154090882
1752064922.5747762,-0.4671896457672119,1.0475409984588624,-1.6411133885383606
1752064922.5768619,-0.4671896457672119,1.0475409984588624,-1.6411133885383606
1752064922.5789263,-0.4671896457672119,1.0475409984588624,-1.6411133885383606
1752064922.5817134,-0.4671896457672119,1.0475409984588624,-1.6411133885383606
1752064922.5836976,-0.4650767326354981,1.0446669578552248,-1.63781019449234
1752064922.585731,-0.4650767326354981,1.0446669578552248,-1.63781019449234
1752064922.58781,-0.4650767326354981,1.0446669578552248,-1.63781019449234
1752064922.5899045,-0.4650767326354981,1.0446669578552248,-1.63781019449234
1752064922.5919907,-0.46579022407531745,1.044494915008545,-1.6396827816963195
1752064922.5940971,-0.46579022407531745,1.044494915008545,-1.6396827816963195
1752064922.5986981,-0.46579022407531745,1.044494915008545,-1.6396827816963195
1752064922.5997639,-0.46579022407531745,1.044494915008545,-1.6396827816963195
1752064922.601661,-0.4602000236511231,1.0467562198638918,-1.642063069343567
1752064922.603746,-0.4602000236511231,1.0467562198638918,-1.642063069343567
1752064922.6058352,-0.4602000236511231,1.0467562198638918,-1.642063069343567
1752064922.607931,-0.4602000236511231,1.0467562198638918,-1.642063069343567
1752064922.6100097,-0.4681749820709229,1.0456814765930176,-1.6415667891502381
1752064922.6121151,-0.4681749820709229,1.0456814765930176,-1.6415667891502381
1752064922.6144035,-0.4681749820709229,1.0456814765930176,-1.6415667891502381
1752064922.6164489,-0.4681749820709229,1.0456814765930176,-1.6415667891502381
1752064922.6190045,-0.46400170326232915,1.0490659713745119,-1.6453781127929688
1752064922.6210809,-0.46400170326232915,1.0490659713745119,-1.6453781127929688
1752064922.623169,-0.46400170326232915,1.0490659713745119,-1.6453781127929688
1752064922.625654,-0.46400170326232915,1.0490659713745119,-1.6453781127929688
1752064922.6273444,-0.4689953804016114,1.0453999519348145,-1.641366147994995
1752064922.6297834,-0.4689953804016114,1.0453999519348145,-1.641366147994995
1752064922.6320305,-0.4689953804016114,1.0453999519348145,-1.641366147994995
1752064922.634088,-0.4689953804016114,1.0453999519348145,-1.641366147994995
1752064922.6361055,-0.4595728397369385,1.0438099384307862,-1.641485321521759
1752064922.6381912,-0.4595728397369385,1.0438099384307862,-1.641485321521759
1752064922.6402893,-0.4595728397369385,1.0438099384307862,-1.641485321521759
1752064922.6423695,-0.4595728397369385,1.0438099384307862,-1.641485321521759
1752064922.6444466,-0.4654193878173828,1.045864772796631,-1.6380783677101136
1752064922.6465619,-0.4654193878173828,1.045864772796631,-1.6380783677101136
1752064922.6500213,-0.4654193878173828,1.045864772796631,-1.6380783677101136
1752064922.6518793,-0.4654193878173828,1.045864772796631,-1.6380783677101136
1752064922.653952,-0.4663271903991699,1.04880747795105,-1.6424479007720947
1752064922.6560113,-0.4663271903991699,1.04880747795105,-1.6424479007720947
1752064922.6580958,-0.4663271903991699,1.04880747795105,-1.6424479007720947
1752064922.660204,-0.4663271903991699,1.04880747795105,-1.6424479007720947
1752064922.6624436,-0.46397981643676756,1.0465890884399416,-1.6433863282203673
1752064922.6645594,-0.46397981643676756,1.0465890884399416,-1.6433863282203673
1752064922.6667922,-0.46397981643676756,1.0465890884399416,-1.6433863282203673
1752064922.6688325,-0.46397981643676756,1.0465890884399416,-1.6433863282203673
1752064922.6709023,-0.4643187999725342,1.048148536682129,-1.6450733065605163
1752064922.672989,-0.4643187999725342,1.048148536682129,-1.6450733065605163
1752064922.6750798,-0.4643187999725342,1.048148536682129,-1.6450733065605163
1752064922.6771832,-0.4643187999725342,1.048148536682129,-1.6450733065605163
1752064922.679282,-0.4664270401000977,1.0484838962554932,-1.643483316898346
1752064922.6826923,-0.4664270401000977,1.0484838962554932,-1.643483316898346
1752064922.6847084,-0.4664270401000977,1.0484838962554932,-1.643483316898346
1752064922.6867383,-0.4664270401000977,1.0484838962554932,-1.643483316898346
1752064922.688809,-0.4623935699462891,1.0460421562194826,-1.6429015517234802
1752064922.6908941,-0.4623935699462891,1.0460421562194826,-1.6429015517234802
1752064922.6929955,-0.4623935699462891,1.0460421562194826,-1.6429015517234802
1752064922.6950774,-0.4623935699462891,1.0460421562194826,-1.6429015517234802
1752064922.6979585,-0.46427092552185056,1.0436279296875002,-1.6378422975540161
1752064922.7000546,-0.46427092552185056,1.0436279296875002,-1.6378422975540161
1752064922.7020414,-0.46427092552185056,1.0436279296875002,-1.6378422975540161
1752064922.7046273,-0.46427092552185056,1.0436279296875002,-1.6378422975540161
1752064922.706217,-0.46118254661560065,1.0450358390808105,-1.6389080166816712
1752064922.7083075,-0.46118254661560065,1.0450358390808105,-1.6389080166816712
1752064922.7103887,-0.46118254661560065,1.0450358390808105,-1.6389080166816712
1752064922.7124681,-0.46118254661560065,1.0450358390808105,-1.6389080166816712
1752064922.7160149,-0.46118254661560065,1.0450358390808105,-1.6389080166816712
1752064922.7175505,-0.4648527622222901,1.0472768306732179,-1.641564953327179
1752064922.7195823,-0.4648527622222901,1.0472768306732179,-1.641564953327179
1752064922.722093,-0.4648527622222901,1.0472768306732179,-1.641564953327179
1752064922.7237592,-0.4622271537780762,1.0447694778442385,-1.6410874485969544
1752064922.7258368,-0.4622271537780762,1.0447694778442385,-1.6410874485969544
1752064922.7279222,-0.4622271537780762,1.0447694778442385,-1.6410874485969544
1752064922.7300856,-0.4622271537780762,1.0447694778442385,-1.6410874485969544
1752064922.7321084,-0.46176333427429206,1.0449580669403078,-1.6398720622062684
1752064922.7343652,-0.46176333427429206,1.0449580669403078,-1.6398720622062684
1752064922.7364256,-0.46176333427429206,1.0449580669403078,-1.6398720622062684
1752064922.7389166,-0.46176333427429206,1.0449580669403078,-1.6398720622062684
1752064922.7404997,-0.46278567314147956,1.0439996719360352,-1.6401262521743774
1752064922.7425597,-0.46278567314147956,1.0439996719360352,-1.6401262521743774
1752064922.744622,-0.46278567314147956,1.0439996719360352,-1.6401262521743774
1752064922.7469263,-0.46278567314147956,1.0439996719360352,-1.6401262521743774
1752064922.7506278,-0.46278567314147956,1.0439996719360352,-1.6401262521743774
1752064922.751998,-0.45942139625549316,1.043991231918335,-1.6415090084075927
1752064922.754085,-0.45942139625549316,1.043991231918335,-1.6415090084075927
1752064922.7565646,-0.45942139625549316,1.043991231918335,-1.6415090084075927
1752064922.7582612,-0.4646477699279785,1.0461950302124023,-1.638308846950531
1752064922.7603548,-0.4646477699279785,1.0461950302124023,-1.638308846950531
1752064922.763122,-0.4646477699279785,1.0461950302124023,-1.638308846950531
1752064922.7661607,-0.4646477699279785,1.0461950302124023,-1.638308846950531
1752064922.7680972,-0.4639223575592041,1.0472726345062258,-1.6425707459449768
1752064922.7701747,-0.4639223575592041,1.0472726345062258,-1.6425707459449768
1752064922.7722611,-0.4639223575592041,1.0472726345062258,-1.6425707459449768
1752064922.7743561,-0.4639223575592041,1.0472726345062258,-1.6425707459449768
1752064922.7764366,-0.46242537498474123,1.0475892066955568,-1.644278383255005
1752064922.7784467,-0.46242537498474123,1.0475892066955568,-1.644278383255005
1752064922.781377,-0.46242537498474123,1.0475892066955568,-1.644278383255005
1752064922.783451,-0.46242537498474123,1.0475892066955568,-1.644278383255005
1752064922.7854261,-0.46045432090759275,1.0451988220214845,-1.6431161761283875
1752064922.7874498,-0.46045432090759275,1.0451988220214845,-1.6431161761283875
1752064922.7895029,-0.46045432090759275,1.0451988220214845,-1.6431161761283875
1752064922.791577,-0.46045432090759275,1.0451988220214845,-1.6431161761283875
1752064922.793644,-0.4614474296569825,1.0462826728820802,-1.6447656989097594
1752064922.795802,-0.4614474296569825,1.0462826728820802,-1.6447656989097594
1752064922.799432,-0.4614474296569825,1.0462826728820802,-1.6447656989097594
1752064922.8012166,-0.4614474296569825,1.0462826728820802,-1.6447656989097594
1752064922.8025148,-0.46692452430725095,1.0470940113067628,-1.6405948400497437
1752064922.8045542,-0.46692452430725095,1.0470940113067628,-1.6405948400497437
1752064922.8066096,-0.46692452430725095,1.0470940113067628,-1.6405948400497437
1752064922.8087134,-0.46692452430725095,1.0470940113067628,-1.6405948400497437
1752064922.8107812,-0.4650357246398926,1.0479108333587648,-1.644818651676178
1752064922.8128965,-0.4650357246398926,1.0479108333587648,-1.644818651676178
1752064922.8164542,-0.4650357246398926,1.0479108333587648,-1.644818651676178
1752064922.8183856,-0.4650357246398926,1.0479108333587648,-1.644818651676178
1752064922.8204074,-0.46549968719482426,1.048194980621338,-1.6415728449821472
1752064922.8224452,-0.46549968719482426,1.048194980621338,-1.6415728449821472
1752064922.8245091,-0.46549968719482426,1.048194980621338,-1.6415728449821472
1752064922.8265698,-0.46549968719482426,1.048194980621338,-1.6415728449821472
1752064922.8286266,-0.4607980251312256,1.0452532291412355,-1.6441452145576476
1752064922.8317041,-0.4607980251312256,1.0452532291412355,-1.6441452145576476
1752064922.8344162,-0.4607980251312256,1.0452532291412355,-1.6441452145576476
1752064922.8364322,-0.4607980251312256,1.0452532291412355,-1.6441452145576476
1752064922.83845,-0.46345057487487795,1.0468769550323487,-1.6368297576904296
1752064922.840502,-0.46345057487487795,1.0468769550323487,-1.6368297576904296
1752064922.8425577,-0.46345057487487795,1.0468769550323487,-1.6368297576904296
1752064922.8446522,-0.46345057487487795,1.0468769550323487,-1.6368297576904296
1752064922.8496058,-0.4609814643859863,1.0457612037658692,-1.6426580905914308
1752064922.8513527,-0.4609814643859863,1.0457612037658692,-1.6426580905914308
1752064922.8533654,-0.4609814643859863,1.0457612037658692,-1.6426580905914308
1752064922.8554575,-0.4609814643859863,1.0457612037658692,-1.6426580905914308
1752064922.8575053,-0.46654453277587893,1.047772789001465,-1.6386438369750977
1752064922.8595636,-0.46654453277587893,1.047772789001465,-1.6386438369750977
1752064922.861804,-0.46654453277587893,1.047772789001465,-1.6386438369750977
1752064922.8648489,-0.46654453277587893,1.047772789001465,-1.6386438369750977
1752064922.867992,-0.4655857563018799,1.0489407539367677,-1.6435445427894593
1752064922.8698847,-0.4655857563018799,1.0489407539367677,-1.6435445427894593
1752064922.871985,-0.4655857563018799,1.0489407539367677,-1.6435445427894593
1752064922.8746018,-0.4655857563018799,1.0489407539367677,-1.6435445427894593
1752064922.8761606,-0.4628568649291992,1.0457479476928713,-1.6419442534446715
1752064922.8784237,-0.4628568649291992,1.0457479476928713,-1.6419442534446715
1752064922.8816798,-0.4628568649291992,1.0457479476928713,-1.6419442534446715
1752064922.8844063,-0.4628568649291992,1.0457479476928713,-1.6419442534446715
1752064922.8857508,-0.46200423240661626,1.0464867591857911,-1.64437575340271
1752064922.8878045,-0.46200423240661626,1.0464867591857911,-1.64437575340271
1752064922.8898888,-0.46200423240661626,1.0464867591857911,-1.64437575340271
1752064922.8919888,-0.46200423240661626,1.0464867591857911,-1.64437575340271
1752064922.894071,-0.4649119853973389,1.0457603931427002,-1.6417863488197326
1752064922.8962107,-0.4649119853973389,1.0457603931427002,-1.6417863488197326
1752064922.8988686,-0.4649119853973389,1.0457603931427002,-1.6417863488197326
1752064922.9009533,-0.4649119853973389,1.0457603931427002,-1.6417863488197326
1752064922.902981,-0.46408543586730955,1.0473170280456543,-1.642722976207733
1752064922.9050472,-0.46408543586730955,1.0473170280456543,-1.642722976207733
1752064922.9071317,-0.46408543586730955,1.0473170280456543,-1.642722976207733
1752064922.9092388,-0.46408543586730955,1.0473170280456543,-1.642722976207733
1752064922.9113183,-0.4660438060760498,1.047075414657593,-1.6389525294303895
1752064922.9145234,-0.4660438060760498,1.047075414657593,-1.6389525294303895
1752064922.91657,-0.4660438060760498,1.047075414657593,-1.6389525294303895
1752064922.918681,-0.4660438060760498,1.047075414657593,-1.6389525294303895
1752064922.9206924,-0.45924143791198735,1.0461630821228027,-1.6464206337928773
1752064922.9227624,-0.45924143791198735,1.0461630821228027,-1.6464206337928773
1752064922.9248505,-0.45924143791198735,1.0461630821228027,-1.6464206337928773
1752064922.9269469,-0.45924143791198735,1.0461630821228027,-1.6464206337928773
1752064922.9290476,-0.4663258075714112,1.0483402729034426,-1.643177080154419
1752064922.9327626,-0.4663258075714112,1.0483402729034426,-1.643177080154419
1752064922.934982,-0.4663258075714112,1.0483402729034426,-1.643177080154419
1752064922.9368603,-0.4663258075714112,1.0483402729034426,-1.643177080154419
1752064922.9389162,-0.45609378814697266,1.0422235012054444,-1.6417073011398315
1752064922.9410083,-0.45609378814697266,1.0422235012054444,-1.6417073011398315
1752064922.9430997,-0.45609378814697266,1.0422235012054444,-1.6417073011398315
1752064922.9452555,-0.45609378814697266,1.0422235012054444,-1.6417073011398315
1752064922.947853,-0.45609378814697266,1.0422235012054444,-1.6417073011398315
1752064922.951558,-0.4631544589996338,1.0433684825897218,-1.6402793407440186
1752064922.9534495,-0.4631544589996338,1.0433684825897218,-1.6402793407440186
1752064922.9555163,-0.4631544589996338,1.0433684825897218,-1.6402793407440186
1752064922.957562,-0.46459784507751467,1.0483057975769043,-1.6400471925735474
1752064922.959619,-0.46459784507751467,1.0483057975769043,-1.6400471925735474
1752064922.9617152,-0.46459784507751467,1.0483057975769043,-1.6400471925735474
1752064922.9648175,-0.46459784507751467,1.0483057975769043,-1.6400471925735474
1752064922.9682112,-0.45959358215332036,1.0437042713165283,-1.6441917657852172
1752064922.9701872,-0.45959358215332036,1.0437042713165283,-1.6441917657852172
1752064922.9723475,-0.45959358215332036,1.0437042713165283,-1.6441917657852172
1752064922.9748151,-0.45959358215332036,1.0437042713165283,-1.6441917657852172
1752064922.9764442,-0.4625432968139649,1.0476983070373536,-1.646851360797882
1752064922.978587,-0.4625432968139649,1.0476983070373536,-1.646851360797882
1752064922.9819071,-0.4625432968139649,1.0476983070373536,-1.646851360797882
1752064922.9841342,-0.4625432968139649,1.0476983070373536,-1.646851360797882
1752064922.9862251,-0.46086874008178713,1.045352077484131,-1.6408275485038757
1752064922.988389,-0.46086874008178713,1.045352077484131,-1.6408275485038757
1752064922.990388,-0.46086874008178713,1.045352077484131,-1.6408275485038757
1752064922.9924579,-0.46086874008178713,1.045352077484131,-1.6408275485038757
1752064922.9945045,-0.46209411621093754,1.0462692260742188,-1.6438538670539855
1752064922.998898,-0.46209411621093754,1.0462692260742188,-1.6438538670539855
1752064923.0029113,-0.46209411621093754,1.0462692260742188,-1.6438538670539855
1752064923.0049355,-0.46209411621093754,1.0462692260742188,-1.6438538670539855
1752064923.007014,-0.46306548118591306,1.0477391242980958,-1.643300211429596
1752064923.0090861,-0.46306548118591306,1.0477391242980958,-1.643300211429596
1752064923.0111752,-0.46306548118591306,1.0477391242980958,-1.643300211429596
1752064923.0133727,-0.46306548118591306,1.0477391242980958,-1.643300211429596
1752064923.0170033,-0.4604006767272949,1.0468865394592286,-1.643519639968872
1752064923.019052,-0.4604006767272949,1.0468865394592286,-1.643519639968872
1752064923.0211084,-0.4604006767272949,1.0468865394592286,-1.643519639968872
1752064923.0236468,-0.4604006767272949,1.0468865394592286,-1.643519639968872
1752064923.0252836,-0.4614924430847168,1.0484469413757325,-1.6450547695159912
1752064923.0273678,-0.4614924430847168,1.0484469413757325,-1.6450547695159912
1752064923.029761,-0.4614924430847168,1.0484469413757325,-1.6450547695159912
1752064923.033524,-0.4614924430847168,1.0484469413757325,-1.6450547695159912
1752064923.0343661,-0.4614924430847168,1.0484469413757325,-1.6450547695159912
1752064923.0365179,-0.46540312767028813,1.0489500522613526,-1.6404136300086976
1752064923.0385728,-0.46540312767028813,1.0489500522613526,-1.6404136300086976
1752064923.0410638,-0.46540312767028813,1.0489500522613526,-1.6404136300086976
1752064923.042715,-0.4591919898986817,1.0436076164245607,-1.6454378247261048
1752064923.0448027,-0.4591919898986817,1.0436076164245607,-1.6454378247261048
1752064923.0471478,-0.4591919898986817,1.0436076164245607,-1.6454378247261048
1752064923.0504098,-0.4591919898986817,1.0436076164245607,-1.6454378247261048
1752064923.0518377,-0.4612973690032959,1.0466437816619873,-1.643791425228119
1752064923.0539305,-0.4612973690032959,1.0466437816619873,-1.643791425228119
1752064923.0560246,-0.4612973690032959,1.0466437816619873,-1.643791425228119
1752064923.05857,-0.4612973690032959,1.0466437816619873,-1.643791425228119
1752064923.0601623,-0.4676516056060791,1.0462170124053956,-1.637424635887146
1752064923.0623162,-0.4676516056060791,1.0462170124053956,-1.637424635887146
1752064923.065746,-0.4676516056060791,1.0462170124053956,-1.637424635887146
1752064923.068245,-0.4676516056060791,1.0462170124053956,-1.637424635887146
1752064923.0697775,-0.46054816246032715,1.0444337368011476,-1.642955195903778
1752064923.071866,-0.46054816246032715,1.0444337368011476,-1.642955195903778
1752064923.073948,-0.46054816246032715,1.0444337368011476,-1.642955195903778
1752064923.0760422,-0.46054816246032715,1.0444337368011476,-1.642955195903778
1752064923.0781217,-0.46080946922302246,1.0457189559936524,-1.6441118717193604
1752064923.0820959,-0.46080946922302246,1.0457189559936524,-1.6441118717193604
1752064923.084285,-0.46080946922302246,1.0457189559936524,-1.6441118717193604
1752064923.0861692,-0.46080946922302246,1.0457189559936524,-1.6441118717193604
1752064923.088253,-0.4609610557556153,1.044273328781128,-1.6407639384269714
1752064923.0903373,-0.4609610557556153,1.044273328781128,-1.6407639384269714
1752064923.0924206,-0.4609610557556153,1.044273328781128,-1.6407639384269714
1752064923.0944521,-0.4609610557556153,1.044273328781128,-1.6407639384269714
1752064923.0975878,-0.4641067504882813,1.0468535900115967,-1.6424529671669006
1752064923.100959,-0.4641067504882813,1.0468535900115967,-1.6424529671669006
1752064923.1029263,-0.4641067504882813,1.0468535900115967,-1.6424529671669006
1752064923.1050222,-0.4641067504882813,1.0468535900115967,-1.6424529671669006
1752064923.1070993,-0.4578979015350342,1.0437878608703615,-1.6415175199508667
1752064923.1091855,-0.4578979015350342,1.0437878608703615,-1.6415175199508667
1752064923.1112745,-0.4578979015350342,1.0437878608703615,-1.6415175199508667
1752064923.113827,-0.4578979015350342,1.0437878608703615,-1.6415175199508667
1752064923.117919,-0.4596827030181885,1.0480446338653566,-1.6458456635475158
1752064923.1198735,-0.4596827030181885,1.0480446338653566,-1.6458456635475158
1752064923.1219566,-0.4596827030181885,1.0480446338653566,-1.6458456635475158
1752064923.12448,-0.4596827030181885,1.0480446338653566,-1.6458456635475158
1752064923.1261384,-0.4646612644195557,1.0459792137145998,-1.6411128640174866
1752064923.128477,-0.4646612644195557,1.0459792137145998,-1.6411128640174866
1752064923.1317685,-0.4646612644195557,1.0459792137145998,-1.6411128640174866
1752064923.1337562,-0.4646612644195557,1.0459792137145998,-1.6411128640174866
1752064923.136224,-0.46529998779296877,1.0482726573944092,-1.6433670043945312
1752064923.1383028,-0.46529998779296877,1.0482726573944092,-1.6433670043945312
1752064923.140381,-0.46529998779296877,1.0482726573944092,-1.6433670043945312
1752064923.1424484,-0.46529998779296877,1.0482726573944092,-1.6433670043945312
1752064923.1444983,-0.46779356002807615,1.047503185272217,-1.6420454263687134
1752064923.1466725,-0.46779356002807615,1.047503185272217,-1.6420454263687134
1752064923.1493227,-0.46779356002807615,1.047503185272217,-1.6420454263687134
1752064923.1512203,-0.46779356002807615,1.047503185272217,-1.6420454263687134
1752064923.1532269,-0.4641000747680665,1.0487345695495607,-1.6454346537590028
1752064923.155305,-0.4641000747680665,1.0487345695495607,-1.6454346537590028
1752064923.157421,-0.4641000747680665,1.0487345695495607,-1.6454346537590028
1752064923.159453,-0.4641000747680665,1.0487345695495607,-1.6454346537590028
1752064923.1618474,-0.45843667984008796,1.0454430103302004,-1.6433718919754028
1752064923.1637082,-0.45843667984008796,1.0454430103302004,-1.6433718919754028
1752064923.1665683,-0.45843667984008796,1.0454430103302004,-1.6433718919754028
1752064923.168276,-0.45843667984008796,1.0454430103302004,-1.6433718919754028
1752064923.171276,-0.45938081741333014,1.04494686126709,-1.6418864846229553
1752064923.174171,-0.45938081741333014,1.04494686126709,-1.6418864846229553
1752064923.1764655,-0.45938081741333014,1.04494686126709,-1.6418864846229553
1752064923.1785235,-0.45938081741333014,1.04494686126709,-1.6418864846229553
1752064923.1824057,-0.4590324401855469,1.0474453926086427,-1.6447371006011964
1752064923.1843903,-0.4590324401855469,1.0474453926086427,-1.6447371006011964
1752064923.1864548,-0.4590324401855469,1.0474453926086427,-1.6447371006011964
1752064923.1891034,-0.4590324401855469,1.0474453926086427,-1.6447371006011964
1752064923.1905665,-0.46586375236511235,1.04704065322876,-1.6414121508598327
1752064923.1926498,-0.46586375236511235,1.04704065322876,-1.6414121508598327
1752064923.1947346,-0.46586375236511235,1.04704065322876,-1.6414121508598327
1752064923.196894,-0.46586375236511235,1.04704065322876,-1.6414121508598327
1752064923.200796,-0.46616950035095217,1.0435349941253662,-1.6440750241279602
1752064923.202784,-0.46616950035095217,1.0435349941253662,-1.6440750241279602
1752064923.2048686,-0.46616950035095217,1.0435349941253662,-1.6440750241279602
1752064923.2074819,-0.46616950035095217,1.0435349941253662,-1.6440750241279602
1752064923.2090464,-0.45910673141479497,1.04572811126709,-1.6437251925468446
1752064923.2111292,-0.45910673141479497,1.04572811126709,-1.6437251925468446
1752064923.21455,-0.45910673141479497,1.04572811126709,-1.6437251925468446
1752064923.216715,-0.45910673141479497,1.04572811126709,-1.6437251925468446
1752064923.2185411,-0.46444625854492194,1.0455376148223878,-1.6412075757980347
1752064923.2205906,-0.46444625854492194,1.0455376148223878,-1.6412075757980347
1752064923.2226715,-0.46444625854492194,1.0455376148223878,-1.6412075757980347
1752064923.224766,-0.46444625854492194,1.0455376148223878,-1.6412075757980347
1752064923.2268453,-0.45963230133056643,1.045784664154053,-1.6417406916618347
1752064923.2290094,-0.45963230133056643,1.045784664154053,-1.6417406916618347
1752064923.2312245,-0.45963230133056643,1.045784664154053,-1.6417406916618347
1752064923.233277,-0.45963230133056643,1.045784664154053,-1.6417406916618347
1752064923.2351851,-0.4666369438171387,1.046854019165039,-1.639246690273285
1752064923.2372725,-0.4666369438171387,1.046854019165039,-1.639246690273285
1752064923.2393594,-0.4666369438171387,1.046854019165039,-1.639246690273285
1752064923.241452,-0.4666369438171387,1.046854019165039,-1.639246690273285
1752064923.2434998,-0.46705403327941897,1.0491286277770997,-1.6407449841499329
1752064923.2455654,-0.46705403327941897,1.0491286277770997,-1.6407449841499329
1752064923.2483785,-0.46705403327941897,1.0491286277770997,-1.6407449841499329
1752064923.2504213,-0.46705403327941897,1.0491286277770997,-1.6407449841499329
1752064923.252426,-0.4623179912567139,1.0463900566101074,-1.6428579688072205
1752064923.254451,-0.4623179912567139,1.0463900566101074,-1.6428579688072205
1752064923.256508,-0.4623179912567139,1.0463900566101074,-1.6428579688072205
1752064923.2585773,-0.4623179912567139,1.0463900566101074,-1.6428579688072205
1752064923.2606516,-0.4588078975677491,1.045702123641968,-1.6449496865272522
1752064923.2628362,-0.4588078975677491,1.045702123641968,-1.6449496865272522
1752064923.2662275,-0.4588078975677491,1.045702123641968,-1.6449496865272522
1752064923.268228,-0.4588078975677491,1.045702123641968,-1.6449496865272522
1752064923.2702916,-0.46641068458557133,1.0489683151245117,-1.6433511137962342
1752064923.2723773,-0.46641068458557133,1.0489683151245117,-1.6433511137962342
1752064923.2744505,-0.46641068458557133,1.0489683151245117,-1.6433511137962342
1752064923.2765174,-0.46641068458557133,1.0489683151245117,-1.6433511137962342
1752064923.278573,-0.4671046733856201,1.0460989475250244,-1.6397554278373718
1752064923.2810018,-0.4671046733856201,1.0460989475250244,-1.6397554278373718
1752064923.2841258,-0.4671046733856201,1.0460989475250244,-1.6397554278373718
1752064923.2859747,-0.4671046733856201,1.0460989475250244,-1.6397554278373718
1752064923.2880468,-0.46441068649291994,1.0463113307952883,-1.6424334406852723
1752064923.2901275,-0.46441068649291994,1.0463113307952883,-1.6424334406852723
1752064923.2922208,-0.46441068649291994,1.0463113307952883,-1.6424334406852723
1752064923.2943192,-0.46441068649291994,1.0463113307952883,-1.6424334406852723
1752064923.297003,-0.46138453483581543,1.0464598655700685,-1.6456624507904052
1752064923.3003564,-0.46138453483581543,1.0464598655700685,-1.6456624507904052
1752064923.3022246,-0.46138453483581543,1.0464598655700685,-1.6456624507904052
1752064923.3048394,-0.46138453483581543,1.0464598655700685,-1.6456624507904052
1752064923.3064353,-0.4626609325408936,1.0469148635864258,-1.6433008193969727
1752064923.3084548,-0.4626609325408936,1.0469148635864258,-1.6433008193969727
1752064923.310509,-0.4626609325408936,1.0469148635864258,-1.6433008193969727
1752064923.3129544,-0.4626609325408936,1.0469148635864258,-1.6433008193969727
1752064923.3165352,-0.4626609325408936,1.0469148635864258,-1.6433008193969727
1752064923.318778,-0.4591447830200196,1.0450217723846436,-1.6438898682594298
1752064923.3208516,-0.4591447830200196,1.0450217723846436,-1.6438898682594298
1752064923.3234837,-0.4591447830200196,1.0450217723846436,-1.6438898682594298
1752064923.3250268,-0.46355533599853516,1.0471763134002687,-1.6404399037361146
1752064923.3271222,-0.46355533599853516,1.0471763134002687,-1.6404399037361146
1752064923.329234,-0.46355533599853516,1.0471763134002687,-1.6404399037361146
1752064923.3322716,-0.46355533599853516,1.0471763134002687,-1.6404399037361146
1752064923.3354697,-0.46532683372497563,1.0465763092041016,-1.6422377109527588
1752064923.3373313,-0.46532683372497563,1.0465763092041016,-1.6422377109527588
1752064923.3394136,-0.46532683372497563,1.0465763092041016,-1.6422377109527588
1752064923.3420405,-0.46532683372497563,1.0465763092041016,-1.6422377109527588
1752064923.3435133,-0.46030583381652834,1.0417295932769777,-1.6413646459579467
1752064923.3460493,-0.46030583381652834,1.0417295932769777,-1.6413646459579467
1752064923.3477461,-0.46030583381652834,1.0417295932769777,-1.6413646459579467
1752064923.3511202,-0.46030583381652834,1.0417295932769777,-1.6413646459579467
1752064923.3529825,-0.45743474960327146,1.0453662395477297,-1.643980896472931
1752064923.355068,-0.45743474960327146,1.0453662395477297,-1.643980896472931
1752064923.3571575,-0.45743474960327146,1.0453662395477297,-1.643980896472931
1752064923.359264,-0.45743474960327146,1.0453662395477297,-1.643980896472931
1752064923.3613412,-0.4653046131134033,1.0452950954437257,-1.6374926924705506
1752064923.3647165,-0.4653046131134033,1.0452950954437257,-1.6374926924705506
1752064923.3675973,-0.4653046131134033,1.0452950954437257,-1.6374926924705506
1752064923.3695703,-0.4653046131134033,1.0452950954437257,-1.6374926924705506
1752064923.3716133,-0.46085414886474607,1.0420266628265382,-1.641641616821289
1752064923.373702,-0.46085414886474607,1.0420266628265382,-1.641641616821289
1752064923.3757772,-0.46085414886474607,1.0420266628265382,-1.641641616821289
1752064923.3778741,-0.46085414886474607,1.0420266628265382,-1.641641616821289
1752064923.3811607,-0.4610189437866211,1.045971441268921,-1.6436780214309692
1752064923.384806,-0.4610189437866211,1.045971441268921,-1.6436780214309692
1752064923.3867846,-0.4610189437866211,1.045971441268921,-1.6436780214309692
1752064923.3888917,-0.4610189437866211,1.045971441268921,-1.6436780214309692
1752064923.3909595,-0.4627536773681641,1.0462318897247316,-1.6421248078346253
1752064923.393046,-0.4627536773681641,1.0462318897247316,-1.6421248078346253
1752064923.3951557,-0.4627536773681641,1.0462318897247316,-1.6421248078346253
1752064923.3987246,-0.4627536773681641,1.0462318897247316,-1.6421248078346253
1752064923.401545,-0.4627536773681641,1.0462318897247316,-1.6421248078346253
1752064923.4035769,-0.4613343238830566,1.0470093727111818,-1.646419894695282
1752064923.4056222,-0.4613343238830566,1.0470093727111818,-1.646419894695282
1752064923.4081414,-0.4613343238830566,1.0470093727111818,-1.646419894695282
1752064923.4098074,-0.45799393653869636,1.044008493423462,-1.644135558605194
1752064923.411899,-0.45799393653869636,1.044008493423462,-1.644135558605194
1752064923.415868,-0.45799393653869636,1.044008493423462,-1.644135558605194
1752064923.4181087,-0.45799393653869636,1.044008493423462,-1.644135558605194
1752064923.4199245,-0.462174654006958,1.04608154296875,-1.6456061244010924
1752064923.4220114,-0.462174654006958,1.04608154296875,-1.6456061244010924
1752064923.4241168,-0.462174654006958,1.04608154296875,-1.6456061244010924
1752064923.4262223,-0.462174654006958,1.04608154296875,-1.6456061244010924
1752064923.4285562,-0.46619935035705573,1.0476673603057862,-1.6417950987815857
1752064923.4332895,-0.46619935035705573,1.0476673603057862,-1.6417950987815857
1752064923.4342253,-0.46619935035705573,1.0476673603057862,-1.6417950987815857
1752064923.4362795,-0.46619935035705573,1.0476673603057862,-1.6417950987815857
1752064923.4383538,-0.4580236911773682,1.0442666530609133,-1.6450544714927673
1752064923.4404464,-0.4580236911773682,1.0442666530609133,-1.6450544714927673
1752064923.4424503,-0.4580236911773682,1.0442666530609133,-1.6450544714927673
1752064923.444516,-0.4580236911773682,1.0442666530609133,-1.6450544714927673
1752064923.4483461,-0.459135913848877,1.045591402053833,-1.645125114917755
1752064923.4515033,-0.459135913848877,1.045591402053833,-1.645125114917755
1752064923.4534562,-0.459135913848877,1.045591402053833,-1.645125114917755
1752064923.4561067,-0.459135913848877,1.045591402053833,-1.645125114917755
1752064923.457574,-0.46324486732482917,1.0469706535339356,-1.6400745511054993
1752064923.459626,-0.46324486732482917,1.0469706535339356,-1.6400745511054993
1752064923.4617696,-0.46324486732482917,1.0469706535339356,-1.6400745511054993
1752064923.4660945,-0.46324486732482917,1.0469706535339356,-1.6400745511054993
1752064923.4686637,-0.4634796142578125,1.0470741271972657,-1.6441133975982667
1752064923.4707146,-0.4634796142578125,1.0470741271972657,-1.6441133975982667
1752064923.4727952,-0.4634796142578125,1.0470741271972657,-1.6441133975982667
1752064923.4754128,-0.4634796142578125,1.0470741271972657,-1.6441133975982667
1752064923.4769697,-0.45741996765136717,1.0446187973022463,-1.6446313381195068
1752064923.4790635,-0.45741996765136717,1.0446187973022463,-1.6446313381195068
1752064923.4835017,-0.45741996765136717,1.0446187973022463,-1.6446313381195068
1752064923.484514,-0.45741996765136717,1.0446187973022463,-1.6446313381195068
1752064923.4864664,-0.4630059719085694,1.0458308696746828,-1.6401982307434082
1752064923.488521,-0.4630059719085694,1.0458308696746828,-1.6401982307434082
1752064923.4905736,-0.4630059719085694,1.0458308696746828,-1.6401982307434082
1752064923.4926646,-0.4630059719085694,1.0458308696746828,-1.6401982307434082
1752064923.4950862,-0.4602849960327149,1.0460051059722901,-1.6437804698944092
1752064923.4973161,-0.4602849960327149,1.0460051059722901,-1.6437804698944092
1752064923.5036864,-0.4602849960327149,1.0460051059722901,-1.6437804698944092
1752064923.505485,-0.4602849960327149,1.0460051059722901,-1.6437804698944092
1752064923.5075126,-0.46431660652160645,1.046642780303955,-1.6442248344421386
1752064923.5095682,-0.46431660652160645,1.046642780303955,-1.6442248344421386
1752064923.5117092,-0.46431660652160645,1.046642780303955,-1.6442248344421386
1752064923.516265,-0.46431660652160645,1.046642780303955,-1.6442248344421386
1752064923.5180514,-0.4592299938201905,1.0457433700561525,-1.6464272141456604
1752064923.520118,-0.4592299938201905,1.0457433700561525,-1.6464272141456604
1752064923.5222433,-0.4592299938201905,1.0457433700561525,-1.6464272141456604
1752064923.5243416,-0.4592299938201905,1.0457433700561525,-1.6464272141456604
1752064923.5264173,-0.4570816040039063,1.0443085670471193,-1.6463931202888489
1752064923.5285723,-0.4570816040039063,1.0443085670471193,-1.6463931202888489
1752064923.5319502,-0.4570816040039063,1.0443085670471193,-1.6463931202888489
1752064923.5347905,-0.4570816040039063,1.0443085670471193,-1.6463931202888489
1752064923.5374093,-0.4613543033599854,1.044932222366333,-1.640249216556549
1752064923.5394611,-0.4613543033599854,1.044932222366333,-1.640249216556549
1752064923.5415072,-0.4613543033599854,1.044932222366333,-1.640249216556549
1752064923.5439653,-0.4613543033599854,1.044932222366333,-1.640249216556549
1752064923.5485907,-0.4650971412658692,1.0466303825378418,-1.6441356182098388
1752064923.5494304,-0.4650971412658692,1.0466303825378418,-1.6441356182098388
1752064923.5514765,-0.4650971412658692,1.0466303825378418,-1.6441356182098388
1752064923.5535288,-0.4650971412658692,1.0466303825378418,-1.6441356182098388
1752064923.5555744,-0.4618994235992432,1.0461929321289063,-1.6434062242507934
1752064923.5576649,-0.4618994235992432,1.0461929321289063,-1.6434062242507934
1752064923.5597425,-0.4618994235992432,1.0461929321289063,-1.6434062242507934
1752064923.561851,-0.4618994235992432,1.0461929321289063,-1.6434062242507934
1752064923.5660489,-0.45943269729614256,1.044976043701172,-1.6439117550849915
1752064923.5668983,-0.45943269729614256,1.044976043701172,-1.6439117550849915
1752064923.5689654,-0.45943269729614256,1.044976043701172,-1.6439117550849915
1752064923.5710607,-0.45943269729614256,1.044976043701172,-1.6439117550849915
1752064923.5731504,-0.4617919921875,1.046985387802124,-1.645232045650482
1752064923.5752466,-0.4617919921875,1.046985387802124,-1.645232045650482
1752064923.5773282,-0.4617919921875,1.046985387802124,-1.645232045650482
1752064923.5794485,-0.4617919921875,1.046985387802124,-1.645232045650482
1752064923.5850616,-0.4617919921875,1.046985387802124,-1.645232045650482
1752064923.5859132,-0.4617919921875,1.046985387802124,-1.645232045650482
1752064923.5880854,-0.4658008575439453,1.0457656860351563,-1.6437816381454469
1752064923.5906754,-0.4658008575439453,1.0457656860351563,-1.6437816381454469
1752064923.5922735,-0.4584702968597413,1.0458302021026613,-1.6437438488006593
1752064923.5943549,-0.4584702968597413,1.0458302021026613,-1.6437438488006593
1752064923.5965023,-0.4584702968597413,1.0458302021026613,-1.6437438488006593
1752064923.5986235,-0.4584702968597413,1.0458302021026613,-1.6437438488006593
1752064923.602248,-0.4589335441589356,1.044948148727417,-1.6436345338821412
1752064923.6042666,-0.4589335441589356,1.044948148727417,-1.6436345338821412
1752064923.6063583,-0.4589335441589356,1.044948148727417,-1.6436345338821412
1752064923.6088905,-0.4589335441589356,1.044948148727417,-1.6436345338821412
1752064923.6104522,-0.46431193351745603,1.0442732810974122,-1.6429874658584596
1752064923.6125686,-0.46431193351745603,1.0442732810974122,-1.6429874658584596
1752064923.6158428,-0.46431193351745603,1.0442732810974122,-1.6429874658584596
1752064923.6178873,-0.46431193351745603,1.0442732810974122,-1.6429874658584596
1752064923.6204531,-0.4669176578521729,1.0470125675201416,-1.6388511776924133
1752064923.6225028,-0.4669176578521729,1.0470125675201416,-1.6388511776924133
1752064923.6245604,-0.4669176578521729,1.0470125675201416,-1.6388511776924133
1752064923.6266255,-0.4669176578521729,1.0470125675201416,-1.6388511776924133
1752064923.629234,-0.4610399723052979,1.0466702461242676,-1.6438627600669862
1752064923.6329365,-0.4610399723052979,1.0466702461242676,-1.6438627600669862
1752064923.6349669,-0.4610399723052979,1.0466702461242676,-1.6438627600669862
1752064923.6375277,-0.4610399723052979,1.0466702461242676,-1.6438627600669862
1752064923.639096,-0.4649314880371094,1.0472076892852784,-1.642062735557556
1752064923.6411903,-0.4649314880371094,1.0472076892852784,-1.642062735557556
1752064923.6432738,-0.4649314880371094,1.0472076892852784,-1.642062735557556
1752064923.645343,-0.4649314880371094,1.0472076892852784,-1.642062735557556
1752064923.6475675,-0.466005802154541,1.0471287727355958,-1.639613425731659
1752064923.6507502,-0.466005802154541,1.0471287727355958,-1.639613425731659
1752064923.6527178,-0.466005802154541,1.0471287727355958,-1.639613425731659
1752064923.6554265,-0.466005802154541,1.0471287727355958,-1.639613425731659
1752064923.6568844,-0.4669007778167725,1.049151372909546,-1.6446868777275085
1752064923.658976,-0.4669007778167725,1.049151372909546,-1.6446868777275085
1752064923.661064,-0.4669007778167725,1.049151372909546,-1.6446868777275085
1752064923.6639807,-0.4669007778167725,1.049151372909546,-1.6446868777275085
1752064923.6679962,-0.46730298995971686,1.0486229419708253,-1.6437436103820802
1752064923.6700108,-0.46730298995971686,1.0486229419708253,-1.6437436103820802
1752064923.6721056,-0.46730298995971686,1.0486229419708253,-1.6437436103820802
1752064923.6747143,-0.46730298995971686,1.0486229419708253,-1.6437436103820802
1752064923.6762793,-0.4623467445373536,1.0460198402404786,-1.6398509621620179
1752064923.6783967,-0.4623467445373536,1.0460198402404786,-1.6398509621620179
1752064923.681042,-0.4623467445373536,1.0460198402404786,-1.6398509621620179
1752064923.6845434,-0.4623467445373536,1.0460198402404786,-1.6398509621620179
1752064923.6864607,-0.4640236377716065,1.0447036743164064,-1.6417549967765808
1752064923.6885211,-0.4640236377716065,1.0447036743164064,-1.6417549967765808
1752064923.6905718,-0.4640236377716065,1.0447036743164064,-1.6417549967765808
1752064923.6926658,-0.4640236377716065,1.0447036743164064,-1.6417549967765808
1752064923.6950524,-0.46615200042724614,1.0457876205444336,-1.6382431864738465
1752064923.697099,-0.46615200042724614,1.0457876205444336,-1.6382431864738465
1752064923.7006493,-0.46615200042724614,1.0457876205444336,-1.6382431864738465
1752064923.702619,-0.46615200042724614,1.0457876205444336,-1.6382431864738465
1752064923.7046819,-0.46032686233520514,1.0454054355621338,-1.6421347975730896
1752064923.7067711,-0.46032686233520514,1.0454054355621338,-1.6421347975730896
1752064923.708853,-0.46032686233520514,1.0454054355621338,-1.6421347975730896
1752064923.710949,-0.46032686233520514,1.0454054355621338,-1.6421347975730896
1752064923.7160048,-0.4590275287628174,1.0452977657318117,-1.6433830618858338
1752064923.7180257,-0.4590275287628174,1.0452977657318117,-1.6433830618858338
1752064923.7200518,-0.4590275287628174,1.0452977657318117,-1.6433830618858338
1752064923.7226615,-0.4590275287628174,1.0452977657318117,-1.6433830618858338
1752064923.7242315,-0.4613049030303955,1.045438575744629,-1.642167317867279
1752064923.726319,-0.4613049030303955,1.045438575744629,-1.642167317867279
1752064923.7283754,-0.4613049030303955,1.045438575744629,-1.642167317867279
1752064923.7337966,-0.4613049030303955,1.045438575744629,-1.642167317867279
1752064923.7358203,-0.46490979194641113,1.047449016571045,-1.6406643629074096
1752064923.7379048,-0.46490979194641113,1.047449016571045,-1.6406643629074096
1752064923.7400005,-0.46490979194641113,1.047449016571045,-1.6406643629074096
1752064923.7426078,-0.46490979194641113,1.047449016571045,-1.6406643629074096
1752064923.7441714,-0.4584073066711426,1.0446571826934816,-1.6441634535789489
1752064923.7466197,-0.4584073066711426,1.0446571826934816,-1.6441634535789489
1752064923.7505515,-0.4584073066711426,1.0446571826934816,-1.6441634535789489
1752064923.7530835,-0.4584073066711426,1.0446571826934816,-1.6441634535789489
1752064923.7545207,-0.4656664371490479,1.046357297897339,-1.6391548275947572
1752064923.756572,-0.4656664371490479,1.046357297897339,-1.6391548275947572
1752064923.7586558,-0.4656664371490479,1.046357297897339,-1.6391548275947572
1752064923.7611353,-0.4656664371490479,1.046357297897339,-1.6391548275947572
1752064923.7643876,-0.4664196014404297,1.0502769947052002,-1.6393816351890564
1752064923.7676892,-0.4664196014404297,1.0502769947052002,-1.6393816351890564
1752064923.7695081,-0.4664196014404297,1.0502769947052002,-1.6393816351890564
1752064923.7721667,-0.4664196014404297,1.0502769947052002,-1.6393816351890564
1752064923.7736163,-0.4612930297851563,1.0456586360931397,-1.6456074357032775
1752064923.7757006,-0.4612930297851563,1.0456586360931397,-1.6456074357032775
1752064923.7777836,-0.4612930297851563,1.0456586360931397,-1.6456074357032775
1752064923.7813158,-0.4612930297851563,1.0456586360931397,-1.6456074357032775
1752064923.7848182,-0.4645475864410401,1.047802495956421,-1.6427959203720093
1752064923.786813,-0.4645475864410401,1.047802495956421,-1.6427959203720093
1752064923.7888534,-0.4645475864410401,1.047802495956421,-1.6427959203720093
1752064923.7914352,-0.4645475864410401,1.047802495956421,-1.6427959203720093
1752064923.7930276,-0.4619472026824951,1.044969415664673,-1.6411846160888672
1752064923.7952468,-0.4619472026824951,1.044969415664673,-1.6411846160888672
1752064923.798361,-0.4619472026824951,1.044969415664673,-1.6411846160888672
1752064923.8005908,-0.4619472026824951,1.044969415664673,-1.6411846160888672
1752064923.8025897,-0.46013255119323737,1.0468316555023194,-1.6431751489639281
1752064923.8046174,-0.46013255119323737,1.0468316555023194,-1.6431751489639281
1752064923.8067155,-0.46013255119323737,1.0468316555023194,-1.6431751489639281
1752064923.808796,-0.46013255119323737,1.0468316555023194,-1.6431751489639281
1752064923.8108764,-0.46183624267578127,1.0451660633087159,-1.6428072214126588
1752064923.8144634,-0.46183624267578127,1.0451660633087159,-1.6428072214126588
1752064923.8169222,-0.46183624267578127,1.0451660633087159,-1.6428072214126588
1752064923.8189743,-0.46183624267578127,1.0451660633087159,-1.6428072214126588
1752064923.8209836,-0.4607873439788819,1.0453425407409669,-1.6430609107017518
1752064923.8230715,-0.4607873439788819,1.0453425407409669,-1.6430609107017518
1752064923.825151,-0.4607873439788819,1.0453425407409669,-1.6430609107017518
1752064923.8276687,-0.4607873439788819,1.0453425407409669,-1.6430609107017518
1752064923.8294437,-0.461827564239502,1.0470807552337646,-1.6455674290657043
1752064923.8318684,-0.461827564239502,1.0470807552337646,-1.6455674290657043
1752064923.8342981,-0.461827564239502,1.0470807552337646,-1.6455674290657043
1752064923.836376,-0.461827564239502,1.0470807552337646,-1.6455674290657043
1752064923.8384056,-0.4653080940246582,1.0467198371887207,-1.6412428855895995
1752064923.8404615,-0.4653080940246582,1.0467198371887207,-1.6412428855895995
1752064923.8425095,-0.4653080940246582,1.0467198371887207,-1.6412428855895995
1752064923.844575,-0.4653080940246582,1.0467198371887207,-1.6412428855895995
1752064923.849843,-0.45871782302856445,1.0448980808258057,-1.6434589266777038
1752064923.8519182,-0.45871782302856445,1.0448980808258057,-1.6434589266777038
1752064923.853992,-0.45871782302856445,1.0448980808258057,-1.6434589266777038
1752064923.8560994,-0.45871782302856445,1.0448980808258057,-1.6434589266777038
1752064923.8581698,-0.4604161739349365,1.0456092357635498,-1.6454867124557495
1752064923.860259,-0.4604161739349365,1.0456092357635498,-1.6454867124557495
1752064923.863689,-0.4604161739349365,1.0456092357635498,-1.6454867124557495
1752064923.8645241,-0.4604161739349365,1.0456092357635498,-1.6454867124557495
1752064923.8688,-0.4577680110931397,1.0454148292541505,-1.64681396484375
1752064923.8707325,-0.4577680110931397,1.0454148292541505,-1.64681396484375
1752064923.8728232,-0.4577680110931397,1.0454148292541505,-1.64681396484375
1752064923.8753927,-0.4577680110931397,1.0454148292541505,-1.64681396484375
1752064923.8769925,-0.459565258026123,1.044450330734253,-1.6461358308792113
1752064923.8791454,-0.459565258026123,1.044450330734253,-1.6461358308792113
1752064923.882097,-0.459565258026123,1.044450330734253,-1.6461358308792113
1752064923.8863788,-0.459565258026123,1.044450330734253,-1.6461358308792113
1752064923.8878262,-0.45806050300598145,1.0451323986053467,-1.6457615733146667
1752064923.8899124,-0.45806050300598145,1.0451323986053467,-1.6457615733146667
1752064923.8920164,-0.45806050300598145,1.0451323986053467,-1.6457615733146667
1752064923.8941023,-0.45806050300598145,1.0451323986053467,-1.6457615733146667
1752064923.8970313,-0.46281785964965827,1.0466207027435304,-1.6429583549499511
1752064923.9008124,-0.46281785964965827,1.0466207027435304,-1.6429583549499511
1752064923.9027648,-0.46281785964965827,1.0466207027435304,-1.6429583549499511
1752064923.9053862,-0.46281785964965827,1.0466207027435304,-1.6429583549499511
1752064923.9069176,-0.4625945568084717,1.0473810195922852,-1.6421929001808167
1752064923.9090042,-0.4625945568084717,1.0473810195922852,-1.6421929001808167
1752064923.911091,-0.4625945568084717,1.0473810195922852,-1.6421929001808167
1752064923.9138055,-0.4625945568084717,1.0473810195922852,-1.6421929001808167
1752064923.9182708,-0.46459484100341797,1.046643114089966,-1.6405049562454224
1752064923.920242,-0.46459484100341797,1.046643114089966,-1.6405049562454224
1752064923.9223137,-0.46459484100341797,1.046643114089966,-1.6405049562454224
1752064923.9248705,-0.46459484100341797,1.046643114089966,-1.6405049562454224
1752064923.9264731,-0.4616855144500732,1.0446043014526367,-1.6404763221740724
1752064923.9285305,-0.4616855144500732,1.0446043014526367,-1.6404763221740724
1752064923.9307697,-0.4616855144500732,1.0446043014526367,-1.6404763221740724
1752064923.934309,-0.4616855144500732,1.0446043014526367,-1.6404763221740724
1752064923.9362547,-0.4640582084655762,1.0452141761779785,-1.6397759318351746
1752064923.938342,-0.4640582084655762,1.0452141761779785,-1.6397759318351746
1752064923.9404318,-0.4640582084655762,1.0452141761779785,-1.6397759318351746
1752064923.9424582,-0.4640582084655762,1.0452141761779785,-1.6397759318351746
1752064923.9445071,-0.4591465473175049,1.046939277648926,-1.6400195479393005
1752064923.9475422,-0.4591465473175049,1.046939277648926,-1.6400195479393005
1752064923.9509065,-0.4591465473175049,1.046939277648926,-1.6400195479393005
1752064923.952887,-0.4591465473175049,1.046939277648926,-1.6400195479393005
