1752068079.264038,-0.2473842452824116,1.079547755651474,-2.7325399669647217
1752068079.2685676,-0.24728525198698043,1.0793958757972717,-2.732046753692627
1752068079.2730474,-0.2471862586915493,1.0792439959430695,-2.7315535404205322
1752068079.2777703,-0.24708726539611817,1.0790921160888671,-2.7310603271484375
1752068079.2821128,-0.24698827210068702,1.078940236234665,-2.7305671138763428
1752068079.2862446,-0.2468892788052559,1.0787883563804626,-2.730073900604248
1752068079.2910862,-0.24679028550982474,1.0786364765262604,-2.7295806873321533
1752068079.2943878,-0.24669129221439362,1.0784845966720582,-2.7290874740600586
1752068079.297158,-0.24659229891896248,1.0783327168178558,-2.7285942607879634
1752068079.2992153,-0.24649330562353133,1.0781808369636534,-2.728101047515869
1752068079.301258,-0.24639431232810022,1.0780289571094512,-2.727607834243775
1752068079.303333,-0.24629531903266907,1.077877077255249,-2.7271146209716797
1752068079.3055065,-0.24619632573723793,1.0777251974010469,-2.726621407699585
1752068079.3076067,-0.2460973324418068,1.0775733175468443,-2.72612819442749
1752068079.3095834,-0.24599833914637564,1.077421437692642,-2.7256349811553955
1752068079.311623,-0.24589934585094453,1.07726955783844,-2.7251417678833008
1752068079.3136392,-0.24580035255551339,1.0771176779842377,-2.724648554611206
1752068079.3157642,-0.24570135926008224,1.0769657981300353,-2.7241553413391113
1752068079.317872,-0.2456023659646511,1.0768139182758332,-2.7236621280670166
1752068079.3200233,-0.24550337266921998,1.076662038421631,-2.723168914794922
1752068079.322247,-0.24540437937378884,1.0765101585674288,-2.722675701522827
1752068079.324273,-0.2453053860783577,1.0763582787132262,-2.7221824882507324
1752068079.3262622,-0.24520639278292655,1.076206398859024,-2.7216892749786377
1752068079.328362,-0.2451073994874954,1.0760545190048219,-2.721196061706543
1752068079.3304074,-0.2450084061920643,1.0759026391506195,-2.720702848434448
1752068079.3324506,-0.24490941289663315,1.0757507592964173,-2.7202096351623535
1752068079.3345065,-0.244810419601202,1.0755988794422149,-2.7197164218902588
1752068079.3365648,-0.2447114263057709,1.0754469995880127,-2.719223208618164
1752068079.3387597,-0.24461243301033972,1.0752951197338103,-2.718729995346069
1752068079.3408217,-0.2445134397149086,1.0751432398796081,-2.7182367820739746
1752068079.3429322,-0.24441444641947746,1.074991360025406,-2.7177435688018803
1752068079.3451304,-0.24431545312404632,1.0748394801712036,-2.717250355529785
1752068079.347324,-0.2442164598286152,1.0746876003170012,-2.7167571422576904
1752068079.349424,-0.24411746653318406,1.074535720462799,-2.7162639289855957
1752068079.3514812,-0.24401847323775291,1.0743838406085968,-2.715770715713501
1752068079.3535383,-0.2439194799423218,1.0742319607543946,-2.715277502441406
1752068079.3557174,-0.24382048664689063,1.0740800809001922,-2.7147842891693115
1752068079.3578496,-0.2437214933514595,1.07392820104599,-2.714291075897217
1752068079.3599176,-0.24362250005602837,1.073776321191788,-2.7137978626251225
1752068079.3620949,-0.24352350676059722,1.0736244413375855,-2.7133046493530273
1752068079.3642888,-0.2434245134651661,1.073472561483383,-2.7128114360809326
1752068079.3664057,-0.24332552016973494,1.073320681629181,-2.712318222808838
1752068079.3684635,-0.24322652687430382,1.0731688017749788,-2.711825009536743
1752068079.370527,-0.2431275335788727,1.0730169219207766,-2.711331796264649
1752068079.3727386,-0.24302854028344154,1.072865042066574,-2.7108385829925536
1752068079.374836,-0.24292954698801042,1.0727131622123718,-2.710345369720459
1752068079.3768635,-0.24283055369257925,1.0725612823581696,-2.709852156448364
1752068079.378918,-0.24273156039714813,1.0724094025039672,-2.7093589431762695
1752068079.381113,-0.24263256710171702,1.072257522649765,-2.7088657299041747
1752068079.3833082,-0.24253357380628585,1.0721056427955626,-2.70837251663208
1752068079.3854055,-0.24243458051085473,1.0719537629413605,-2.7078793033599857
1752068079.3874369,-0.2423355872154236,1.071801883087158,-2.7073860900878906
1752068079.3896992,-0.24223659391999244,1.071650003232956,-2.706892876815796
1752068079.3917332,-0.24213760062456133,1.0714981233787537,-2.706399663543701
1752068079.3937912,-0.24203860732913016,1.0713462435245515,-2.7059064502716064
1752068079.3959842,-0.24193961403369904,1.0711943636703491,-2.7054132369995116
1752068079.3981225,-0.2418406207382679,1.0710424838161468,-2.7049200237274165
1752068079.4003172,-0.24174162744283675,1.0708906039619446,-2.7044268104553226
1752068079.4023983,-0.24164263414740564,1.0707387241077424,-2.703933597183228
1752068079.4044147,-0.2415436408519745,1.07058684425354,-2.7034403839111327
1752068079.4066012,-0.24144464755654335,1.0704349643993378,-2.702947170639038
1752068079.4087136,-0.2413456542611122,1.0702830845451354,-2.7024539573669433
1752068079.4107656,-0.24124666096568106,1.0701312046909333,-2.7019607440948485
1752068079.412823,-0.24114766767024995,1.0699793248367309,-2.7014675308227543
1752068079.415018,-0.2410486743748188,1.0698274449825287,-2.700974317550659
1752068079.417214,-0.24094968107938766,1.0696755651283265,-2.700481104278565
1752068079.419405,-0.24085068778395652,1.069523685274124,-2.6999878910064696
1752068079.4215007,-0.2407516944885254,1.0693718054199217,-2.699494677734375
1752068079.4236605,-0.24065270119309426,1.0692199255657198,-2.69900146446228
1752068079.4257433,-0.24055370789766312,1.0690680457115174,-2.6985082511901854
1752068079.4277833,-0.24045471460223197,1.068916165857315,-2.698015037918091
1752068079.429881,-0.24035572130680083,1.0687642860031128,-2.697521824645996
1752068079.4320672,-0.2402567280113697,1.0686124061489106,-2.6970286113739013
1752068079.4342644,-0.24015773471593857,1.0684605262947084,-2.6965353981018065
1752068079.4363701,-0.24005874142050743,1.0683086464405058,-2.696042184829712
1752068079.438443,-0.2399597481250763,1.0681567665863037,-2.695548971557617
1752068079.4405437,-0.23986075482964514,1.0680048867321015,-2.695055758285522
1752068079.4426908,-0.23976176153421402,1.0678530068778993,-2.694562545013428
1752068079.4447618,-0.23966276823878288,1.067701127023697,-2.6940693317413333
1752068079.446958,-0.23956377494335174,1.0675492471694945,-2.693576118469238
1752068079.4491491,-0.23946478164792062,1.0673973673152923,-2.6930829051971434
1752068079.4513414,-0.23936578835248945,1.0672454874610902,-2.6925896919250487
1752068079.4534051,-0.23926679505705833,1.0670936076068878,-2.692096478652954
1752068079.4555392,-0.23916780176162722,1.0669417277526856,-2.6916032653808593
1752068079.457668,-0.23906880846619605,1.0667898478984832,-2.6911100521087645
1752068079.4595864,-0.23896981517076493,1.066637968044281,-2.6906168388366702
1752068079.4617026,-0.2388708218753338,1.0664860881900788,-2.6901236255645755
1752068079.4639034,-0.23877182857990265,1.0663342083358764,-2.6896304122924803
1752068079.4659915,-0.23867283528447153,1.0661823284816743,-2.6891371990203856
1752068079.468187,-0.23857384198904036,1.0660304486274719,-2.688643985748291
1752068079.470357,-0.23847484869360924,1.0658785687732697,-2.6881507724761966
1752068079.472499,-0.23837585539817813,1.0657266889190675,-2.687657559204102
1752068079.474469,-0.23827686210274696,1.0655748090648651,-2.6871643459320067
1752068079.476456,-0.23817786880731584,1.0654229292106627,-2.6866711326599124
1752068079.478512,-0.23807887551188467,1.0652710493564606,-2.6861779193878172
1752068079.4805708,-0.23797988221645355,1.0651191695022584,-2.6856847061157225
1752068079.4827347,-0.23788088892102244,1.0649672896480562,-2.685191492843628
1752068079.484827,-0.23778189562559127,1.0648154097938536,-2.6846982795715335
1752068079.4869592,-0.23768290233016015,1.0646635299396514,-2.684205066299439
1752068079.4892514,-0.237583909034729,1.0645116500854492,-2.6837118530273436
1752068079.4912403,-0.23748491573929786,1.064359770231247,-2.683218639755249
1752068079.4933076,-0.23738592244386675,1.0642078903770447,-2.682725426483154
1752068079.4954176,-0.23728692914843558,1.0640560105228423,-2.6822322132110594
1752068079.497458,-0.23718793585300446,1.0639041306686403,-2.6817389999389647
1752068079.4995196,-0.23708894255757332,1.063752250814438,-2.68124578666687
1752068079.5015807,-0.23698994926214217,1.0636003709602355,-2.6807525733947757
1752068079.5036561,-0.23689095596671106,1.0634484911060333,-2.680259360122681
1752068079.5058572,-0.23679196267127992,1.0632966112518312,-2.679766146850586
1752068079.5079303,-0.23669296937584877,1.063144731397629,-2.679272933578491
1752068079.5100334,-0.23659397608041763,1.0629928515434264,-2.6787797203063963
1752068079.5121825,-0.23649498278498648,1.0628409716892242,-2.678286507034302
1752068079.5143335,-0.23639598948955537,1.062689091835022,-2.6777932937622073
1752068079.5164113,-0.23629699619412423,1.0625372119808196,-2.677300080490112
1752068079.5185223,-0.23619800289869308,1.0623853321266175,-2.676806867218018
1752068079.520589,-0.23609900960326194,1.062233452272415,-2.6763136539459227
1752068079.5228765,-0.23600001630783082,1.0620815724182129,-2.675820440673828
1752068079.5248208,-0.23590102301239968,1.0619296925640105,-2.6753272274017332
1752068079.5268903,-0.23580202971696854,1.0617778127098083,-2.674834014129639
1752068079.529,-0.2357030364215374,1.0616259328556061,-2.674340800857544
1752068079.531159,-0.23560404312610625,1.0614740530014037,-2.673847587585449
1752068079.533296,-0.23550504983067513,1.0613221731472013,-2.6733543743133543
1752068079.5354178,-0.235406056535244,1.0611702932929994,-2.67286116104126
1752068079.5375152,-0.23530706323981285,1.061018413438797,-2.672367947769165
1752068079.539652,-0.23520806994438173,1.0608665335845948,-2.67187473449707
1752068079.541672,-0.23510907664895056,1.0607146537303924,-2.671381521224976
1752068079.5436742,-0.23501008335351944,1.0605627738761902,-2.670888307952881
1752068079.5457413,-0.2349110900580883,1.060410894021988,-2.6703950946807864
1752068079.5478327,-0.23481209676265716,1.0602590141677857,-2.6699018814086912
1752068079.5499084,-0.23471310346722604,1.0601071343135833,-2.6694086681365965
1752068079.5519416,-0.23461411017179487,1.059955254459381,-2.6689154548645018
1752068079.5540042,-0.23451511687636376,1.059803374605179,-2.668422241592407
1752068079.5563579,-0.23441612358093264,1.0596514947509768,-2.6679290283203128
1752068079.5582771,-0.23431713028550147,1.0594996148967741,-2.6674358150482176
1752068079.5603404,-0.23421813699007035,1.059347735042572,-2.6669426017761233
1752068079.562489,-0.23411914369463918,1.0591958551883698,-2.666449388504028
1752068079.5645225,-0.23402015039920807,1.0590439753341674,-2.6659561752319334
1752068079.5665874,-0.23392115710377695,1.0588920954799652,-2.6654629619598387
1752068079.568651,-0.23382216380834578,1.0587402156257628,-2.6649697486877444
1752068079.570693,-0.23372317051291466,1.0585883357715609,-2.6644765354156497
1752068079.5728338,-0.23362417721748352,1.0584364559173582,-2.6639833221435545
1752068079.5749002,-0.23352518392205238,1.058284576063156,-2.6634901088714598
1752068079.5768604,-0.23342619062662126,1.058132696208954,-2.6629968955993655
1752068079.5789149,-0.2333271973311901,1.0579808163547517,-2.6625036823272703
1752068079.5810668,-0.23322820403575897,1.0578289365005493,-2.6620104690551756
1752068079.5832741,-0.23312921074032783,1.057677056646347,-2.6615172557830813
1752068079.5854006,-0.2330302174448967,1.0575251767921447,-2.6610240425109866
1752068079.587485,-0.23293122414946557,1.0573732969379426,-2.660530829238892
1752068079.5897226,-0.23283223085403443,1.0572214170837402,-2.6600376159667967
1752068079.5918524,-0.23273323755860328,1.057069537229538,-2.659544402694702
1752068079.5938494,-0.23263424426317214,1.0569176573753356,-2.659051189422607
1752068079.5960078,-0.232535250967741,1.0567657775211334,-2.6585579761505125
1752068079.5982163,-0.23243625767230988,1.056613897666931,-2.658064762878418
1752068079.600354,-0.23233726437687874,1.0564620178127289,-2.6575715496063235
1752068079.6024175,-0.2322382710814476,1.0563101379585267,-2.6570783363342287
1752068079.6046016,-0.23213927778601645,1.056158258104324,-2.6565851230621336
1752068079.6066978,-0.23204028449058534,1.056006378250122,-2.656091909790039
1752068079.6087756,-0.2319412911951542,1.05585449839592,-2.655598696517944
1752068079.6109314,-0.23184229789972305,1.0557026185417175,-2.65510548324585
1752068079.613141,-0.2317433046042919,1.0555507386875151,-2.654612269973755
1752068079.615336,-0.23164431130886076,1.055398858833313,-2.65411905670166
1752068079.6174622,-0.23154531801342965,1.0552469789791108,-2.653625843429565
1752068079.6194513,-0.2314463247179985,1.0550950991249086,-2.653132630157471
1752068079.6215804,-0.23134733142256736,1.054943219270706,-2.6526394168853757
1752068079.6236844,-0.23124833812713624,1.0547913394165038,-2.652146203613281
1752068079.625746,-0.23114934483170507,1.0546394595623017,-2.6516529903411867
1752068079.6278963,-0.23105035153627396,1.0544875797080995,-2.651159777069092
1752068079.6301084,-0.2309513582408428,1.054335699853897,-2.6506665637969973
1752068079.6323035,-0.23085236494541167,1.0541838199996947,-2.650173350524902
1752068079.634434,-0.23075337164998055,1.0540319401454925,-2.6496801372528074
1752068079.6364462,-0.23065437835454938,1.0538800602912903,-2.6491869239807126
1752068079.6385872,-0.23055538505911827,1.053728180437088,-2.648693710708618
1752068079.6407702,-0.23045639176368715,1.0535763005828858,-2.6482004974365236
1752068079.6428592,-0.23035739846825598,1.0534244207286834,-2.647707284164429
1752068079.6450424,-0.23025840517282486,1.0532725408744814,-2.647214070892334
1752068079.6472383,-0.2301594118773937,1.0531206610202788,-2.646720857620239
1752068079.6495278,-0.23006041858196258,1.0529687811660766,-2.6462276443481443
1752068079.6514947,-0.22996142528653146,1.0528169013118744,-2.6457344310760496
1752068079.6535647,-0.2298624319911003,1.0526650214576723,-2.645241217803955
1752068079.6557183,-0.22976343869566918,1.0525131416034699,-2.6447480045318605
1752068079.6578157,-0.22966444540023806,1.0523612617492677,-2.644254791259766
1752068079.6598904,-0.2295654521048069,1.0522093818950653,-2.643761577987671
1752068079.6620605,-0.22946645880937577,1.052057502040863,-2.6432683647155764
1752068079.664149,-0.2293674655139446,1.0519056221866607,-2.642775151443481
1752068079.6663089,-0.22926847221851349,1.0517537423324586,-2.6422819381713865
1752068079.6684177,-0.22916947892308237,1.0516018624782564,-2.6417887248992917
1752068079.6704621,-0.2290704856276512,1.051449982624054,-2.6412955116271974
1752068079.6726665,-0.22897149233222008,1.0512981027698518,-2.6408022983551027
1752068079.6747286,-0.22887249903678894,1.0511462229156494,-2.6403090850830075
1752068079.6767604,-0.2287735057413578,1.0509943430614472,-2.639815871810913
1752068079.6789064,-0.22867451244592668,1.0508424632072448,-2.6393226585388185
1752068079.6810508,-0.2285755191504955,1.0506905833530427,-2.6388294452667234
1752068079.6832027,-0.2284765258550644,1.0505387034988403,-2.638336231994629
1752068079.6853461,-0.22837753255963325,1.050386823644638,-2.6378430187225343
1752068079.687448,-0.2282785392642021,1.0502349437904357,-2.6373498054504396
1752068079.689641,-0.228179545968771,1.0500830639362335,-2.636856592178345
1752068079.6916094,-0.22808055267333985,1.0499311840820311,-2.6363633789062497
1752068079.6935947,-0.2279815593779087,1.049779304227829,-2.635870165634155
1752068079.6957343,-0.22788256608247756,1.0496274243736265,-2.6353769523620603
1752068079.6978807,-0.22778357278704642,1.0494755445194244,-2.634883739089966
1752068079.7000234,-0.2276845794916153,1.0493236646652222,-2.6343905258178713
1752068079.7021685,-0.22758558619618416,1.04917178481102,-2.6338973125457765
1752068079.7043355,-0.22748659290075302,1.0490199049568176,-2.633404099273682
1752068079.706559,-0.2273875996053219,1.0488680251026155,-2.632910886001587
1752068079.7086108,-0.22728860630989076,1.048716145248413,-2.632417672729492
1752068079.7105541,-0.2271896130144596,1.0485642653942109,-2.631924459457397
1752068079.7126102,-0.22709061971902847,1.0484123855400085,-2.631431246185303
1752068079.7147675,-0.22699162642359733,1.0482605056858063,-2.630938032913208
1752068079.7169118,-0.2268926331281662,1.0481086258316041,-2.6304448196411134
1752068079.7190554,-0.22679363983273507,1.0479567459774017,-2.6299516063690187
1752068079.7212527,-0.22669464653730392,1.0478048661231996,-2.629458393096924
1752068079.7234392,-0.22659565324187278,1.0476529862689972,-2.628965179824829
1752068079.7254498,-0.22649665994644166,1.047501106414795,-2.6284719665527345
1752068079.7274864,-0.22639766665101052,1.0473492265605926,-2.62797875328064
1752068079.7295425,-0.22629867335557938,1.0471973467063904,-2.627485540008545
1752068079.7316022,-0.22619968006014826,1.047045466852188,-2.6269923267364503
1752068079.73375,-0.2261006867647171,1.0468935869979858,-2.626499113464355
1752068079.735894,-0.22600169346928597,1.0467417071437837,-2.6260059001922604
1752068079.7380912,-0.22590270017385483,1.0465898272895815,-2.625512686920166
1752068079.7403116,-0.2258037068784237,1.046437947435379,-2.6250194736480714
1752068079.74229,-0.22570471358299257,1.046286067581177,-2.6245262603759767
1752068079.744368,-0.2256057202875614,1.0461341877269745,-2.624033047103882
1752068079.746458,-0.22550672699213029,1.0459823078727724,-2.6235398338317872
1752068079.74849,-0.22540773369669917,1.04583042801857,-2.6230466205596925
1752068079.7505543,-0.225308740401268,1.0456785481643678,-2.6225534072875973
1752068079.752615,-0.22520974710583688,1.0455266683101654,-2.6220601940155026
1752068079.7547345,-0.2251107538104057,1.045374788455963,-2.6215669807434083
1752068079.756865,-0.2250117605149746,1.0452229086017608,-2.6210737674713136
1752068079.7590039,-0.22491276721954348,1.0450710287475586,-2.620580554199219
1752068079.7610867,-0.2248137739241123,1.0449191488933562,-2.620087340927124
1752068079.7632487,-0.2247147806286812,1.044767269039154,-2.6195941276550294
1752068079.765369,-0.22461578733325005,1.0446153891849517,-2.6191009143829342
1752068079.7674766,-0.2245167940378189,1.0444635093307495,-2.6186077011108395
1752068079.769533,-0.2244178007423878,1.0443116294765473,-2.6181144878387452
1752068079.7716427,-0.22431880744695662,1.044159749622345,-2.6176212745666505
1752068079.7737927,-0.2242198141515255,1.0440078697681427,-2.6171280612945558
1752068079.775912,-0.22412082085609436,1.0438559899139404,-2.6166348480224606
1752068079.777991,-0.22402182756066322,1.0437041100597382,-2.6161416347503663
1752068079.7800796,-0.2239228342652321,1.043552230205536,-2.6156484214782716
1752068079.7822351,-0.22382384096980096,1.0434003503513336,-2.615155208206177
1752068079.784362,-0.22372484767436981,1.0432484704971314,-2.614661994934082
1752068079.7864497,-0.22362585437893867,1.043096590642929,-2.6141687816619874
1752068079.7885559,-0.22352686108350753,1.0429447107887269,-2.6136755683898927
1752068079.7906542,-0.2234278677880764,1.0427928309345247,-2.613182355117798
1752068079.7927437,-0.22332887449264527,1.0426409510803223,-2.612689141845703
1752068079.794797,-0.22322988119721413,1.04248907122612,-2.612195928573608
1752068079.7969522,-0.22313088790178298,1.0423371913719177,-2.6117027153015138
1752068079.7990973,-0.22303189460635187,1.0421853115177155,-2.611209502029419
1752068079.8012514,-0.22293290131092072,1.0420334316635131,-2.6107162887573243
1752068079.8033965,-0.22283390801548958,1.0418815518093107,-2.6102230754852296
1752068079.8055253,-0.22273491472005844,1.0417296719551086,-2.609729862213135
1752068079.8075862,-0.2226359214246273,1.0415777921009062,-2.6092366489410397
1752068079.8095908,-0.22253692812919618,1.0414259122467042,-2.608743435668945
1752068079.811726,-0.22243793483376503,1.0412740323925018,-2.6082502223968507
1752068079.813879,-0.2223389415383339,1.0411221525382997,-2.607757009124756
1752068079.8160248,-0.22223994824290277,1.0409702726840973,-2.607263795852661
1752068079.8181732,-0.2221409549474716,1.040818392829895,-2.606770582580566
1752068079.82027,-0.2220419616520405,1.0406665129756927,-2.6062773693084718
1752068079.8224525,-0.22194296835660934,1.0405146331214905,-2.605784156036377
1752068079.82464,-0.2218439750611782,1.040362753267288,-2.605290942764282
1752068079.8265023,-0.22174498176574708,1.040210873413086,-2.6047977294921876
1752068079.82856,-0.2216459884703159,1.0400589935588835,-2.604304516220093
1752068079.8306208,-0.2215469951748848,1.0399071137046814,-2.603811302947998
1752068079.832764,-0.22144800187945368,1.0397552338504792,-2.6033180896759034
1752068079.8349109,-0.2213490085840225,1.0396033539962768,-2.602824876403808
1752068079.8370013,-0.2212500152885914,1.0394514741420746,-2.602331663131714
1752068079.83929,-0.22115102199316022,1.0392995942878722,-2.601838449859619
1752068079.8412716,-0.2210520286977291,1.03914771443367,-2.6013452365875245
1752068079.8433278,-0.220953035402298,1.0389958345794676,-2.6008520233154298
1752068079.8454163,-0.22085404210686682,1.0388439547252655,-2.600358810043335
1752068079.84745,-0.2207550488114357,1.0386920748710633,-2.5998655967712403
1752068079.8495111,-0.22065605551600456,1.038540195016861,-2.599372383499145
1752068079.8515725,-0.22055706222057342,1.0383883151626587,-2.5988791702270504
1752068079.8536642,-0.2204580689251423,1.0382364353084566,-2.598385956954956
1752068079.8558476,-0.22035907562971113,1.0380845554542542,-2.5978927436828614
1752068079.8579147,-0.22026008233428002,1.037932675600052,-2.5973995304107667
1752068079.8599474,-0.22016108903884887,1.0377807957458496,-2.5969063171386715
1752068079.8620896,-0.22006209574341773,1.0376289158916474,-2.596413103866577
1752068079.8642516,-0.2199631024479866,1.037477036037445,-2.5959198905944825
1752068079.8663936,-0.21986410915255547,1.0373251561832428,-2.5954266773223873
1752068079.8685002,-0.21976511585712433,1.0371732763290404,-2.594933464050293
1752068079.870562,-0.21966612256169318,1.0370213964748383,-2.5944402507781983
1752068079.87282,-0.21956712926626204,1.0368695166206359,-2.5939470375061036
1752068079.8749316,-0.21946813597083092,1.0367176367664337,-2.593453824234009
1752068079.8769307,-0.21936914267539978,1.0365657569122313,-2.5929606109619137
1752068079.8790832,-0.21927014937996864,1.0364138770580291,-2.5924673976898194
1752068079.8812346,-0.2191711560845375,1.0362619972038267,-2.5919741844177246
1752068079.8833754,-0.21907216278910638,1.0361101173496248,-2.59148097114563
1752068079.8854494,-0.21897316949367523,1.0359582374954224,-2.590987757873535
1752068079.8874805,-0.2188741761982441,1.0358063576412202,-2.5904945446014405
1752068079.889599,-0.21877518290281295,1.0356544777870178,-2.5900013313293457
1752068079.8916967,-0.2186761896073818,1.0355025979328154,-2.5895081180572506
1752068079.893668,-0.2185771963119507,1.0353507180786132,-2.589014904785156
1752068079.8958156,-0.21847820301651955,1.035198838224411,-2.588521691513062
1752068079.89796,-0.2183792097210884,1.0350469583702087,-2.588028478240967
1752068079.9001033,-0.2182802164256573,1.0348950785160065,-2.587535264968872
1752068079.902258,-0.21818122313022612,1.034743198661804,-2.5870420516967774
1752068079.9044151,-0.218082229834795,1.034591318807602,-2.5865488384246826
1752068079.9065638,-0.21798323653936386,1.0344394389533997,-2.586055625152588
1752068079.9085934,-0.2178842432439327,1.0342875590991973,-2.5855624118804927
1752068079.9106023,-0.2177852499485016,1.0341356792449952,-2.5850691986083985
1752068079.9126627,-0.21768625665307045,1.0339837993907928,-2.5845759853363037
1752068079.914807,-0.2175872633576393,1.0338319195365906,-2.584082772064209
1752068079.9169533,-0.2174882700622082,1.0336800396823882,-2.5835895587921143
1752068079.9190445,-0.21738927676677702,1.033528159828186,-2.583096345520019
1752068079.92121,-0.2172902834713459,1.0333762799739838,-2.582603132247925
1752068079.9234269,-0.21719129017591476,1.0332244001197817,-2.5821099189758305
1752068079.9255233,-0.21709229688048362,1.0330725202655793,-2.5816167057037354
1752068079.9274755,-0.2169933035850525,1.032920640411377,-2.5811234924316406
1752068079.929532,-0.21689431028962133,1.0327687605571747,-2.580630279159546
1752068079.9315922,-0.21679531699419022,1.0326168807029723,-2.580137065887451
1752068079.9336815,-0.2166963236987591,1.0324650008487701,-2.5796438526153564
1752068079.9358234,-0.21659733040332793,1.032313120994568,-2.5791506393432613
1752068079.9379766,-0.21649833710789682,1.0321612411403656,-2.5786574260711674
1752068079.9401686,-0.21639934381246567,1.0320093612861634,-2.5781642127990727
1752068079.9421985,-0.21630035051703453,1.031857481431961,-2.5776709995269775
1752068079.9442055,-0.21620135722160339,1.0317056015777588,-2.577177786254883
1752068079.9463742,-0.21610236392617224,1.0315537217235564,-2.576684572982788
1752068079.9485095,-0.21600337063074113,1.0314018418693542,-2.5761913597106934
1752068079.9505656,-0.21590437733531,1.031249962015152,-2.5756981464385986
1752068079.9526258,-0.21580538403987884,1.0310980821609497,-2.575204933166504
1752068079.9547288,-0.21570639074444772,1.0309462023067475,-2.5747117198944096
1752068079.95691,-0.21560739744901655,1.030794322452545,-2.5742185066223144
1752068079.959008,-0.21550840415358544,1.030642442598343,-2.5737252933502197
1752068079.9611163,-0.21540941085815432,1.0304905627441407,-2.573232080078125
1752068079.9632661,-0.21531041756272315,1.0303386828899384,-2.5727388668060303
1752068079.965422,-0.21521142426729203,1.0301868030357362,-2.572245653533936
1752068079.9682732,-0.2151124309718609,1.0300349231815338,-2.571752440261841
1752068079.9726691,-0.21501343767642975,1.0298830433273316,-2.571259226989746
1752068079.9771073,-0.21491444438099863,1.0297311634731294,-2.5707660137176513
1752068079.981309,-0.21481545108556746,1.029579283618927,-2.5702728004455566
1752068079.984162,-0.21471645779013634,1.0294274037647249,-2.569779587173462
1752068079.9868417,-0.2146174644947052,1.0292755239105225,-2.5692863739013667
1752068079.98915,-0.21451847119927406,1.0291236440563203,-2.568793160629273
1752068079.9914784,-0.21441947790384294,1.0289717642021179,-2.568299947357178
1752068079.9934902,-0.2143204846084118,1.0288198843479157,-2.567806734085083
1752068079.9956117,-0.21422149131298066,1.0286680044937133,-2.5673135208129882
1752068079.9976103,-0.2141224980175495,1.028516124639511,-2.5668203075408935
1752068079.999675,-0.21402350472211837,1.0283642447853087,-2.566327094268799
1752068080.0017939,-0.21392451142668725,1.0282123649311066,-2.565833880996704
1752068080.0038538,-0.2138255181312561,1.0280604850769044,-2.5653406677246093
1752068080.0060499,-0.21372652483582497,1.027908605222702,-2.564847454452515
1752068080.0081828,-0.21362753154039382,1.0277567253684998,-2.56435424118042
1752068080.010128,-0.2135285382449627,1.0276048455142974,-2.563861027908325
1752068080.0122836,-0.21342954494953156,1.0274529656600953,-2.5633678146362304
1752068080.0144005,-0.21333055165410042,1.0273010858058929,-2.5628746013641357
1752068080.0164769,-0.21323155835866928,1.0271492059516907,-2.5623813880920414
1752068080.0185165,-0.21313256506323813,1.0269973260974883,-2.5618881748199462
1752068080.0205765,-0.21303357176780702,1.026845446243286,-2.5613949615478515
1752068080.022839,-0.21293457847237587,1.026693566389084,-2.5609017482757572
1752068080.0249474,-0.21283558517694473,1.0265416865348815,-2.560408535003662
1752068080.0270567,-0.21273659188151361,1.0263898066806794,-2.5599153217315673
1752068080.0292454,-0.21263759858608244,1.026237926826477,-2.5594221084594726
1752068080.0314155,-0.21253860529065133,1.0260860469722748,-2.5589288951873783
1752068080.0334735,-0.21243961199522018,1.0259341671180726,-2.5584356819152836
1752068080.0355327,-0.21234061869978904,1.0257822872638702,-2.5579424686431884
1752068080.0375984,-0.21224162540435793,1.025630407409668,-2.5574492553710937
1752068080.039815,-0.21214263210892675,1.0254785275554656,-2.556956042098999
1752068080.0418189,-0.21204363881349564,1.0253266477012635,-2.5564628288269042
1752068080.0439267,-0.21194464551806452,1.0251747678470613,-2.5559696155548095
1752068080.046137,-0.21184565222263335,1.025022887992859,-2.5554764022827143
1752068080.0483408,-0.21174665892720224,1.0248710081386567,-2.5549831890106205
1752068080.0504127,-0.21164766563177106,1.0247191282844543,-2.5544899757385253
1752068080.0524716,-0.21154867233633995,1.0245672484302522,-2.5539967624664306
1752068080.0545485,-0.21144967904090883,1.0244153685760498,-2.553503549194336
1752068080.0567253,-0.21135068574547766,1.0242634887218476,-2.553010335922241
1752068080.0589423,-0.21125169245004655,1.0241116088676452,-2.552517122650147
1752068080.0610116,-0.2111526991546154,1.023959729013443,-2.5520239093780517
1752068080.0632172,-0.21105370585918426,1.0238078491592406,-2.551530696105957
1752068080.0654283,-0.21095471256375314,1.0236559693050384,-2.5510374828338627
1752068080.0674427,-0.21085571926832197,1.023504089450836,-2.5505442695617675
1752068080.069502,-0.21075672597289086,1.0233522095966339,-2.5500510562896728
1752068080.0716302,-0.2106577326774597,1.0232003297424315,-2.549557843017578
1752068080.0737214,-0.21055873938202857,1.0230484498882293,-2.5490646297454838
1752068080.075797,-0.21045974608659745,1.0228965700340271,-2.548571416473389
1752068080.0778933,-0.2103607527911663,1.022744690179825,-2.548078203201294
1752068080.080076,-0.21026175949573517,1.0225928103256225,-2.547584989929199
1752068080.082272,-0.21016276620030402,1.0224409304714204,-2.5470917766571044
1752068080.084357,-0.21006377290487288,1.022289050617218,-2.5465985633850097
1752068080.0864394,-0.20996477960944177,1.0221371707630158,-2.546105350112915
1752068080.0885425,-0.20986578631401062,1.0219852909088134,-2.5456121368408207
1752068080.0906694,-0.20976679301857948,1.0218334110546112,-2.545118923568726
1752068080.0926473,-0.20966779972314833,1.0216815312004088,-2.5446257102966308
1752068080.0947893,-0.20956880642771722,1.0215296513462067,-2.544132497024536
1752068080.096913,-0.20946981313228608,1.0213777714920045,-2.5436392837524413
1752068080.0991037,-0.20937081983685493,1.021225891637802,-2.5431460704803466
1752068080.1012986,-0.2092718265414238,1.0210740117836,-2.5426528572082523
1752068080.1034627,-0.20917283324599265,1.0209221319293975,-2.542159643936157
1752068080.105647,-0.20907383995056153,1.0207702520751953,-2.5416664306640624
1752068080.1076884,-0.2089748466551304,1.020618372220993,-2.541173217391968
1752068080.1098173,-0.20887585335969924,1.0204664923667908,-2.540680004119873
1752068080.1119888,-0.20877686006426813,1.0203146125125886,-2.540186790847778
1752068080.1141944,-0.20867786676883696,1.0201627326583862,-2.5396935775756835
1752068080.1163495,-0.20857887347340584,1.020010852804184,-2.539200364303589
1752068080.1184375,-0.2084798801779747,1.0198589729499818,-2.5387071510314945
1752068080.1204925,-0.20838088688254355,1.0197070930957794,-2.5382139377593993
1752068080.1226301,-0.20828189358711244,1.0195552132415773,-2.5377207244873046
1752068080.1248076,-0.20818290029168127,1.0194033333873749,-2.53722751121521
1752068080.126855,-0.20808390699625015,1.0192514535331727,-2.536734297943115
1752068080.1290462,-0.20798491370081904,1.0190995736789703,-2.5362410846710204
1752068080.131243,-0.20788592040538786,1.0189476938247681,-2.535747871398926
1752068080.1334412,-0.20778692710995675,1.0187958139705657,-2.5352546581268314
1752068080.1354983,-0.20768793381452558,1.0186439341163633,-2.534761444854736
1752068080.1375608,-0.20758894051909446,1.0184920542621612,-2.5342682315826415
1752068080.1397696,-0.20748994722366335,1.018340174407959,-2.5337750183105467
1752068080.141931,-0.20739095392823217,1.0181882945537566,-2.533281805038452
1752068080.1439896,-0.20729196063280106,1.0180364146995544,-2.5327885917663573
1752068080.1461883,-0.20719296733736992,1.017884534845352,-2.5322953784942626
1752068080.1483407,-0.20709397404193877,1.0177326549911498,-2.5318021652221683
1752068080.150431,-0.20699498074650766,1.0175807751369477,-2.5313089519500735
1752068080.152488,-0.20689598745107649,1.0174288952827453,-2.5308157386779784
1752068080.1545842,-0.20679699415564537,1.017277015428543,-2.5303225254058836
1752068080.1567807,-0.20669800086021423,1.0171251355743407,-2.529829312133789
1752068080.1587615,-0.20659900756478308,1.0169732557201385,-2.5293360988616946
1752068080.1609282,-0.20650001426935197,1.0168213758659363,-2.5288428855896
1752068080.1631286,-0.20640102097392082,1.016669496011734,-2.5283496723175047
1752068080.1653228,-0.20630202767848968,1.0165176161575318,-2.52785645904541
1752068080.1674504,-0.20620303438305854,1.0163657363033294,-2.5273632457733153
1752068080.1695075,-0.20610404108762742,1.0162138564491272,-2.5268700325012206
1752068080.1716042,-0.20600504779219628,1.016061976594925,-2.526376819229126
1752068080.1737432,-0.20590605449676513,1.0159100967407226,-2.5258836059570315
1752068080.1758733,-0.205807061201334,1.0157582168865202,-2.525390392684937
1752068080.1780293,-0.20570806790590285,1.015606337032318,-2.5248971794128416
1752068080.180232,-0.20560907461047173,1.0154544571781159,-2.524403966140747
1752068080.182448,-0.2055100813150406,1.0153025773239135,-2.523910752868652
1752068080.184505,-0.20541108801960944,1.015150697469711,-2.5234175395965575
1752068080.186561,-0.20531209472417833,1.0149988176155091,-2.5229243263244627
1752068080.1888187,-0.20521310142874716,1.0148469377613067,-2.5224311130523676
1752068080.1908216,-0.20511410813331604,1.0146950579071046,-2.5219378997802737
1752068080.1929386,-0.2050151148378849,1.0145431780529022,-2.521444686508179
1752068080.1951346,-0.20491612154245378,1.0143912981987,-2.5209514732360843
1752068080.1972358,-0.20481712824702264,1.0142394183444976,-2.520458259963989
1752068080.1994617,-0.20471813495159147,1.0140875384902954,-2.5199650466918944
1752068080.201517,-0.20461914165616035,1.013935658636093,-2.5194718334197996
1752068080.2035763,-0.20452014836072924,1.0137837787818909,-2.5189786201477053
1752068080.2057743,-0.2044211550652981,1.0136318989276887,-2.5184854068756106
1752068080.2079356,-0.20432216176986695,1.0134800190734863,-2.517992193603516
1752068080.2100058,-0.20422316847443578,1.0133281392192839,-2.5174989803314207
1752068080.212192,-0.20412417517900466,1.0131762593650817,-2.517005767059326
1752068080.2143936,-0.20402518188357355,1.0130243795108795,-2.5165125537872313
1752068080.2164164,-0.2039261885881424,1.0128724996566774,-2.516019340515137
1752068080.2184424,-0.20382719529271126,1.012720619802475,-2.5155261272430423
1752068080.2205,-0.20372820199728012,1.0125687399482726,-2.515032913970947
1752068080.2227526,-0.20362920870184897,1.0124168600940704,-2.5145397006988524
1752068080.224828,-0.20353021540641786,1.0122649802398682,-2.5140464874267576
1752068080.2269013,-0.20343122211098671,1.012113100385666,-2.5135532741546633
1752068080.229089,-0.20333222881555557,1.0119612205314636,-2.513060060882568
1752068080.2312846,-0.20323323552012446,1.0118093406772615,-2.512566847610474
1752068080.2334273,-0.20313424222469328,1.011657460823059,-2.512073634338379
1752068080.2354841,-0.20303524892926217,1.011505580968857,-2.5115804210662844
1752068080.2375607,-0.20293625563383105,1.0113537011146545,-2.5110872077941897
1752068080.2398453,-0.20283726233839988,1.0112018212604523,-2.5105939945220945
1752068080.2418723,-0.20273826904296877,1.01104994140625,-2.51010078125
1752068080.2439098,-0.2026392757475376,1.0108980615520478,-2.509607567977905
1752068080.246103,-0.20254028245210648,1.0107461816978454,-2.509114354705811
1752068080.2482998,-0.20244128915667536,1.0105943018436432,-2.508621141433716
1752068080.2504175,-0.2023422958612442,1.0104424219894408,-2.5081279281616213
1752068080.252474,-0.20224330256581308,1.0102905421352386,-2.5076347148895266
1752068080.254544,-0.20214430927038193,1.0101386622810362,-2.5071415016174314
1752068080.2567344,-0.2020453159749508,1.009986782426834,-2.5066482883453367
1752068080.258837,-0.20194632267951967,1.0098349025726319,-2.5061550750732424
1752068080.2609856,-0.2018473293840885,1.0096830227184297,-2.5056618618011477
1752068080.2631903,-0.2017483360886574,1.0095311428642273,-2.505168648529053
1752068080.2653787,-0.20164934279322624,1.0093792630100251,-2.504675435256958
1752068080.2674267,-0.2015503494977951,1.0092273831558227,-2.5041822219848635
1752068080.2694836,-0.20145135620236398,1.0090755033016205,-2.503689008712769
1752068080.2716086,-0.20135236290693284,1.0089236234474181,-2.5031957954406736
1752068080.27371,-0.2012533696115017,1.008771743593216,-2.5027025821685793
1752068080.2758396,-0.20115437631607055,1.0086198637390136,-2.5022093688964846
1752068080.2780247,-0.2010553830206394,1.0084679838848114,-2.50171615562439
1752068080.2802293,-0.2009563897252083,1.0083161040306092,-2.501222942352295
1752068080.282429,-0.20085739642977715,1.0081642241764068,-2.5007297290802
1752068080.2844856,-0.200758403134346,1.0080123443222047,-2.5002365158081052
1752068080.2865448,-0.20065940983891487,1.0078604644680023,-2.4997433025360105
1752068080.2886808,-0.20056041654348375,1.0077085846138,-2.4992500892639162
1752068080.290868,-0.2004614232480526,1.0075567047595977,-2.4987568759918215
1752068080.2929425,-0.20036242995262146,1.0074048249053955,-2.4982636627197268
1752068080.2951384,-0.20026343665719032,1.0072529450511931,-2.497770449447632
1752068080.2973318,-0.20016444336175918,1.007101065196991,-2.497277236175537
1752068080.299426,-0.20006545006632806,1.0069491853427888,-2.496784022903442
1752068080.3014843,-0.19996645677089692,1.0067973054885866,-2.496290809631348
1752068080.3035436,-0.19986746347546577,1.0066454256343842,-2.495797596359253
1752068080.3057191,-0.19976847018003466,1.006493545780182,-2.4953043830871584
1752068080.3078313,-0.1996694768846035,1.0063416659259796,-2.4948111698150632
1752068080.3099346,-0.19957048358917237,1.0061897860717774,-2.494317956542969
1752068080.3120935,-0.19947149029374123,1.006037906217575,-2.4938247432708742
1752068080.3142028,-0.19937249699831008,1.0058860263633727,-2.493331529998779
1752068080.3163304,-0.19927350370287897,1.0057341465091705,-2.4928383167266848
1752068080.3184254,-0.1991745104074478,1.0055822666549683,-2.49234510345459
1752068080.3204842,-0.19907551711201668,1.005430386800766,-2.4918518901824953
1752068080.3226788,-0.19897652381658557,1.0052785069465637,-2.4913586769104006
1752068080.3247864,-0.1988775305211544,1.0051266270923613,-2.4908654636383054
1752068080.3268285,-0.19877853722572328,1.0049747472381592,-2.490372250366211
1752068080.3290288,-0.1986795439302921,1.0048228673839568,-2.489879037094116
1752068080.3312228,-0.198580550634861,1.0046709875297546,-2.4893858238220217
1752068080.333418,-0.19848155733942988,1.0045191076755524,-2.488892610549927
1752068080.3354757,-0.1983825640439987,1.00436722782135,-2.488399397277832
1752068080.3375578,-0.1982835707485676,1.0042153479671478,-2.4879061840057375
1752068080.3398213,-0.19818457745313645,1.0040634681129454,-2.4874129707336423
1752068080.3417718,-0.1980855841577053,1.0039115882587433,-2.4869197574615476
1752068080.3439226,-0.1979865908622742,1.003759708404541,-2.4864265441894533
1752068080.3461218,-0.19788759756684302,1.0036078285503387,-2.4859333309173586
1752068080.3483238,-0.1977886042714119,1.0034559486961365,-2.485440117645264
1752068080.350447,-0.19768961097598076,1.0033040688419341,-2.4849469043731687
1752068080.3525064,-0.1975906176805496,1.003152188987732,-2.4844536911010744
1752068080.3545713,-0.1974916243851185,1.0030003091335298,-2.4839604778289797
1752068080.3567696,-0.19739263108968735,1.0028484292793274,-2.4834672645568845
1752068080.3588595,-0.1972936377942562,1.0026965494251252,-2.48297405128479
1752068080.3610103,-0.19719464449882507,1.0025446695709228,-2.4824808380126955
1752068080.3632102,-0.19709565120339392,1.0023927897167204,-2.4819876247406008
1752068080.3654144,-0.1969966579079628,1.0022409098625182,-2.481494411468506
1752068080.3674707,-0.19689766461253166,1.002089030008316,-2.481001198196411
1752068080.3695292,-0.19679867131710052,1.0019371501541139,-2.4805079849243166
1752068080.3716838,-0.19669967802166938,1.0017852702999115,-2.4800147716522214
1752068080.3738122,-0.19660068472623826,1.0016333904457093,-2.479521558380127
1752068080.375926,-0.19650169143080712,1.001481510591507,-2.4790283451080324
1752068080.378107,-0.19640269813537597,1.0013296307373047,-2.4785351318359377
1752068080.3803008,-0.19630370483994483,1.0011777508831026,-2.478041918563843
1752068080.3823602,-0.1962047115445137,1.0010258710289002,-2.4775487052917478
1752068080.3844395,-0.19610571824908257,1.0008739911746978,-2.477055492019653
1752068080.3864894,-0.19600672495365143,1.0007221113204956,-2.4765622787475587
1752068080.38861,-0.19590773165822029,1.0005702314662932,-2.476069065475464
1752068080.3907454,-0.19580873836278917,1.000418351612091,-2.4755758522033693
1752068080.392845,-0.195709745067358,1.0002664717578886,-2.4750826389312746
1752068080.3949583,-0.19561075177192688,1.0001145919036865,-2.47458942565918
1752068080.3971498,-0.19551175847649574,0.9999627120494843,-2.474096212387085
1752068080.399342,-0.1954127651810646,0.9998108321952819,-2.47360299911499
1752068080.4014552,-0.19531377188563348,0.9996589523410797,-2.473109785842895
1752068080.4035122,-0.1952147785902023,0.9995070724868773,-2.472616572570801
1752068080.4056644,-0.1951157852947712,0.9993551926326751,-2.472123359298706
1752068080.4078407,-0.19501679199934008,0.999203312778473,-2.4716301460266115
1752068080.4098802,-0.1949177987039089,0.9990514329242707,-2.4711369327545163
1752068080.4120715,-0.1948188054084778,0.9988995530700684,-2.470643719482422
1752068080.4142718,-0.19471981211304662,0.998747673215866,-2.470150506210327
1752068080.4163604,-0.1946208188176155,0.9985957933616638,-2.4696572929382326
1752068080.4184427,-0.1945218255221844,0.9984439135074616,-2.469164079666138
1752068080.4205022,-0.19442283222675322,0.9982920336532592,-2.468670866394043
1752068080.4227233,-0.1943238389313221,0.9981401537990571,-2.4681776531219484
1752068080.4247408,-0.19422484563589096,0.9979882739448547,-2.467684439849853
1752068080.4268641,-0.19412585234045981,0.9978363940906525,-2.4671912265777585
1752068080.4290483,-0.1940268590450287,0.9976845142364502,-2.466698013305664
1752068080.431245,-0.19392786574959753,0.9975326343822479,-2.4662048000335695
1752068080.433433,-0.1938288724541664,0.9973807545280456,-2.4657115867614747
1752068080.4354901,-0.19372987915873527,0.9972288746738432,-2.46521837348938
1752068080.437559,-0.19363088586330413,0.9970769948196411,-2.4647251602172853
1752068080.4398053,-0.193531892567873,0.9969251149654388,-2.4642319469451905
1752068080.4419107,-0.19343289927244187,0.9967732351112365,-2.4637387336730954
1752068080.4440534,-0.19333390597701072,0.9966213552570343,-2.4632455204010006
1752068080.4462597,-0.19323491268157958,0.996469475402832,-2.4627523071289064
1752068080.448349,-0.19313591938614844,0.9963175955486298,-2.4622590938568116
1752068080.4504604,-0.19303692609071732,0.9961657156944276,-2.461765880584717
1752068080.4525182,-0.19293793279528618,0.9960138358402252,-2.461272667312622
1752068080.454602,-0.19283893949985503,0.9958619559860229,-2.4607794540405274
1752068080.456864,-0.1927399462044239,0.9957100761318206,-2.4602862407684323
1752068080.4589016,-0.19264095290899277,0.9955581962776183,-2.4597930274963375
1752068080.4610572,-0.19254195961356163,0.9954063164234161,-2.4592998142242433
1752068080.4631438,-0.19244296631813052,0.995254436569214,-2.4588066009521485
1752068080.4653378,-0.19234397302269934,0.9951025567150116,-2.458313387680054
1752068080.4674351,-0.1922449797272682,0.9949506768608092,-2.4578201744079586
1752068080.4694912,-0.19214598643183708,0.994798797006607,-2.457326961135864
1752068080.471613,-0.19204699313640594,0.9946469171524048,-2.4568337478637696
1752068080.4737275,-0.19194799984097483,0.9944950372982025,-2.456340534591675
1752068080.4758484,-0.19184900654554368,0.9943431574440003,-2.45584732131958
1752068080.4779716,-0.1917500132501125,0.9941912775897979,-2.4553541080474854
1752068080.4801621,-0.1916510199546814,0.9940393977355956,-2.4548608947753907
1752068080.482358,-0.19155202665925025,0.9938875178813935,-2.454367681503296
1752068080.484429,-0.19145303336381914,0.9937356380271912,-2.4538744682312013
1752068080.4864864,-0.191354040068388,0.9935837581729889,-2.453381254959106
1752068080.488592,-0.19125504677295682,0.9934318783187865,-2.452888041687012
1752068080.4907124,-0.1911560534775257,0.9932799984645844,-2.452394828414917
1752068080.492864,-0.1910570601820946,0.9931281186103821,-2.4519016151428223
1752068080.4950354,-0.19095806688666345,0.9929762387561799,-2.4514084018707276
1752068080.4972389,-0.1908590735912323,0.9928243589019775,-2.450915188598633
1752068080.4994314,-0.19076008029580116,0.9926724790477752,-2.450421975326538
1752068080.5014899,-0.19066108700037002,0.9925205991935729,-2.449928762054443
1752068080.5035472,-0.1905620937049389,0.9923687193393708,-2.4494355487823487
1752068080.5057201,-0.19046310040950776,0.9922168394851685,-2.4489423355102544
1752068080.507924,-0.19036410711407661,0.9920649596309661,-2.4484491222381592
1752068080.5098507,-0.1902651138186455,0.9919130797767639,-2.4479559089660645
1752068080.5120382,-0.19016612052321433,0.9917611999225615,-2.44746269569397
1752068080.5142355,-0.1900671272277832,0.9916093200683593,-2.446969482421875
1752068080.5163264,-0.18996813393235207,0.9914574402141572,-2.4464762691497803
1752068080.5184538,-0.18986914063692092,0.9913055603599549,-2.4459830558776856
1752068080.5205133,-0.1897701473414898,0.9911536805057526,-2.445489842605591
1752068080.5227764,-0.18967115404605864,0.9910018006515503,-2.444996629333496
1752068080.5248036,-0.18957216075062752,0.990849920797348,-2.4445034160614014
1752068080.5269196,-0.1894731674551964,0.9906980409431458,-2.4440102027893067
1752068080.5291052,-0.18937417415976524,0.9905461610889434,-2.4435169895172115
1752068080.531302,-0.18927518086433412,0.9903942812347413,-2.4430237762451172
1752068080.533439,-0.18917618756890295,0.9902424013805389,-2.4425305629730225
1752068080.5354981,-0.18907719427347183,0.9900905215263367,-2.442037349700928
1752068080.5375612,-0.18897820097804072,0.9899386416721344,-2.441544136428833
1752068080.5397797,-0.18887920768260955,0.9897867618179321,-2.4410509231567383
1752068080.5419421,-0.18878021438717843,0.9896348819637298,-2.4405577098846436
1752068080.5440395,-0.1886812210917473,0.9894830021095276,-2.4400644966125484
1752068080.5462325,-0.18858222779631614,0.9893311222553253,-2.439571283340454
1752068080.54832,-0.18848323450088503,0.9891792424011231,-2.43907807006836
1752068080.5504355,-0.18838424120545386,0.9890273625469207,-2.4385848567962647
1752068080.5524526,-0.18828524791002274,0.9888754826927184,-2.43809164352417
1752068080.5545454,-0.1881862546145916,0.9887236028385161,-2.4375984302520752
1752068080.556759,-0.18808726131916045,0.9885717229843141,-2.4371052169799805
1752068080.5587978,-0.18798826802372934,0.9884198431301118,-2.4366120037078858
1752068080.5609605,-0.1878892747282982,0.9882679632759095,-2.436118790435791
1752068080.563171,-0.18779028143286705,0.9881160834217072,-2.4356255771636963
1752068080.5653553,-0.1876912881374359,0.9879642035675049,-2.4351323638916016
1752068080.5674345,-0.18759229484200476,0.9878123237133026,-2.434639150619507
1752068080.5694933,-0.18749330154657365,0.9876604438591003,-2.434145937347412
1752068080.5715723,-0.1873943082511425,0.9875085640048981,-2.4336527240753174
1752068080.5736966,-0.18729531495571136,0.9873566841506958,-2.4331595108032227
1752068080.5758078,-0.18719632166028022,0.9872048042964935,-2.432666297531128
1752068080.5779471,-0.1870973283648491,0.9870529244422912,-2.4321730842590332
1752068080.5801334,-0.18699833506941796,0.986901044588089,-2.4316798709869385
1752068080.5823264,-0.18689934177398682,0.9867491647338866,-2.4311866577148438
1752068080.5844634,-0.18680034847855567,0.9865972848796845,-2.430693444442749
1752068080.5865242,-0.18670135518312453,0.9864454050254821,-2.430200231170654
1752068080.5886998,-0.1866023618876934,0.9862935251712799,-2.4297070178985596
1752068080.5907826,-0.18650336859226227,0.9861416453170777,-2.4292138046264653
1752068080.5928936,-0.18640437529683113,0.9859897654628754,-2.42872059135437
1752068080.5950766,-0.1863053820014,0.9858378856086731,-2.4282273780822754
1752068080.5972738,-0.18620638870596884,0.9856860057544707,-2.4277341648101807
1752068080.5994594,-0.18610739541053772,0.9855341259002686,-2.427240951538086
1752068080.6015165,-0.18600840211510658,0.9853822460460664,-2.426747738265991
1752068080.6035757,-0.18590940881967544,0.985230366191864,-2.4262545249938965
1752068080.6059391,-0.18581041552424432,0.9850784863376618,-2.4257613117218018
1752068080.6080143,-0.18571142222881315,0.9849266064834594,-2.425268098449707
1752068080.610064,-0.18561242893338203,0.9847747266292572,-2.4247748851776123
1752068080.6122577,-0.18551343563795092,0.984622846775055,-2.4242816719055176
1752068080.614425,-0.18541444234251975,0.9844709669208527,-2.423788458633423
1752068080.6164365,-0.18531544904708863,0.9843190870666504,-2.423295245361328
1752068080.6184962,-0.1852164557516575,0.984167207212448,-2.4228020320892334
1752068080.6205559,-0.18511746245622634,0.9840153273582458,-2.4223088188171387
1752068080.6228492,-0.18501846916079523,0.9838634475040435,-2.421815605545044
1752068080.6249514,-0.18491947586536406,0.9837115676498412,-2.421322392272949
1752068080.6270452,-0.18482048256993294,0.983559687795639,-2.4208291790008545
1752068080.629237,-0.1847214892745018,0.9834078079414367,-2.4203359657287593
1752068080.631424,-0.18462249597907066,0.9832559280872345,-2.419842752456665
1752068080.633484,-0.18452350268363954,0.9831040482330323,-2.4193495391845707
1752068080.6355422,-0.1844245093882084,0.98295216837883,-2.4188563259124756
1752068080.6376393,-0.18432551609277725,0.9828002885246276,-2.418363112640381
1752068080.6399279,-0.1842265227973461,0.9826484086704254,-2.417869899368286
1752068080.6418762,-0.18412752950191497,0.9824965288162232,-2.4173766860961914
1752068080.6439602,-0.18402853620648385,0.9823446489620209,-2.4168834728240967
1752068080.646151,-0.18392954291105273,0.9821927691078187,-2.416390259552002
1752068080.6483076,-0.18383054961562156,0.9820408892536163,-2.415897046279907
1752068080.6504085,-0.18373155632019042,0.9818890093994139,-2.4154038330078125
1752068080.6524699,-0.1836325630247593,0.9817371295452118,-2.4149106197357177
1752068080.6545289,-0.18353356972932816,0.9815852496910096,-2.414417406463623
1752068080.6567092,-0.18343457643389705,0.9814333698368073,-2.4139241931915283
1752068080.6587508,-0.18333558313846587,0.981281489982605,-2.4134309799194336
1752068080.6608815,-0.18323658984303473,0.9811296101284026,-2.412937766647339
1752068080.6630704,-0.18313759654760361,0.9809777302742004,-2.412444553375244
1752068080.665266,-0.18303860325217247,0.9808258504199983,-2.4119513401031494
1752068080.6674442,-0.18293960995674136,0.980673970565796,-2.411458126831055
1752068080.669503,-0.1828406166613102,0.9805220907115937,-2.41096491355896
1752068080.6716087,-0.18274162336587904,0.9803702108573913,-2.4104717002868647
1752068080.6737592,-0.18264263007044793,0.9802183310031891,-2.4099784870147705
1752068080.6758552,-0.18254363677501678,0.9800664511489869,-2.409485273742676
1752068080.6780376,-0.18244464347958567,0.9799145712947847,-2.4089920604705815
1752068080.6802433,-0.18234565018415452,0.9797626914405823,-2.4084988471984863
1752068080.682431,-0.18224665688872335,0.97961081158638,-2.4080056339263916
1752068080.6844888,-0.18214766359329224,0.9794589317321777,-2.407512420654297
1752068080.6865468,-0.18204867029786112,0.9793070518779755,-2.407019207382202
1752068080.6887243,-0.18194967700242998,0.9791551720237732,-2.4065259941101074
1752068080.6908047,-0.18185068370699883,0.9790032921695708,-2.406032780838013
1752068080.6929307,-0.18175169041156766,0.9788514123153685,-2.405539567565918
1752068080.6951237,-0.18165269711613655,0.9786995324611664,-2.405046354293823
1752068080.69732,-0.18155370382070543,0.9785476526069641,-2.4045531410217285
1752068080.6994205,-0.1814547105252743,0.9783957727527619,-2.4040599277496337
1752068080.7014647,-0.18135571722984314,0.9782438928985595,-2.403566714477539
1752068080.7035246,-0.181256723934412,0.9780920130443571,-2.4030735012054443
1752068080.7057226,-0.18115773063898086,0.977940133190155,-2.4025802879333495
1752068080.7077792,-0.18105873734354974,0.9777882533359529,-2.402087074661255
1752068080.7098536,-0.1809597440481186,0.9776363734817506,-2.40159386138916
1752068080.711854,-0.18086075075268745,0.9774844936275482,-2.4011006481170654
1752068080.7140546,-0.1807617574572563,0.9773326137733459,-2.4006074348449706
1752068080.7162704,-0.18066276416182517,0.9771807339191436,-2.400114221572876
1752068080.7184033,-0.18056377086639405,0.9770288540649414,-2.399621008300781
1752068080.7204585,-0.18046477757096294,0.9768769742107392,-2.399127795028687
1752068080.7227266,-0.18036578427553177,0.9767250943565369,-2.3986345817565917
1752068080.724731,-0.18026679098010062,0.9765732145023345,-2.398141368484497
1752068080.7266912,-0.18016779768466948,0.9764213346481323,-2.3976481552124023
1752068080.728844,-0.18006880438923836,0.97626945479393,-2.3971549419403075
1752068080.7309952,-0.17996981109380725,0.9761175749397278,-2.396661728668213
1752068080.7331643,-0.17987081779837608,0.9759656950855254,-2.396168515396118
1752068080.7353237,-0.17977182450294493,0.9758138152313232,-2.3956753021240234
1752068080.737393,-0.17967283120751382,0.9756619353771209,-2.3951820888519286
1752068080.7394667,-0.17957383791208267,0.9755100555229188,-2.394688875579834
1752068080.7415702,-0.17947484461665156,0.9753581756687165,-2.3941956623077396
1752068080.7435133,-0.1793758513212204,0.9752062958145142,-2.3937024490356444
1752068080.7455924,-0.17927685802578924,0.9750544159603118,-2.3932092357635497
1752068080.7477386,-0.17917786473035813,0.9749025361061097,-2.392716022491455
1752068080.7498877,-0.17907887143492698,0.9747506562519074,-2.3922228092193603
1752068080.7520473,-0.17897987813949587,0.9745987763977051,-2.3917295959472655
1752068080.7542248,-0.17888088484406472,0.9744468965435028,-2.391236382675171
1752068080.7563987,-0.17878189154863355,0.9742950166893005,-2.390743169403076
1752068080.7585196,-0.17868289825320244,0.9741431368350982,-2.3902499561309813
1752068080.7604053,-0.1785839049577713,0.973991256980896,-2.3897567428588866
1752068080.7624605,-0.17848491166234018,0.9738393771266938,-2.3892635295867923
1752068080.7645226,-0.17838591836690904,0.9736874972724914,-2.388770316314697
1752068080.766581,-0.17828692507147786,0.9735356174182891,-2.3882771030426024
1752068080.7687304,-0.17818793177604675,0.9733837375640868,-2.3877838897705077
1752068080.770876,-0.17808893848061563,0.9732318577098846,-2.387290676498413
1752068080.773175,-0.1779899451851845,0.9730799778556823,-2.3867974632263182
1752068080.7751179,-0.17789095188975335,0.9729280980014801,-2.3863042499542235
1752068080.7771943,-0.17779195859432217,0.9727762181472777,-2.385811036682129
1752068080.7793627,-0.17769296529889106,0.9726243382930755,-2.385317823410034
1752068080.7814105,-0.17759397200345994,0.9724724584388733,-2.3848246101379393
1752068080.783462,-0.1774949787080288,0.9723205785846711,-2.384331396865845
1752068080.7855227,-0.17739598541259766,0.9721686987304687,-2.38383818359375
1752068080.787616,-0.1772969921171665,0.9720168188762665,-2.383344970321655
1752068080.789813,-0.17719799882173537,0.9718649390220642,-2.3828517570495604
1752068080.7918677,-0.17709900552630425,0.971713059167862,-2.3823585437774657
1752068080.7939632,-0.1770000122308731,0.9715611793136597,-2.381865330505371
1752068080.7961369,-0.17690101893544197,0.9714092994594574,-2.3813721172332762
1752068080.798285,-0.17680202564001082,0.971257419605255,-2.3808789039611815
1752068080.8003314,-0.17670303234457968,0.9711055397510527,-2.380385690689087
1752068080.8024151,-0.17660403904914856,0.9709536598968506,-2.379892477416992
1752068080.8044827,-0.17650504575371745,0.9708017800426483,-2.3793992641448978
1752068080.80666,-0.17640605245828628,0.970649900188446,-2.3789060508728026
1752068080.8087404,-0.17630705916285513,0.9704980203342437,-2.378412837600708
1752068080.8107786,-0.176208065867424,0.9703461404800414,-2.377919624328613
1752068080.8129237,-0.17610907257199288,0.9701942606258392,-2.3774264110565184
1752068080.8150764,-0.17601007927656176,0.9700423807716371,-2.3769331977844237
1752068080.81725,-0.1759110859811306,0.9698905009174348,-2.376439984512329
1752068080.8193986,-0.17581209268569944,0.9697386210632324,-2.3759467712402342
1752068080.821446,-0.17571309939026833,0.9695867412090301,-2.3754535579681395
1752068080.8236475,-0.17561410609483719,0.9694348613548279,-2.374960344696045
1752068080.8255703,-0.17551511279940607,0.9692829815006256,-2.3744671314239505
1752068080.827603,-0.1754161195039749,0.9691311016464234,-2.3739739181518553
1752068080.8297544,-0.17531712620854376,0.968979221792221,-2.3734807048797606
1752068080.831897,-0.17521813291311264,0.9688273419380187,-2.372987491607666
1752068080.8340476,-0.1751191396176815,0.9686754620838165,-2.372494278335571
1752068080.8362305,-0.17502014632225038,0.9685235822296143,-2.3720010650634764
1752068080.8383937,-0.17492115302681924,0.9683717023754119,-2.3715078517913817
1752068080.8404644,-0.17482215973138807,0.9682198225212096,-2.371014638519287
1752068080.8424916,-0.17472316643595695,0.9680679426670074,-2.3705214252471922
1752068080.844521,-0.1746241731405258,0.9679160628128052,-2.3700282119750975
1752068080.8465793,-0.1745251798450947,0.9677641829586029,-2.369534998703003
1752068080.8486388,-0.17442618654966355,0.9676123031044006,-2.369041785430908
1752068080.8507833,-0.1743271932542324,0.9674604232501984,-2.3685485721588133
1752068080.8529327,-0.17422819995880126,0.967308543395996,-2.3680553588867186
1752068080.855121,-0.17412920666337015,0.9671566635417939,-2.367562145614624
1752068080.857198,-0.174030213367939,0.9670047836875917,-2.3670689323425296
1752068080.8591533,-0.17393122007250786,0.9668529038333893,-2.3665757190704344
1752068080.861304,-0.17383222677707671,0.966701023979187,-2.36608250579834
1752068080.8633614,-0.17373323348164557,0.9665491441249847,-2.365589292526245
1752068080.8654258,-0.17363424018621446,0.9663972642707824,-2.36509607925415
1752068080.8674803,-0.1735352468907833,0.9662453844165803,-2.364602865982056
1752068080.8695395,-0.17343625359535217,0.966093504562378,-2.3641096527099608
1752068080.871641,-0.17333726029992105,0.9659416247081756,-2.363616439437866
1752068080.8737705,-0.17323826700448988,0.9657897448539733,-2.3631232261657713
1752068080.8758636,-0.17313927370905877,0.9656378649997711,-2.3626300128936766
1752068080.8779752,-0.17304028041362762,0.9654859851455688,-2.3621367996215823
1752068080.8801575,-0.17294128711819648,0.9653341052913665,-2.361643586349487
1752068080.8823056,-0.17284229382276536,0.9651822254371643,-2.361150373077393
1752068080.8843486,-0.1727433005273342,0.9650303455829619,-2.3606571598052977
1752068080.886426,-0.17264430723190308,0.9648784657287598,-2.360163946533203
1752068080.8885615,-0.17254531393647196,0.9647265858745576,-2.3596707332611087
1752068080.8906078,-0.1724463206410408,0.9645747060203552,-2.3591775199890135
1752068080.8926272,-0.17234732734560967,0.9644228261661529,-2.3586843067169188
1752068080.8947597,-0.1722483340501785,0.9642709463119506,-2.358191093444824
1752068080.896913,-0.1721493407547474,0.9641190664577484,-2.3576978801727293
1752068080.8990645,-0.17205034745931627,0.9639671866035462,-2.357204666900635
1752068080.9012387,-0.1719513541638851,0.9638153067493438,-2.35671145362854
1752068080.9033444,-0.17185236086845398,0.9636634268951416,-2.3562182403564456
1752068080.9054005,-0.17175336757302284,0.9635115470409392,-2.3557250270843504
1752068080.9074435,-0.1716543742775917,0.963359667186737,-2.3552318138122557
1752068080.909468,-0.17155538098216058,0.9632077873325349,-2.3547386005401614
1752068080.9115255,-0.17145638768672944,0.9630559074783326,-2.3542453872680666
1752068080.9135852,-0.1713573943912983,0.9629040276241302,-2.3537521739959715
1752068080.9157326,-0.17125840109586715,0.9627521477699279,-2.3532589607238767
1752068080.917889,-0.171159407800436,0.9626002679157256,-2.352765747451782
1752068080.9200459,-0.1710604145050049,0.9624483880615234,-2.3522725341796877
1752068080.9224412,-0.17096142120957378,0.9622965082073213,-2.351779320907593
1752068080.9243605,-0.1708624279141426,0.962144628353119,-2.3512861076354983
1752068080.9264164,-0.17076343461871146,0.9619927484989166,-2.350792894363403
1752068080.9284663,-0.17066444132328032,0.9618408686447144,-2.3502996810913084
1752068080.9305272,-0.1705654480278492,0.9616889887905121,-2.349806467819214
1752068080.9325857,-0.1704664547324181,0.9615371089363098,-2.3493132545471194
1752068080.934733,-0.17036746143698692,0.9613852290821076,-2.348820041275024
1752068080.9368486,-0.17026846814155577,0.9612333492279053,-2.3483268280029295
1752068080.9390578,-0.17016947484612466,0.961081469373703,-2.3478336147308347
1752068080.9411116,-0.17007048155069351,0.9609295895195007,-2.3473404014587405
1752068080.9431953,-0.1699714882552624,0.9607777096652985,-2.3468471881866457
1752068080.945313,-0.16987249495983123,0.9606258298110961,-2.346353974914551
1752068080.9480593,-0.16977350166440008,0.9604739499568938,-2.345860761642456
1752068080.9523966,-0.16967450836896897,0.9603220701026915,-2.345367548370361
1752068080.9569852,-0.16957551507353782,0.9601701902484894,-2.344874335098267
1752068080.9617178,-0.1694765217781067,0.9600183103942871,-2.344381121826172
1752068080.9645739,-0.16937752848267557,0.9598664305400848,-2.343887908554077
1752068080.9671981,-0.1692785351872444,0.9597145506858824,-2.343394695281982
1752068080.9692883,-0.16917954189181328,0.9595626708316803,-2.3429014820098875
1752068080.9714496,-0.16908054859638214,0.9594107909774781,-2.342408268737793
1752068080.973451,-0.16898155530095102,0.9592589111232759,-2.3419150554656984
1752068080.9755816,-0.16888256200551988,0.9591070312690735,-2.3414218421936037
1752068080.9774926,-0.1687835687100887,0.9589551514148712,-2.3409286289215085
1752068080.9795678,-0.1686845754146576,0.9588032715606689,-2.340435415649414
1752068080.9816394,-0.16858558211922647,0.9586513917064667,-2.339942202377319
1752068080.983645,-0.16848658882379533,0.9584995118522645,-2.339448989105225
1752068080.9857745,-0.1683875955283642,0.9583476319980622,-2.3389557758331296
1752068080.9878595,-0.16828860223293302,0.9581957521438598,-2.338462562561035
1752068080.990081,-0.1681896089375019,0.9580438722896576,-2.3379693492889406
1752068080.9919987,-0.16809061564207078,0.9578919924354553,-2.337476136016846
1752068080.9940872,-0.16799162234663964,0.957740112581253,-2.336982922744751
1752068080.9962292,-0.1678926290512085,0.9575882327270507,-2.3364897094726564
1752068080.9983728,-0.16779363575577735,0.9574363528728485,-2.3359964962005613
1752068081.0004325,-0.1676946424603462,0.9572844730186462,-2.3355032829284665
1752068081.0024824,-0.1675956491649151,0.957132593164444,-2.335010069656372
1752068081.0046246,-0.16749665586948395,0.9569807133102418,-2.3345168563842775
1752068081.0067096,-0.1673976625740528,0.9568288334560394,-2.3340236431121824
1752068081.0088356,-0.16729866927862166,0.9566769536018371,-2.3335304298400876
1752068081.010952,-0.16719967598319052,0.956525073747635,-2.3330372165679933
1752068081.013156,-0.1671006826877594,0.9563731938934327,-2.3325440032958986
1752068081.0153534,-0.1670016893923283,0.9562213140392304,-2.332050790023804
1752068081.0174124,-0.16690269609689712,0.9560694341850281,-2.331557576751709
1752068081.019471,-0.16680370280146598,0.9559175543308257,-2.331064363479614
1752068081.021573,-0.16670470950603483,0.9557656744766235,-2.3305711502075193
1752068081.023803,-0.16660571621060372,0.9556137946224212,-2.3300779369354245
1752068081.025846,-0.1665067229151726,0.9554619147682191,-2.3295847236633302
1752068081.0280316,-0.16640772961974143,0.9553100349140167,-2.329091510391235
1752068081.0302348,-0.16630873632431029,0.9551581550598144,-2.3285982971191403
1752068081.032286,-0.16620974302887917,0.9550062752056121,-2.328105083847046
1752068081.0344114,-0.16611074973344803,0.9548543953514099,-2.3276118705749513
1752068081.0364704,-0.1660117564380169,0.9547025154972076,-2.3271186573028566
1752068081.0387075,-0.16591276314258574,0.9545506356430054,-2.326625444030762
1752068081.040756,-0.1658137698471546,0.954398755788803,-2.3261322307586667
1752068081.0428739,-0.16571477655172348,0.9542468759346009,-2.325639017486572
1752068081.0450363,-0.16561578325629234,0.9540949960803986,-2.3251458042144773
1752068081.0471363,-0.16551678996086122,0.9539431162261964,-2.324652590942383
1752068081.0493333,-0.16541779666543008,0.953791236371994,-2.3241593776702882
1752068081.0514107,-0.1653188033699989,0.9536393565177916,-2.323666164398193
1752068081.0534706,-0.1652198100745678,0.9534874766635895,-2.3231729511260983
1752068081.055613,-0.16512081677913665,0.9533355968093872,-2.322679737854004
1752068081.0577493,-0.16502182348370553,0.953183716955185,-2.3221865245819093
1752068081.0598373,-0.1649228301882744,0.9530318371009826,-2.321693311309814
1752068081.0620265,-0.16482383689284322,0.9528799572467803,-2.3212000980377194
1752068081.0642395,-0.1647248435974121,0.952728077392578,-2.3207068847656247
1752068081.0664103,-0.16462585030198099,0.9525761975383759,-2.32021367149353
1752068081.0684636,-0.16452685700654984,0.9524243176841736,-2.3197204582214357
1752068081.0705247,-0.1644278637111187,0.9522724378299713,-2.319227244949341
1752068081.0726807,-0.16432887041568756,0.9521205579757689,-2.318734031677246
1752068081.0748503,-0.1642298771202564,0.9519686781215666,-2.318240818405151
1752068081.0769382,-0.1641308838248253,0.9518167982673645,-2.3177476051330568
1752068081.0791261,-0.16403189052939415,0.9516649184131623,-2.317254391860962
1752068081.0813248,-0.163932897233963,0.95151303855896,-2.316761178588867
1752068081.0834079,-0.16383390393853187,0.9513611587047577,-2.316267965316772
1752068081.0854623,-0.16373491064310072,0.9512092788505554,-2.3157747520446774
1752068081.087544,-0.1636359173476696,0.9510573989963531,-2.3152815387725827
1752068081.0898108,-0.1635369240522385,0.9509055191421509,-2.3147883255004884
1752068081.0918376,-0.16343793075680732,0.9507536392879485,-2.3142951122283937
1752068081.093887,-0.16333893746137618,0.9506017594337463,-2.3138018989562985
1752068081.0960972,-0.16323994416594503,0.950449879579544,-2.313308685684204
1752068081.0982914,-0.16314095087051392,0.9502979997253418,-2.3128154724121095
1752068081.1003385,-0.1630419575750828,0.9501461198711396,-2.3123222591400148
1752068081.1024313,-0.16294296427965163,0.9499942400169372,-2.3118290458679196
1752068081.1045198,-0.1628439709842205,0.9498423601627348,-2.311335832595825
1752068081.1067631,-0.16274497768878937,0.9496904803085326,-2.31084261932373
1752068081.1088152,-0.16264598439335823,0.9495386004543304,-2.310349406051636
1752068081.1109066,-0.1625469910979271,0.9493867206001282,-2.309856192779541
1752068081.1131213,-0.16244799780249594,0.9492348407459258,-2.3093629795074464
1752068081.1153157,-0.16234900450706483,0.9490829608917237,-2.3088697662353517
1752068081.117408,-0.16225001121163368,0.9489310810375213,-2.3083765529632565
1752068081.119466,-0.16215101791620254,0.9487792011833192,-2.307883339691162
1752068081.1216273,-0.16205202462077142,0.9486273213291169,-2.3073901264190675
1752068081.123684,-0.16195303132534028,0.9484754414749146,-2.3068969131469723
1752068081.1258285,-0.16185403802990914,0.9483235616207123,-2.3064036998748776
1752068081.1279924,-0.161755044734478,0.94817168176651,-2.305910486602783
1752068081.130208,-0.16165605143904685,0.9480198019123077,-2.3054172733306886
1752068081.1322858,-0.16155705814361573,0.9478679220581054,-2.304924060058594
1752068081.1344278,-0.1614580648481846,0.9477160422039032,-2.304430846786499
1752068081.1364808,-0.16135907155275345,0.9475641623497009,-2.3039376335144044
1752068081.1386113,-0.1612600782573223,0.9474122824954986,-2.303444420242309
1752068081.140769,-0.1611610849618912,0.9472604026412963,-2.302951206970215
1752068081.1428607,-0.16106209166646004,0.9471085227870941,-2.30245799369812
1752068081.1450536,-0.1609630983710289,0.9469566429328917,-2.301964780426025
1752068081.1472597,-0.16086410507559776,0.9468047630786895,-2.3014715671539303
1752068081.1494303,-0.16076511178016661,0.9466528832244872,-2.3009783538818356
1752068081.1514876,-0.1606661184847355,0.9465010033702851,-2.3004851406097413
1752068081.1535478,-0.16056712518930435,0.9463491235160828,-2.2999919273376466
1752068081.1557448,-0.1604681318938732,0.9461972436618805,-2.299498714065552
1752068081.157898,-0.1603691385984421,0.9460453638076782,-2.299005500793457
1752068081.1600156,-0.16027014530301092,0.9458934839534759,-2.298512287521362
1752068081.1622221,-0.1601711520075798,0.9457416040992737,-2.2980190742492677
1752068081.1642878,-0.16007215871214867,0.9455897242450715,-2.297525860977173
1752068081.166427,-0.15997316541671752,0.9454378443908691,-2.2970326477050778
1752068081.168478,-0.1598741721212864,0.9452859645366669,-2.2965394344329835
1752068081.170627,-0.15977517882585524,0.9451340846824645,-2.2960462211608883
1752068081.172907,-0.15967618553042412,0.9449822048282623,-2.295553007888794
1752068081.1749716,-0.159577192234993,0.94483032497406,-2.2950597946166993
1752068081.1770973,-0.15947819893956183,0.9446784451198578,-2.2945665813446046
1752068081.1792028,-0.15937920564413072,0.9445265652656555,-2.29407336807251
1752068081.1813982,-0.15928021234869955,0.9443746854114532,-2.2935801548004147
1752068081.1834245,-0.15918121905326843,0.9442228055572509,-2.2930869415283204
1752068081.1854837,-0.15908222575783731,0.9440709257030486,-2.2925937282562256
1752068081.1876044,-0.15898323246240617,0.9439190458488466,-2.2921005149841314
1752068081.1898053,-0.15888423916697503,0.9437671659946443,-2.291607301712036
1752068081.1918595,-0.15878524587154388,0.9436152861404419,-2.291114088439941
1752068081.1938698,-0.15868625257611274,0.9434634062862397,-2.2906208751678467
1752068081.1960373,-0.15858725928068163,0.9433115264320374,-2.290127661895752
1752068081.1982162,-0.15848826598525048,0.9431596465778351,-2.2896344486236573
1752068081.200303,-0.15838927268981934,0.9430077667236328,-2.2891412353515626
1752068081.20241,-0.1582902793943882,0.9428558868694306,-2.2886480220794674
1752068081.2044759,-0.15819128609895705,0.9427040070152283,-2.288154808807373
1752068081.206671,-0.15809229280352594,0.942552127161026,-2.2876615955352784
1752068081.2087379,-0.15799329950809482,0.9424002473068238,-2.287168382263184
1752068081.210694,-0.15789430621266365,0.9422483674526214,-2.286675168991089
1752068081.2128408,-0.1577953129172325,0.942096487598419,-2.2861819557189937
1752068081.2149794,-0.15769631962180136,0.9419446077442168,-2.2856887424468995
1752068081.2171252,-0.15759732632637025,0.9417927278900147,-2.2851955291748047
1752068081.2192752,-0.15749833303093913,0.9416408480358124,-2.28470231590271
1752068081.2213702,-0.15739933973550796,0.9414889681816101,-2.2842091026306153
1752068081.2235522,-0.15730034644007682,0.9413370883274077,-2.28371588935852
1752068081.2255037,-0.1572013531446457,0.9411852084732055,-2.283222676086426
1752068081.22754,-0.15710235984921456,0.9410333286190034,-2.2827294628143315
1752068081.229603,-0.15700336655378344,0.9408814487648012,-2.282236249542237
1752068081.2317388,-0.15690437325835227,0.9407295689105988,-2.2817430362701416
1752068081.2338817,-0.15680537996292113,0.9405776890563964,-2.281249822998047
1752068081.2360253,-0.15670638666749,0.9404258092021942,-2.280756609725952
1752068081.2381458,-0.15660739337205887,0.940273929347992,-2.2802633964538574
1752068081.2405438,-0.15650840007662775,0.9401220494937897,-2.2797701831817627
1752068081.242409,-0.1564094067811966,0.9399701696395875,-2.279276969909668
1752068081.2445002,-0.15631041348576544,0.9398182897853851,-2.278783756637573
1752068081.246556,-0.15621142019033432,0.9396664099311829,-2.2782905433654785
1752068081.248616,-0.15611242689490318,0.9395145300769805,-2.277797330093384
1752068081.2507577,-0.15601343359947206,0.9393626502227783,-2.2773041168212895
1752068081.2528977,-0.15591444030404092,0.939210770368576,-2.2768109035491944
1752068081.2553425,-0.15581544700860975,0.9390588905143737,-2.2763176902770996
1752068081.257143,-0.15571645371317863,0.9389070106601715,-2.275824477005005
1752068081.2592382,-0.15561746041774752,0.9387551308059692,-2.27533126373291
1752068081.2612457,-0.15551846712231637,0.938603250951767,-2.2748380504608154
1752068081.263377,-0.15541947382688523,0.9384513710975647,-2.2743448371887207
1752068081.265454,-0.15532048053145406,0.9382994912433624,-2.2738516239166255
1752068081.2674847,-0.15522148723602294,0.9381476113891603,-2.2733584106445313
1752068081.2695475,-0.15512249394059183,0.9379957315349579,-2.2728651973724365
1752068081.271659,-0.15502350064516068,0.9378438516807557,-2.2723719841003422
1752068081.273789,-0.15492450734972954,0.9376919718265533,-2.271878770828247
1752068081.2758524,-0.1548255140542984,0.937540091972351,-2.2713855575561523
1752068081.2779822,-0.15472652075886725,0.9373882121181487,-2.2708923442840576
1752068081.2801213,-0.15462752746343614,0.9372363322639465,-2.270399131011963
1752068081.2822769,-0.154528534168005,0.9370844524097444,-2.269905917739868
1752068081.2843566,-0.15442954087257385,0.936932572555542,-2.2694127044677734
1752068081.2864535,-0.1543305475771427,0.9367806927013396,-2.2689194911956783
1752068081.2885408,-0.15423155428171156,0.9366288128471374,-2.268426277923584
1752068081.2906232,-0.15413256098628045,0.9364769329929351,-2.2679330646514892
1752068081.2926455,-0.15403356769084933,0.9363250531387329,-2.267439851379395
1752068081.294724,-0.15393457439541816,0.9361731732845306,-2.2669466381073
1752068081.2968657,-0.15383558109998702,0.9360212934303282,-2.266453424835205
1752068081.299002,-0.15373658780455587,0.9358694135761261,-2.2659602115631103
1752068081.301136,-0.15363759450912476,0.9357175337219239,-2.2654669982910156
1752068081.3032777,-0.15353860121369364,0.9355656538677216,-2.264973785018921
1752068081.3054569,-0.15343960791826247,0.9354137740135193,-2.264480571746826
1752068081.307572,-0.15334061462283133,0.9352618941593169,-2.263987358474731
1752068081.3095503,-0.1532416213274002,0.9351100143051148,-2.2634941452026367
1752068081.3116076,-0.15314262803196907,0.9349581344509125,-2.263000931930542
1752068081.3136907,-0.15304363473653795,0.9348062545967102,-2.2625077186584477
1752068081.3158224,-0.15294464144110678,0.9346543747425079,-2.2620145053863525
1752068081.3179543,-0.15284564814567564,0.9345024948883056,-2.261521292114258
1752068081.3200922,-0.15274665485024452,0.9343506150341033,-2.261028078842163
1752068081.322318,-0.15264766155481338,0.934198735179901,-2.2605348655700683
1752068081.324381,-0.15254866825938226,0.9340468553256989,-2.2600416522979736
1752068081.3264382,-0.15244967496395112,0.9338949754714965,-2.259548439025879
1752068081.3284967,-0.15235068166851995,0.9337430956172942,-2.2590552257537837
1752068081.3305595,-0.15225168837308883,0.9335912157630919,-2.258562012481689
1752068081.332621,-0.1521526950776577,0.9334393359088897,-2.2580687992095947
1752068081.3347535,-0.15205370178222657,0.9332874560546875,-2.2575755859375004
1752068081.3368633,-0.15195470848679543,0.9331355762004853,-2.2570823726654052
1752068081.3389919,-0.15185571519136426,0.932983696346283,-2.2565891593933105
1752068081.341156,-0.15175672189593314,0.9328318164920806,-2.256095946121216
1752068081.3431633,-0.15165772860050203,0.9326799366378784,-2.255602732849121
1752068081.3453083,-0.15155873530507089,0.9325280567836762,-2.2551095195770268
1752068081.3474445,-0.15145974200963974,0.9323761769294738,-2.2546163063049316
1752068081.3494914,-0.15136074871420857,0.9322242970752715,-2.2541230930328364
1752068081.3515565,-0.15126175541877745,0.9320724172210693,-2.253629879760742
1752068081.3536177,-0.15116276212334634,0.9319205373668671,-2.2531366664886474
1752068081.355785,-0.1510637688279152,0.9317686575126648,-2.252643453216553
1752068081.3578885,-0.15096477553248405,0.9316167776584625,-2.252150239944458
1752068081.3599432,-0.1508657822370529,0.9314648978042601,-2.2516570266723632
1752068081.362078,-0.15076678894162177,0.9313130179500579,-2.2511638134002685
1752068081.364223,-0.15066779564619065,0.9311611380958557,-2.2506706001281738
1752068081.366356,-0.1505688023507595,0.9310092582416534,-2.2501773868560795
1752068081.3684523,-0.15046980905532836,0.9308573783874511,-2.2496841735839843
1752068081.3705034,-0.15037081575989722,0.9307054985332488,-2.249190960311889
1752068081.3727493,-0.15027182246446608,0.9305536186790466,-2.248697747039795
1752068081.3746972,-0.15017282916903496,0.9304017388248444,-2.2482045337677
1752068081.376767,-0.15007383587360384,0.9302498589706422,-2.247711320495606
1752068081.3789074,-0.14997484257817267,0.9300979791164399,-2.2472181072235107
1752068081.3810444,-0.14987584928274156,0.9299460992622375,-2.246724893951416
1752068081.3831818,-0.1497768559873104,0.9297942194080353,-2.246231680679321
1752068081.385319,-0.14967786269187927,0.929642339553833,-2.2457384674072265
1752068081.3874207,-0.14957886939644816,0.9294904596996307,-2.245245254135132
1752068081.3895755,-0.14947987610101698,0.9293385798454284,-2.244752040863037
1752068081.3916209,-0.14938088280558587,0.9291866999912262,-2.2442588275909428
1752068081.393629,-0.14928188951015472,0.9290348201370238,-2.2437656143188476
1752068081.395709,-0.14918289621472358,0.9288829402828216,-2.243272401046753
1752068081.3978434,-0.14908390291929247,0.9287310604286194,-2.2427791877746586
1752068081.3999774,-0.1489849096238613,0.928579180574417,-2.2422859745025634
1752068081.4021137,-0.14888591632843018,0.9284273007202148,-2.2417927612304687
1752068081.4042816,-0.14878692303299904,0.9282754208660124,-2.241299547958374
1752068081.4065273,-0.1486879297375679,0.9281235410118103,-2.240806334686279
1752068081.4084692,-0.14858893644213678,0.9279716611576081,-2.240313121414185
1752068081.4104874,-0.14848994314670563,0.9278197813034057,-2.23981990814209
1752068081.4125507,-0.1483909498512745,0.9276679014492035,-2.2393266948699955
1752068081.4146097,-0.14829195655584335,0.9275160215950011,-2.2388334815979003
1752068081.4167392,-0.1481929632604122,0.927364141740799,-2.2383402683258056
1752068081.4188771,-0.1480939699649811,0.9272122618865968,-2.2378470550537113
1752068081.42104,-0.14799497666954994,0.9270603820323944,-2.237353841781616
1752068081.423224,-0.1478959833741188,0.9269085021781922,-2.2368606285095214
1752068081.4253724,-0.14779699007868766,0.9267566223239898,-2.2363674152374267
1752068081.427382,-0.14769799678325654,0.9266047424697876,-2.235874201965332
1752068081.4294696,-0.1475990034878254,0.9264528626155853,-2.2353809886932376
1752068081.4314976,-0.14750001019239425,0.9263009827613831,-2.234887775421143
1752068081.43356,-0.1474010168969631,0.9261491029071807,-2.234394562149048
1752068081.4356222,-0.14730202360153197,0.9259972230529785,-2.233901348876953
1752068081.4378264,-0.14720303030610085,0.9258453431987762,-2.2334081356048583
1752068081.439963,-0.1471040370106697,0.9256934633445739,-2.232914922332764
1752068081.4419487,-0.14700504371523856,0.9255415834903716,-2.232421709060669
1752068081.4440544,-0.14690605041980745,0.9253897036361695,-2.231928495788574
1752068081.4461992,-0.14680705712437628,0.9252378237819672,-2.2314352825164794
1752068081.4483042,-0.14670806382894516,0.9250859439277649,-2.2309420692443847
1752068081.4503956,-0.14660907053351402,0.9249340640735627,-2.2304488559722904
1752068081.4524946,-0.1465100772380829,0.9247821842193604,-2.2299556427001956
1752068081.4545846,-0.14641108394265176,0.924630304365158,-2.229462429428101
1752068081.4567719,-0.1463120906472206,0.9244784245109557,-2.2289692161560057
1752068081.4588223,-0.14621309735178947,0.9243265446567535,-2.228476002883911
1752068081.4609163,-0.14611410405635836,0.9241746648025513,-2.2279827896118167
1752068081.4630518,-0.1460151107609272,0.9240227849483491,-2.227489576339722
1752068081.4651976,-0.14591611746549607,0.9238709050941467,-2.226996363067627
1752068081.4673345,-0.1458171241700649,0.9237190252399443,-2.226503149795532
1752068081.4694684,-0.14571813087463378,0.9235671453857421,-2.226009936523438
1752068081.4715126,-0.14561913757920267,0.92341526553154,-2.225516723251343
1752068081.4736888,-0.14552014428377152,0.9232633856773377,-2.2250235099792484
1752068081.4757197,-0.14542115098834038,0.9231115058231354,-2.2245302967071536
1752068081.4777741,-0.14532215769290924,0.922959625968933,-2.2240370834350585
1752068081.4799194,-0.1452231643974781,0.9228077461147308,-2.2235438701629637
1752068081.4820566,-0.14512417110204698,0.9226558662605286,-2.2230506568908694
1752068081.4841993,-0.14502517780661583,0.9225039864063264,-2.2225574436187747
1752068081.4863324,-0.1449261845111847,0.9223521065521241,-2.2220642303466795
1752068081.4884634,-0.14482719121575355,0.9222002266979217,-2.221571017074585
1752068081.4905992,-0.1447281979203224,0.9220483468437195,-2.2210778038024905
1752068081.4925828,-0.1446292046248913,0.9218964669895173,-2.220584590530396
1752068081.494622,-0.14453021132946017,0.9217445871353149,-2.220091377258301
1752068081.4967148,-0.144431218034029,0.9215927072811126,-2.2195981639862064
1752068081.4988508,-0.14433222473859786,0.9214408274269104,-2.219104950714111
1752068081.5009906,-0.14423323144316674,0.9212889475727081,-2.2186117374420165
1752068081.503128,-0.1441342381477356,0.9211370677185059,-2.218118524169922
1752068081.5053773,-0.14403524485230448,0.9209851878643036,-2.2176253108978274
1752068081.5074074,-0.1439362515568733,0.9208333080101012,-2.2171320976257323
1752068081.509469,-0.14383725826144217,0.9206814281558989,-2.2166388843536375
1752068081.511507,-0.14373826496601105,0.9205295483016966,-2.2161456710815433
1752068081.5135694,-0.1436392716705799,0.9203776684474945,-2.2156524578094485
1752068081.5156298,-0.1435402783751488,0.9202257885932923,-2.215159244537354
1752068081.517762,-0.14344128507971765,0.92007390873909,-2.214666031265259
1752068081.5198967,-0.14334229178428648,0.9199220288848877,-2.214172817993164
1752068081.5220828,-0.14324329848885536,0.9197701490306854,-2.213679604721069
1752068081.5241907,-0.14314430519342422,0.9196182691764831,-2.2131863914489744
1752068081.5262291,-0.1430453118979931,0.919466389322281,-2.21269317817688
1752068081.5283213,-0.14294631860256196,0.9193145094680786,-2.2121999649047854
1752068081.5304496,-0.1428473253071308,0.9191626296138763,-2.2117067516326903
1752068081.5324883,-0.14274833201169967,0.919010749759674,-2.211213538360596
1752068081.5345464,-0.14264933871626856,0.9188588699054718,-2.2107203250885012
1752068081.5366123,-0.14255034542083742,0.9187069900512695,-2.2102271118164065
1752068081.5387087,-0.14245135212540627,0.9185551101970673,-2.209733898544312
1752068081.5409184,-0.1423523588299751,0.9184032303428649,-2.2092406852722166
1752068081.5429442,-0.14225336553454399,0.9182513504886627,-2.208747472000122
1752068081.5450618,-0.14215437223911287,0.9180994706344604,-2.208254258728027
1752068081.547201,-0.14205537894368173,0.9179475907802581,-2.207761045455933
1752068081.5493264,-0.14195638564825058,0.9177957109260558,-2.207267832183838
1752068081.5514128,-0.14185739235281944,0.9176438310718535,-2.206774618911743
1752068081.5534947,-0.1417583990573883,0.9174919512176513,-2.2062814056396487
1752068081.5556383,-0.14165940576195718,0.9173400713634492,-2.205788192367554
1752068081.5576987,-0.14156041246652604,0.9171881915092469,-2.2052949790954592
1752068081.5597634,-0.1414614191710949,0.9170363116550446,-2.2048017658233645
1752068081.5618556,-0.14136242587566375,0.9168844318008422,-2.2043085525512693
1752068081.5639977,-0.1412634325802326,0.91673255194664,-2.2038153392791746
1752068081.5661385,-0.1411644392848015,0.9165806720924378,-2.20332212600708
1752068081.568294,-0.14106544598937037,0.9164287922382355,-2.2028289127349856
1752068081.5703967,-0.1409664526939392,0.9162769123840332,-2.202335699462891
1752068081.5726066,-0.14086745939850806,0.9161250325298309,-2.2018424861907957
1752068081.5746791,-0.14076846610307692,0.9159731526756286,-2.2013492729187014
1752068081.5766542,-0.1406694728076458,0.9158212728214263,-2.2008560596466067
1752068081.5787818,-0.14057047951221469,0.9156693929672242,-2.200362846374512
1752068081.5809038,-0.14047148621678351,0.9155175131130218,-2.1998696331024172
1752068081.5830364,-0.14037249292135237,0.9153656332588195,-2.199376419830322
1752068081.585171,-0.14027349962592126,0.9152137534046172,-2.1988832065582273
1752068081.5873165,-0.1401745063304901,0.915061873550415,-2.198389993286133
1752068081.589525,-0.140075513035059,0.9149099936962128,-2.1978967800140383
1752068081.5915573,-0.13997651973962782,0.9147581138420104,-2.1974035667419436
1752068081.593515,-0.13987752644419668,0.9146062339878083,-2.1969103534698484
1752068081.595571,-0.13977853314876557,0.9144543541336059,-2.1964171401977537
1752068081.597631,-0.13967953985333442,0.9143024742794037,-2.1959239269256594
1752068081.5997648,-0.1395805465579033,0.9141505944252015,-2.1954307136535647
1752068081.601899,-0.13948155326247216,0.9139987145709991,-2.19493750038147
1752068081.6040125,-0.139382559967041,0.9138468347167967,-2.194444287109375
1752068081.6062999,-0.13928356667160988,0.9136949548625946,-2.19395107383728
1752068081.6082911,-0.13918457337617873,0.9135430750083924,-2.1934578605651858
1752068081.610376,-0.13908558008074762,0.9133911951541901,-2.192964647293091
1752068081.6124942,-0.13898658678531647,0.9132393152999878,-2.1924714340209963
1752068081.6145554,-0.1388875934898853,0.9130874354457854,-2.191978220748901
1752068081.616616,-0.1387886001944542,0.9129355555915832,-2.1914850074768064
1752068081.6187472,-0.13868960689902307,0.912783675737381,-2.190991794204712
1752068081.620896,-0.13859061360359193,0.9126317958831787,-2.1904985809326174
1752068081.623085,-0.13849162030816078,0.9124799160289764,-2.1900053676605227
1752068081.6252265,-0.1383926270127296,0.9123280361747741,-2.1895121543884275
1752068081.627288,-0.1382936337172985,0.9121761563205719,-2.1890189411163328
1752068081.6294236,-0.13819464042186738,0.9120242764663696,-2.1885257278442385
1752068081.6314847,-0.13809564712643624,0.9118723966121675,-2.1880325145721438
1752068081.6335492,-0.1379966538310051,0.9117205167579652,-2.187539301300049
1752068081.6356258,-0.13789766053557395,0.9115686369037628,-2.187046088027954
1752068081.6377487,-0.1377986672401428,0.9114167570495605,-2.186552874755859
1752068081.639905,-0.1376996739447117,0.9112648771953582,-2.186059661483765
1752068081.6419601,-0.13760068064928055,0.911112997341156,-2.18556644821167
1752068081.6440032,-0.1375016873538494,0.9109611174869536,-2.1850732349395754
1752068081.646136,-0.1374026940584183,0.9108092376327515,-2.1845800216674807
1752068081.6482756,-0.13730370076298712,0.9106573577785491,-2.1840868083953855
1752068081.650409,-0.137204707467556,0.9105054779243469,-2.183593595123291
1752068081.6524796,-0.1371057141721249,0.9103535980701447,-2.1831003818511965
1752068081.6545582,-0.13700672087669372,0.9102017182159423,-2.1826071685791018
1752068081.6566958,-0.1369077275812626,0.9100498383617401,-2.182113955307007
1752068081.6588128,-0.13680873428583143,0.9098979585075377,-2.181620742034912
1752068081.6608572,-0.1367097409904003,0.9097460786533356,-2.1811275287628176
1752068081.6629941,-0.1366107476949692,0.9095941987991334,-2.180634315490723
1752068081.6651301,-0.13651175439953803,0.909442318944931,-2.180141102218628
1752068081.6672738,-0.1364127611041069,0.9092904390907288,-2.1796478889465334
1752068081.66941,-0.13631376780867577,0.9091385592365264,-2.179154675674438
1752068081.671519,-0.13621477451324462,0.9089866793823242,-2.178661462402344
1752068081.6737165,-0.1361157812178135,0.9088347995281221,-2.178168249130249
1752068081.6756654,-0.13601678792238234,0.9086829196739197,-2.1776750358581545
1752068081.6777782,-0.13591779462695122,0.9085310398197174,-2.1771818225860597
1752068081.6799185,-0.13581880133152008,0.9083791599655151,-2.1766886093139646
1752068081.682055,-0.13571980803608893,0.9082272801113128,-2.1761953960418703
1752068081.6841996,-0.13562081474065782,0.9080754002571106,-2.1757021827697756
1752068081.6863341,-0.13552182144522668,0.9079235204029084,-2.175208969497681
1752068081.6885285,-0.13542282814979553,0.907771640548706,-2.174715756225586
1752068081.6905453,-0.1353238348543644,0.9076197606945037,-2.174222542953491
1752068081.692584,-0.13522484155893325,0.9074678808403014,-2.1737293296813966
1752068081.6946173,-0.13512584826350213,0.9073160009860992,-2.173236116409302
1752068081.6967537,-0.135026854968071,0.9071641211318968,-2.172742903137207
1752068081.6988893,-0.13492786167263984,0.9070122412776948,-2.1722496898651125
1752068081.7010279,-0.1348288683772087,0.9068603614234925,-2.1717564765930173
1752068081.7031662,-0.13472987508177758,0.9067084815692902,-2.171263263320923
1752068081.705341,-0.13463088178634644,0.9065566017150879,-2.1707700500488283
1752068081.7074382,-0.13453188849091532,0.9064047218608857,-2.1702768367767336
1752068081.7095141,-0.13443289519548415,0.9062528420066833,-2.169783623504639
1752068081.7115657,-0.134333901900053,0.906100962152481,-2.169290410232544
1752068081.713628,-0.1342349086046219,0.9059490822982788,-2.1687971969604494
1752068081.7157595,-0.13413591530919075,0.9057972024440766,-2.1683039836883546
1752068081.7178955,-0.13403692201375964,0.9056453225898743,-2.16781077041626
1752068081.7200315,-0.1339379287183285,0.905493442735672,-2.167317557144165
1752068081.722287,-0.13383893542289732,0.9053415628814696,-2.16682434387207
1752068081.7243214,-0.1337399421274662,0.9051896830272674,-2.1663311305999757
1752068081.7263708,-0.13364094883203506,0.9050378031730653,-2.165837917327881
1752068081.7284524,-0.13354195553660395,0.9048859233188629,-2.1653447040557863
1752068081.7304862,-0.1334429622411728,0.9047340434646606,-2.1648514907836915
1752068081.7325501,-0.13334396894574163,0.9045821636104583,-2.164358277511597
1752068081.734611,-0.13324497565031052,0.904430283756256,-2.163865064239502
1752068081.7367458,-0.1331459823548794,0.9042784039020539,-2.1633718509674074
1752068081.7388887,-0.13304698905944826,0.9041265240478517,-2.1628786376953126
1752068081.741045,-0.1329479957640171,0.9039746441936494,-2.162385424423218
1752068081.7431254,-0.13284900246858594,0.903822764339447,-2.1618922111511227
1752068081.7452495,-0.13275000917315483,0.9036708844852448,-2.1613989978790284
1752068081.747383,-0.1326510158777237,0.9035190046310425,-2.1609057846069337
1752068081.749473,-0.13255202258229257,0.9033671247768402,-2.160412571334839
1752068081.7514958,-0.13245302928686142,0.9032152449226379,-2.1599193580627443
1752068081.7535589,-0.13235403599143028,0.9030633650684357,-2.1594261447906495
1752068081.7557056,-0.13225504269599914,0.9029114852142334,-2.158932931518555
1752068081.7577968,-0.13215604940056802,0.9027596053600311,-2.15843971824646
1752068081.759878,-0.13205705610513688,0.9026077255058289,-2.1579465049743654
1752068081.7620037,-0.13195806280970573,0.9024558456516265,-2.1574532917022706
1752068081.7641413,-0.1318590695142746,0.9023039657974242,-2.1569600784301755
1752068081.766287,-0.13176007621884345,0.9021520859432219,-2.156466865158081
1752068081.7684278,-0.13166108292341233,0.9020002060890198,-2.1559736518859864
1752068081.7705398,-0.13156208962798122,0.9018483262348176,-2.1554804386138917
1752068081.7728033,-0.13146309633255004,0.9016964463806152,-2.154987225341797
1752068081.774826,-0.1313641030371189,0.901544566526413,-2.1544940120697023
1752068081.776846,-0.13126510974168776,0.9013926866722107,-2.1540007987976075
1752068081.778986,-0.13116611644625664,0.9012408068180084,-2.153507585525513
1752068081.7811198,-0.13106712315082553,0.9010889269638063,-2.153014372253418
1752068081.7832212,-0.13096812985539436,0.9009370471096039,-2.1525211589813233
1752068081.7853603,-0.1308691365599632,0.9007851672554015,-2.152027945709228
1752068081.787456,-0.1307701432645321,0.9006332874011993,-2.151534732437134
1752068081.7895775,-0.13067114996910095,0.9004814075469971,-2.151041519165039
1752068081.7916465,-0.13057215667366984,0.9003295276927948,-2.1505483058929444
1752068081.7936313,-0.13047316337823867,0.9001776478385926,-2.1500550926208497
1752068081.7957542,-0.13037417008280752,0.9000257679843902,-2.149561879348755
1752068081.797893,-0.1302751767873764,0.899873888130188,-2.1490686660766603
1752068081.8000278,-0.13017618349194526,0.8997220082759857,-2.1485754528045655
1752068081.8021631,-0.13007719019651415,0.8995701284217834,-2.148082239532471
1752068081.8043282,-0.129978196901083,0.8994182485675811,-2.147589026260376
1752068081.8065703,-0.12987920360565183,0.8992663687133788,-2.147095812988281
1752068081.8085256,-0.12978021031022072,0.8991144888591766,-2.1466025997161866
1752068081.8105428,-0.12968121701478957,0.8989626090049744,-2.146109386444092
1752068081.8126154,-0.12958222371935846,0.8988107291507722,-2.145616173171997
1752068081.8147404,-0.12948323042392731,0.8986588492965699,-2.1451229598999024
1752068081.8168752,-0.12938423712849614,0.8985069694423675,-2.1446297466278077
1752068081.819012,-0.12928524383306503,0.8983550895881653,-2.144136533355713
1752068081.8211238,-0.1291862505376339,0.898203209733963,-2.1436433200836182
1752068081.8233147,-0.12908725724220277,0.8980513298797608,-2.1431501068115235
1752068081.825399,-0.12898826394677163,0.8978994500255584,-2.142656893539429
1752068081.827493,-0.12888927065134045,0.8977475701713562,-2.1421636802673336
1752068081.8295536,-0.12879027735590934,0.8975956903171539,-2.1416704669952393
1752068081.831614,-0.12869128406047822,0.8974438104629516,-2.1411772537231446
1752068081.833744,-0.12859229076504708,0.8972919306087495,-2.14068404045105
1752068081.8358796,-0.12849329746961594,0.8971400507545471,-2.140190827178955
1752068081.837998,-0.1283943041741848,0.8969881709003447,-2.1396976139068604
1752068081.8401976,-0.12829531087875365,0.8968362910461425,-2.1392044006347657
1752068081.8422542,-0.12819631758332253,0.8966844111919403,-2.138711187362671
1752068081.8443067,-0.1280973242878914,0.8965325313377381,-2.1382179740905762
1752068081.8464458,-0.12799833099246025,0.8963806514835357,-2.1377247608184815
1752068081.8484967,-0.1278993376970291,0.8962287716293335,-2.1372315475463863
1752068081.8505569,-0.12780034440159796,0.8960768917751312,-2.136738334274292
1752068081.8526223,-0.12770135110616684,0.895925011920929,-2.1362451210021973
1752068081.8547766,-0.12760235781073573,0.8957731320667268,-2.1357519077301026
1752068081.8569474,-0.12750336451530456,0.8956212522125244,-2.135258694458008
1752068081.8590333,-0.1274043712198734,0.895469372358322,-2.134765481185913
1752068081.8611438,-0.12730537792444227,0.8953174925041198,-2.1342722679138184
1752068081.863279,-0.12720638462901115,0.8951656126499176,-2.1337790546417237
1752068081.8654118,-0.12710739133358004,0.8950137327957154,-2.133285841369629
1752068081.8674836,-0.12700839803814887,0.8948618529415131,-2.1327926280975342
1752068081.8695474,-0.12690940474271772,0.8947099730873107,-2.132299414825439
1752068081.8716521,-0.1268104114472866,0.8945580932331084,-2.1318062015533448
1752068081.8738334,-0.12671141815185546,0.8944062133789061,-2.13131298828125
1752068081.8758729,-0.12661242485642435,0.894254333524704,-2.1308197750091553
1752068081.8779907,-0.12651343156099318,0.8941024536705016,-2.1303265617370606
1752068081.880128,-0.12641443826556203,0.8939505738162994,-2.129833348464966
1752068081.8822699,-0.12631544497013092,0.893798693962097,-2.129340135192871
1752068081.88441,-0.12621645167469978,0.8936468141078949,-2.1288469219207764
1752068081.8865104,-0.12611745837926866,0.8934949342536926,-2.1283537086486817
1752068081.8887093,-0.12601846508383752,0.8933430543994904,-2.127860495376587
1752068081.8907073,-0.12591947178840635,0.8931911745452881,-2.1273672821044918
1752068081.8927796,-0.12582047849297523,0.8930392946910858,-2.1268740688323975
1752068081.894843,-0.1257214851975441,0.8928874148368835,-2.1263808555603028
1752068081.8969839,-0.12562249190211297,0.8927355349826813,-2.125887642288208
1752068081.899075,-0.12552349860668183,0.8925836551284789,-2.1253944290161133
1752068081.9012315,-0.12542450531125066,0.8924317752742766,-2.1249012157440186
1752068081.9033546,-0.12532551201581954,0.8922798954200744,-2.124408002471924
1752068081.9055467,-0.12522651872038842,0.8921280155658722,-2.123914789199829
1752068081.907563,-0.12512752542495728,0.89197613571167,-2.1234215759277344
1752068081.9095712,-0.12502853212952614,0.8918242558574676,-2.1229283626556397
1752068081.9116297,-0.12492953883409501,0.8916723760032653,-2.122435149383545
1752068081.9137664,-0.12483054553866385,0.891520496149063,-2.12194193611145
1752068081.9159014,-0.12473155224323272,0.8913686162948607,-2.1214487228393555
1752068081.9180372,-0.1246325589478016,0.8912167364406587,-2.1209555095672608
1752068081.9201667,-0.12453356565237045,0.8910648565864563,-2.120462296295166
1752068081.9223528,-0.12443457235693932,0.8909129767322541,-2.1199690830230713
1752068081.9244359,-0.12433557906150818,0.8907610968780517,-2.1194758697509766
1752068081.9265094,-0.12423658576607705,0.8906092170238495,-2.118982656478882
1752068081.9285636,-0.12413759247064592,0.8904573371696473,-2.118489443206787
1752068081.9306262,-0.12403859917521476,0.890305457315445,-2.1179962299346924
1752068081.9327536,-0.12393960587978363,0.8901535774612427,-2.1175030166625977
1752068081.9348936,-0.12384061258435249,0.8900016976070404,-2.117009803390503
1752068081.9369838,-0.12374161928892136,0.8898498177528381,-2.116516590118408
1752068081.939214,-0.12364262599349023,0.8896979378986358,-2.1160233768463135
1752068081.9412634,-0.12354363269805908,0.8895460580444335,-2.1155301635742187
1752068081.943328,-0.12344463940262795,0.8893941781902313,-2.115036950302124
1752068081.9454632,-0.1233456461071968,0.889242298336029,-2.1145437370300293
1752068081.9475298,-0.12324665281176567,0.8890904184818267,-2.1140505237579346
1752068081.949593,-0.12314765951633454,0.8889385386276245,-2.11355731048584
1752068081.9516528,-0.1230486662209034,0.8887866587734221,-2.113064097213745
1752068081.953777,-0.12294967292547226,0.8886347789192199,-2.1125708839416504
1752068081.9559484,-0.1228506796300411,0.8884828990650175,-2.1120776706695557
1752068081.95814,-0.12275168633460999,0.8883310192108155,-2.111584457397461
1752068081.9601433,-0.12265269303917886,0.8881791393566132,-2.111091244125366
1752068081.9622326,-0.1225536997437477,0.8880272595024109,-2.1105980308532715
1752068081.9642642,-0.12245470644831657,0.8878753796482086,-2.1101048175811767
1752068081.9663234,-0.12235571315288543,0.8877234997940063,-2.109611604309082
1752068081.9684768,-0.1222567198574543,0.887571619939804,-2.1091183910369873
1752068081.970485,-0.12215772656202317,0.8874197400856019,-2.1086251777648926
1752068081.9727414,-0.12205873326659201,0.8872678602313995,-2.108131964492798
1752068081.9748497,-0.1219597399711609,0.8871159803771973,-2.107638751220703
1752068081.9769204,-0.12186074667572974,0.8869641005229949,-2.1071455379486084
1752068081.9791048,-0.12176175338029861,0.8868122206687927,-2.1066523246765136
1752068081.981296,-0.12166276008486748,0.8866603408145904,-2.106159111404419
1752068081.983428,-0.12156376678943634,0.8865084609603882,-2.105665898132324
1752068081.9854872,-0.12146477349400521,0.8863565811061859,-2.1051726848602295
1752068081.987639,-0.12136578019857405,0.8862047012519836,-2.1046794715881347
1752068081.9898727,-0.12126678690314292,0.8860528213977813,-2.10418625831604
1752068081.9918036,-0.12116779360771181,0.8859009415435791,-2.1036930450439453
1752068081.993875,-0.12106880031228065,0.8857490616893768,-2.1031998317718505
1752068081.996032,-0.12096980701684952,0.8855971818351747,-2.102706618499756
1752068081.9981976,-0.12087081372141836,0.8854453019809723,-2.102213405227661
1752068082.0002892,-0.12077182042598725,0.8852934221267701,-2.1017201919555664
1752068082.0024397,-0.12067282713055612,0.8851415422725677,-2.1012269786834716
1752068082.0045257,-0.12057383383512496,0.8849896624183655,-2.100733765411377
1752068082.0066392,-0.12047484053969383,0.8848377825641631,-2.100240552139282
1752068082.0087245,-0.12037584724426272,0.884685902709961,-2.0997473388671875
1752068082.010818,-0.12027685394883156,0.8845340228557587,-2.0992541255950927
1752068082.0129807,-0.12017786065340043,0.8843821430015564,-2.098760912322998
1752068082.0151334,-0.12007886735796927,0.8842302631473541,-2.0982676990509033
1752068082.017231,-0.11997987406253816,0.8840783832931518,-2.0977744857788085
1752068082.0193853,-0.11988088076710703,0.8839265034389496,-2.097281272506714
1752068082.0214956,-0.11978188747167587,0.8837746235847472,-2.096788059234619
1752068082.0236216,-0.11968289417624474,0.8836227437305451,-2.0962948459625244
1752068082.0256,-0.1195839008808136,0.8834708638763427,-2.0958016326904296
1752068082.0276358,-0.11948490758538247,0.8833189840221405,-2.095308419418335
1752068082.029798,-0.11938591428995134,0.8831671041679383,-2.09481520614624
1752068082.0319548,-0.11928692099452018,0.8830152243137359,-2.0943219928741454
1752068082.0341096,-0.11918792769908906,0.8828633444595337,-2.0938287796020507
1752068082.036241,-0.1190889344036579,0.8827114646053313,-2.093335566329956
1752068082.0384114,-0.11898994110822678,0.8825595847511292,-2.0928423530578613
1752068082.040509,-0.11889094781279565,0.8824077048969269,-2.0923491397857665
1752068082.0424697,-0.1187919545173645,0.8822558250427246,-2.091855926513672
1752068082.0445209,-0.11869296122193337,0.8821039451885223,-2.091362713241577
1752068082.0465834,-0.11859396792650222,0.88195206533432,-2.0908694999694823
1752068082.0487337,-0.11849497463107109,0.8818001854801178,-2.0903762866973876
1752068082.0508878,-0.11839598133563997,0.8816483056259155,-2.089883073425293
1752068082.0530446,-0.11829698804020881,0.8814964257717133,-2.089389860153198
1752068082.0552783,-0.11819799474477768,0.8813445459175109,-2.0888966468811034
1752068082.0573165,-0.11809900144934653,0.8811926660633087,-2.0884034336090087
1752068082.0594,-0.11800000815391541,0.8810407862091063,-2.087910220336914
1752068082.0614603,-0.11790101485848428,0.8808889063549041,-2.0874170070648193
1752068082.0635164,-0.11780202156305312,0.8807370265007018,-2.0869237937927245
1752068082.065578,-0.117703028267622,0.8805851466464997,-2.08643058052063
1752068082.0677328,-0.11760403497219085,0.8804332667922974,-2.085937367248535
1752068082.0698214,-0.11750504167675972,0.8802813869380951,-2.0854441539764403
1752068082.071976,-0.11740604838132859,0.8801295070838928,-2.0849509407043456
1752068082.0740716,-0.11730705508589744,0.8799776272296905,-2.084457727432251
1752068082.0761545,-0.11720806179046632,0.8798257473754882,-2.083964514160156
1752068082.0783117,-0.11710906849503516,0.8796738675212861,-2.0834713008880614
1752068082.0804482,-0.11701007519960403,0.8795219876670837,-2.0829780876159667
1752068082.0825007,-0.1169110819041729,0.8793701078128815,-2.082484874343872
1752068082.0845602,-0.11681208860874176,0.8792182279586791,-2.0819916610717772
1752068082.0866199,-0.11671309531331063,0.8790663481044769,-2.0814984477996825
1752068082.0887833,-0.11661410201787947,0.8789144682502745,-2.081005234527588
1752068082.090875,-0.11651510872244834,0.8787625883960724,-2.080512021255493
1752068082.0929625,-0.11641611542701723,0.8786107085418701,-2.0800188079833983
1752068082.0951056,-0.11631712213158607,0.8784588286876678,-2.0795255947113036
1752068082.0972795,-0.11621812883615494,0.8783069488334655,-2.079032381439209
1752068082.0994163,-0.11611913554072378,0.8781550689792632,-2.078539168167114
1752068082.1014867,-0.11602014224529267,0.878003189125061,-2.0780459548950194
1752068082.103549,-0.11592114894986154,0.8778513092708589,-2.0775527416229247
1752068082.1058578,-0.11582215565443038,0.8776994294166565,-2.07705952835083
1752068082.107802,-0.11572316235899925,0.8775475495624543,-2.0765663150787352
1752068082.1098645,-0.11562416906356811,0.8773956697082519,-2.0760731018066405
1752068082.1120088,-0.11552517576813698,0.8772437898540497,-2.075579888534546
1752068082.114145,-0.11542618247270585,0.8770919099998474,-2.075086675262451
1752068082.1162891,-0.11532718917727469,0.8769400301456451,-2.0745934619903563
1752068082.1184282,-0.11522819588184358,0.8767881502914429,-2.0741002487182616
1752068082.1204925,-0.11512920258641242,0.8766362704372406,-2.073607035446167
1752068082.1226432,-0.11503020929098129,0.8764843905830383,-2.073113822174072
1752068082.1247203,-0.11493121599555016,0.876332510728836,-2.0726206089019774
1752068082.126766,-0.11483222270011902,0.8761806308746337,-2.0721273956298827
1752068082.1289032,-0.11473322940468789,0.8760287510204314,-2.071634182357788
1752068082.131044,-0.11463423610925673,0.8758768711662293,-2.0711409690856932
1752068082.1331882,-0.1145352428138256,0.875724991312027,-2.0706477558135985
1752068082.1353264,-0.11443624951839448,0.8755731114578247,-2.0701545425415038
1752068082.137444,-0.11433725622296333,0.8754212316036224,-2.069661329269409
1752068082.1397092,-0.1142382629275322,0.8752693517494201,-2.0691681159973143
1752068082.1416473,-0.11413926963210107,0.8751174718952179,-2.0686749027252196
1752068082.1436324,-0.11404027633666992,0.8749655920410155,-2.068181689453125
1752068082.145772,-0.1139412830412388,0.8748137121868134,-2.06768847618103
1752068082.1478639,-0.11384228974580764,0.874661832332611,-2.0671952629089354
1752068082.1500008,-0.11374329645037651,0.8745099524784088,-2.0667020496368407
1752068082.1521404,-0.11364430315494539,0.8743580726242066,-2.066208836364746
1752068082.1542478,-0.11354530985951423,0.8742061927700042,-2.065715623092651
1752068082.1564717,-0.1134463165640831,0.874054312915802,-2.0652224098205565
1752068082.1585665,-0.11334732326865195,0.8739024330615996,-2.0647291965484618
1752068082.160484,-0.11324832997322083,0.8737505532073975,-2.064235983276367
1752068082.162543,-0.1131493366777897,0.8735986733531952,-2.0637427700042723
1752068082.1646075,-0.11305034338235855,0.8734467934989929,-2.0632495567321776
1752068082.166753,-0.11295135008692742,0.8732949136447907,-2.062756343460083
1752068082.1688802,-0.11285235679149627,0.8731430337905883,-2.062263130187988
1752068082.1711097,-0.11275336349606514,0.8729911539363862,-2.0617699169158934
1752068082.173211,-0.11265437020063401,0.8728392740821838,-2.0612767036437987
1752068082.1752312,-0.11255537690520286,0.8726873942279816,-2.060783490371704
1752068082.1773276,-0.11245638360977174,0.8725355143737793,-2.060290277099609
1752068082.1794791,-0.11235739031434058,0.872383634519577,-2.0597970638275145
1752068082.1815414,-0.11225839701890945,0.8722317546653747,-2.0593038505554198
1752068082.1836007,-0.11215940372347832,0.8720798748111724,-2.0588106372833255
1752068082.1857371,-0.11206041042804718,0.8719279949569703,-2.0583174240112303
1752068082.1878715,-0.11196141713261605,0.8717761151027679,-2.0578242107391356
1752068082.1901414,-0.1118624238371849,0.8716242352485657,-2.057330997467041
1752068082.1920986,-0.11176343054175376,0.8714723553943634,-2.056837784194946
1752068082.1941538,-0.11166443724632265,0.8713204755401611,-2.0563445709228514
1752068082.1962504,-0.11156544395089149,0.8711685956859588,-2.0558513576507567
1752068082.198386,-0.11146645065546036,0.8710167158317565,-2.055358144378662
1752068082.2004945,-0.1113674573600292,0.8708648359775543,-2.054864931106567
1752068082.2025537,-0.11126846406459809,0.870712956123352,-2.0543717178344725
1752068082.2046943,-0.11116947076916696,0.8705610762691498,-2.053878504562378
1752068082.2067733,-0.1110704774737358,0.8704091964149475,-2.053385291290283
1752068082.2088957,-0.11097148417830467,0.8702573165607452,-2.0528920780181883
1752068082.210968,-0.11087249088287353,0.870105436706543,-2.0523988647460936
1752068082.213111,-0.1107734975874424,0.8699535568523407,-2.051905651473999
1752068082.215255,-0.11067450429201127,0.8698016769981385,-2.051412438201904
1752068082.2174065,-0.11057551099658011,0.8696497971439361,-2.0509192249298094
1752068082.2194858,-0.110476517701149,0.8694979172897339,-2.0504260116577147
1752068082.221587,-0.11037752440571784,0.8693460374355315,-2.04993279838562
1752068082.2237194,-0.11027853111028671,0.8691941575813293,-2.049439585113525
1752068082.2257323,-0.11017953781485558,0.869042277727127,-2.048946371841431
1752068082.2277992,-0.11008054451942444,0.8688903978729248,-2.0484531585693357
1752068082.2299397,-0.1099815512239933,0.8687385180187226,-2.047959945297241
1752068082.2320812,-0.10988255792856215,0.8685866381645202,-2.0474667320251463
1752068082.234192,-0.10978356463313102,0.868434758310318,-2.0469735187530516
1752068082.236285,-0.1096845713376999,0.8682828784561156,-2.046480305480957
1752068082.2384768,-0.10958557804226875,0.8681309986019135,-2.045987092208862
1752068082.2405517,-0.10948658474683762,0.8679791187477112,-2.0454938789367674
1752068082.2425716,-0.10938759145140646,0.8678272388935089,-2.0450006656646726
1752068082.2446096,-0.10928859815597534,0.8676753590393067,-2.044507452392578
1752068082.246748,-0.10918960486054421,0.8675234791851043,-2.0440142391204836
1752068082.2488906,-0.10909061156511306,0.8673715993309021,-2.0435210258483885
1752068082.2510293,-0.10899161826968193,0.8672197194766997,-2.0430278125762937
1752068082.2531655,-0.10889262497425078,0.8670678396224976,-2.042534599304199
1752068082.2553604,-0.10879363167881966,0.8669159597682952,-2.0420413860321043
1752068082.2574432,-0.10869463838338853,0.866764079914093,-2.0415481727600095
1752068082.259465,-0.10859564508795737,0.8666122000598908,-2.041054959487915
1752068082.2614872,-0.10849665179252625,0.8664603202056884,-2.04056174621582
1752068082.263549,-0.1083976584970951,0.8663084403514862,-2.0400685329437254
1752068082.2656093,-0.10829866520166397,0.8661565604972838,-2.0395753196716306
1752068082.2677445,-0.10819967190623284,0.8660046806430817,-2.0390821063995364
1752068082.269883,-0.10810067861080169,0.8658528007888793,-2.038588893127441
1752068082.2721112,-0.10800168531537056,0.8657009209346771,-2.0380956798553465
1752068082.274136,-0.10790269201993943,0.8655490410804749,-2.0376024665832517
1752068082.27614,-0.10780369872450828,0.8653971612262725,-2.037109253311157
1752068082.2782815,-0.10770470542907716,0.8652452813720704,-2.0366160400390623
1752068082.2804232,-0.107605712133646,0.865093401517868,-2.0361228267669675
1752068082.2824743,-0.10750671883821487,0.8649415216636658,-2.035629613494873
1752068082.2845347,-0.10740772554278374,0.8647896418094635,-2.0351364002227785
1752068082.2865965,-0.1073087322473526,0.8646377619552612,-2.0346431869506834
1752068082.288735,-0.10720973895192147,0.8644858821010589,-2.034149973678589
1752068082.290869,-0.10711074565649031,0.8643340022468566,-2.033656760406494
1752068082.292928,-0.10701175236105918,0.8641821223926544,-2.033163547134399
1752068082.2950637,-0.10691275906562807,0.8640302425384522,-2.0326703338623044
1752068082.2972105,-0.10681376577019691,0.8638783626842499,-2.0321771205902097
1752068082.299347,-0.10671477247476578,0.8637264828300476,-2.031683907318115
1752068082.3014514,-0.10661577917933462,0.8635746029758453,-2.0311906940460203
1752068082.3034794,-0.10651678588390351,0.863422723121643,-2.0306974807739255
1752068082.3056347,-0.10641779258847238,0.8632708432674407,-2.0302042675018313
1752068082.3076727,-0.10631879929304122,0.8631189634132385,-2.0297110542297365
1752068082.3097425,-0.10621980599761009,0.8629670835590362,-2.029217840957642
1752068082.311819,-0.10612081270217895,0.862815203704834,-2.0287246276855466
1752068082.3139713,-0.10602181940674782,0.8626633238506317,-2.028231414413452
1752068082.3161106,-0.10592282611131669,0.8625114439964294,-2.027738201141357
1752068082.3182552,-0.10582383281588553,0.8623595641422271,-2.0272449878692624
1752068082.320353,-0.10572483952045442,0.8622076842880249,-2.0267517745971677
1752068082.3225825,-0.10562584622502326,0.8620558044338226,-2.026258561325073
1752068082.3246818,-0.10552685292959213,0.8619039245796203,-2.0257653480529783
1752068082.3266063,-0.105427859634161,0.8617520447254181,-2.025272134780884
1752068082.3287385,-0.10532886633872986,0.8616001648712157,-2.0247789215087892
1752068082.3308742,-0.10522987304329873,0.8614482850170135,-2.0242857082366945
1752068082.3329682,-0.10513087974786757,0.8612964051628113,-2.0237924949645993
1752068082.3351111,-0.10503188645243644,0.861144525308609,-2.0232992816925046
1752068082.3372362,-0.10493289315700532,0.8609926454544068,-2.02280606842041
1752068082.3394732,-0.10483389986157417,0.8608407656002044,-2.022312855148315
1752068082.3415651,-0.10473490656614304,0.8606888857460022,-2.0218196418762204
1752068082.343525,-0.10463591327071188,0.8605370058917998,-2.0213264286041257
1752068082.345575,-0.10453691997528076,0.8603851260375976,-2.020833215332031
1752068082.347632,-0.10443792667984964,0.8602332461833955,-2.0203400020599367
1752068082.3497684,-0.10433893338441848,0.8600813663291931,-2.019846788787842
1752068082.3519053,-0.10423994008898735,0.8599294864749909,-2.0193535755157472
1752068082.3540034,-0.1041409467935562,0.8597776066207885,-2.018860362243652
1752068082.3562565,-0.10404195349812508,0.8596257267665863,-2.0183671489715573
1752068082.3583412,-0.10394296020269395,0.859473846912384,-2.0178739356994626
1752068082.3603292,-0.10384396690726279,0.8593219670581818,-2.017380722427368
1752068082.3624651,-0.10374497361183167,0.8591700872039795,-2.016887509155273
1752068082.3645284,-0.10364598031640052,0.8590182073497772,-2.0163942958831784
1752068082.3665884,-0.10354698702096939,0.8588663274955749,-2.015901082611084
1752068082.368719,-0.10344799372553826,0.8587144476413726,-2.0154078693389894
1752068082.3708525,-0.10334900043010711,0.8585625677871704,-2.0149146560668947
1752068082.373085,-0.10325000713467598,0.8584106879329682,-2.0144214427948
1752068082.3751378,-0.10315101383924483,0.8582588080787659,-2.013928229522705
1752068082.3772101,-0.10305202054381371,0.8581069282245636,-2.01343501625061
1752068082.3793416,-0.10295302724838258,0.8579550483703613,-2.0129418029785153
1752068082.3814812,-0.10285403395295142,0.857803168516159,-2.0124485897064206
1752068082.3835404,-0.1027550406575203,0.8576512886619567,-2.011955376434326
1752068082.3856032,-0.10265604736208915,0.8574994088077544,-2.011462163162231
1752068082.387784,-0.10255705406665802,0.8573475289535523,-2.010968949890137
1752068082.38994,-0.10245806077122689,0.85719564909935,-2.010475736618042
1752068082.391938,-0.10235906747579573,0.8570437692451477,-2.0099825233459474
1752068082.3940506,-0.10226007418036462,0.8568918893909454,-2.0094893100738527
1752068082.3961897,-0.10216108088493346,0.8567400095367431,-2.0089960968017575
1752068082.3983266,-0.10206208758950233,0.8565881296825408,-2.0085028835296628
1752068082.400419,-0.1019630942940712,0.8564362498283387,-2.008009670257568
1752068082.4024777,-0.10186410099864006,0.8562843699741363,-2.0075164569854733
1752068082.4045637,-0.10176510770320893,0.8561324901199341,-2.0070232437133786
1752068082.4066937,-0.1016661144077778,0.8559806102657318,-2.0065300304412843
1752068082.408798,-0.10156712111234664,0.8558287304115295,-2.0060368171691896
1752068082.4107983,-0.10146812781691553,0.8556768505573273,-2.005543603897095
1752068082.412941,-0.10136913452148437,0.8555249707031249,-2.005050390625
1752068082.4150786,-0.10127014122605324,0.8553730908489228,-2.0045571773529054
1752068082.4172235,-0.10117114793062211,0.8552212109947204,-2.0040639640808107
1752068082.4193614,-0.10107215463519097,0.8550693311405182,-2.0035707508087155
1752068082.4214969,-0.10097316133975984,0.8549174512863159,-2.0030775375366208
1752068082.423595,-0.10087416804432868,0.8547655714321136,-2.002584324264526
1752068082.4255824,-0.10077517474889755,0.8546136915779114,-2.0020911109924318
1752068082.4276228,-0.10067618145346643,0.854461811723709,-2.001597897720337
1752068082.42977,-0.10057718815803528,0.8543099318695069,-2.0011046844482423
1752068082.4319232,-0.10047819486260415,0.8541580520153045,-2.0006114711761476
1752068082.434046,-0.10037920156717299,0.8540061721611023,-2.000118257904053
1752068082.4361846,-0.10028020827174187,0.8538542923068999,-1.9996250446319581
1752068082.438334,-0.10018121497631075,0.8537024124526977,-1.9991318313598634
1752068082.440556,-0.10008222168087959,0.8535505325984956,-1.9986386180877684
1752068082.4425316,-0.09998322838544846,0.8533986527442932,-1.9981454048156737
1752068082.444516,-0.09988423509001731,0.853246772890091,-1.997652191543579
1752068082.4465764,-0.09978524179458619,0.8530948930358886,-1.9971589782714845
1752068082.4486368,-0.09968624849915506,0.8529430131816864,-1.9966657649993897
1752068082.4507751,-0.0995872552037239,0.852791133327484,-1.996172551727295
1752068082.4529111,-0.09948826190829278,0.8526392534732818,-1.9956793384552003
1752068082.4550421,-0.09938926861286163,0.8524873736190796,-1.9951861251831056
1752068082.4571736,-0.0992902753174305,0.8523354937648773,-1.9946929119110108
1752068082.4592636,-0.09919128202199937,0.8521836139106751,-1.994199698638916
1752068082.461368,-0.09909228872656822,0.8520317340564727,-1.9937064853668212
1752068082.4634876,-0.0989932954311371,0.8518798542022705,-1.9932132720947264
1752068082.4655483,-0.09889430213570594,0.8517279743480681,-1.9927200588226317
1752068082.4676104,-0.0987953088402748,0.851576094493866,-1.9922268455505372
1752068082.4697444,-0.09869631554484369,0.8514242146396637,-1.9917336322784425
1752068082.4718945,-0.09859732224941253,0.8512723347854614,-1.9912404190063477
1752068082.4740543,-0.0984983289539814,0.8511204549312591,-1.990747205734253
1752068082.4760797,-0.09839933565855025,0.8509685750770568,-1.9902539924621583
1752068082.4782248,-0.09830034236311913,0.8508166952228546,-1.9897607791900636
1752068082.480358,-0.098201349067688,0.8506648153686523,-1.9892675659179688
1752068082.4824827,-0.09810235577225684,0.8505129355144501,-1.9887743526458739
1752068082.4845443,-0.09800336247682571,0.8503610556602478,-1.9882811393737794
1752068082.486607,-0.09790436918139457,0.8502091758060455,-1.9877879261016844
1752068082.4888623,-0.09780537588596344,0.8500572959518432,-1.98729471282959
1752068082.4908648,-0.09770638259053231,0.8499054160976409,-1.9868014995574952
1752068082.4929338,-0.09760738929510115,0.8497535362434387,-1.9863082862854005
1752068082.4950612,-0.09750839599967004,0.8496016563892365,-1.9858150730133057
1752068082.497212,-0.09740940270423888,0.8494497765350342,-1.985321859741211
1752068082.499347,-0.09731040940880775,0.8492978966808319,-1.9848286464691163
1752068082.5014777,-0.09721141611337662,0.8491460168266296,-1.9843354331970215
1752068082.503538,-0.09711242281794548,0.8489941369724273,-1.9838422199249266
1752068082.505863,-0.09701342952251435,0.848842257118225,-1.983349006652832
1752068082.5077553,-0.09691443622708319,0.8486903772640229,-1.9828557933807371
1752068082.509844,-0.09681544293165206,0.8485384974098205,-1.9823625801086426
1752068082.511979,-0.09671644963622095,0.8483866175556183,-1.981869366836548
1752068082.5140724,-0.09661745634078979,0.848234737701416,-1.9813761535644532
1752068082.5161655,-0.09651846304535866,0.8480828578472137,-1.9808829402923585
1752068082.5182674,-0.0964194697499275,0.8479309779930114,-1.9803897270202637
1752068082.5203772,-0.09632047645449639,0.8477790981388091,-1.979896513748169
1752068082.5225468,-0.09622148315906526,0.847627218284607,-1.9794033004760743
1752068082.5245986,-0.0961224898636341,0.8474753384304046,-1.9789100872039793
1752068082.5265093,-0.09602349656820297,0.8473234585762024,-1.9784168739318848
1752068082.5285678,-0.09592450327277183,0.847171578722,-1.9779236606597899
1752068082.53063,-0.0958255099773407,0.8470196988677978,-1.9774304473876954
1752068082.532717,-0.09572651668190957,0.8468678190135956,-1.9769372341156006
1752068082.53481,-0.09562752338647841,0.8467159391593932,-1.976444020843506
1752068082.5369077,-0.0955285300910473,0.8465640593051911,-1.9759508075714112
1752068082.5391111,-0.09542953679561617,0.8464121794509888,-1.9754575942993164
1752068082.5412169,-0.09533054350018501,0.8462602995967865,-1.9749643810272217
1752068082.5432568,-0.09523155020475388,0.8461084197425842,-1.974471167755127
1752068082.545395,-0.09513255690932274,0.8459565398883819,-1.973977954483032
1752068082.5474935,-0.0950335636138916,0.8458046600341796,-1.9734847412109375
1752068082.5495539,-0.09493457031846048,0.8456527801799774,-1.9729915279388428
1752068082.5516133,-0.09483557702302932,0.8455009003257752,-1.972498314666748
1752068082.5536995,-0.0947365837275982,0.8453490204715729,-1.9720051013946533
1752068082.5559216,-0.09463759043216705,0.8451971406173706,-1.9715118881225586
1752068082.5580425,-0.09453859713673592,0.8450452607631683,-1.971018674850464
1752068082.5600502,-0.09443960384130479,0.844893380908966,-1.9705254615783692
1752068082.5621972,-0.09434061054587364,0.8447415010547638,-1.9700322483062744
1752068082.5643156,-0.09424161725044251,0.8445896212005615,-1.9695390350341797
1752068082.5664468,-0.09414262395501136,0.8444377413463592,-1.9690458217620848
1752068082.5685015,-0.09404363065958023,0.844285861492157,-1.9685526084899903
1752068082.5705268,-0.09394463736414911,0.8441339816379547,-1.9680593952178955
1752068082.5727644,-0.09384564406871795,0.8439821017837524,-1.9675661819458008
1752068082.5748324,-0.09374665077328682,0.8438302219295502,-1.967072968673706
1752068082.5768192,-0.09364765747785567,0.8436783420753479,-1.9665797554016113
1752068082.578947,-0.09354866418242455,0.8435264622211456,-1.9660865421295166
1752068082.5810738,-0.09344967088699342,0.8433745823669434,-1.9655933288574219
1752068082.5832205,-0.09335067759156226,0.843222702512741,-1.9651001155853272
1752068082.585357,-0.09325168429613113,0.8430708226585388,-1.9646069023132324
1752068082.5874636,-0.09315269100069999,0.8429189428043365,-1.9641136890411375
1752068082.5896869,-0.09305369770526886,0.8427670629501343,-1.963620475769043
1752068082.5916185,-0.09295470440983773,0.8426151830959321,-1.9631272624969482
1752068082.5936146,-0.09285571111440657,0.8424633032417297,-1.9626340492248535
1752068082.5956743,-0.09275671781897546,0.8423114233875275,-1.9621408359527588
1752068082.5977733,-0.0926577245235443,0.8421595435333251,-1.961647622680664
1752068082.599909,-0.09255873122811317,0.8420076636791229,-1.9611544094085693
1752068082.6020465,-0.09245973793268204,0.8418557838249205,-1.9606611961364748
1752068082.6042104,-0.0923607446372509,0.8417039039707184,-1.9601679828643799
1752068082.606418,-0.09226175134181977,0.8415520241165161,-1.9596747695922851
1752068082.6085734,-0.09216275804638861,0.8414001442623138,-1.9591815563201904
1752068082.6104918,-0.09206376475095748,0.8412482644081116,-1.9586883430480957
1752068082.6125443,-0.09196477145552637,0.8410963845539092,-1.958195129776001
1752068082.6146061,-0.09186577816009521,0.840944504699707,-1.9577019165039062
1752068082.6167414,-0.09176678486466408,0.8407926248455047,-1.9572087032318115
1752068082.6188776,-0.09166779156923292,0.8406407449913025,-1.9567154899597168
1752068082.6210794,-0.09156879827380181,0.8404888651371001,-1.956222276687622
1752068082.6232677,-0.09146980497837068,0.8403369852828979,-1.9557290634155275
1752068082.6252556,-0.09137081168293952,0.8401851054286957,-1.9552358501434326
1752068082.6273675,-0.09127181838750839,0.8400332255744933,-1.9547426368713379
1752068082.629479,-0.09117282509207725,0.8398813457202912,-1.9542494235992431
1752068082.6315403,-0.09107383179664612,0.8397294658660888,-1.9537562103271484
1752068082.6336012,-0.09097483850121499,0.8395775860118866,-1.9532629970550537
1752068082.635734,-0.09087584520578383,0.8394257061576842,-1.952769783782959
1752068082.637891,-0.09077685191035272,0.839273826303482,-1.9522765705108642
1752068082.6401021,-0.09067785861492156,0.8391219464492797,-1.9517833572387695
1752068082.6421928,-0.09057886531949043,0.8389700665950774,-1.9512901439666748
1752068082.644237,-0.0904798720240593,0.8388181867408753,-1.95079693069458
1752068082.646379,-0.09038087872862816,0.8386663068866729,-1.9503037174224853
1752068082.6484792,-0.09028188543319703,0.8385144270324707,-1.9498105041503906
1752068082.650539,-0.09018289213776587,0.8383625471782683,-1.9493172908782959
1752068082.6526012,-0.09008389884233474,0.8382106673240661,-1.9488240776062011
1752068082.6546893,-0.08998490554690362,0.8380587874698638,-1.9483308643341064
1752068082.65695,-0.08988591225147247,0.8379069076156616,-1.9478376510620117
1752068082.6589265,-0.08978691895604134,0.8377550277614594,-1.947344437789917
1752068082.661036,-0.08968792566061021,0.8376031479072571,-1.9468512245178222
1752068082.6631856,-0.08958893236517906,0.8374512680530548,-1.9463580112457275
1752068082.6653295,-0.08948993906974793,0.8372993881988525,-1.9458647979736328
1752068082.6674798,-0.08939094577431678,0.8371475083446502,-1.945371584701538
1752068082.6695373,-0.08929195247888565,0.836995628490448,-1.9448783714294433
1752068082.6716394,-0.08919295918345453,0.8368437486362457,-1.9443851581573486
1752068082.6737738,-0.08909396588802337,0.8366918687820434,-1.9438919448852539
1752068082.675841,-0.08899497259259224,0.8365399889278411,-1.9433987316131591
1752068082.6779468,-0.08889597929716109,0.8363881090736389,-1.9429055183410644
1752068082.6800933,-0.08879698600172997,0.8362362292194366,-1.9424123050689697
1752068082.6822414,-0.08869799270629884,0.8360843493652343,-1.941919091796875
1752068082.684378,-0.08859899941086768,0.8359324695110321,-1.9414258785247802
1752068082.686486,-0.08850000611543656,0.8357805896568298,-1.9409326652526855
1752068082.6886222,-0.08840101282000541,0.8356287098026275,-1.9404394519805908
1752068082.690687,-0.08830201952457428,0.8354768299484252,-1.939946238708496
1752068082.6927197,-0.08820302622914315,0.835324950094223,-1.9394530254364013
1752068082.694801,-0.088104032933712,0.8351730702400206,-1.9389598121643066
1752068082.6969633,-0.08800503963828088,0.8350211903858185,-1.9384665988922118
1752068082.6990905,-0.08790604634284972,0.8348693105316162,-1.9379733856201171
1752068082.7012317,-0.08780705304741859,0.8347174306774139,-1.9374801723480224
1752068082.7033765,-0.08770805975198746,0.8345655508232117,-1.9369869590759277
1752068082.7055805,-0.08760906645655632,0.8344136709690093,-1.936493745803833
1752068082.7076075,-0.08751007316112519,0.8342617911148071,-1.9360005325317382
1752068082.7096255,-0.08741107986569403,0.8341099112606047,-1.9355073192596435
1752068082.7117164,-0.0873120865702629,0.8339580314064026,-1.9350141059875487
1752068082.713857,-0.08721309327483179,0.8338061515522004,-1.934520892715454
1752068082.7159505,-0.08711409997940063,0.833654271697998,-1.9340276794433593
1752068082.7180874,-0.0870151066839695,0.8335023918437958,-1.9335344661712646
1752068082.7201867,-0.08691611338853834,0.8333505119895934,-1.9330412528991698
1752068082.7223656,-0.08681712009310723,0.8331986321353912,-1.932548039627075
1752068082.7244656,-0.0867181267976761,0.833046752281189,-1.9320548263549804
1752068082.7264984,-0.08661913350224494,0.8328948724269867,-1.9315616130828857
1752068082.7285583,-0.08652014020681381,0.8327429925727844,-1.9310683998107911
1752068082.730618,-0.08642114691138267,0.8325911127185821,-1.9305751865386962
1752068082.7327504,-0.08632215361595154,0.8324392328643799,-1.9300819732666015
1752068082.7348902,-0.08622316032052041,0.8322873530101775,-1.9295887599945067
1752068082.7369823,-0.08612416702508925,0.8321354731559754,-1.929095546722412
1752068082.7391899,-0.08602517372965814,0.8319835933017731,-1.9286023334503173
1752068082.741286,-0.08592618043422698,0.8318317134475708,-1.9281091201782226
1752068082.743287,-0.08582718713879585,0.8316798335933685,-1.9276159069061278
1752068082.7454169,-0.08572819384336472,0.8315279537391662,-1.927122693634033
1752068082.7474852,-0.08562920054793358,0.8313760738849639,-1.9266294803619384
1752068082.749547,-0.08553020725250245,0.8312241940307616,-1.9261362670898439
1752068082.751606,-0.08543121395707129,0.8310723141765595,-1.925643053817749
1752068082.7537012,-0.08533222066164016,0.8309204343223572,-1.9251498405456542
1752068082.755974,-0.08523322736620904,0.8307685544681549,-1.9246566272735595
1752068082.7580457,-0.08513423407077789,0.8306166746139526,-1.9241634140014647
1752068082.7600665,-0.08503524077534676,0.8304647947597503,-1.92367020072937
1752068082.7622156,-0.0849362474799156,0.830312914905548,-1.9231769874572753
1752068082.7643502,-0.08483725418448448,0.8301610350513458,-1.9226837741851805
1752068082.7664802,-0.08473826088905335,0.8300091551971436,-1.9221905609130858
1752068082.768544,-0.0846392675936222,0.8298572753429412,-1.921697347640991
1752068082.7706082,-0.08454027429819107,0.829705395488739,-1.9212041343688966
1752068082.7727704,-0.08444128100275992,0.8295535156345367,-1.9207109210968016
1752068082.7749157,-0.0843422877073288,0.8294016357803344,-1.920217707824707
1752068082.77693,-0.08424329441189767,0.8292497559261323,-1.9197244945526124
1752068082.7790613,-0.08414430111646651,0.8290978760719299,-1.9192312812805175
1752068082.7812047,-0.08404530782103539,0.8289459962177277,-1.9187380680084227
1752068082.7833414,-0.08394631452560423,0.8287941163635253,-1.918244854736328
1752068082.7854996,-0.0838473212301731,0.8286422365093231,-1.9177516414642333
1752068082.7875922,-0.08374832793474198,0.8284903566551208,-1.9172584281921388
1752068082.7897198,-0.08364933463931083,0.8283384768009185,-1.9167652149200438
1752068082.7917747,-0.0835503413438797,0.8281865969467164,-1.9162720016479493
1752068082.7938156,-0.08345134804844857,0.828034717092514,-1.9157787883758546
1752068082.7959576,-0.08335235475301742,0.8278828372383118,-1.9152855751037596
1752068082.7980974,-0.0832533614575863,0.8277309573841094,-1.9147923618316651
1752068082.8002229,-0.08315436816215514,0.8275790775299072,-1.9142991485595702
1752068082.80236,-0.08305537486672401,0.8274271976757048,-1.9138059352874754
1752068082.8045065,-0.08295638157129288,0.8272753178215027,-1.9133127220153807
1752068082.8066502,-0.08285738827586174,0.8271234379673005,-1.912819508743286
1752068082.8087308,-0.08275839498043061,0.8269715581130981,-1.9123262954711915
1752068082.81077,-0.08265940168499945,0.8268196782588959,-1.9118330821990965
1752068082.812909,-0.08256040838956832,0.8266677984046935,-1.911339868927002
1752068082.8150446,-0.08246141509413721,0.8265159185504913,-1.9108466556549073
1752068082.8171926,-0.08236242179870605,0.8263640386962889,-1.9103534423828124
1752068082.8193302,-0.08226342850327492,0.8262121588420868,-1.9098602291107176
1752068082.8214638,-0.08216443520784378,0.8260602789878845,-1.909367015838623
1752068082.8236854,-0.08206544191241265,0.8259083991336822,-1.9088738025665282
1752068082.8255942,-0.08196644861698152,0.82575651927948,-1.9083805892944334
1752068082.827626,-0.08186745532155036,0.8256046394252776,-1.9078873760223387
1752068082.829767,-0.08176846202611925,0.8254527595710754,-1.9073941627502442
1752068082.8319032,-0.08166946873068809,0.825300879716873,-1.9069009494781493
1752068082.8340409,-0.08157047543525696,0.8251489998626709,-1.9064077362060547
1752068082.8361864,-0.08147148213982583,0.8249971200084686,-1.9059145229339602
1752068082.8383276,-0.08137248884439469,0.8248452401542663,-1.9054213096618653
1752068082.8404565,-0.08127349554896356,0.824693360300064,-1.9049280963897708
1752068082.8425224,-0.0811745022535324,0.8245414804458617,-1.9044348831176756
1752068082.8445125,-0.08107550895810127,0.8243896005916596,-1.9039416698455809
1752068082.8465738,-0.08097651566267015,0.8242377207374573,-1.9034484565734864
1752068082.8486354,-0.080877522367239,0.824085840883255,-1.9029552433013914
1752068082.8507726,-0.08077852907180787,0.8239339610290527,-1.902462030029297
1752068082.8529086,-0.08067953577637671,0.8237820811748504,-1.9019688167572022
1752068082.8550713,-0.0805805424809456,0.8236302013206481,-1.9014756034851075
1752068082.8571956,-0.08048154918551446,0.8234783214664458,-1.900982390213013
1752068082.8592496,-0.08038255589008331,0.8233264416122437,-1.9004891769409178
1752068082.8613932,-0.08028356259465218,0.8231745617580414,-1.899995963668823
1752068082.8634903,-0.08018456929922103,0.8230226819038391,-1.8995027503967283
1752068082.8655467,-0.0800855760037899,0.8228708020496368,-1.8990095371246336
1752068082.8676102,-0.07998658270835877,0.8227189221954345,-1.898516323852539
1752068082.8697438,-0.07988758941292762,0.8225670423412322,-1.8980231105804442
1752068082.8718958,-0.0797885961174965,0.82241516248703,-1.8975298973083496
1752068082.8740287,-0.07968960282206534,0.8222632826328278,-1.897036684036255
1752068082.8761039,-0.07959060952663422,0.8221114027786254,-1.8965434707641602
1752068082.8782303,-0.07949161623120309,0.8219595229244232,-1.8960502574920657
1752068082.8803682,-0.07939262293577194,0.8218076430702209,-1.8955570442199707
1752068082.882474,-0.07929362964034081,0.8216557632160186,-1.8950638309478762
1752068082.8845346,-0.07919463634490966,0.8215038833618163,-1.894570617675781
1752068082.8865964,-0.07909564304947853,0.8213520035076141,-1.8940774044036863
1752068082.8887427,-0.07899664975404741,0.8212001236534119,-1.8935841911315918
1752068082.8908114,-0.07889765645861625,0.8210482437992095,-1.8930909778594969
1752068082.892895,-0.07879866316318512,0.8208963639450073,-1.8925977645874024
1752068082.8950338,-0.07869966986775397,0.8207444840908049,-1.8921045513153076
1752068082.8971744,-0.07860067657232285,0.8205926042366027,-1.891611338043213
1752068082.8993175,-0.07850168327689172,0.8204407243824006,-1.8911181247711184
1752068082.9014485,-0.07840268998146056,0.8202888445281982,-1.8906249114990232
1752068082.9034882,-0.07830369668602943,0.820136964673996,-1.8901316982269285
1752068082.9056468,-0.07820470339059829,0.8199850848197936,-1.8896384849548338
1752068082.9076796,-0.07810571009516716,0.8198332049655914,-1.889145271682739
1752068082.9097762,-0.07800671679973603,0.8196813251113891,-1.8886520584106445
1752068082.9118454,-0.07790772350430487,0.8195294452571869,-1.8881588451385498
1752068082.9139926,-0.07780873020887376,0.8193775654029846,-1.887665631866455
1752068082.9161305,-0.0777097369134426,0.8192256855487823,-1.8871724185943604
1752068082.9182732,-0.07761074361801147,0.8190738056945801,-1.8866792053222656
1752068082.920369,-0.07751175032258034,0.8189219258403778,-1.8861859920501711
1752068082.9224956,-0.0774127570271492,0.8187700459861755,-1.8856927787780764
1752068082.9246843,-0.07731376373171807,0.8186181661319732,-1.8851995655059817
1752068082.926569,-0.07721477043628694,0.818466286277771,-1.884706352233887
1752068082.928629,-0.07711577714085578,0.8183144064235687,-1.8842131389617918
1752068082.9307625,-0.07701678384542467,0.8181625265693664,-1.8837199256896973
1752068082.9329035,-0.07691779054999351,0.8180106467151641,-1.8832267124176025
1752068082.9350405,-0.07681879725456238,0.8178587668609619,-1.8827334991455078
1752068082.937197,-0.07671980395913125,0.8177068870067596,-1.8822402858734133
1752068082.939362,-0.0766208106637001,0.8175550071525574,-1.8817470726013183
1752068082.9414976,-0.07652181736826898,0.8174031272983551,-1.8812538593292238
1752068082.9435337,-0.07642282407283782,0.8172512474441528,-1.8807606460571287
1752068082.9455826,-0.07632383077740669,0.8170993675899505,-1.880267432785034
1752068082.9476414,-0.07622483748197557,0.8169474877357483,-1.8797742195129394
1752068082.9497771,-0.07612584418654442,0.8167956078815459,-1.8792810062408445
1752068082.951919,-0.07602685089111329,0.8166437280273438,-1.87878779296875
1752068082.954043,-0.07592785759568213,0.8164918481731415,-1.8782945796966553
1752068082.956383,-0.07582886430025101,0.8163399683189392,-1.8778013664245605
1752068082.9583561,-0.07572987100481988,0.816188088464737,-1.877308153152466
1752068082.9603987,-0.07563087770938873,0.8160362086105346,-1.8768149398803713
1752068082.9624565,-0.0755318844139576,0.8158843287563324,-1.8763217266082766
1752068082.964495,-0.07543289111852645,0.81573244890213,-1.8758285133361818
1752068082.9665523,-0.07533389782309532,0.8155805690479279,-1.875335300064087
1752068082.9686131,-0.0752349045276642,0.8154286891937256,-1.8748420867919924
1752068082.9707482,-0.07513591123223304,0.8152768093395233,-1.8743488735198974
1752068082.973032,-0.07503691793680192,0.8151249294853211,-1.8738556602478027
1752068082.9749582,-0.07493792464137077,0.8149730496311187,-1.873362446975708
1752068082.9769127,-0.07483893134593964,0.8148211697769165,-1.8728692337036132
1752068082.9790778,-0.0747399380505085,0.8146692899227141,-1.8723760204315187
1752068082.9812195,-0.07464094475507736,0.814517410068512,-1.871882807159424
1752068082.9833558,-0.07454195145964623,0.8143655302143096,-1.8713895938873293
1752068082.985475,-0.07444295816421508,0.8142136503601074,-1.8708963806152341
1752068082.9875047,-0.07434396486878395,0.8140617705059051,-1.8704031673431394
1752068082.9896712,-0.07424497157335283,0.8139098906517028,-1.8699099540710449
1752068082.9917772,-0.07414597827792167,0.8137580107975007,-1.8694167407989501
1752068082.993782,-0.07404698498249054,0.8136061309432983,-1.8689235275268554
1752068082.9959238,-0.07394799168705939,0.8134542510890961,-1.8684303142547607
1752068082.9980605,-0.07384899839162827,0.8133023712348937,-1.867937100982666
1752068083.0002112,-0.07375000509619714,0.8131504913806915,-1.8674438877105715
1752068083.0023513,-0.07365101180076598,0.8129986115264892,-1.8669506744384767
1752068083.004498,-0.07355201850533485,0.8128467316722869,-1.866457461166382
1752068083.0066535,-0.07345302520990371,0.8126948518180847,-1.8659642478942873
1752068083.008595,-0.07335403191447258,0.8125429719638824,-1.8654710346221925
1752068083.0106258,-0.07325503861904145,0.8123910921096802,-1.8649778213500978
1752068083.0127568,-0.0731560453236103,0.8122392122554778,-1.8644846080780029
1752068083.014895,-0.07305705202817918,0.8120873324012756,-1.8639913948059081
1752068083.0169883,-0.07295805873274802,0.8119354525470733,-1.8634981815338134
1752068083.0191255,-0.07285906543731689,0.811783572692871,-1.863004968261719
1752068083.0213196,-0.07276007214188576,0.8116316928386688,-1.8625117549896242
1752068083.0235016,-0.07266107884645462,0.8114798129844665,-1.8620185417175295
1752068083.025453,-0.07256208555102349,0.8113279331302643,-1.8615253284454347
1752068083.0274978,-0.07246309225559233,0.8111760532760619,-1.8610321151733396
1752068083.0295572,-0.0723640989601612,0.8110241734218597,-1.860538901901245
1752068083.031618,-0.07226510566473009,0.8108722935676574,-1.8600456886291503
1752068083.0337522,-0.07216611236929893,0.8107204137134552,-1.8595524753570556
1752068083.0358899,-0.0720671190738678,0.8105685338592529,-1.8590592620849609
1752068083.0380197,-0.07196812577843664,0.8104166540050506,-1.8585660488128661
1752068083.040213,-0.07186913248300553,0.8102647741508484,-1.8580728355407716
1752068083.0422447,-0.0717701391875744,0.8101128942966461,-1.857579622268677
1752068083.044349,-0.07167114589214324,0.8099610144424438,-1.8570864089965822
1752068083.0464883,-0.07157215259671211,0.8098091345882416,-1.8565931957244874
1752068083.0485501,-0.07147315930128097,0.8096572547340393,-1.8560999824523927
1752068083.0506244,-0.07137416600584984,0.809505374879837,-1.855606769180298
1752068083.0527506,-0.07127517271041871,0.8093534950256347,-1.8551135559082033
1752068083.0548923,-0.07117617941498755,0.8092016151714325,-1.8546203426361083
1752068083.0570612,-0.07107718611955643,0.8090497353172301,-1.8541271293640136
1752068083.0591185,-0.0709781928241253,0.808897855463028,-1.853633916091919
1752068083.0612512,-0.07087919952869415,0.8087459756088256,-1.8531407028198243
1752068083.0633936,-0.07078020623326302,0.8085940957546234,-1.8526474895477296
1752068083.0654807,-0.07068121293783187,0.8084422159004211,-1.852154276275635
1752068083.0675428,-0.07058221964240075,0.8082903360462188,-1.8516610630035402
1752068083.069604,-0.07048322634696962,0.8081384561920166,-1.8511678497314454
1752068083.0717912,-0.07038423305153846,0.8079865763378143,-1.8506746364593505
1752068083.073851,-0.07028523975610734,0.8078346964836121,-1.8501814231872558
1752068083.075958,-0.07018624646067619,0.8076828166294098,-1.849688209915161
1752068083.078059,-0.07008725316524506,0.8075309367752075,-1.8491949966430665
1752068083.0801687,-0.06998825986981393,0.8073790569210053,-1.8487017833709718
1752068083.0823147,-0.06988926657438278,0.8072271770668029,-1.848208570098877
1752068083.0844498,-0.06979027327895165,0.8070752972126007,-1.8477153568267823
1752068083.0865161,-0.0696912799835205,0.8069234173583983,-1.8472221435546876
1752068083.0886245,-0.06959228668808937,0.8067715375041962,-1.8467289302825929
1752068083.090736,-0.06949329339265825,0.8066196576499938,-1.8462357170104982
1752068083.0927277,-0.0693943000972271,0.8064677777957916,-1.8457425037384034
1752068083.0948565,-0.06929530680179596,0.8063158979415894,-1.8452492904663087
1752068083.0969915,-0.0691963135063648,0.806164018087387,-1.8447560771942138
1752068083.099132,-0.06909732021093369,0.8060121382331848,-1.8442628639221192
1752068083.1012785,-0.06899832691550256,0.8058602583789826,-1.8437696506500245
1752068083.1034155,-0.0688993336200714,0.8057083785247803,-1.8432764373779298
1752068083.1055534,-0.06880034032464027,0.805556498670578,-1.842783224105835
1752068083.1076124,-0.06870134702920913,0.8054046188163757,-1.8422900108337403
1752068083.1096213,-0.068602353733778,0.8052527389621734,-1.8417967975616456
1752068083.1117141,-0.06850336043834687,0.8051008591079711,-1.8413035842895509
1752068083.1138582,-0.06840436714291571,0.8049489792537688,-1.840810371017456
1752068083.115997,-0.0683053738474846,0.8047970993995666,-1.8403171577453612
1752068083.1181357,-0.06820638055205344,0.8046452195453644,-1.8398239444732665
1752068083.120241,-0.06810738725662231,0.804493339691162,-1.839330731201172
1752068083.1225827,-0.06800839396119118,0.8043414598369598,-1.8388375179290772
1752068083.1245782,-0.06790940066576004,0.8041895799827576,-1.8383443046569825
1752068083.1265423,-0.06781040737032891,0.8040377001285552,-1.8378510913848878
1752068083.128596,-0.06771141407489775,0.8038858202743531,-1.837357878112793
1752068083.130727,-0.06761242077946662,0.8037339404201507,-1.8368646648406983
1752068083.1328685,-0.06751342748403551,0.8035820605659485,-1.8363714515686036
1752068083.1350017,-0.06741443418860435,0.8034301807117462,-1.8358782382965089
1752068083.1371207,-0.06731544089317322,0.8032783008575439,-1.8353850250244141
1752068083.1393557,-0.06721644759774206,0.8031264210033416,-1.8348918117523192
1752068083.141414,-0.06711745430231095,0.8029745411491394,-1.8343985984802247
1752068083.143473,-0.06701846100687982,0.8028226612949371,-1.83390538520813
1752068083.1454926,-0.06691946771144866,0.8026707814407348,-1.8334121719360352
1752068083.147553,-0.06682047441601753,0.8025189015865326,-1.8329189586639405
1752068083.1496153,-0.06672148112058639,0.8023670217323302,-1.8324257453918458
1752068083.1517506,-0.06662248782515526,0.802215141878128,-1.831932532119751
1752068083.1538675,-0.06652349452972413,0.8020632620239259,-1.8314393188476563
1752068083.1560743,-0.06642450123429297,0.8019113821697235,-1.8309461055755614
1752068083.158171,-0.06632550793886186,0.8017595023155213,-1.8304528923034669
1752068083.1602118,-0.0662265146434307,0.8016076224613189,-1.829959679031372
1752068083.1623492,-0.06612752134799957,0.8014557426071167,-1.8294664657592774
1752068083.1644876,-0.06602852805256844,0.8013038627529143,-1.8289732524871827
1752068083.1665463,-0.0659295347571373,0.8011519828987121,-1.828480039215088
1752068083.1686087,-0.06583054146170617,0.8010001030445097,-1.8279868259429932
1752068083.170752,-0.06573154816627501,0.8008482231903076,-1.8274936126708985
1752068083.1729655,-0.06563255487084388,0.8006963433361053,-1.8270003993988038
1752068083.1750886,-0.06553356157541276,0.8005444634819031,-1.826507186126709
1752068083.177105,-0.0654345682799816,0.8003925836277008,-1.8260139728546143
1752068083.179252,-0.06533557498455048,0.8002407037734985,-1.8255207595825196
1752068083.1813853,-0.06523658168911932,0.8000888239192963,-1.8250275463104246
1752068083.1834786,-0.0651375883936882,0.799936944065094,-1.8245343330383301
1752068083.185539,-0.06503859509825707,0.7997850642108917,-1.8240411197662354
1752068083.1876864,-0.06493960180282592,0.7996331843566894,-1.8235479064941407
1752068083.1899006,-0.06484060850739479,0.7994813045024871,-1.823054693222046
1752068083.191863,-0.06474161521196367,0.7993294246482849,-1.8225614799499512
1752068083.193956,-0.06464262191653251,0.7991775447940825,-1.8220682666778565
1752068083.1960907,-0.06454362862110138,0.7990256649398804,-1.8215750534057618
1752068083.1982367,-0.06444463532567023,0.798873785085678,-1.8210818401336668
1752068083.200373,-0.06434564203023911,0.7987219052314758,-1.8205886268615723
1752068083.2024627,-0.06424664873480798,0.7985700253772736,-1.8200954135894776
1752068083.204501,-0.06414765543937682,0.7984181455230712,-1.8196022003173828
1752068083.2066765,-0.0640486621439457,0.798266265668869,-1.8191089870452881
1752068083.2087524,-0.06394966884851455,0.7981143858146668,-1.8186157737731934
1752068083.2107255,-0.06385067555308342,0.7979625059604645,-1.8181225605010987
1752068083.2128625,-0.06375168225765229,0.7978106261062622,-1.817629347229004
1752068083.2149992,-0.06365268896222114,0.7976587462520599,-1.8171361339569092
1752068083.217141,-0.06355369566679002,0.7975068663978576,-1.8166429206848145
1752068083.2192833,-0.06345470237135886,0.7973549865436553,-1.8161497074127197
1752068083.2214143,-0.06335570907592773,0.797203106689453,-1.815656494140625
1752068083.2236865,-0.0632567157804966,0.7970512268352509,-1.8151632808685303
1752068083.2256021,-0.06315772248506546,0.7968993469810485,-1.8146700675964356
1752068083.2276406,-0.06305872918963433,0.7967474671268464,-1.8141768543243408
1752068083.2297735,-0.06295973589420317,0.796595587272644,-1.813683641052246
1752068083.2319043,-0.06286074259877204,0.7964437074184418,-1.8131904277801514
1752068083.2340424,-0.06276174930334093,0.7962918275642394,-1.8126972145080567
1752068083.2361882,-0.06266275600790977,0.7961399477100373,-1.812204001235962
1752068083.2383249,-0.06256376271247864,0.7959880678558349,-1.8117107879638672
1752068083.2404466,-0.06246476941704749,0.7958361880016327,-1.8112175746917722
1752068083.242499,-0.06236577612161636,0.7956843081474303,-1.8107243614196777
1752068083.244489,-0.06226678282618524,0.7955324282932281,-1.810231148147583
1752068083.2465475,-0.06216778953075409,0.7953805484390258,-1.8097379348754883
1752068083.2486074,-0.06206879623532296,0.7952286685848236,-1.8092447216033936
1752068083.2507439,-0.06196980293989181,0.7950767887306213,-1.8087515083312988
1752068083.2528818,-0.06187080964446068,0.794924908876419,-1.808258295059204
1752068083.255035,-0.06177181634902955,0.7947730290222168,-1.8077650817871094
1752068083.2571847,-0.0616728230535984,0.7946211491680145,-1.8072718685150146
1752068083.2592466,-0.06157382975816727,0.7944692693138122,-1.80677865524292
1752068083.261381,-0.06147483646273612,0.79431738945961,-1.8062854419708252
1752068083.263467,-0.061375843167304996,0.7941655096054077,-1.8057922286987305
1752068083.2655272,-0.061276849871873866,0.7940136297512055,-1.805299015426636
1752068083.2675884,-0.061177856576442716,0.7938617498970031,-1.804805802154541
1752068083.2697232,-0.061078863281011586,0.7937098700428009,-1.8043125888824463
1752068083.2718923,-0.060979869985580436,0.7935579901885985,-1.8038193756103515
1752068083.273968,-0.060880876690149306,0.7934061103343963,-1.8033261623382568
1752068083.2760847,-0.060781883394718184,0.793254230480194,-1.802832949066162
1752068083.278209,-0.060682890099287026,0.7931023506259918,-1.8023397357940674
1752068083.2803535,-0.060583896803855904,0.7929504707717896,-1.8018465225219726
1752068083.282432,-0.060484903508424746,0.7927985909175872,-1.801353309249878
1752068083.2844949,-0.060385910212993624,0.792646711063385,-1.8008600959777832
1752068083.2865388,-0.060286916917562494,0.7924948312091827,-1.8003668827056885
1752068083.2886925,-0.060187923622131344,0.7923429513549805,-1.7998736694335937
1752068083.2906985,-0.060088930326700214,0.7921910715007782,-1.799380456161499
1752068083.2928271,-0.059989937031269064,0.7920391916465759,-1.7988872428894043
1752068083.2949245,-0.059890943735837934,0.7918873117923736,-1.7983940296173095
1752068083.2970638,-0.05979195044040681,0.7917354319381713,-1.7979008163452148
1752068083.2992086,-0.059692957144975654,0.791583552083969,-1.79740760307312
1752068083.3013482,-0.05959396384954453,0.7914316722297667,-1.7969143898010254
1752068083.3034437,-0.059494970554113374,0.7912797923755646,-1.7964211765289306
1752068083.3055885,-0.05939597725868225,0.7911279125213622,-1.795927963256836
1752068083.3076131,-0.05929698396325112,0.79097603266716,-1.7954347499847414
1752068083.309634,-0.05919799066781997,0.7908241528129578,-1.7949415367126464
1752068083.3116791,-0.05909899737238884,0.7906722729587554,-1.7944483234405517
1752068083.3138256,-0.05900000407695769,0.7905203931045532,-1.793955110168457
1752068083.315976,-0.05890101078152656,0.7903685132503508,-1.7934618968963623
1752068083.3181047,-0.05880201748609544,0.7902166333961487,-1.7929686836242675
1752068083.320186,-0.05870302419066428,0.7900647535419464,-1.7924754703521728
1752068083.322423,-0.05860403089523316,0.7899128736877441,-1.791982257080078
1752068083.3244004,-0.05850503759980203,0.7897609938335418,-1.7914890438079836
1752068083.326439,-0.05840604430437088,0.7896091139793395,-1.7909958305358886
1752068083.328488,-0.05830705100893975,0.7894572341251372,-1.790502617263794
1752068083.3305502,-0.0582080577135086,0.789305354270935,-1.7900094039916992
1752068083.3326104,-0.05810906441807747,0.7891534744167328,-1.7895161907196044
1752068083.3347447,-0.05801007112264635,0.7890015945625306,-1.7890229774475097
1752068083.3368354,-0.05791107782721519,0.7888497147083282,-1.788529764175415
1752068083.338993,-0.05781208453178407,0.788697834854126,-1.7880365509033203
1752068083.341071,-0.05771309123635291,0.7885459549999236,-1.7875433376312255
1752068083.3431714,-0.05761409794092179,0.7883940751457215,-1.7870501243591308
1752068083.3452258,-0.05751510464549066,0.7882421952915191,-1.7865569110870363
1752068083.347364,-0.05741611135005951,0.7880903154373169,-1.7860636978149413
1752068083.3494802,-0.05731711805462838,0.7879384355831145,-1.7855704845428468
1752068083.3515382,-0.05721812475919723,0.7877865557289123,-1.7850772712707519
1752068083.3536012,-0.0571191314637661,0.78763467587471,-1.7845840579986572
1752068083.3559196,-0.057020138168334976,0.7874827960205079,-1.7840908447265624
1752068083.357819,-0.05692114487290382,0.7873309161663055,-1.7835976314544677
1752068083.3598907,-0.056822151577472696,0.7871790363121033,-1.783104418182373
1752068083.362033,-0.05672315828204154,0.787027156457901,-1.7826112049102782
1752068083.3641737,-0.056624164986610416,0.7868752766036987,-1.7821179916381835
1752068083.3662722,-0.056525171691179286,0.7867233967494964,-1.781624778366089
1752068083.3684123,-0.056426178395748136,0.7865715168952941,-1.781131565093994
1752068083.3704875,-0.05632718510031701,0.7864196370410919,-1.7806383518218993
1752068083.3726466,-0.056228191804885856,0.7862677571868896,-1.7801451385498046
1752068083.374696,-0.05612919850945473,0.7861158773326873,-1.7796519252777099
1752068083.3767335,-0.056030205214023604,0.7859639974784851,-1.7791587120056152
1752068083.378805,-0.05593121191859245,0.7858121176242827,-1.7786654987335204
1752068083.3809478,-0.055832218623161324,0.7856602377700805,-1.7781722854614257
1752068083.3830857,-0.05573322532773017,0.7855083579158781,-1.777679072189331
1752068083.3852346,-0.055634232032299044,0.7853564780616761,-1.7771858589172362
1752068083.3873577,-0.055535238736867915,0.7852045982074738,-1.7766926456451417
1752068083.3896282,-0.055436245441436764,0.7850527183532715,-1.776199432373047
1752068083.3915598,-0.055337252146005635,0.7849008384990692,-1.7757062191009523
1752068083.393506,-0.055238258850574484,0.7847489586448669,-1.7752130058288573
1752068083.3955655,-0.055139265555143355,0.7845970787906646,-1.7747197925567626
1752068083.3976264,-0.05504027225971223,0.7844451989364624,-1.7742265792846679
1752068083.399759,-0.054941278964281075,0.7842933190822601,-1.7737333660125731
1752068083.4019015,-0.05484228566884995,0.7841414392280578,-1.7732401527404784
1752068083.4040318,-0.054743292373418795,0.7839895593738555,-1.7727469394683837
1752068083.4062188,-0.05464429907798767,0.7838376795196532,-1.772253726196289
1752068083.4083006,-0.05454530578255654,0.783685799665451,-1.7717605129241945
1752068083.4103734,-0.05444631248712539,0.7835339198112486,-1.7712672996520995
1752068083.4125144,-0.05434731919169426,0.7833820399570466,-1.7707740863800048
1752068083.4145737,-0.05424832589626311,0.7832301601028442,-1.77028087310791
1752068083.4166343,-0.05414933260083198,0.783078280248642,-1.7697876598358153
1752068083.41877,-0.05405033930540086,0.7829264003944396,-1.7692944465637206
1752068083.420929,-0.0539513460099697,0.7827745205402374,-1.7688012332916259
1752068083.4231164,-0.05385235271453858,0.7826226406860352,-1.7683080200195311
1752068083.4251847,-0.05375335941910742,0.7824707608318329,-1.7678148067474364
1752068083.4272816,-0.0536543661236763,0.7823188809776306,-1.7673215934753417
1752068083.4294162,-0.05355537282824517,0.7821670011234283,-1.7668283802032472
1752068083.4314895,-0.05345637953281402,0.782015121269226,-1.7663351669311524
1752068083.4335501,-0.05335738623738289,0.7818632414150237,-1.7658419536590577
1752068083.4356096,-0.05325839294195174,0.7817113615608214,-1.7653487403869628
1752068083.4376805,-0.05315939964652061,0.7815594817066193,-1.764855527114868
1752068083.4398835,-0.05306040635108949,0.781407601852417,-1.7643623138427733
1752068083.4420214,-0.05296141305565833,0.7812557219982147,-1.7638691005706786
1752068083.444022,-0.05286241976022721,0.7811038421440124,-1.7633758872985839
1752068083.4461627,-0.05276342646479605,0.7809519622898101,-1.7628826740264891
1752068083.448304,-0.05266443316936493,0.7808000824356078,-1.7623894607543946
1752068083.4504402,-0.0525654398739338,0.7806482025814057,-1.7618962474823
1752068083.4525042,-0.05246644657850265,0.7804963227272033,-1.761403034210205
1752068083.4546025,-0.05236745328307152,0.7803444428730011,-1.7609098209381102
1752068083.4567997,-0.052268459987640396,0.7801925630187988,-1.7604166076660155
1752068083.4588072,-0.05216946669220924,0.7800406831645965,-1.7599233943939208
1752068083.4609149,-0.052070473396778116,0.7798888033103943,-1.759430181121826
1752068083.46306,-0.05197148010134696,0.7797369234561919,-1.7589369678497313
1752068083.465204,-0.051872486805915836,0.7795850436019898,-1.7584437545776366
1752068083.4673417,-0.05177349351048471,0.7794331637477875,-1.757950541305542
1752068083.4694984,-0.051674500215053557,0.7792812838935852,-1.7574573280334473
1752068083.4716253,-0.05157550691962243,0.7791294040393829,-1.7569641147613526
1752068083.4736989,-0.05147651362419128,0.7789775241851806,-1.7564709014892579
1752068083.4757578,-0.05137752032876015,0.7788256443309783,-1.7559776882171632
1752068083.4778585,-0.051278527033329024,0.778673764476776,-1.7554844749450687
1752068083.4800034,-0.05117953373789787,0.7785218846225738,-1.7549912616729735
1752068083.4821422,-0.051080540442466744,0.7783700047683715,-1.7544980484008788
1752068083.4842649,-0.05098154714703559,0.7782181249141692,-1.754004835128784
1752068083.486402,-0.050882553851604465,0.7780662450599669,-1.7535116218566893
1752068083.4885583,-0.050783560556173335,0.7779143652057647,-1.7530184085845948
1752068083.4906254,-0.050684567260742185,0.7777624853515626,-1.7525251953125
1752068083.4926429,-0.050585573965311055,0.7776106054973602,-1.7520319820404053
1752068083.494686,-0.050486580669879905,0.777458725643158,-1.7515387687683104
1752068083.4968238,-0.050387587374448775,0.7773068457889557,-1.7510455554962157
1752068083.4989622,-0.05028859407901765,0.7771549659347534,-1.750552342224121
1752068083.501099,-0.050189600783586495,0.7770030860805511,-1.7500591289520262
1752068083.503246,-0.05009060748815537,0.7768512062263488,-1.7495659156799315
1752068083.505475,-0.049991614192724215,0.7766993263721466,-1.7490727024078367
1752068083.507513,-0.04989262089729309,0.7765474465179443,-1.7485794891357422
1752068083.5095253,-0.04979362760186196,0.776395566663742,-1.7480862758636475
1752068083.5115664,-0.04969463430643081,0.7762436868095397,-1.7475930625915528
1752068083.51363,-0.04959564101099968,0.7760918069553375,-1.747099849319458
1752068083.515768,-0.04949664771556853,0.7759399271011351,-1.7466066360473633
1752068083.5179062,-0.0493976544201374,0.775788047246933,-1.7461134227752688
1752068083.5200443,-0.04929866112470628,0.7756361673927307,-1.745620209503174
1752068083.5223966,-0.04919966782927512,0.7754842875385284,-1.745126996231079
1752068083.524324,-0.049100674533844,0.7753324076843262,-1.7446337829589842
1752068083.5263793,-0.04900168123841284,0.7751805278301238,-1.7441405696868895
1752068083.5285056,-0.04890268794298172,0.7750286479759216,-1.743647356414795
1752068083.5305643,-0.04880369464755059,0.7748767681217194,-1.7431541431427002
1752068083.5326285,-0.04870470135211944,0.7747248882675171,-1.7426609298706055
1752068083.5347617,-0.04860570805668831,0.7745730084133148,-1.7421677165985108
1752068083.5368526,-0.04850671476125716,0.7744211285591125,-1.7416745033264158
1752068083.5391285,-0.04840772146582603,0.7742692487049102,-1.741181290054321
1752068083.541124,-0.04830872817039491,0.774117368850708,-1.7406880767822264
1752068083.543153,-0.04820973487496375,0.7739654889965057,-1.7401948635101316
1752068083.5452242,-0.04811074157953263,0.7738136091423035,-1.739701650238037
1752068083.5473323,-0.04801174828410147,0.7736617292881012,-1.7392084369659422
1752068083.5494766,-0.04791275498867035,0.7735098494338989,-1.7387152236938477
1752068083.5515,-0.04781376169323922,0.7733579695796966,-1.738222010421753
1752068083.5535595,-0.04771476839780807,0.7732060897254943,-1.7377287971496582
1752068083.5557075,-0.04761577510237694,0.773054209871292,-1.7372355838775637
1752068083.5577784,-0.04751678180694579,0.7729023300170897,-1.7367423706054688
1752068083.5598407,-0.04741778851151466,0.7727504501628875,-1.7362491573333743
1752068083.5619645,-0.04731879521608354,0.7725985703086853,-1.7357559440612795
1752068083.5641093,-0.04721980192065238,0.7724466904544829,-1.7352627307891844
1752068083.5662544,-0.04712080862522126,0.7722948106002807,-1.7347695175170899
1752068083.5683904,-0.0470218153297901,0.7721429307460783,-1.734276304244995
1752068083.5704937,-0.04692282203435898,0.7719910508918763,-1.7337830909729004
1752068083.572664,-0.04682382873892785,0.771839171037674,-1.7332898777008057
1752068083.5747457,-0.0467248354434967,0.7716872911834717,-1.732796664428711
1752068083.5767379,-0.04662584214806557,0.7715354113292694,-1.7323034511566164
1752068083.5788596,-0.04652684885263442,0.7713835314750671,-1.7318102378845213
1752068083.5809984,-0.04642785555720329,0.7712316516208648,-1.7313170246124265
1752068083.583126,-0.046328862261772165,0.7710797717666625,-1.7308238113403318
1752068083.5852668,-0.04622986896634101,0.7709278919124603,-1.730330598068237
1752068083.5874095,-0.046130875670909885,0.770776012058258,-1.7298373847961426
1752068083.5896578,-0.046031882375478755,0.7706241322040558,-1.7293441715240478
1752068083.5916116,-0.045932889080047605,0.7704722523498534,-1.7288509582519531
1752068083.5936322,-0.045833895784616475,0.7703203724956512,-1.7283577449798584
1752068083.5957744,-0.045734902489185325,0.7701684926414489,-1.7278645317077637
1752068083.597845,-0.045635909193754196,0.7700166127872468,-1.7273713184356692
1752068083.5999792,-0.04553691589832307,0.7698647329330444,-1.7268781051635744
1752068083.6021168,-0.045437922602891916,0.7697128530788422,-1.7263848918914797
1752068083.6042342,-0.04533892930746079,0.7695609732246399,-1.725891678619385
1752068083.6064596,-0.045239936012029636,0.7694090933704376,-1.7253984653472898
1752068083.6084998,-0.04514094271659851,0.7692572135162353,-1.7249052520751953
1752068083.6104958,-0.045041949421167383,0.769105333662033,-1.7244120388031006
1752068083.6125562,-0.04494295612573623,0.7689534538078308,-1.7239188255310058
1752068083.6146193,-0.044843962830305104,0.7688015739536285,-1.723425612258911
1752068083.6167548,-0.04474496953487395,0.7686496940994262,-1.7229323989868164
1752068083.618891,-0.044645976239442824,0.768497814245224,-1.7224391857147219
1752068083.621012,-0.0445469829440117,0.7683459343910217,-1.7219459724426271
1752068083.623227,-0.044447989648580544,0.7681940545368194,-1.721452759170532
1752068083.6252956,-0.04434899635314942,0.7680421746826172,-1.7209595458984375
1752068083.6273856,-0.044250003057718264,0.7678902948284149,-1.7204663326263427
1752068083.6294742,-0.04415100976228714,0.7677384149742126,-1.719973119354248
1752068083.631532,-0.04405201646685601,0.7675865351200104,-1.7194799060821533
1752068083.6335955,-0.04395302317142486,0.767434655265808,-1.7189866928100586
1752068083.635656,-0.04385402987599373,0.7672827754116058,-1.7184934795379638
1752068083.6378007,-0.04375503658056258,0.7671308955574034,-1.718000266265869
1752068083.6399286,-0.04365604328513145,0.7669790157032013,-1.7175070529937746
1752068083.6419923,-0.04355704998970033,0.7668271358489991,-1.7170138397216799
1752068083.6441054,-0.04345805669426917,0.7666752559947967,-1.7165206264495851
1752068083.6462603,-0.04335906339883805,0.7665233761405945,-1.7160274131774904
1752068083.6483946,-0.04326007010340689,0.7663714962863922,-1.7155341999053955
1752068083.6504793,-0.04316107680797577,0.7662196164321899,-1.7150409866333007
1752068083.65254,-0.04306208351254464,0.7660677365779877,-1.714547773361206
1752068083.6546268,-0.04296309021711349,0.7659158567237854,-1.7140545600891113
1752068083.6568289,-0.04286409692168236,0.7657639768695831,-1.7135613468170166
1752068083.6588676,-0.04276510362625121,0.7656120970153808,-1.7130681335449218
1752068083.6609619,-0.04266611033082008,0.7654602171611785,-1.7125749202728273
1752068083.6631072,-0.04256711703538896,0.7653083373069762,-1.7120817070007326
1752068083.66525,-0.0424681237399578,0.7651564574527739,-1.7115884937286374
1752068083.6673412,-0.04236913044452668,0.7650045775985717,-1.711095280456543
1752068083.6695004,-0.04227013714909552,0.7648526977443694,-1.7106020671844482
1752068083.6716053,-0.0421711438536644,0.7647008178901673,-1.7101088539123535
1752068083.6736805,-0.04207215055823327,0.7645489380359649,-1.7096156406402587
1752068083.6757572,-0.04197315726280212,0.7643970581817627,-1.709122427368164
1752068083.677818,-0.04187416396737099,0.7642451783275604,-1.7086292140960695
1752068083.6799643,-0.04177517067193984,0.7640932984733582,-1.7081360008239745
1752068083.6821027,-0.04167617737650871,0.7639414186191559,-1.70764278755188
1752068083.6842017,-0.041577184081077585,0.7637895387649536,-1.7071495742797853
1752068083.6863358,-0.041478190785646435,0.7636376589107513,-1.7066563610076906
1752068083.6885266,-0.041379197490215305,0.763485779056549,-1.7061631477355959
1752068083.6905484,-0.041280204194784155,0.7633338992023467,-1.705669934463501
1752068083.6925104,-0.041181210899353025,0.7631820193481444,-1.7051767211914062
1752068083.6945689,-0.041082217603921896,0.7630301394939423,-1.7046835079193114
1752068083.6966302,-0.040983224308490745,0.7628782596397399,-1.7041902946472167
1752068083.698763,-0.04088423101305962,0.7627263797855377,-1.7036970813751222
1752068083.7009006,-0.040785237717628466,0.7625744999313354,-1.7032038681030273
1752068083.7030406,-0.04068624442219734,0.7624226200771331,-1.7027106548309328
1752068083.7052743,-0.04058725112676621,0.762270740222931,-1.702217441558838
1752068083.707314,-0.04048825783133506,0.7621188603687286,-1.701724228286743
1752068083.7093785,-0.04038926453590393,0.7619669805145264,-1.7012310150146484
1752068083.7114847,-0.04029027124047278,0.761815100660324,-1.7007378017425536
1752068083.7135465,-0.040191277945041654,0.7616632208061218,-1.700244588470459
1752068083.715606,-0.04009228464961053,0.7615113409519195,-1.6997513751983642
1752068083.7177424,-0.039993291354179374,0.7613594610977172,-1.6992581619262694
1752068083.719885,-0.03989429805874825,0.761207581243515,-1.698764948654175
1752068083.7220716,-0.03979530476331712,0.7610557013893128,-1.6982717353820802
1752068083.7241538,-0.03969631146788597,0.7609038215351105,-1.6977785221099855
1752068083.7262383,-0.03959731817245484,0.7607519416809082,-1.6972853088378907
1752068083.7283802,-0.03949832487702369,0.7606000618267059,-1.696792095565796
1752068083.730496,-0.03939933158159256,0.7604481819725036,-1.6962988822937013
1752068083.7325566,-0.03930033828616144,0.7602963021183013,-1.6958056690216066
1752068083.734619,-0.03920134499073028,0.7601444222640991,-1.6953124557495116
1752068083.7367098,-0.03910235169529916,0.7599925424098968,-1.694819242477417
1752068083.7388554,-0.039003358399868,0.7598406625556945,-1.6943260292053222
1752068083.7409718,-0.03890436510443688,0.7596887827014922,-1.6938328159332277
1752068083.743065,-0.03880537180900575,0.75953690284729,-1.693339602661133
1752068083.7451923,-0.0387063785135746,0.7593850229930876,-1.6928463893890382
1752068083.747285,-0.03860738521814347,0.7592331431388855,-1.6923531761169435
1752068083.7494195,-0.03850839192271232,0.7590812632846831,-1.6918599628448485
1752068083.7514992,-0.03840939862728119,0.758929383430481,-1.6913667495727538
1752068083.7535596,-0.03831040533185007,0.7587775035762787,-1.690873536300659
1752068083.7558002,-0.03821141203641891,0.7586256237220764,-1.6903803230285643
1752068083.757831,-0.03811241874098779,0.7584737438678741,-1.6898871097564698
1752068083.7598727,-0.03801342544555663,0.7583218640136719,-1.6893938964843749
1752068083.7620006,-0.03791443215012551,0.7581699841594696,-1.6889006832122804
1752068083.7641404,-0.03781543885469438,0.7580181043052673,-1.6884074699401856
1752068083.7662864,-0.03771644555926323,0.757866224451065,-1.687914256668091
1752068083.76842,-0.0376174522638321,0.7577143445968627,-1.6874210433959962
1752068083.770485,-0.03751845896840095,0.7575624647426604,-1.6869278301239015
1752068083.7726884,-0.03741946567296982,0.7574105848884581,-1.6864346168518067
1752068083.774713,-0.037320472377538695,0.757258705034256,-1.685941403579712
1752068083.7767549,-0.03722147908210754,0.7571068251800537,-1.685448190307617
1752068083.7788951,-0.037122485786676415,0.7569549453258515,-1.6849549770355225
1752068083.7810102,-0.03702349249124526,0.7568030654716491,-1.6844617637634276
1752068083.7831464,-0.036924499195814135,0.7566511856174469,-1.683968550491333
1752068083.7852912,-0.036825505900383006,0.7564993057632445,-1.6834753372192384
1752068083.7874668,-0.036726512604951855,0.7563474259090424,-1.6829821239471436
1752068083.7895877,-0.036627519309520726,0.7561955460548401,-1.682488910675049
1752068083.791615,-0.036528526014089575,0.7560436662006378,-1.681995697402954
1752068083.7936172,-0.036429532718658446,0.7558917863464355,-1.6815024841308592
1752068083.7956767,-0.03633053942322732,0.7557399064922332,-1.6810092708587647
1752068083.7978063,-0.036231546127796166,0.7555880266380309,-1.6805160575866698
1752068083.7999463,-0.03613255283236504,0.7554361467838288,-1.6800228443145753
1752068083.8021054,-0.036033559536933886,0.7552842669296264,-1.6795296310424805
1752068083.8042111,-0.03593456624150276,0.7551323870754242,-1.6790364177703858
1752068083.8064067,-0.035835572946071634,0.7549805072212219,-1.678543204498291
1752068083.8085432,-0.03573657965064048,0.7548286273670196,-1.6780499912261964
1752068083.810526,-0.035637586355209354,0.7546767475128173,-1.6775567779541016
1752068083.8125813,-0.035538593059778203,0.754524867658615,-1.677063564682007
1752068083.8146467,-0.035439599764347074,0.7543729878044128,-1.6765703514099122
1752068083.8167717,-0.03534060646891595,0.7542211079502106,-1.6760771381378174
1752068083.818903,-0.035241613173484794,0.7540692280960082,-1.6755839248657225
1752068083.8211079,-0.03514261987805367,0.753917348241806,-1.675090711593628
1752068083.8232687,-0.035043626582622514,0.7537654683876036,-1.6745974983215333
1752068083.8253102,-0.03494463328719139,0.7536135885334014,-1.6741042850494385
1752068083.827419,-0.03484563999176026,0.7534617086791993,-1.6736110717773438
1752068083.8295333,-0.03474664669632911,0.753309828824997,-1.673117858505249
1752068083.8315496,-0.03464765340089798,0.7531579489707947,-1.6726246452331544
1752068083.8336134,-0.03454866010546683,0.7530060691165924,-1.6721314319610594
1752068083.8356755,-0.0344496668100357,0.7528541892623901,-1.6716382186889647
1752068083.8378184,-0.03435067351460458,0.7527023094081878,-1.6711450054168702
1752068083.8400028,-0.03425168021917342,0.7525504295539855,-1.6706517921447752
1752068083.8421512,-0.0341526869237423,0.7523985496997833,-1.6701585788726807
1752068083.8441553,-0.03405369362831114,0.752246669845581,-1.669665365600586
1752068083.8463116,-0.03395470033288002,0.7520947899913787,-1.6691721523284913
1752068083.8484285,-0.03385570703744889,0.7519429101371764,-1.6686789390563965
1752068083.8505175,-0.03375671374201774,0.7517910302829741,-1.6681857257843018
1752068083.8525794,-0.03365772044658661,0.751639150428772,-1.667692512512207
1752068083.854667,-0.03355872715115549,0.7514872705745697,-1.6671992992401123
1752068083.8568997,-0.03345973385572433,0.7513353907203675,-1.6667060859680176
1752068083.8588831,-0.03336074056029321,0.7511835108661651,-1.6662128726959229
1752068083.8609955,-0.03326174726486205,0.7510316310119629,-1.6657196594238282
1752068083.863124,-0.03316275396943093,0.7508797511577606,-1.6652264461517334
1752068083.8652673,-0.0330637606739998,0.7507278713035583,-1.6647332328796387
1752068083.8673966,-0.03296476737856865,0.750575991449356,-1.664240019607544
1752068083.869491,-0.03286577408313752,0.7504241115951538,-1.6637468063354492
1752068083.871551,-0.03276678078770637,0.7502722317409515,-1.6632535930633545
1752068083.8737636,-0.03266778749227524,0.7501203518867492,-1.6627603797912598
1752068083.875696,-0.032568794196844116,0.749968472032547,-1.662267166519165
1752068083.8777993,-0.03246980090141296,0.7498165921783446,-1.6617739532470701
1752068083.8799343,-0.032370807605981836,0.7496647123241424,-1.6612807399749756
1752068083.882067,-0.03227181431055068,0.7495128324699402,-1.6607875267028809
1752068083.8841631,-0.032172821015119556,0.7493609526157379,-1.6602943134307862
1752068083.886301,-0.032073827719688426,0.7492090727615356,-1.6598011001586914
1752068083.8884544,-0.031974834424257276,0.7490571929073333,-1.6593078868865967
1752068083.8905766,-0.031875841128826146,0.7489053130531311,-1.658814673614502
1752068083.892611,-0.031776847833394996,0.7487534331989287,-1.6583214603424072
1752068083.8946407,-0.031677854537963866,0.7486015533447266,-1.6578282470703125
1752068083.8967757,-0.031578861242532744,0.7484496734905243,-1.6573350337982178
1752068083.8989048,-0.031479867947101586,0.748297793636322,-1.656841820526123
1752068083.901036,-0.031380874651670464,0.7481459137821197,-1.6563486072540283
1752068083.903169,-0.031281881356239306,0.7479940339279174,-1.6558553939819336
1752068083.9053617,-0.03118288806080818,0.7478421540737152,-1.6553621807098389
1752068083.9074764,-0.031083894765377054,0.747690274219513,-1.6548689674377441
1752068083.9095383,-0.030984901469945904,0.7475383943653107,-1.6543757541656494
1752068083.911595,-0.030885908174514774,0.7473865145111084,-1.6538825408935547
1752068083.9136548,-0.030786914879083624,0.7472346346569061,-1.65338932762146
1752068083.915781,-0.030687921583652498,0.7470827548027038,-1.6528961143493652
1752068083.9179122,-0.030588928288221368,0.7469308749485015,-1.6524029010772705
1752068083.9200096,-0.030489934992790218,0.7467789950942992,-1.6519096878051758
1752068083.922208,-0.030390941697359092,0.746627115240097,-1.651416474533081
1752068083.9242673,-0.030291948401927938,0.7464752353858947,-1.6509232612609863
1752068083.9263427,-0.030192955106496812,0.7463233555316924,-1.6504300479888916
1752068083.928592,-0.030093961811065686,0.7461714756774902,-1.6499368347167969
1752068083.9305272,-0.029994968515634532,0.7460195958232878,-1.6494436214447021
1752068083.9325926,-0.029895975220203406,0.7458677159690856,-1.6489504081726074
1752068083.9346662,-0.029796981924772252,0.7457158361148835,-1.6484571949005127
1752068083.9367518,-0.029697988629341126,0.7455639562606812,-1.647963981628418
1752068083.938882,-0.02959899533391,0.7454120764064789,-1.6474707683563232
1752068083.9409795,-0.029500002038478846,0.7452601965522766,-1.6469775550842285
1752068083.9430492,-0.02940100874304772,0.7451083166980743,-1.646484341812134
1752068083.9451902,-0.029302015447616566,0.744956436843872,-1.645991128540039
1752068083.9473202,-0.02920302215218544,0.7448045569896697,-1.6454979152679443
1752068083.949449,-0.029104028856754314,0.7446526771354675,-1.6450047019958496
1752068083.9515133,-0.02900503556132316,0.7445007972812652,-1.6445114887237549
1752068083.953576,-0.028906042265892034,0.7443489174270629,-1.6440182754516601
1752068083.9557152,-0.02880704897046088,0.7441970375728606,-1.6435250621795654
1752068083.957799,-0.028708055675029754,0.7440451577186584,-1.6430318489074707
1752068083.959849,-0.028609062379598628,0.7438932778644561,-1.642538635635376
1752068083.9619663,-0.028510069084167474,0.7437413980102539,-1.6420454223632812
1752068083.9641037,-0.028411075788736348,0.7435895181560517,-1.6415522090911865
1752068083.9662447,-0.028312082493305194,0.7434376383018493,-1.6410589958190918
1752068083.968373,-0.028213089197874068,0.7432857584476471,-1.640565782546997
1752068083.9704773,-0.028114095902442942,0.7431338785934448,-1.6400725692749023
1752068083.9725735,-0.028015102607011788,0.7429819987392425,-1.6395793560028076
1752068083.9746807,-0.027916109311580662,0.7428301188850402,-1.6390861427307128
1752068083.976665,-0.027817116016149536,0.742678239030838,-1.6385929294586181
1752068083.9787607,-0.027718122720718382,0.7425263591766357,-1.6380997161865234
1752068083.9809024,-0.027619129425287256,0.7423744793224335,-1.6376065029144289
1752068083.9830353,-0.027520136129856102,0.7422225994682311,-1.637113289642334
1752068083.9851646,-0.027421142834424976,0.7420707196140289,-1.6366200763702394
1752068083.987271,-0.02732214953899385,0.7419188397598266,-1.6361268630981447
1752068083.9894907,-0.027223156243562696,0.7417669599056244,-1.6356336498260498
1752068083.991543,-0.02712416294813157,0.7416150800514221,-1.635140436553955
1752068083.9935331,-0.027025169652700416,0.7414632001972198,-1.6346472232818603
1752068083.995591,-0.02692617635726929,0.7413113203430175,-1.6341540100097656
1752068083.997652,-0.026827183061838164,0.7411594404888152,-1.6336607967376708
1752068083.9997787,-0.02672818976640701,0.7410075606346129,-1.6331675834655761
1752068084.0019097,-0.026629196470975884,0.7408556807804108,-1.6326743701934816
1752068084.0040524,-0.02653020317554473,0.7407038009262084,-1.6321811569213867
1752068084.0062718,-0.026431209880113604,0.7405519210720062,-1.631687943649292
1752068084.0083504,-0.026332216584682478,0.740400041217804,-1.6311947303771972
1752068084.0103953,-0.026233223289251324,0.7402481613636017,-1.6307015171051025
1752068084.0125346,-0.026134229993820198,0.7400962815093994,-1.6302083038330077
1752068084.0145977,-0.026035236698389044,0.7399444016551971,-1.629715090560913
1752068084.0166605,-0.025936243402957918,0.7397925218009949,-1.6292218772888183
1752068084.0187871,-0.025837250107526792,0.7396406419467926,-1.6287286640167236
1752068084.0209968,-0.02573825681209564,0.7394887620925903,-1.6282354507446288
1752068084.023205,-0.025639263516664512,0.739336882238388,-1.6277422374725343
1752068084.0251598,-0.02554027022123336,0.7391850023841857,-1.6272490242004394
1752068084.0272648,-0.025441276925802232,0.7390331225299834,-1.6267558109283449
1752068084.0293908,-0.025342283630371106,0.7388812426757811,-1.6262625976562501
1752068084.0315297,-0.025243290334939952,0.7387293628215789,-1.6257693843841552
1752068084.0335877,-0.025144297039508826,0.7385774829673767,-1.6252761711120605
1752068084.0356514,-0.025045303744077672,0.7384256031131743,-1.6247829578399657
1752068084.0377972,-0.024946310448646546,0.7382737232589722,-1.624289744567871
1752068084.0399709,-0.02484731715321542,0.7381218434047699,-1.6237965312957765
1752068084.0421345,-0.024748323857784266,0.7379699635505677,-1.6233033180236816
1752068084.0441325,-0.02464933056235314,0.7378180836963654,-1.622810104751587
1752068084.0462663,-0.024550337266921986,0.7376662038421631,-1.622316891479492
1752068084.0483975,-0.02445134397149086,0.7375143239879608,-1.6218236782073974
1752068084.0505176,-0.024352350676059734,0.7373624441337585,-1.6213304649353026
1752068084.0525813,-0.02425335738062858,0.7372105642795562,-1.620837251663208
1752068084.054674,-0.024154364085197454,0.7370586844253539,-1.6203440383911132
1752068084.056918,-0.0240553707897663,0.7369068045711517,-1.6198508251190185
1752068084.058884,-0.023956377494335174,0.7367549247169494,-1.6193576118469237
1752068084.0609968,-0.02385738419890405,0.7366030448627472,-1.6188643985748292
1752068084.0631263,-0.023758390903472894,0.7364511650085449,-1.6183711853027343
1752068084.065269,-0.02365939760804177,0.7362992851543426,-1.6178779720306398
1752068084.0673964,-0.023560404312610615,0.7361474053001403,-1.617384758758545
1752068084.0695083,-0.02346141101717949,0.735995525445938,-1.6168915454864503
1752068084.071616,-0.023362417721748362,0.7358436455917358,-1.6163983322143556
1752068084.0736878,-0.02326342442631721,0.7356917657375335,-1.6159051189422606
1752068084.0757744,-0.023164431130886082,0.7355398858833313,-1.615411905670166
1752068084.077854,-0.02306543783545493,0.7353880060291289,-1.6149186923980712
1752068084.0799565,-0.022966444540023803,0.7352361261749267,-1.6144254791259764
1752068084.082085,-0.022867451244592676,0.7350842463207244,-1.613932265853882
1752068084.0841808,-0.022768457949161523,0.7349323664665222,-1.613439052581787
1752068084.0863152,-0.022669464653730396,0.73478048661232,-1.6129458393096925
1752068084.088462,-0.022570471358299243,0.7346286067581176,-1.6124526260375975
1752068084.0905902,-0.022471478062868117,0.7344767269039154,-1.6119594127655028
1752068084.0925949,-0.02237248476743699,0.7343248470497131,-1.611466199493408
1752068084.0946426,-0.022273491472005837,0.7341729671955108,-1.6109729862213134
1752068084.0967712,-0.02217449817657471,0.7340210873413086,-1.6104797729492186
1752068084.098902,-0.022075504881143557,0.7338692074871063,-1.609986559677124
1752068084.1010365,-0.02197651158571243,0.733717327632904,-1.6094933464050292
1752068084.103168,-0.021877518290281305,0.7335654477787017,-1.6090001331329347
1752068084.1053994,-0.02177852499485015,0.7334135679244994,-1.60850691986084
1752068084.1074505,-0.021679531699419025,0.7332616880702971,-1.6080137065887452
1752068084.109505,-0.0215805384039879,0.733109808216095,-1.6075204933166505
1752068084.1115406,-0.021481545108556745,0.7329579283618926,-1.6070272800445558
1752068084.1135921,-0.02138255181312562,0.7328060485076905,-1.606534066772461
1752068084.1156495,-0.021283558517694465,0.7326541686534882,-1.606040853500366
1752068084.1177726,-0.02118456522226334,0.7325022887992859,-1.6055476402282713
1752068084.119905,-0.021085571926832213,0.7323504089450836,-1.6050544269561768
1752068084.1220965,-0.02098657863140106,0.7321985290908813,-1.604561213684082
1752068084.1241715,-0.020887585335969933,0.7320466492366791,-1.6040680004119874
1752068084.1262395,-0.02078859204053878,0.7318947693824768,-1.6035747871398927
1752068084.128373,-0.020689598745107653,0.7317428895282745,-1.603081573867798
1752068084.1305048,-0.020590605449676527,0.7315910096740722,-1.6025883605957032
1752068084.1325655,-0.020491612154245373,0.7314391298198699,-1.6020951473236082
1752068084.1346283,-0.020392618858814247,0.7312872499656676,-1.6016019340515135
1752068084.1367285,-0.020293625563383093,0.7311353701114653,-1.6011087207794188
1752068084.138935,-0.020194632267951967,0.7309834902572632,-1.600615507507324
1752068084.1409934,-0.02009563897252084,0.7308316104030609,-1.6001222942352296
1752068084.143077,-0.019996645677089687,0.7306797305488586,-1.5996290809631348
1752068084.1452081,-0.01989765238165856,0.7305278506946564,-1.59913586769104
1752068084.1473007,-0.019798659086227407,0.730375970840454,-1.5986426544189454
1752068084.149428,-0.01969966579079628,0.7302240909862519,-1.5981494411468506
1752068084.1515117,-0.019600672495365155,0.7300722111320496,-1.597656227874756
1752068084.153573,-0.019501679199934,0.7299203312778473,-1.5971630146026612
1752068084.1557393,-0.019402685904502875,0.729768451423645,-1.5966698013305665
1752068084.1577947,-0.01930369260907172,0.7296165715694427,-1.5961765880584715
1752068084.159836,-0.019204699313640595,0.7294646917152404,-1.5956833747863768
1752068084.1619737,-0.01910570601820947,0.7293128118610382,-1.5951901615142823
1752068084.1641035,-0.019006712722778315,0.7291609320068358,-1.5946969482421876
1752068084.1662405,-0.01890771942734719,0.7290090521526337,-1.5942037349700928
1752068084.1683712,-0.018808726131916035,0.7288571722984314,-1.593710521697998
1752068084.1704798,-0.01870973283648491,0.7287052924442291,-1.5932173084259034
1752068084.1727872,-0.018610739541053783,0.7285534125900268,-1.5927240951538086
1752068084.1747096,-0.01851174624562263,0.7284015327358245,-1.5922308818817137
1752068084.1766782,-0.018412752950191503,0.7282496528816222,-1.591737668609619
1752068084.1788008,-0.01831375965476035,0.72809777302742,-1.5912444553375242
1752068084.1809347,-0.018214766359329223,0.7279458931732177,-1.5907512420654297
1752068084.1830642,-0.018115773063898097,0.7277940133190155,-1.590258028793335
1752068084.1852105,-0.018016779768466943,0.7276421334648131,-1.5897648155212403
1752068084.1873422,-0.017917786473035817,0.7274902536106109,-1.5892716022491455
1752068084.1895344,-0.017818793177604663,0.7273383737564086,-1.5887783889770508
1752068084.191611,-0.017719799882173537,0.7271864939022065,-1.588285175704956
1752068084.1935503,-0.01762080658674241,0.7270346140480042,-1.5877919624328614
1752068084.195608,-0.017521813291311257,0.7268827341938019,-1.5872987491607666
1752068084.1976361,-0.01742281999588013,0.7267308543395996,-1.5868055358886721
1752068084.1997068,-0.017323826700448977,0.7265789744853973,-1.586312322616577
1752068084.201786,-0.01722483340501785,0.726427094631195,-1.5858191093444824
1752068084.2039068,-0.017125840109586725,0.7262752147769928,-1.5853258960723877
1752068084.2061062,-0.01702684681415557,0.7261233349227905,-1.584832682800293
1752068084.208257,-0.016927853518724445,0.7259714550685882,-1.5843394695281983
1752068084.210268,-0.01682886022329329,0.7258195752143859,-1.5838462562561035
1752068084.212294,-0.016729866927862165,0.7256676953601836,-1.5833530429840088
1752068084.2144537,-0.01663087363243104,0.7255158155059814,-1.582859829711914
1752068084.2164845,-0.016531880336999885,0.725363935651779,-1.5823666164398191
1752068084.2185423,-0.01643288704156876,0.725212055797577,-1.5818734031677244
1752068084.22062,-0.016333893746137605,0.7250601759433746,-1.5813801898956297
1752068084.2228897,-0.01623490045070648,0.7249082960891724,-1.5808869766235352
1752068084.2248573,-0.016135907155275353,0.7247564162349701,-1.5803937633514404
1752068084.2269084,-0.0160369138598442,0.7246045363807678,-1.5799005500793457
1752068084.2290573,-0.015937920564413073,0.7244526565265655,-1.579407336807251
1752068084.2312038,-0.01583892726898192,0.7243007766723633,-1.5789141235351563
1752068084.2333443,-0.015739933973550793,0.724148896818161,-1.5784209102630615
1752068084.2354686,-0.015640940678119667,0.7239970169639587,-1.5779276969909668
1752068084.23749,-0.015541947382688515,0.7238451371097564,-1.577434483718872
1752068084.239646,-0.015442954087257387,0.7236932572555541,-1.5769412704467776
1752068084.2417686,-0.015343960791826261,0.7235413774013519,-1.5764480571746828
1752068084.2437701,-0.015244967496395109,0.7233894975471497,-1.5759548439025879
1752068084.2459118,-0.015145974200963981,0.7232376176929474,-1.5754616306304932
1752068084.2480543,-0.015046980905532829,0.7230857378387451,-1.5749684173583984
1752068084.250202,-0.014947987610101703,0.7229338579845428,-1.5744752040863037
1752068084.2523391,-0.014848994314670575,0.7227819781303405,-1.573981990814209
1752068084.2544665,-0.014750001019239423,0.7226300982761382,-1.5734887775421142
1752068084.25666,-0.014651007723808297,0.722478218421936,-1.5729955642700197
1752068084.258589,-0.014552014428377143,0.7223263385677337,-1.5725023509979246
1752068084.2606099,-0.014453021132946017,0.7221744587135315,-1.57200913772583
1752068084.2627447,-0.014354027837514891,0.7220225788593292,-1.5715159244537353
1752068084.2649024,-0.014255034542083737,0.7218706990051269,-1.5710227111816406
1752068084.267015,-0.014156041246652611,0.7217188191509247,-1.5705294979095459
1752068084.2691574,-0.014057047951221457,0.7215669392967223,-1.5700362846374512
1752068084.2712734,-0.013958054655790331,0.7214150594425202,-1.5695430713653564
1752068084.2734728,-0.013859061360359205,0.7212631795883179,-1.5690498580932617
1752068084.2754514,-0.013760068064928051,0.7211112997341156,-1.568556644821167
1752068084.2775078,-0.013661074769496925,0.7209594198799133,-1.5680634315490725
1752068084.279568,-0.013562081474065771,0.720807540025711,-1.5675702182769775
1752068084.28163,-0.013463088178634645,0.7206556601715087,-1.567077005004883
1752068084.2837641,-0.013364094883203519,0.7205037803173064,-1.5665837917327883
1752068084.2859051,-0.013265101587772365,0.7203519004631042,-1.5660905784606933
1752068084.288036,-0.013166108292341239,0.7202000206089019,-1.5655973651885986
1752068084.290223,-0.013067114996910085,0.7200481407546996,-1.5651041519165039
1752068084.2922413,-0.012968121701478959,0.7198962609004973,-1.5646109386444091
1752068084.2943447,-0.012869128406047833,0.7197443810462952,-1.5641177253723144
1752068084.2964864,-0.01277013511061668,0.719592501192093,-1.5636245121002197
1752068084.298551,-0.012671141815185553,0.7194406213378907,-1.5631312988281252
1752068084.3006084,-0.0125721485197544,0.7192887414836884,-1.56263808555603
1752068084.3027449,-0.012473155224323273,0.7191368616294861,-1.5621448722839355
1752068084.3048913,-0.012374161928892147,0.7189849817752838,-1.5616516590118408
1752068084.307043,-0.012275168633460993,0.7188331019210815,-1.561158445739746
1752068084.3090887,-0.012176175338029867,0.7186812220668792,-1.5606652324676513
1752068084.3112335,-0.012077182042598713,0.718529342212677,-1.5601720191955566
1752068084.3133762,-0.011978188747167587,0.7183774623584747,-1.5596788059234619
1752068084.3154926,-0.011879195451736461,0.7182255825042724,-1.5591855926513674
1752068084.3175538,-0.011780202156305307,0.7180737026500701,-1.5586923793792724
1752068084.3196168,-0.011681208860874181,0.7179218227958679,-1.558199166107178
1752068084.3218396,-0.011582215565443027,0.7177699429416655,-1.5577059528350832
1752068084.3238823,-0.011483222270011901,0.7176180630874633,-1.5572127395629884
1752068084.3259563,-0.011384228974580775,0.7174661832332611,-1.5567195262908937
1752068084.3280709,-0.011285235679149621,0.7173143033790588,-1.5562263130187988
1752068084.3302255,-0.011186242383718495,0.7171624235248566,-1.555733099746704
1752068084.3323627,-0.011087249088287341,0.7170105436706542,-1.5552398864746093
1752068084.3345273,-0.010988255792856215,0.716858663816452,-1.5547466732025146
1752068084.33659,-0.01088926249742509,0.7167067839622497,-1.55425345993042
1752068084.3387365,-0.010790269201993935,0.7165549041080475,-1.5537602466583251
1752068084.3408523,-0.01069127590656281,0.7164030242538452,-1.5532670333862306
1752068084.3429034,-0.010592282611131655,0.7162511443996429,-1.5527738201141357
1752068084.3450496,-0.01049328931570053,0.7160992645454406,-1.552280606842041
1752068084.3471954,-0.010394296020269403,0.7159473846912384,-1.5517873935699462
1752068084.3493364,-0.01029530272483825,0.7157955048370361,-1.5512941802978515
1752068084.3514776,-0.010196309429407123,0.7156436249828338,-1.5508009670257568
1752068084.353541,-0.01009731613397597,0.7154917451286316,-1.550307753753662
1752068084.3556972,-0.009998322838544843,0.7153398652744293,-1.5498145404815673
1752068084.3577654,-0.009899329543113717,0.715187985420227,-1.5493213272094728
1752068084.3598218,-0.009800336247682563,0.7150361055660247,-1.5488281139373778
1752068084.3619504,-0.009701342952251437,0.7148842257118224,-1.5483349006652833
1752068084.3640404,-0.009602349656820284,0.7147323458576201,-1.5478416873931886
1752068084.3661852,-0.009503356361389157,0.7145804660034178,-1.5473484741210939
1752068084.3683271,-0.009404363065958031,0.7144285861492157,-1.5468552608489992
1752068084.370425,-0.009305369770526878,0.7142767062950134,-1.5463620475769042
1752068084.3726537,-0.009206376475095751,0.7141248264408112,-1.5458688343048095
1752068084.3746529,-0.009107383179664625,0.7139729465866089,-1.5453756210327148
1752068084.3766363,-0.009008389884233471,0.7138210667324066,-1.54488240776062
1752068084.3787038,-0.008909396588802345,0.7136691868782044,-1.5443891944885255
1752068084.380836,-0.008810403293371192,0.7135173070240021,-1.5438959812164308
1752068084.3829768,-0.008711409997940065,0.7133654271697998,-1.543402767944336
1752068084.3851185,-0.00861241670250894,0.7132135473155975,-1.5429095546722413
1752068084.3872285,-0.008513423407077786,0.7130616674613952,-1.5424163414001464
1752068084.389427,-0.00841443011164666,0.7129097876071929,-1.5419231281280517
1752068084.3915105,-0.008315436816215506,0.7127579077529906,-1.541429914855957
1752068084.3935013,-0.00821644352078438,0.7126060278987884,-1.5409367015838622
1752068084.3955536,-0.008117450225353253,0.7124541480445862,-1.5404434883117677
1752068084.3976161,-0.0080184569299221,0.7123022681903838,-1.5399502750396727
1752068084.3997514,-0.007919463634490973,0.7121503883361816,-1.5394570617675782
1752068084.401894,-0.00782047033905982,0.7119985084819793,-1.5389638484954835
1752068084.4040253,-0.007721477043628694,0.7118466286277771,-1.5384706352233888
1752068084.4062278,-0.0076224837481975675,0.7116947487735749,-1.537977421951294
1752068084.4082978,-0.0075234904527664145,0.7115428689193726,-1.5374842086791993
1752068084.4103477,-0.0074244971573352875,0.7113909890651703,-1.5369909954071046
1752068084.412503,-0.007325503861904135,0.711239109210968,-1.5364977821350096
1752068084.4145603,-0.0072265105664730085,0.7110872293567657,-1.536004568862915
1752068084.416624,-0.0071275172710418815,0.7109353495025634,-1.5355113555908204
1752068084.4187605,-0.0070285239756107286,0.7107834696483611,-1.5350181423187255
1752068084.420914,-0.0069295306801796025,0.7106315897941589,-1.534524929046631
1752068084.4231215,-0.006830537384748449,0.7104797099399566,-1.5340317157745362
1752068084.42524,-0.0067315440893173225,0.7103278300857544,-1.5335385025024415
1752068084.4272656,-0.0066325507938861964,0.7101759502315521,-1.5330452892303468
1752068084.4293556,-0.006533557498455043,0.7100240703773498,-1.5325520759582518
1752068084.43147,-0.0064345642030239165,0.7098721905231475,-1.532058862686157
1752068084.4334881,-0.006335570907592763,0.7097203106689453,-1.5315656494140624
1752068084.435548,-0.006236577612161637,0.709568430814743,-1.5310724361419676
1752068084.4376764,-0.0061375843167305105,0.7094165509605407,-1.5305792228698731
1752068084.4398763,-0.006038591021299357,0.7092646711063384,-1.5300860095977784
1752068084.4418986,-0.0059395977258682306,0.7091127912521362,-1.5295927963256837
1752068084.443987,-0.005840604430437077,0.7089609113979339,-1.529099583053589
1752068084.446136,-0.005741611135005951,0.7088090315437316,-1.5286063697814942
1752068084.4482818,-0.0056426178395748245,0.7086571516895295,-1.5281131565093995
1752068084.4504223,-0.005543624544143671,0.7085052718353271,-1.5276199432373048
1752068084.4524882,-0.005444631248712545,0.7083533919811249,-1.52712672996521
1752068084.4545772,-0.005345637953281391,0.7082015121269226,-1.526633516693115
1752068084.4566965,-0.005246644657850265,0.7080496322727203,-1.5261403034210204
1752068084.4587588,-0.005147651362419139,0.707897752418518,-1.5256470901489259
1752068084.460854,-0.005048658066987985,0.7077458725643158,-1.5251538768768311
1752068084.4630046,-0.004949664771556859,0.7075939927101135,-1.5246606636047364
1752068084.4653027,-0.004850671476125705,0.7074421128559112,-1.5241674503326417
1752068084.467894,-0.004751678180694579,0.7072902330017089,-1.523674237060547
1752068084.4694283,-0.004652684885263453,0.7071383531475066,-1.5231810237884522
1752068084.4715133,-0.004553691589832299,0.7069864732933043,-1.5226878105163573
1752068084.4736433,-0.004454698294401173,0.706834593439102,-1.5221945972442625
1752068084.47563,-0.004355704998970019,0.7066827135848998,-1.5217013839721678
1752068084.4776645,-0.004256711703538893,0.7065308337306977,-1.521208170700073
1752068084.479811,-0.004157718408107767,0.7063789538764954,-1.5207149574279786
1752068084.4819515,-0.004058725112676613,0.7062270740222931,-1.5202217441558838
1752068084.4840922,-0.003959731817245487,0.7060751941680908,-1.5197285308837891
1752068084.4862375,-0.0038607385218143333,0.7059233143138886,-1.5192353176116944
1752068084.4884615,-0.0037617452263832073,0.7057714344596863,-1.5187421043395997
1752068084.4905093,-0.0036627519309520807,0.705619554605484,-1.518248891067505
1752068084.4925094,-0.0035637586355209273,0.7054676747512817,-1.5177556777954102
1752068084.4945455,-0.0034647653400898012,0.7053157948970794,-1.5172624645233155
1752068084.4966004,-0.0033657720446586474,0.7051639150428771,-1.5167692512512205
1752068084.498742,-0.0032667787492275213,0.7050120351886748,-1.5162760379791258
1752068084.5008826,-0.003167785453796395,0.7048601553344727,-1.5157828247070313
1752068084.5030234,-0.0030687921583652414,0.7047082754802703,-1.5152896114349366
1752068084.5052009,-0.0029697988629341153,0.7045563956260681,-1.5147963981628418
1752068084.5073075,-0.002870805567502989,0.7044045157718658,-1.5143031848907471
1752068084.5093665,-0.0027718122720718353,0.7042526359176635,-1.5138099716186524
1752068084.5115013,-0.0026728189766407093,0.7041007560634612,-1.5133167583465577
1752068084.513563,-0.0025738256812095554,0.703948876209259,-1.5128235450744627
1752068084.5156226,-0.0024748323857784293,0.7037969963550568,-1.512330331802368
1752068084.517709,-0.0023758390903473032,0.7036451165008545,-1.5118371185302735
1752068084.5198464,-0.0022768457949161494,0.7034932366466522,-1.5113439052581787
1752068084.5220404,-0.0021778524994850233,0.7033413567924499,-1.510850691986084
1752068084.5241146,-0.0020788592040538695,0.7031894769382476,-1.5103574787139893
1752068084.5262158,-0.0019798659086227434,0.7030375970840453,-1.5098642654418946
1752068084.5282338,-0.0018808726131916173,0.7028857172298432,-1.5093710521697998
1752068084.53039,-0.0017818793177604637,0.7027338373756409,-1.508877838897705
1752068084.5324757,-0.0016828860223293374,0.7025819575214386,-1.5083846256256104
1752068084.5344913,-0.0015838927268981837,0.7024300776672363,-1.5078914123535156
1752068084.5365524,-0.0014848994314670576,0.702278197813034,-1.507398199081421
1752068084.5386934,-0.0013859061360359313,0.7021263179588317,-1.5069049858093264
1752068084.5407827,-0.0012869128406047777,0.7019744381046295,-1.5064117725372315
1752068084.5428486,-0.0011879195451736516,0.7018225582504272,-1.5059185592651367
1752068084.544994,-0.001088926249742498,0.7016706783962249,-1.505425345993042
1752068084.547139,-0.0009899329543113717,0.7015187985420226,-1.5049321327209473
1752068084.5492835,-0.0008909396588802456,0.7013669186878204,-1.5044389194488526
1752068084.5514219,-0.0007919463634490919,0.7012150388336181,-1.5039457061767578
1752068084.5534954,-0.0006929530680179657,0.701063158979416,-1.503452492904663
1752068084.555646,-0.000593959772586812,0.7009112791252136,-1.5029592796325681
1752068084.5577128,-0.0004949664771556858,0.7007593992710114,-1.5024660663604734
1752068084.5597365,-0.0003959731817245597,0.7006075194168091,-1.501972853088379
1752068084.5618162,-0.000296979886293406,0.7004556395626068,-1.5014796398162842
1752068084.5639656,-0.00019798659086227985,0.7003037597084045,-1.5009864265441895
1752068084.5661047,-9.899329543112618e-05,0.7001518798542022,-1.5004932132720947
1752068084.568244,0.0,0.7,-1.5
1752068084.5703719,0.0,0.7,-1.5
1752068084.5725896,0.0,0.7,-1.5
1752068084.5746334,0.0,0.7,-1.5
1752068084.5766385,0.0,0.7,-1.5
1752068084.5786672,0.0,0.7,-1.5
1752068084.5807989,0.0,0.7,-1.5
1752068084.5829387,0.0,0.7,-1.5
1752068084.5850782,0.0,0.7,-1.5
1752068084.5872345,0.0,0.7,-1.5
1752068084.5894341,0.0,0.7,-1.5
1752068084.5915115,0.0,0.7,-1.5
1752068084.5935037,0.0,0.7,-1.5
1752068084.595558,0.0,0.7,-1.5
1752068084.5976205,0.0,0.7,-1.5
1752068084.599755,0.0,0.7,-1.5
1752068084.6018965,0.0,0.7,-1.5
1752068084.6040297,0.0,0.7,-1.5
1752068084.6062741,0.0,0.7,-1.5
1752068084.6083226,0.0,0.7,-1.5
1752068084.6103864,0.0,0.7,-1.5
1752068084.612495,0.0,0.7,-1.5
1752068084.6145525,0.0,0.7,-1.5
1752068084.6166155,0.0,0.7,-1.5
1752068084.618752,0.0,0.7,-1.5
1752068084.6209629,0.0,0.7,-1.5
1752068084.6231275,0.0,0.7,-1.5
1752068084.625121,0.0,0.7,-1.5
1752068084.6272318,0.0,0.7,-1.5
1752068084.629376,0.0,0.7,-1.5
1752068084.6314878,0.0,0.7,-1.5
1752068084.633548,0.0,0.7,-1.5
1752068084.6356099,0.0,0.7,-1.5
1752068084.637735,0.0,0.7,-1.5
1752068084.6399603,0.0,0.7,-1.5
1752068084.642,0.0,0.7,-1.5
1752068084.6440945,0.0,0.7,-1.5
1752068084.6462286,0.0,0.7,-1.5
1752068084.64837,0.0,0.7,-1.5
1752068084.6505086,0.0,0.7,-1.5
1752068084.652569,0.0,0.7,-1.5
1752068084.654662,0.0,0.7,-1.5
1752068084.656795,0.0,0.7,-1.5
1752068084.658879,0.0,0.7,-1.5
1752068084.6609802,0.0,0.7,-1.5
1752068084.6631262,0.0,0.7,-1.5
1752068084.665277,0.0,0.7,-1.5
1752068084.6674016,0.0,0.7,-1.5
1752068084.6694822,0.0,0.7,-1.5
1752068084.671597,0.0,0.7,-1.5
1752068084.6737013,0.0,0.7,-1.5
1752068084.6757636,0.0,0.7,-1.5
1752068084.6779041,0.0,0.7,-1.5
1752068084.6800456,0.0,0.7,-1.5
1752068084.6821935,0.0,0.7,-1.5
1752068084.6843333,0.0,0.7,-1.5
1752068084.6864765,0.0,0.7,-1.5
1752068084.6886513,0.0,0.7,-1.5
1752068084.690687,0.0,0.7,-1.5
1752068084.6926918,0.0,0.7,-1.5
1752068084.6947806,0.0,0.7,-1.5
1752068084.6969318,0.0,0.7,-1.5
1752068084.6990752,0.0,0.7,-1.5
1752068084.7012231,0.0,0.7,-1.5
1752068084.7033546,0.0,0.7,-1.5
1752068084.7055984,0.0,0.7,-1.5
1752068084.7075417,0.0,0.7,-1.5
1752068084.7095196,0.0,0.7,-1.5
1752068084.7115757,0.0,0.7,-1.5
1752068084.713635,0.0,0.7,-1.5
1752068084.7157729,0.0,0.7,-1.5
1752068084.7179072,0.0,0.7,-1.5
1752068084.720018,0.0,0.7,-1.5
1752068084.722348,0.0,0.7,-1.5
1752068084.7243183,0.0,0.7,-1.5
1752068084.7263865,0.0,0.7,-1.5
1752068084.7285197,0.0,0.7,-1.5
1752068084.7305899,0.0,0.7,-1.5
1752068084.7326405,0.0,0.7,-1.5
1752068084.734771,0.0,0.7,-1.5
1752068084.7368739,0.0,0.7,-1.5
1752068084.7390656,0.0,0.7,-1.5
1752068084.741275,0.0,0.7,-1.5
1752068084.743185,0.0,0.7,-1.5
1752068084.7452912,0.0,0.7,-1.5
1752068084.747355,0.0,0.7,-1.5
1752068084.7494707,0.0,0.7,-1.5
1752068084.751533,0.0,0.7,-1.5
1752068084.7535949,0.0,0.7,-1.5
1752068084.7558377,0.0,0.7,-1.5
1752068084.7578967,0.0,0.7,-1.5
1752068084.7599454,0.0,0.7,-1.5
1752068084.762081,0.0,0.7,-1.5
1752068084.764224,0.0,0.7,-1.5
1752068084.7663631,0.0,0.7,-1.5
1752068084.7684987,0.0,0.7,-1.5
1752068084.7705624,0.0,0.7,-1.5
1752068084.772729,0.0,0.7,-1.5
1752068084.774832,0.0,0.7,-1.5
1752068084.7768903,0.0,0.7,-1.5
1752068084.77903,0.0,0.7,-1.5
1752068084.7811744,0.0,0.7,-1.5
1752068084.7833214,0.0,0.7,-1.5
1752068084.7854574,0.0,0.7,-1.5
1752068084.7875407,0.0,0.7,-1.5
1752068084.7896876,0.0,0.7,-1.5
1752068084.7917078,0.0,0.7,-1.5
1752068084.79375,0.0,0.7,-1.5
1752068084.7958958,0.0,0.7,-1.5
1752068084.7980335,0.0,0.7,-1.5
1752068084.8001232,0.0,0.7,-1.5
1752068084.8022685,0.0,0.7,-1.5
1752068084.8044267,0.0,0.7,-1.5
1752068084.8065922,0.0,0.7,-1.5
1752068084.8086436,0.0,0.7,-1.5
1752068084.8106017,0.0,0.7,-1.5
1752068084.8126621,0.0,0.7,-1.5
1752068084.8148005,0.0,0.7,-1.5
1752068084.8169432,0.0,0.7,-1.5
1752068084.8190928,0.0,0.7,-1.5
1752068084.8212185,0.0,0.7,-1.5
1752068084.8234818,0.0,0.7,-1.5
1752068084.8254514,0.0,0.7,-1.5
1752068084.8275292,0.0,0.7,-1.5
1752068084.8295865,0.0,0.7,-1.5
1752068084.8316488,0.0,0.7,-1.5
1752068084.833785,0.0,0.7,-1.5
1752068084.8359294,0.0,0.7,-1.5
1752068084.8380635,0.0,0.7,-1.5
1752068084.8402197,0.0,0.7,-1.5
1752068084.8422937,0.0,0.7,-1.5
1752068084.844288,0.0,0.7,-1.5
1752068084.8464596,0.0,0.7,-1.5
1752068084.8484914,0.0,0.7,-1.5
1752068084.8505528,0.0,0.7,-1.5
1752068084.8526163,0.0,0.7,-1.5
1752068084.8547492,0.0,0.7,-1.5
1752068084.8569746,0.0,0.7,-1.5
1752068084.8589854,0.0,0.7,-1.5
1752068084.861101,0.0,0.7,-1.5
1752068084.8632503,0.0,0.7,-1.5
1752068084.8653884,0.0,0.7,-1.5
1752068084.8674877,0.0,0.7,-1.5
1752068084.8695467,0.0,0.7,-1.5
1752068084.8716595,0.0,0.7,-1.5
1752068084.8738074,0.0,0.7,-1.5
1752068084.8758488,0.0,0.7,-1.5
1752068084.8779917,0.0,0.7,-1.5
1752068084.8801026,0.0,0.7,-1.5
1752068084.8822505,0.0,0.7,-1.5
1752068084.884393,0.0,0.7,-1.5
1752068084.886485,0.0,0.7,-1.5
1752068084.8886228,0.0,0.7,-1.5
1752068084.8906884,0.0,0.7,-1.5
1752068084.8927262,0.0,0.7,-1.5
1752068084.894866,0.0,0.7,-1.5
1752068084.897007,0.0,0.7,-1.5
1752068084.8991482,0.0,0.7,-1.5
1752068084.9012952,0.0,0.7,-1.5
1752068084.9033916,0.0,0.7,-1.5
1752068084.9055722,0.0,0.7,-1.5
1752068084.9076748,0.0,0.7,-1.5
1752068084.9096222,0.0,0.7,-1.5
1752068084.9116728,0.0,0.7,-1.5
1752068084.9138114,0.0,0.7,-1.5
1752068084.9159067,0.0,0.7,-1.5
1752068084.9180515,0.0,0.7,-1.5
1752068084.9201424,0.0,0.7,-1.5
1752068084.9223764,0.0,0.7,-1.5
1752068084.9244323,0.0,0.7,-1.5
1752068084.9265149,0.0,0.7,-1.5
1752068084.9285648,0.0,0.7,-1.5
1752068084.9306254,0.0,0.7,-1.5
1752068084.9327655,0.0,0.7,-1.5
1752068084.9349065,0.0,0.7,-1.5
1752068084.9370544,0.0,0.7,-1.5
1752068084.939236,0.0,0.7,-1.5
1752068084.9413521,0.0,0.7,-1.5
1752068084.943394,0.0,0.7,-1.5
1752068084.9455235,0.0,0.7,-1.5
1752068084.947583,0.0,0.7,-1.5
1752068084.9496436,0.0,0.7,-1.5
1752068084.9517307,0.0,0.7,-1.5
1752068084.9538288,0.0,0.7,-1.5
1752068084.9560237,0.0,0.7,-1.5
1752068084.9581537,0.0,0.7,-1.5
1752068084.9602094,0.0,0.7,-1.5
1752068084.9623063,0.0,0.7,-1.5
1752068084.9643114,0.0,0.7,-1.5
1752068084.9664862,0.0,0.7,-1.5
1752068084.9685462,0.0,0.7,-1.5
1752068084.970627,0.0,0.7,-1.5
1752068084.972856,0.0,0.7,-1.5
1752068084.9749076,0.0,0.7,-1.5
1752068084.9769788,0.0,0.7,-1.5
1752068084.9791265,0.0,0.7,-1.5
1752068084.981275,0.0,0.7,-1.5
1752068084.9834094,0.0,0.7,-1.5
1752068084.9854813,0.0,0.7,-1.5
1752068084.987562,0.0,0.7,-1.5
1752068084.9897137,0.0,0.7,-1.5
1752068084.9918315,0.0,0.7,-1.5
1752068084.9938638,0.0,0.7,-1.5
1752068084.9960232,0.0,0.7,-1.5
1752068084.9981544,0.0,0.7,-1.5
1752068085.0002995,0.0,0.7,-1.5
1752068085.0024366,0.0,0.7,-1.5
1752068085.0045104,0.0,0.7,-1.5
1752068085.0067317,0.0,0.7,-1.5
1752068085.0086548,0.0,0.7,-1.5
1752068085.0106797,0.0,0.7,-1.5
1752068085.0128207,0.0,0.7,-1.5
1752068085.014963,0.0,0.7,-1.5
1752068085.017104,0.0,0.7,-1.5
1752068085.0192509,0.0,0.7,-1.5
1752068085.0213964,0.0,0.7,-1.5
1752068085.0235279,0.0,0.7,-1.5
1752068085.0255122,0.0,0.7,-1.5
1752068085.0274994,0.0,0.7,-1.5
1752068085.0295584,0.0,0.7,-1.5
1752068085.0316198,0.0,0.7,-1.5
1752068085.033682,0.0,0.7,-1.5
1752068085.0358186,0.0,0.7,-1.5
1752068085.0379572,0.0,0.7,-1.5
1752068085.0401864,0.0,0.7,-1.5
1752068085.0422053,0.0,0.7,-1.5
1752068085.0443022,0.0,0.7,-1.5
1752068085.0464385,0.0,0.7,-1.5
1752068085.0484915,0.0,0.7,-1.5
1752068085.050552,0.0,0.7,-1.5
1752068085.0526128,0.0,0.7,-1.5
1752068085.0547428,0.0,0.7,-1.5
1752068085.0568697,0.0,0.7,-1.5
1752068085.0589445,0.0,0.7,-1.5
1752068085.0610485,0.0,0.7,-1.5
1752068085.0631995,0.0,0.7,-1.5
1752068085.065338,0.0,0.7,-1.5
1752068085.0674808,0.0,0.7,-1.5
1752068085.0695047,0.0,0.7,-1.5
1752068085.0716383,0.0,0.7,-1.5
1752068085.0736926,0.0,0.7,-1.5
1752068085.0757563,0.0,0.7,-1.5
1752068085.0778797,0.0,0.7,-1.5
1752068085.0799644,0.0,0.7,-1.5
1752068085.0821042,0.0,0.7,-1.5
1752068085.084264,0.0,0.7,-1.5
1752068085.0863943,0.0,0.7,-1.5
1752068085.0885305,0.0,0.7,-1.5
1752068085.0906038,0.0,0.7,-1.5
1752068085.0926418,0.0,0.7,-1.5
1752068085.0946681,0.0,0.7,-1.5
1752068085.0968096,0.0,0.7,-1.5
1752068085.0989544,0.0,0.7,-1.5
1752068085.1010947,0.0,0.7,-1.5
1752068085.1032426,0.0,0.7,-1.5
1752068085.1054144,0.0,0.7,-1.5
1752068085.107512,0.0,0.7,-1.5
1752068085.1094868,0.0,0.7,-1.5
1752068085.1115117,0.0,0.7,-1.5
1752068085.1135726,0.0,0.7,-1.5
1752068085.1156318,0.0,0.7,-1.5
1752068085.117768,0.0,0.7,-1.5
1752068085.1199121,0.0,0.7,-1.5
1752068085.1220837,0.0,0.7,-1.5
1752068085.124187,0.0,0.7,-1.5
1752068085.1262636,0.0,0.7,-1.5
1752068085.1284046,0.0,0.7,-1.5
1752068085.1305025,0.0,0.7,-1.5
1752068085.132564,0.0,0.7,-1.5
1752068085.1346202,0.0,0.7,-1.5
1752068085.136713,0.0,0.7,-1.5
1752068085.1389031,0.0,0.7,-1.5
1752068085.1409905,0.0,0.7,-1.5
1752068085.1430738,0.0,0.7,-1.5
1752068085.1452043,0.0,0.7,-1.5
1752068085.1473498,0.0,0.7,-1.5
1752068085.1495013,0.0,0.7,-1.5
1752068085.1515603,0.0,0.7,-1.5
1752068085.1536252,0.0,0.7,-1.5
1752068085.1558676,0.0,0.7,-1.5
1752068085.15796,0.0,0.7,-1.5
1752068085.15999,0.0,0.7,-1.5
1752068085.1621282,0.0,0.7,-1.5
1752068085.164223,0.0,0.7,-1.5
1752068085.1663644,0.0,0.7,-1.5
1752068085.168494,0.0,0.7,-1.5
1752068085.1705658,0.0,0.7,-1.5
1752068085.1727154,0.0,0.7,-1.5
1752068085.1748087,0.0,0.7,-1.5
1752068085.1768634,0.0,0.7,-1.5
1752068085.1790075,0.0,0.7,-1.5
1752068085.181147,0.0,0.7,-1.5
1752068085.183296,0.0,0.7,-1.5
1752068085.1854296,0.0,0.7,-1.5
1752068085.1875331,0.0,0.7,-1.5
1752068085.1896873,0.0,0.7,-1.5
1752068085.1918006,0.0,0.7,-1.5
1752068085.1938095,0.0,0.7,-1.5
1752068085.1959472,0.0,0.7,-1.5
1752068085.198089,0.0,0.7,-1.5
1752068085.2002335,0.0,0.7,-1.5
1752068085.2023733,0.0,0.7,-1.5
1752068085.2045214,0.0,0.7,-1.5
1752068085.2067256,0.0,0.7,-1.5
1752068085.20866,0.0,0.7,-1.5
1752068085.210766,0.0,0.7,-1.5
1752068085.212918,0.0,0.7,-1.5
1752068085.2150614,0.0,0.7,-1.5
1752068085.2172086,0.0,0.7,-1.5
1752068085.2193434,0.0,0.7,-1.5
1752068085.2215524,0.0,0.7,-1.5
1752068085.2235825,0.0,0.7,-1.5
1752068085.225612,0.0,0.7,-1.5
1752068085.2276425,0.0,0.7,-1.5
1752068085.2297869,0.0,0.7,-1.5
1752068085.2319272,0.0,0.7,-1.5
1752068085.2340708,0.0,0.7,-1.5
1752068085.2362134,0.0,0.7,-1.5
1752068085.238351,0.0,0.7,-1.5
1752068085.2405229,0.0,0.7,-1.5
1752068085.242512,0.0,0.7,-1.5
1752068085.2445054,0.0,0.7,-1.5
1752068085.246568,0.0,0.7,-1.5
1752068085.2486284,0.0,0.7,-1.5
1752068085.2507653,0.0,0.7,-1.5
1752068085.2529047,0.0,0.7,-1.5
1752068085.255117,0.0,0.7,-1.5
1752068085.2571626,0.0,0.7,-1.5
1752068085.259244,0.0,0.7,-1.5
1752068085.2613761,0.0,0.7,-1.5
1752068085.2634926,0.0,0.7,-1.5
1752068085.265549,0.0,0.7,-1.5
1752068085.2676084,0.0,0.7,-1.5
1752068085.2697465,0.0,0.7,-1.5
1752068085.2720017,0.0,0.7,-1.5
1752068085.2740052,0.0,0.7,-1.5
1752068085.2760859,0.0,0.7,-1.5
1752068085.2782354,0.0,0.7,-1.5
1752068085.2803743,0.0,0.7,-1.5
1752068085.2824879,0.0,0.7,-1.5
1752068085.2845483,0.0,0.7,-1.5
1752068085.2866096,0.0,0.7,-1.5
1752068085.2888062,0.0,0.7,-1.5
1752068085.2908864,0.0,0.7,-1.5
1752068085.292946,0.0,0.7,-1.5
1752068085.2950711,0.0,0.7,-1.5
1752068085.2972236,0.0,0.7,-1.5
1752068085.2993643,0.0,0.7,-1.5
1752068085.301485,0.0,0.7,-1.5
1752068085.3035474,0.0,0.7,-1.5
1752068085.3058083,0.0,0.7,-1.5
1752068085.3078616,0.0,0.7,-1.5
1752068085.3098555,0.0,0.7,-1.5
1752068085.311997,0.0,0.7,-1.5
1752068085.3141406,0.0,0.7,-1.5
1752068085.3162928,0.0,0.7,-1.5
1752068085.3184304,0.0,0.7,-1.5
1752068085.320474,0.0,0.7,-1.5
1752068085.3226557,0.0,0.7,-1.5
1752068085.3246999,0.0,0.7,-1.5
1752068085.3266678,0.0,0.7,-1.5
1752068085.3288078,0.0,0.7,-1.5
1752068085.3309457,0.0,0.7,-1.5
1752068085.3330865,0.0,0.7,-1.5
1752068085.3352363,0.0,0.7,-1.5
1752068085.337395,0.0,0.7,-1.5
1752068085.3396275,0.0,0.7,-1.5
1752068085.3415403,0.0,0.7,-1.5
1752068085.343559,0.0,0.7,-1.5
1752068085.3456168,0.0,0.7,-1.5
1752068085.34776,0.0,0.7,-1.5
1752068085.3499138,0.0,0.7,-1.5
1752068085.3520443,0.0,0.7,-1.5
1752068085.3542042,0.0,0.7,-1.5
1752068085.3564162,0.0,0.7,-1.5
1752068085.358555,0.0,0.7,-1.5
1752068085.360537,0.0,0.7,-1.5
1752068085.3625915,0.0,0.7,-1.5
1752068085.3646526,0.0,0.7,-1.5
1752068085.366792,0.0,0.7,-1.5
1752068085.3689353,0.0,0.7,-1.5
1752068085.3710656,0.0,0.7,-1.5
1752068085.3733058,0.0,0.7,-1.5
1752068085.3753116,0.0,0.7,-1.5
1752068085.377427,0.0,0.7,-1.5
1752068085.3795018,0.0,0.7,-1.5
1752068085.3815637,0.0,0.7,-1.5
1752068085.383624,0.0,0.7,-1.5
1752068085.3857613,0.0,0.7,-1.5
1752068085.3878677,0.0,0.7,-1.5
1752068085.3900385,0.0,0.7,-1.5
1752068085.3921201,0.0,0.7,-1.5
1752068085.3942075,0.0,0.7,-1.5
1752068085.396349,0.0,0.7,-1.5
1752068085.3985023,0.0,0.7,-1.5
1752068085.4005609,0.0,0.7,-1.5
1752068085.402623,0.0,0.7,-1.5
1752068085.4047441,0.0,0.7,-1.5
1752068085.40696,0.0,0.7,-1.5
1752068085.408975,0.0,0.7,-1.5
1752068085.4111097,0.0,0.7,-1.5
1752068085.4132621,0.0,0.7,-1.5
1752068085.4154005,0.0,0.7,-1.5
1752068085.4175048,0.0,0.7,-1.5
1752068085.4195645,0.0,0.7,-1.5
1752068085.4217572,0.0,0.7,-1.5
1752068085.4237957,0.0,0.7,-1.5
1752068085.4258738,0.0,0.7,-1.5
1752068085.4279926,0.0,0.7,-1.5
1752068085.4301338,0.0,0.7,-1.5
1752068085.432282,0.0,0.7,-1.5
1752068085.4344199,0.0,0.7,-1.5
1752068085.4365194,0.0,0.7,-1.5
1752068085.4387302,0.0,0.7,-1.5
1752068085.440718,0.0,0.7,-1.5
1752068085.4427917,0.0,0.7,-1.5
1752068085.4449294,0.0,0.7,-1.5
1752068085.4470768,0.0,0.7,-1.5
1752068085.449228,0.0,0.7,-1.5
1752068085.451367,0.0,0.7,-1.5
1752068085.4534595,0.0,0.7,-1.5
1752068085.4556134,0.0,0.7,-1.5
1752068085.4576573,0.0,0.7,-1.5
1752068085.4596686,0.0,0.7,-1.5
1752068085.461765,0.0,0.7,-1.5
1752068085.463911,0.0,0.7,-1.5
1752068085.466005,0.0,0.7,-1.5
1752068085.4680958,0.0,0.7,-1.5
1752068085.470196,0.0,0.7,-1.5
1752068085.4724302,0.0,0.7,-1.5
1752068085.4745305,0.0,0.7,-1.5
1752068085.4765267,0.0,0.7,-1.5
1752068085.4785829,0.0,0.7,-1.5
1752068085.4806426,0.0,0.7,-1.5
1752068085.482778,0.0,0.7,-1.5
1752068085.4849153,0.0,0.7,-1.5
1752068085.4870358,0.0,0.7,-1.5
1752068085.4892375,0.0,0.7,-1.5
1752068085.4913464,0.0,0.7,-1.5
1752068085.4933932,0.0,0.7,-1.5
1752068085.4955184,0.0,0.7,-1.5
1752068085.4975748,0.0,0.7,-1.5
1752068085.4996357,0.0,0.7,-1.5
1752068085.5017712,0.0,0.7,-1.5
1752068085.503901,0.0,0.7,-1.5
1752068085.5061276,0.0,0.7,-1.5
1752068085.5081563,0.0,0.7,-1.5
1752068085.5102358,0.0,0.7,-1.5
1752068085.5123825,0.0,0.7,-1.5
1752068085.5144606,0.0,0.7,-1.5
1752068085.516498,0.0,0.7,-1.5
1752068085.5185568,0.0,0.7,-1.5
1752068085.5206378,0.0,0.7,-1.5
1752068085.5228643,0.0,0.7,-1.5
1752068085.5249321,0.0,0.7,-1.5
1752068085.527029,0.0,0.7,-1.5
1752068085.5291572,0.0,0.7,-1.5
1752068085.5313017,0.0,0.7,-1.5
1752068085.5334375,0.0,0.7,-1.5
1752068085.5355067,0.0,0.7,-1.5
1752068085.5375793,0.0,0.7,-1.5
1752068085.5397387,0.0,0.7,-1.5
1752068085.5418918,0.0,0.7,-1.5
1752068085.543895,0.0,0.7,-1.5
1752068085.5460405,0.0,0.7,-1.5
1752068085.5481627,0.0,0.7,-1.5
1752068085.550314,0.0,0.7,-1.5
1752068085.5524492,0.0,0.7,-1.5
1752068085.554513,0.0,0.7,-1.5
1752068085.5567276,0.0,0.7,-1.5
1752068085.558651,0.0,0.7,-1.5
1752068085.560684,0.0,0.7,-1.5
1752068085.5628264,0.0,0.7,-1.5
1752068085.5649693,0.0,0.7,-1.5
1752068085.5670667,0.0,0.7,-1.5
1752068085.5692167,0.0,0.7,-1.5
1752068085.5713692,0.0,0.7,-1.5
1752068085.5734627,0.0,0.7,-1.5
1752068085.5755265,0.0,0.7,-1.5
1752068085.5775619,0.0,0.7,-1.5
1752068085.5796,0.0,0.7,-1.5
1752068085.5816581,0.0,0.7,-1.5
1752068085.5837946,0.0,0.7,-1.5
1752068085.5859354,0.0,0.7,-1.5
1752068085.5880663,0.0,0.7,-1.5
1752068085.5903096,0.0,0.7,-1.5
1752068085.5923276,0.0,0.7,-1.5
1752068085.5944366,0.0,0.7,-1.5
1752068085.5965207,0.0,0.7,-1.5
1752068085.5985768,0.0,0.7,-1.5
1752068085.6006417,0.0,0.7,-1.5
1752068085.6027756,0.0,0.7,-1.5
1752068085.604902,0.0,0.7,-1.5
1752068085.607007,0.0,0.7,-1.5
1752068085.6090872,0.0,0.7,-1.5
1752068085.6112027,0.0,0.7,-1.5
1752068085.6133523,0.0,0.7,-1.5
1752068085.6155121,0.0,0.7,-1.5
1752068085.617559,0.0,0.7,-1.5
1752068085.6196194,0.0,0.7,-1.5
1752068085.621797,0.0,0.7,-1.5
1752068085.6239045,0.0,0.9,-1.7
1752068085.626284,0.0,0.9,-1.7
1752068085.6283689,0.0,0.9,-1.7
1752068085.6304617,-0.015030236914753914,0.5617461740970612,-1.5875442147254943
1752068085.6325293,-0.015030236914753914,0.5617461740970612,-1.5875442147254943
1752068085.6355934,-0.012854816392064095,0.5587555706501007,-1.5741987198591232
1752068085.637886,-0.012854816392064095,0.5587555706501007,-1.5741987198591232
1752068085.6418283,-0.012854816392064095,0.5587555706501007,-1.5741987198591232
1752068085.6438265,-0.012854816392064095,0.5587555706501007,-1.5741987198591232
1752068085.6463468,0.008198609575629234,0.8337062388658524,-1.5094928860664367
1752068085.6483798,0.008198609575629234,0.8337062388658524,-1.5094928860664367
1752068085.650435,0.008198609575629234,0.8337062388658524,-1.5094928860664367
1752068085.6531618,0.008198609575629234,0.8337062388658524,-1.5094928860664367
1752068085.6550696,0.008198609575629234,0.8337062388658524,-1.5094928860664367
1752068085.6577575,0.01578689180314541,0.7693614006042481,-1.60913175791502
1752068085.6602423,0.01578689180314541,0.7693614006042481,-1.60913175791502
1752068085.6639426,0.01578689180314541,0.7693614006042481,-1.60913175791502
1752068085.6646967,0.01578689180314541,0.7693614006042481,-1.60913175791502
1752068085.6667986,0.03139422833919525,0.7869861513376236,-1.4921275794506073
1752068085.6688845,0.03139422833919525,0.7869861513376236,-1.4921275794506073
1752068085.671018,0.03139422833919525,0.7869861513376236,-1.4921275794506073
1752068085.6758864,0.03139422833919525,0.7869861513376236,-1.4921275794506073
1752068085.677936,0.07448182255029678,0.7742401897907257,-1.7320427864789962
1752068085.6800041,0.07448182255029678,0.7742401897907257,-1.7320427864789962
1752068085.6820977,0.07448182255029678,0.7742401897907257,-1.7320427864789962
1752068085.684447,0.03436160087585449,0.7580047190189362,-1.5066017180681228
1752068085.6865075,0.03436160087585449,0.7580047190189362,-1.5066017180681228
1752068085.6890585,0.03436160087585449,0.7580047190189362,-1.5066017180681228
1752068085.6928828,0.03436160087585449,0.7580047190189362,-1.5066017180681228
1752068085.6936526,0.03436160087585449,0.7580047190189362,-1.5066017180681228
1752068085.6957524,0.07859538495540619,0.745043808221817,-1.9349758446216583
1752068085.6978488,0.07859538495540619,0.745043808221817,-1.9349758446216583
1752068085.6999352,0.07859538495540619,0.745043808221817,-1.9349758446216583
1752068085.702089,0.0510534793138504,0.7367286175489426,-1.5816986754536628
1752068085.7046924,0.0510534793138504,0.7367286175489426,-1.5816986754536628
1752068085.7072766,0.0510534793138504,0.7367286175489426,-1.5816986754536628
1752068085.7109478,0.0510534793138504,0.7367286175489426,-1.5816986754536628
1752068085.7117174,0.0510534793138504,0.7367286175489426,-1.5816986754536628
1752068085.7138135,0.07634237408638,0.7194607943296433,-2.155774933099747
1752068085.7158985,0.07634237408638,0.7194607943296433,-2.155774933099747
1752068085.717995,0.07634237408638,0.7194607943296433,-2.155774933099747
1752068085.7203338,0.050516530871391296,0.7400731980800629,-1.77781882584095
1752068085.7235963,0.050516530871391296,0.7400731980800629,-1.77781882584095
1752068085.7255554,0.050516530871391296,0.7400731980800629,-1.77781882584095
1752068085.7292593,0.050516530871391296,0.7400731980800629,-1.77781882584095
1752068085.7300067,0.050516530871391296,0.7400731980800629,-1.77781882584095
1752068085.7321095,0.06476983428001404,0.6455760836601258,-2.2118080973625185
1752068085.7342026,0.06476983428001404,0.6455760836601258,-2.2118080973625185
1752068085.7363305,0.06476983428001404,0.6455760836601258,-2.2118080973625185
1752068085.738823,0.06476983428001404,0.6455760836601258,-2.2118080973625185
1752068085.7409225,0.06476983428001404,0.6455760836601258,-2.2118080973625185
1752068085.742972,0.11653517186641693,0.792880916595459,-2.1464349150657656
1752068085.7450213,0.11653517186641693,0.792880916595459,-2.1464349150657656
1752068085.7474318,0.05801570415496826,0.605329030752182,-2.260544788837433
1752068085.7494946,0.05801570415496826,0.605329030752182,-2.260544788837433
1752068085.7515805,0.05801570415496826,0.605329030752182,-2.260544788837433
1752068085.7552123,0.05801570415496826,0.605329030752182,-2.260544788837433
1752068085.7559874,0.05801570415496826,0.605329030752182,-2.260544788837433
1752068085.7580976,0.09486475586891174,0.7036030679941178,-2.3938340067863466
1752068085.7603595,0.09486475586891174,0.7036030679941178,-2.3938340067863466
1752068085.7624261,0.09486475586891174,0.7036030679941178,-2.3938340067863466
1752068085.7649584,0.050487905740737915,0.6107578217983246,-2.478892278671265
1752068085.767045,0.050487905740737915,0.6107578217983246,-2.478892278671265
1752068085.7691317,0.050487905740737915,0.6107578217983246,-2.478892278671265
1752068085.7733269,0.050487905740737915,0.6107578217983246,-2.478892278671265
1752068085.776342,0.050487905740737915,0.6107578217983246,-2.478892278671265
1752068085.7783792,0.043344974517822266,0.5865375936031342,-2.6080141186714174
1752068085.7806497,0.043344974517822266,0.5865375936031342,-2.6080141186714174
1752068085.7825055,0.043344974517822266,0.5865375936031342,-2.6080141186714174
1752068085.7846909,0.007370306178927422,0.5627766489982605,-2.6770541787147524
1752068085.7868066,0.007370306178927422,0.5627766489982605,-2.6770541787147524
1752068085.7908492,0.007370306178927422,0.5627766489982605,-2.6770541787147524
1752068085.7945282,0.007370306178927422,0.5627766489982605,-2.6770541787147524
1752068085.7952871,0.007370306178927422,0.5627766489982605,-2.6770541787147524
1752068085.797469,-0.03709278255701065,0.5223661899566651,-2.7105091333389284
1752068085.799527,-0.03709278255701065,0.5223661899566651,-2.7105091333389284
1752068085.8029902,-0.03709278255701065,0.5223661899566651,-2.7105091333389284
1752068085.8040366,-0.03709278255701065,0.5223661899566651,-2.7105091333389284
1752068085.807672,-0.07780023664236069,0.522901976108551,-2.7022715330123903
1752068085.8096962,-0.07780023664236069,0.522901976108551,-2.7022715330123903
1752068085.8134782,-0.07780023664236069,0.522901976108551,-2.7022715330123903
1752068085.8142352,-0.07780023664236069,0.522901976108551,-2.7022715330123903
1752068085.8164573,-0.1316564679145813,0.5112276911735535,-2.4564043998718263
1752068085.8183773,-0.1316564679145813,0.5112276911735535,-2.4564043998718263
1752068085.82045,-0.1316564679145813,0.5112276911735535,-2.4564043998718263
1752068085.8254592,-0.1316564679145813,0.5112276911735535,-2.4564043998718263
1752068085.82737,-0.2063213735818863,0.5015348136425019,-2.248874378204346
1752068085.8293796,-0.2063213735818863,0.5015348136425019,-2.248874378204346
1752068085.831455,-0.2063213735818863,0.5015348136425019,-2.248874378204346
1752068085.8340642,-0.2529080808162689,0.4669381618499756,-2.1256340861320497
1752068085.836155,-0.2529080808162689,0.4669381618499756,-2.1256340861320497
1752068085.8403652,-0.2529080808162689,0.4669381618499756,-2.1256340861320497
1752068085.8442807,-0.2529080808162689,0.4669381618499756,-2.1256340861320497
1752068085.845046,-0.2529080808162689,0.4669381618499756,-2.1256340861320497
1752068085.8471503,-0.24250662326812744,0.42249529957771303,-2.045081299543381
1752068085.8494854,-0.24250662326812744,0.42249529957771303,-2.045081299543381
1752068085.851556,-0.24250662326812744,0.42249529957771303,-2.045081299543381
1752068085.854057,-0.19912023842334747,0.42998268604278567,-1.9202016413211822
1752068085.8561192,-0.19912023842334747,0.42998268604278567,-1.9202016413211822
1752068085.8584707,-0.19912023842334747,0.42998268604278567,-1.9202016413211822
1752068085.8620646,-0.19912023842334747,0.42998268604278567,-1.9202016413211822
1752068085.8628306,-0.19912023842334747,0.42998268604278567,-1.9202016413211822
1752068085.864911,-0.19101980328559875,0.39888366460800173,-1.82079918384552
1752068085.8669972,-0.19101980328559875,0.39888366460800173,-1.82079918384552
1752068085.869096,-0.19101980328559875,0.39888366460800173,-1.82079918384552
1752068085.8750803,-0.19101980328559875,0.39888366460800173,-1.82079918384552
1752068085.8770936,-0.19488348066806793,0.42298650145530703,-1.7561490207910537
1752068085.8791943,-0.19488348066806793,0.42298650145530703,-1.7561490207910537
1752068085.8812833,-0.19488348066806793,0.42298650145530703,-1.7561490207910537
1752068085.8833623,-0.19488348066806793,0.42298650145530703,-1.7561490207910537
1752068085.88538,-0.17212708294391632,0.40130540132522585,-1.6610807970166206
1752068085.8877923,-0.17212708294391632,0.40130540132522585,-1.6610807970166206
1752068085.8895605,-0.17212708294391632,0.40130540132522585,-1.6610807970166206
1752068085.8940196,-0.17212708294391632,0.40130540132522585,-1.6610807970166206
1752068085.8962598,-0.13723313808441162,0.3889405965805054,-1.5777570575475692
1752068085.8983378,-0.13723313808441162,0.3889405965805054,-1.5777570575475692
1752068085.9003923,-0.13723313808441162,0.3889405965805054,-1.5777570575475692
1752068085.902564,-0.08638463914394379,0.43307417035102846,-1.5157955408096313
1752068085.9048362,-0.08638463914394379,0.43307417035102846,-1.5157955408096313
1752068085.9089508,-0.08638463914394379,0.43307417035102846,-1.5157955408096313
1752068085.9127383,-0.08638463914394379,0.43307417035102846,-1.5157955408096313
1752068085.913498,-0.08638463914394379,0.43307417035102846,-1.5157955408096313
1752068085.915599,-0.04918012022972107,0.4370941460132599,-1.4122606933116912
1752068085.9176962,-0.04918012022972107,0.4370941460132599,-1.4122606933116912
1752068085.9197867,-0.04918012022972107,0.4370941460132599,-1.4122606933116912
1752068085.9230957,-0.02613017149269581,0.4822791159152985,-1.3025607585906982
1752068085.9265816,-0.02613017149269581,0.4822791159152985,-1.3025607585906982
1752068085.9286067,-0.02613017149269581,0.4822791159152985,-1.3025607585906982
1752068085.9307034,-0.02613017149269581,0.4822791159152985,-1.3025607585906982
1752068085.932753,-0.02613017149269581,0.4822791159152985,-1.3025607585906982
1752068085.9348464,-0.014891715720295906,0.5561460494995117,-1.2079151690006256
1752068085.9369395,-0.014891715720295906,0.5561460494995117,-1.2079151690006256
1752068085.9404483,-0.014891715720295906,0.5561460494995117,-1.2079151690006256
1752068085.9436235,-0.014891715720295906,0.5561460494995117,-1.2079151690006256
1752068085.945684,-0.01270017959177494,0.5815144419670105,-1.052680206298828
1752068085.9477704,-0.01270017959177494,0.5815144419670105,-1.052680206298828
1752068085.9498575,-0.01270017959177494,0.5815144419670105,-1.052680206298828
1752068085.9521208,-0.007880719378590584,0.5845842301845551,-0.972712767124176
1752068085.954594,-0.007880719378590584,0.5845842301845551,-0.972712767124176
1752068085.956313,-0.007880719378590584,0.5845842301845551,-0.972712767124176
1752068085.9613743,-0.007880719378590584,0.5845842301845551,-0.972712767124176
1752068085.9621348,-0.007880719378590584,0.5845842301845551,-0.972712767124176
1752068085.964252,0.008930062875151634,0.5209748983383179,-0.933583927154541
1752068085.9663327,0.008930062875151634,0.5209748983383179,-0.933583927154541
1752068085.9683852,0.008930062875151634,0.5209748983383179,-0.933583927154541
1752068085.9707806,0.021015672013163567,0.4936461389064789,-0.9726438045501709
1752068085.973013,0.021015672013163567,0.4936461389064789,-0.9726438045501709
1752068085.9761412,0.021015672013163567,0.4936461389064789,-0.9726438045501709
1752068085.9798498,0.021015672013163567,0.4936461389064789,-0.9726438045501709
1752068085.9808269,0.021015672013163567,0.4936461389064789,-0.9726438045501709
1752068085.9827142,0.07488562166690826,0.5820346117019654,-1.0962794542312622
1752068085.9847994,0.07488562166690826,0.5820346117019654,-1.0962794542312622
1752068085.986902,0.07488562166690826,0.5820346117019654,-1.0962794542312622
1752068085.9927642,0.07488562166690826,0.5820346117019654,-1.0962794542312622
1752068085.9935246,0.07488562166690826,0.5820346117019654,-1.0962794542312622
1752068085.995641,0.03335901349782944,0.4816578269004822,-1.0359230756759643
1752068085.9977221,0.03335901349782944,0.4816578269004822,-1.0359230756759643
1752068085.9998934,0.0516057163476944,0.45077487230300906,-1.0428157567977905
1752068086.0019855,0.0516057163476944,0.45077487230300906,-1.0428157567977905
1752068086.0043297,0.0516057163476944,0.45077487230300906,-1.0428157567977905
1752068086.0062048,0.0516057163476944,0.45077487230300906,-1.0428157567977905
1752068086.00988,0.0516057163476944,0.45077487230300906,-1.0428157567977905
1752068086.0119004,0.026005862280726433,0.43309261798858645,-1.0396146297454834
1752068086.0139794,0.026005862280726433,0.43309261798858645,-1.0396146297454834
1752068086.0160747,0.026005862280726433,0.43309261798858645,-1.0396146297454834
1752068086.0183918,-0.00382022000849247,0.44896664619445803,-1.0471803665161132
1752068086.020481,-0.00382022000849247,0.44896664619445803,-1.0471803665161132
1752068086.0242858,-0.00382022000849247,0.44896664619445803,-1.0471803665161132
1752068086.027495,-0.00382022000849247,0.44896664619445803,-1.0471803665161132
1752068086.0289924,-0.00382022000849247,0.44896664619445803,-1.0471803665161132
1752068086.0310853,-0.016363056376576424,0.46027579307556155,-1.031652581691742
1752068086.0331788,-0.016363056376576424,0.46027579307556155,-1.031652581691742
1752068086.0352669,-0.016363056376576424,0.46027579307556155,-1.031652581691742
1752068086.0384521,-0.016363056376576424,0.46027579307556155,-1.031652581691742
1752068086.0420108,-0.027771109715104103,0.4497874915599823,-1.0390355110168457
1752068086.0439286,-0.027771109715104103,0.4497874915599823,-1.0390355110168457
1752068086.0476708,-0.027771109715104103,0.4497874915599823,-1.0390355110168457
1752068086.0484324,-0.027771109715104103,0.4497874915599823,-1.0390355110168457
1752068086.0505803,-0.031040819361805916,0.4481131672859192,-1.0353438973426818
1752068086.0525837,-0.031040819361805916,0.4481131672859192,-1.0353438973426818
1752068086.0567987,-0.031040819361805916,0.4481131672859192,-1.0353438973426818
1752068086.05965,-0.031040819361805916,0.4481131672859192,-1.0353438973426818
1752068086.0617275,-0.0396597757935524,0.4562042891979218,-1.0390825986862182
1752068086.0638223,-0.0396597757935524,0.4562042891979218,-1.0390825986862182
1752068086.0659115,-0.0396597757935524,0.4562042891979218,-1.0390825986862182
1752068086.0693471,-0.04490136355161667,0.4632886588573456,-1.0252450823783874
1752068086.0740967,-0.04490136355161667,0.4632886588573456,-1.0252450823783874
1752068086.0772161,-0.04490136355161667,0.4632886588573456,-1.0252450823783874
1752068086.0792575,-0.04490136355161667,0.4632886588573456,-1.0252450823783874
1752068086.08206,-0.03470894694328308,0.46916707754135134,-1.0325048685073852
1752068086.0841522,-0.03470894694328308,0.46916707754135134,-1.0325048685073852
1752068086.0862482,-0.03470894694328308,0.46916707754135134,-1.0325048685073852
1752068086.0893996,-0.03470894694328308,0.46916707754135134,-1.0325048685073852
1752068086.0927415,-0.03470894694328308,0.46916707754135134,-1.0325048685073852
1752068086.0947952,-0.02337854541838169,0.43075221180915835,-1.0460215926170349
1752068086.0968497,-0.02337854541838169,0.43075221180915835,-1.0460215926170349
1752068086.0989451,-0.02337854541838169,0.43075221180915835,-1.0460215926170349
1752068086.101247,-0.02846602536737919,0.4199289917945862,-1.0713173270225524
1752068086.1033492,-0.02846602536737919,0.4199289917945862,-1.0713173270225524
1752068086.106332,-0.02846602536737919,0.4199289917945862,-1.0713173270225524
1752068086.1104777,-0.02846602536737919,0.4199289917945862,-1.0713173270225524
1752068086.1112728,-0.02846602536737919,0.4199289917945862,-1.0713173270225524
1752068086.1133595,-0.052607834339141846,0.47988065481185915,-1.0692606687545776
1752068086.1153798,-0.052607834339141846,0.47988065481185915,-1.0692606687545776
1752068086.117453,-0.052607834339141846,0.47988065481185915,-1.0692606687545776
1752068086.119669,-0.05763448774814606,0.5167443990707398,-1.0574302196502685
1752068086.1220398,-0.05763448774814606,0.5167443990707398,-1.0574302196502685
1752068086.124912,-0.05763448774814606,0.5167443990707398,-1.0574302196502685
1752068086.1289039,-0.05763448774814606,0.5167443990707398,-1.0574302196502685
1752068086.1296642,-0.05763448774814606,0.5167443990707398,-1.0574302196502685
1752068086.1317663,-0.038936980068683624,0.5112005114555359,-1.0828768134117126
1752068086.13387,-0.038936980068683624,0.5112005114555359,-1.0828768134117126
1752068086.1359234,-0.038936980068683624,0.5112005114555359,-1.0828768134117126
1752068086.139592,-0.038936980068683624,0.5112005114555359,-1.0828768134117126
1752068086.1417077,-0.006934823468327522,0.5431736648082733,-1.104488742351532
1752068086.1437397,-0.006934823468327522,0.5431736648082733,-1.104488742351532
1752068086.145806,-0.006934823468327522,0.5431736648082733,-1.104488742351532
1752068086.1482074,-0.006934823468327522,0.5431736648082733,-1.104488742351532
1752068086.1502879,0.021500682458281517,0.5385043561458588,-1.1146955013275146
1752068086.1523728,0.021500682458281517,0.5385043561458588,-1.1146955013275146
1752068086.1544912,0.021500682458281517,0.5385043561458588,-1.1146955013275146
1752068086.1573932,0.021500682458281517,0.5385043561458588,-1.1146955013275146
1752068086.1593904,0.02185012213885784,0.5556476652622223,-1.101108980178833
1752068086.1614425,0.02185012213885784,0.5556476652622223,-1.101108980178833
1752068086.1635098,0.02185012213885784,0.5556476652622223,-1.101108980178833
1752068086.1658955,0.01894356869161129,0.5368129551410675,-1.1153006076812744
1752068086.1679866,0.01894356869161129,0.5368129551410675,-1.1153006076812744
1752068086.170141,0.01894356869161129,0.5368129551410675,-1.1153006076812744
1752068086.1739855,0.01894356869161129,0.5368129551410675,-1.1153006076812744
1752068086.176087,0.01894356869161129,0.5368129551410675,-1.1153006076812744
1752068086.1781714,0.024609750136733055,0.5582092642784119,-1.113769006729126
1752068086.1802642,0.024609750136733055,0.5582092642784119,-1.113769006729126
1752068086.1823578,0.024609750136733055,0.5582092642784119,-1.113769006729126
1752068086.1845312,0.023146232590079308,0.5821537613868714,-1.1101534485816955
1752068086.1866188,0.023146232590079308,0.5821537613868714,-1.1101534485816955
1752068086.188745,0.023146232590079308,0.5821537613868714,-1.1101534485816955
1752068086.1928577,0.023146232590079308,0.5821537613868714,-1.1101534485816955
1752068086.19364,0.023146232590079308,0.5821537613868714,-1.1101534485816955
1752068086.195737,0.025051003322005272,0.5935083866119385,-1.106895101070404
1752068086.1978323,0.025051003322005272,0.5935083866119385,-1.106895101070404
1752068086.1999173,0.025051003322005272,0.5935083866119385,-1.106895101070404
1752068086.2020967,0.006892753764986992,0.6157516181468964,-1.1055736660957336
1752068086.2042234,0.006892753764986992,0.6157516181468964,-1.1055736660957336
1752068086.207611,0.006892753764986992,0.6157516181468964,-1.1055736660957336
1752068086.2113588,0.006892753764986992,0.6157516181468964,-1.1055736660957336
1752068086.212111,0.006892753764986992,0.6157516181468964,-1.1055736660957336
1752068086.2142193,-0.019374432042241096,0.6563548982143402,-1.1118109345436096
1752068086.2163074,-0.019374432042241096,0.6563548982143402,-1.1118109345436096
1752068086.2183917,-0.019374432042241096,0.6563548982143402,-1.1118109345436096
1752068086.220874,-0.019374432042241096,0.6563548982143402,-1.1118109345436096
1752068086.2243862,-0.032109782099723816,0.6515026032924652,-1.0965786099433898
1752068086.226387,-0.032109782099723816,0.6515026032924652,-1.0965786099433898
1752068086.2301586,-0.032109782099723816,0.6515026032924652,-1.0965786099433898
1752068086.2309139,-0.032109782099723816,0.6515026032924652,-1.0965786099433898
1752068086.233022,-0.05503802001476288,0.6879185229539871,-1.3339357793331146
1752068086.2351065,-0.05503802001476288,0.6879185229539871,-1.3339357793331146
1752068086.2372932,-0.05503802001476288,0.6879185229539871,-1.3339357793331146
1752068086.2420974,-0.05503802001476288,0.6879185229539871,-1.3339357793331146
1752068086.2441285,0.020321620628237724,0.6093596160411835,-1.6002175033092498
1752068086.2462096,0.020321620628237724,0.6093596160411835,-1.6002175033092498
1752068086.2498567,0.020321620628237724,0.6093596160411835,-1.6002175033092498
1752068086.250609,0.020321620628237724,0.6093596160411835,-1.6002175033092498
1752068086.2527115,0.030536947771906853,0.649140352010727,-1.7504098534584045
1752068086.255543,0.030536947771906853,0.649140352010727,-1.7504098534584045
1752068086.2583191,0.030536947771906853,0.649140352010727,-1.7504098534584045
1752068086.2608767,0.003726562485098839,0.6805793583393097,-1.7117891747504472
1752068086.2629657,0.003726562485098839,0.6805793583393097,-1.7117891747504472
1752068086.2650514,0.003726562485098839,0.6805793583393097,-1.7117891747504472
1752068086.2684793,0.003726562485098839,0.6805793583393097,-1.7117891747504472
1752068086.2692297,0.003726562485098839,0.6805793583393097,-1.7117891747504472
1752068086.2719073,0.04511340707540512,0.7274382054805756,-1.933145147562027
1752068086.2765787,0.04511340707540512,0.7274382054805756,-1.933145147562027
1752068086.2784708,0.04511340707540512,0.7274382054805756,-1.933145147562027
1752068086.2809649,0.06963776051998138,0.7528382182121277,-1.9871025502681732
1752068086.2830522,0.06963776051998138,0.7528382182121277,-1.9871025502681732
1752068086.2851377,0.06963776051998138,0.7528382182121277,-1.9871025502681732
1752068086.287707,0.06963776051998138,0.7528382182121277,-1.9871025502681732
1752068086.292352,0.06963776051998138,0.7528382182121277,-1.9871025502681732
1752068086.2950397,0.06905429065227509,0.775559151172638,-2.18322394490242
1752068086.297108,0.06905429065227509,0.775559151172638,-2.18322394490242
1752068086.3007371,0.06905429065227509,0.775559151172638,-2.18322394490242
1752068086.3014946,0.06905429065227509,0.775559151172638,-2.18322394490242
1752068086.3035731,0.06745223701000214,0.7072097301483155,-2.2255362391471865
1752068086.3058877,0.06745223701000214,0.7072097301483155,-2.2255362391471865
1752068086.3089528,0.06745223701000214,0.7072097301483155,-2.2255362391471865
1752068086.312024,0.04068082571029663,0.6256798148155213,-2.328694832324982
1752068086.3141036,0.04068082571029663,0.6256798148155213,-2.328694832324982
1752068086.3161988,0.04068082571029663,0.6256798148155213,-2.328694832324982
1752068086.3196294,0.04068082571029663,0.6256798148155213,-2.328694832324982
1752068086.3204186,0.04068082571029663,0.6256798148155213,-2.328694832324982
1752068086.3254445,0.03237912058830261,0.6215662002563477,-2.4598263621330263
1752068086.3272264,0.03237912058830261,0.6215662002563477,-2.4598263621330263
1752068086.331013,0.03237912058830261,0.6215662002563477,-2.4598263621330263
1752068086.3317735,0.03237912058830261,0.6215662002563477,-2.4598263621330263
1752068086.3338757,0.01790025644004345,0.5574550867080689,-2.5263943791389467
1752068086.3359742,0.01790025644004345,0.5574550867080689,-2.5263943791389467
1752068086.3407233,0.01790025644004345,0.5574550867080689,-2.5263943791389467
1752068086.3440316,0.01790025644004345,0.5574550867080689,-2.5263943791389467
1752068086.3456993,-0.03863893449306488,0.5102918386459351,-2.5957897424697878
1752068086.3477843,-0.03863893449306488,0.5102918386459351,-2.5957897424697878
1752068086.3498864,-0.03863893449306488,0.5102918386459351,-2.5957897424697878
1752068086.3521194,-0.07465225458145142,0.5134237349033356,-2.6347060322761537
1752068086.354256,-0.07465225458145142,0.5134237349033356,-2.6347060322761537
1752068086.35836,-0.07465225458145142,0.5134237349033356,-2.6347060322761537
1752068086.3620286,-0.07465225458145142,0.5134237349033356,-2.6347060322761537
1752068086.362787,-0.07465225458145142,0.5134237349033356,-2.6347060322761537
1752068086.3648982,-0.12468340992927551,0.5185614764690399,-2.5920637965202333
1752068086.366983,-0.12468340992927551,0.5185614764690399,-2.5920637965202333
1752068086.369079,-0.12468340992927551,0.5185614764690399,-2.5920637965202333
1752068086.372074,-0.12468340992927551,0.5185614764690399,-2.5920637965202333
1752068086.3747666,-0.15851490199565887,0.5080118417739868,-2.3676148772239687
1752068086.377308,-0.15851490199565887,0.5080118417739868,-2.3676148772239687
1752068086.3793714,-0.15851490199565887,0.5080118417739868,-2.3676148772239687
1752068086.3818777,-0.23812946677207947,0.5004902422428131,-2.0952032029628755
1752068086.3839762,-0.23812946677207947,0.5004902422428131,-2.0952032029628755
1752068086.3860521,-0.23812946677207947,0.5004902422428131,-2.0952032029628755
1752068086.389806,-0.23812946677207947,0.5004902422428131,-2.0952032029628755
1752068086.3930817,-0.23812946677207947,0.5004902422428131,-2.0952032029628755
1752068086.3950791,-0.23070795834064484,0.4727445483207703,-2.091818016767502
1752068086.3971362,-0.23070795834064484,0.4727445483207703,-2.091818016767502
1752068086.399246,-0.23070795834064484,0.4727445483207703,-2.091818016767502
1752068086.4016335,-0.16783447563648224,0.455023729801178,-2.0058215081691744
1752068086.403736,-0.16783447563648224,0.455023729801178,-2.0058215081691744
1752068086.4072907,-0.16783447563648224,0.455023729801178,-2.0058215081691744
1752068086.4110105,-0.16783447563648224,0.455023729801178,-2.0058215081691744
1752068086.411784,-0.16783447563648224,0.455023729801178,-2.0058215081691744
1752068086.4139328,-0.1597948521375656,0.43029900789260866,-1.9082836478948593
1752068086.4160192,-0.1597948521375656,0.43029900789260866,-1.9082836478948593
1752068086.418116,-0.1597948521375656,0.43029900789260866,-1.9082836478948593
1752068086.423506,-0.16637445986270905,0.4118256211280823,-1.8100315451622009
1752068086.4245481,-0.16637445986270905,0.4118256211280823,-1.8100315451622009
1752068086.4264107,-0.16637445986270905,0.4118256211280823,-1.8100315451622009
1752068086.4301317,-0.16637445986270905,0.4118256211280823,-1.8100315451622009
1752068086.430892,-0.16637445986270905,0.4118256211280823,-1.8100315451622009
1752068086.4329991,-0.15991364419460297,0.41982331275939944,-1.7487790182232856
1752068086.435098,-0.15991364419460297,0.41982331275939944,-1.7487790182232856
1752068086.437291,-0.15991364419460297,0.41982331275939944,-1.7487790182232856
1752068086.4411917,-0.15991364419460297,0.41982331275939944,-1.7487790182232856
1752068086.4445074,-0.1597994714975357,0.410284423828125,-1.6616321101784706
1752068086.4465218,-0.1597994714975357,0.410284423828125,-1.6616321101784706
1752068086.4502013,-0.1597994714975357,0.410284423828125,-1.6616321101784706
1752068086.450955,-0.1597994714975357,0.410284423828125,-1.6616321101784706
1752068086.453188,-0.13592270016670227,0.43290727734565737,-1.5621254116296768
1752068086.4556098,-0.13592270016670227,0.43290727734565737,-1.5621254116296768
1752068086.4589972,-0.13592270016670227,0.43290727734565737,-1.5621254116296768
1752068086.461546,-0.11540155857801437,0.46557780504226687,-1.4643248736858367
1752068086.4636388,-0.11540155857801437,0.46557780504226687,-1.4643248736858367
1752068086.4657197,-0.11540155857801437,0.46557780504226687,-1.4643248736858367
1752068086.4691515,-0.11540155857801437,0.46557780504226687,-1.4643248736858367
1752068086.4699104,-0.11540155857801437,0.46557780504226687,-1.4643248736858367
1752068086.4744952,-0.0888100266456604,0.5152671575546265,-1.3902527809143066
1752068086.4762197,-0.0888100266456604,0.5152671575546265,-1.3902527809143066
1752068086.4799557,-0.0888100266456604,0.5152671575546265,-1.3902527809143066
1752068086.480722,-0.0888100266456604,0.5152671575546265,-1.3902527809143066
1752068086.4828186,-0.06847546249628067,0.5601780652999878,-1.2768876671791076
1752068086.4849067,-0.06847546249628067,0.5601780652999878,-1.2768876671791076
1752068086.487003,-0.06847546249628067,0.5601780652999878,-1.2768876671791076
1752068086.4890728,-0.06847546249628067,0.5601780652999878,-1.2768876671791076
1752068086.494142,-0.06847546249628067,0.5601780652999878,-1.2768876671791076
1752068086.4961922,-0.04991236329078674,0.6001942098140717,-1.1445915222167968
1752068086.49829,-0.04991236329078674,0.6001942098140717,-1.1445915222167968
1752068086.5005202,-0.03561614453792572,0.6322391867637634,-1.0454984426498413
1752068086.50261,-0.03561614453792572,0.6322391867637634,-1.0454984426498413
1752068086.505013,-0.03561614453792572,0.6322391867637634,-1.0454984426498413
1752068086.5107224,-0.03561614453792572,0.6322391867637634,-1.0454984426498413
1752068086.5114944,-0.03561614453792572,0.6322391867637634,-1.0454984426498413
1752068086.5136075,-0.01896706409752369,0.6108950018882752,-0.9699412107467651
1752068086.5156806,-0.01896706409752369,0.6108950018882752,-0.9699412107467651
1752068086.5177767,-0.01896706409752369,0.6108950018882752,-0.9699412107467651
1752068086.520147,-0.007267998531460762,0.5838910579681397,-0.9773109078407287
1752068086.523643,-0.007267998531460762,0.5838910579681397,-0.9773109078407287
1752068086.525121,-0.007267998531460762,0.5838910579681397,-0.9773109078407287
1752068086.5290213,-0.007267998531460762,0.5838910579681397,-0.9773109078407287
1752068086.529781,-0.007267998531460762,0.5838910579681397,-0.9773109078407287
1752068086.5318823,0.02565370686352253,0.5129507720470429,-0.9866424918174743
1752068086.533972,0.02565370686352253,0.5129507720470429,-0.9866424918174743
1752068086.5360692,0.02565370686352253,0.5129507720470429,-0.9866424918174743
1752068086.5409303,0.02565370686352253,0.5129507720470429,-0.9866424918174743
1752068086.5430188,0.07751425355672836,0.6319685518741608,-1.125146996974945
1752068086.5449774,0.07751425355672836,0.6319685518741608,-1.125146996974945
1752068086.5470812,0.07751425355672836,0.6319685518741608,-1.125146996974945
1752068086.5494905,0.04445125162601471,0.5016345918178559,-1.0290311098098754
1752068086.5515342,0.04445125162601471,0.5016345918178559,-1.0290311098098754
1752068086.5536199,0.04445125162601471,0.5016345918178559,-1.0290311098098754
1752068086.5557628,0.04445125162601471,0.5016345918178559,-1.0290311098098754
1752068086.559319,0.04445125162601471,0.5016345918178559,-1.0290311098098754
1752068086.5613925,0.06106799840927124,0.520606929063797,-1.004506003856659
1752068086.5634375,0.06106799840927124,0.520606929063797,-1.004506003856659
1752068086.5655026,0.06106799840927124,0.520606929063797,-1.004506003856659
1752068086.5690734,0.03302764147520065,0.48686146140098574,-1.0332774639129638
1752068086.5711608,0.03302764147520065,0.48686146140098574,-1.0332774639129638
1752068086.5742784,0.03302764147520065,0.48686146140098574,-1.0332774639129638
1752068086.57863,0.03302764147520065,0.48686146140098574,-1.0332774639129638
1752068086.5811574,0.0011062677949666977,0.47637786865234377,-1.0201081156730651
1752068086.583222,0.0011062677949666977,0.47637786865234377,-1.0201081156730651
1752068086.5853071,0.0011062677949666977,0.47637786865234377,-1.0201081156730651
1752068086.5881462,0.0011062677949666977,0.47637786865234377,-1.0201081156730651
1752068086.5928278,0.0011062677949666977,0.47637786865234377,-1.0201081156730651
1752068086.5948527,-0.022516416385769844,0.5075869202613831,-1.000536036491394
1752068086.59722,-0.022516416385769844,0.5075869202613831,-1.000536036491394
1752068086.5990362,-0.022516416385769844,0.5075869202613831,-1.000536036491394
1752068086.6014109,-0.05493594706058502,0.48277639746665957,-1.017971110343933
1752068086.6034436,-0.05493594706058502,0.48277639746665957,-1.017971110343933
1752068086.6056044,-0.05493594706058502,0.48277639746665957,-1.017971110343933
1752068086.609432,-0.05493594706058502,0.48277639746665957,-1.017971110343933
1752068086.6102016,-0.05493594706058502,0.48277639746665957,-1.017971110343933
1752068086.6122768,-0.06790386140346527,0.47845699787139895,-1.0248280882835388
1752068086.6143582,-0.06790386140346527,0.47845699787139895,-1.0248280882835388
1752068086.6163833,-0.06790386140346527,0.47845699787139895,-1.0248280882835388
1752068086.6185706,-0.0720716193318367,0.5167263090610504,-1.0227584362030029
1752068086.6207316,-0.0720716193318367,0.5167263090610504,-1.0227584362030029
1752068086.6242814,-0.0720716193318367,0.5167263090610504,-1.0227584362030029
1752068086.6277788,-0.0720716193318367,0.5167263090610504,-1.0227584362030029
1752068086.6285324,-0.0720716193318367,0.5167263090610504,-1.0227584362030029
1752068086.630634,-0.07667334377765656,0.5003333628177643,-1.0150836825370788
1752068086.6327193,-0.07667334377765656,0.5003333628177643,-1.0150836825370788
1752068086.634821,-0.07667334377765656,0.5003333628177643,-1.0150836825370788
1752068086.638504,-0.08243982493877411,0.4899566411972046,-1.0128369450569152
1752068086.6405802,-0.08243982493877411,0.4899566411972046,-1.0128369450569152
1752068086.6425903,-0.08243982493877411,0.4899566411972046,-1.0128369450569152
1752068086.645141,-0.08243982493877411,0.4899566411972046,-1.0128369450569152
1752068086.6493258,-0.08243982493877411,0.4899566411972046,-1.0128369450569152
1752068086.6515853,-0.0640510842204094,0.4920003652572632,-1.0222290277481079
1752068086.6544876,-0.0640510842204094,0.4920003652572632,-1.0222290277481079
1752068086.6571164,-0.0640510842204094,0.4920003652572632,-1.0222290277481079
1752068086.6598496,-0.05823706090450287,0.4593310296535492,-1.0416335582733154
1752068086.6619108,-0.05823706090450287,0.4593310296535492,-1.0416335582733154
1752068086.6639671,-0.05823706090450287,0.4593310296535492,-1.0416335582733154
1752068086.666063,-0.05823706090450287,0.4593310296535492,-1.0416335582733154
1752068086.6682892,-0.07626668363809586,0.4394805669784546,-1.0598111271858215
1752068086.6704085,-0.07626668363809586,0.4394805669784546,-1.0598111271858215
1752068086.6734958,-0.07626668363809586,0.4394805669784546,-1.0598111271858215
1752068086.676381,-0.07626668363809586,0.4394805669784546,-1.0598111271858215
1752068086.678059,-0.09471959620714188,0.527582311630249,-1.0651121258735656
1752068086.6801457,-0.09471959620714188,0.527582311630249,-1.0651121258735656
1752068086.6822515,-0.09471959620714188,0.527582311630249,-1.0651121258735656
1752068086.6843414,-0.09471959620714188,0.527582311630249,-1.0651121258735656
1752068086.6866302,-0.0841221734881401,0.5495189368724823,-1.063440454006195
1752068086.689696,-0.0841221734881401,0.5495189368724823,-1.063440454006195
1752068086.6918437,-0.0841221734881401,0.5495189368724823,-1.063440454006195
1752068086.6954684,-0.0841221734881401,0.5495189368724823,-1.063440454006195
1752068086.6962433,-0.0841221734881401,0.5495189368724823,-1.063440454006195
1752068086.698341,-0.052770547568798065,0.528398060798645,-1.0812902569770813
1752068086.7003827,-0.052770547568798065,0.528398060798645,-1.0812902569770813
1752068086.7024422,-0.052770547568798065,0.528398060798645,-1.0812902569770813
1752068086.706149,-0.052770547568798065,0.528398060798645,-1.0812902569770813
1752068086.708571,-0.030801372602581978,0.537706071138382,-1.0988263607025146
1752068086.7106571,-0.030801372602581978,0.537706071138382,-1.0988263607025146
1752068086.7143438,-0.030801372602581978,0.537706071138382,-1.0988263607025146
1752068086.715094,-0.030801372602581978,0.537706071138382,-1.0988263607025146
1752068086.7172115,-0.021502645686268806,0.5366313099861145,-1.1009828567504882
1752068086.7192967,-0.021502645686268806,0.5366313099861145,-1.1009828567504882
1752068086.7217538,-0.021502645686268806,0.5366313099861145,-1.1009828567504882
1752068086.7256932,-0.021502645686268806,0.5366313099861145,-1.1009828567504882
1752068086.727712,-0.030961746349930763,0.5575088500976563,-1.0969114422798156
1752068086.7297735,-0.030961746349930763,0.5575088500976563,-1.0969114422798156
1752068086.7318752,-0.030961746349930763,0.5575088500976563,-1.0969114422798156
1752068086.7342713,-0.02785182185471058,0.5476717591285706,-1.1164707660675048
1752068086.7363584,-0.02785182185471058,0.5476717591285706,-1.1164707660675048
1752068086.7398822,-0.02785182185471058,0.5476717591285706,-1.1164707660675048
1752068086.7423403,-0.02785182185471058,0.5476717591285706,-1.1164707660675048
1752068086.7445076,-0.02664867229759693,0.5620235741138458,-1.1130141735076904
1752068086.746592,-0.02664867229759693,0.5620235741138458,-1.1130141735076904
1752068086.748673,-0.02664867229759693,0.5620235741138458,-1.1130141735076904
1752068086.7521086,-0.02664867229759693,0.5620235741138458,-1.1130141735076904
1752068086.7528727,-0.02664867229759693,0.5620235741138458,-1.1130141735076904
1752068086.7570162,-0.02364807017147541,0.5867629885673523,-1.1081553816795349
1752068086.7584183,-0.02364807017147541,0.5867629885673523,-1.1081553816795349
1752068086.760459,-0.02364807017147541,0.5867629885673523,-1.1081553816795349
1752068086.7629466,-0.02444002963602543,0.6151148021221161,-1.1006282091140747
1752068086.765036,-0.02444002963602543,0.6151148021221161,-1.1006282091140747
1752068086.7671278,-0.02444002963602543,0.6151148021221161,-1.1006282091140747
1752068086.7699935,-0.02444002963602543,0.6151148021221161,-1.1006282091140747
1752068086.7742105,-0.02444002963602543,0.6151148021221161,-1.1006282091140747
1752068086.77624,-0.03791969269514084,0.611245745420456,-1.1334672689437866
1752068086.7783067,-0.03791969269514084,0.611245745420456,-1.1334672689437866
1752068086.780392,-0.03791969269514084,0.611245745420456,-1.1334672689437866
1752068086.782824,-0.056044578552246094,0.6243335545063019,-1.1647369980812072
1752068086.7849185,-0.056044578552246094,0.6243335545063019,-1.1647369980812072
1752068086.7870107,-0.056044578552246094,0.6243335545063019,-1.1647369980812072
1752068086.7893474,-0.056044578552246094,0.6243335545063019,-1.1647369980812072
1752068086.7919421,-0.056044578552246094,0.6243335545063019,-1.1647369980812072
1752068086.7944229,-0.07426685094833374,0.6734848111867905,-1.3132730543613433
1752068086.7964675,-0.07426685094833374,0.6734848111867905,-1.3132730543613433
1752068086.8000116,-0.07426685094833374,0.6734848111867905,-1.3132730543613433
1752068086.800779,-0.07426685094833374,0.6734848111867905,-1.3132730543613433
1752068086.802882,-0.016524868085980415,0.6187194526195526,-1.549040150642395
1752068086.8070302,-0.016524868085980415,0.6187194526195526,-1.549040150642395
1752068086.8090777,-0.016524868085980415,0.6187194526195526,-1.549040150642395
1752068086.8115973,0.006947128102183342,0.6234089970588684,-1.672986252978444
1752068086.8136823,0.006947128102183342,0.6234089970588684,-1.672986252978444
1752068086.8157766,0.006947128102183342,0.6234089970588684,-1.672986252978444
1752068086.8192084,0.006947128102183342,0.6234089970588684,-1.672986252978444
1752068086.8199704,0.006947128102183342,0.6234089970588684,-1.672986252978444
1752068086.823148,0.015279455110430717,0.6541548013687134,-1.6689236599951982
1752068086.8253753,0.015279455110430717,0.6541548013687134,-1.6689236599951982
1752068086.8290682,0.015279455110430717,0.6541548013687134,-1.6689236599951982
1752068086.8298616,0.03206610679626465,0.7184390217065811,-1.8141566038131713
1752068086.8319302,0.03206610679626465,0.7184390217065811,-1.8141566038131713
1752068086.8340192,0.03206610679626465,0.7184390217065811,-1.8141566038131713
1752068086.837662,0.03206610679626465,0.7184390217065811,-1.8141566038131713
1752068086.8385031,0.03206610679626465,0.7184390217065811,-1.8141566038131713
1752068086.8424985,0.04286529868841171,0.7167442381381989,-1.8354256868362426
1752068086.8444912,0.04286529868841171,0.7167442381381989,-1.8354256868362426
1752068086.8465593,0.04286529868841171,0.7167442381381989,-1.8354256868362426
1752068086.8490417,0.04286529868841171,0.7167442381381989,-1.8354256868362426
1752068086.851134,0.06249111145734787,0.7526653796434403,-2.0489802777767183
1752068086.8533728,0.06249111145734787,0.7526653796434403,-2.0489802777767183
1752068086.8554707,0.06249111145734787,0.7526653796434403,-2.0489802777767183
1752068086.8589823,0.06249111145734787,0.7526653796434403,-2.0489802777767183
1752068086.8610413,0.07410204410552979,0.7315840363502503,-2.0762905895709993
1752068086.863123,0.07410204410552979,0.7315840363502503,-2.0762905895709993
1752068086.865238,0.07410204410552979,0.7315840363502503,-2.0762905895709993
1752068086.8676,0.047891050577163696,0.673265227675438,-2.1940778315067293
1752068086.869796,0.047891050577163696,0.673265227675438,-2.1940778315067293
1752068086.873205,0.047891050577163696,0.673265227675438,-2.1940778315067293
1752068086.8764083,0.047891050577163696,0.673265227675438,-2.1940778315067293
1752068086.8772273,0.047891050577163696,0.673265227675438,-2.1940778315067293
1752068086.8793252,0.06795990467071533,0.6590335309505463,-2.282254469394684
1752068086.8813741,0.06795990467071533,0.6590335309505463,-2.282254469394684
1752068086.883442,0.06795990467071533,0.6590335309505463,-2.282254469394684
1752068086.8856206,0.03555704653263092,0.576293671131134,-2.3797312498092653
1752068086.88774,0.03555704653263092,0.576293671131134,-2.3797312498092653
1752068086.8912845,0.03555704653263092,0.576293671131134,-2.3797312498092653
1752068086.8945398,0.03555704653263092,0.576293671131134,-2.3797312498092653
1752068086.895315,0.03555704653263092,0.576293671131134,-2.3797312498092653
1752068086.8973744,0.007735205814242363,0.5530192196369171,-2.485218417644501
1752068086.899432,0.007735205814242363,0.5530192196369171,-2.485218417644501
1752068086.901498,0.007735205814242363,0.5530192196369171,-2.485218417644501
1752068086.903949,-0.003073001280426979,0.5171935796737671,-2.531746816635132
1752068086.9060674,-0.003073001280426979,0.5171935796737671,-2.531746816635132
1752068086.9085326,-0.003073001280426979,0.5171935796737671,-2.531746816635132
1752068086.911912,-0.003073001280426979,0.5171935796737671,-2.531746816635132
1752068086.9126878,-0.003073001280426979,0.5171935796737671,-2.531746816635132
1752068086.914786,-0.05620183050632477,0.4938449800014496,-2.5761228919029238
1752068086.9168708,-0.05620183050632477,0.4938449800014496,-2.5761228919029238
1752068086.9189675,-0.05620183050632477,0.4938449800014496,-2.5761228919029238
1752068086.9222636,-0.05620183050632477,0.4938449800014496,-2.5761228919029238
1752068086.9257367,-0.07725570350885391,0.51076420545578,-2.622549307346344
1752068086.92777,-0.07725570350885391,0.51076420545578,-2.622549307346344
1752068086.929854,-0.07725570350885391,0.51076420545578,-2.622549307346344
1752068086.932356,-0.1427561193704605,0.49069189429283144,-2.4425656914711
1752068086.93439,-0.1427561193704605,0.49069189429283144,-2.4425656914711
1752068086.936587,-0.1427561193704605,0.49069189429283144,-2.4425656914711
1752068086.9400084,-0.1427561193704605,0.49069189429283144,-2.4425656914711
1752068086.9437065,-0.1427561193704605,0.49069189429283144,-2.4425656914711
1752068086.9457,-0.18492595851421356,0.5002076268196106,-2.1742248356342317
1752068086.9477897,-0.18492595851421356,0.5002076268196106,-2.1742248356342317
1752068086.9498768,-0.18492595851421356,0.5002076268196106,-2.1742248356342317
1752068086.9533486,-0.24109865725040436,0.47114708423614504,-2.035630148649216
1752068086.9556792,-0.24109865725040436,0.47114708423614504,-2.035630148649216
1752068086.9583137,-0.24109865725040436,0.47114708423614504,-2.035630148649216
1752068086.9599888,-0.24109865725040436,0.47114708423614504,-2.035630148649216
1752068086.9624906,-0.19968797266483307,0.4366608798503876,-2.0317165076732637
1752068086.964577,-0.19968797266483307,0.4366608798503876,-2.0317165076732637
1752068086.9666615,-0.19968797266483307,0.4366608798503876,-2.0317165076732637
1752068086.9700863,-0.19968797266483307,0.4366608798503876,-2.0317165076732637
1752068086.9708893,-0.19968797266483307,0.4366608798503876,-2.0317165076732637
1752068086.97562,-0.19968797266483307,0.4366608798503876,-2.0317165076732637
1752068086.97765,-0.1786106675863266,0.4208361148834229,-1.9083690911531448
1752068086.9813726,-0.1786106675863266,0.4208361148834229,-1.9083690911531448
1752068086.982125,-0.1786106675863266,0.4208361148834229,-1.9083690911531448
1752068086.9842422,-0.17210789024829865,0.3915578365325928,-1.8135789453983306
1752068086.986327,-0.17210789024829865,0.3915578365325928,-1.8135789453983306
1752068086.9896984,-0.17210789024829865,0.3915578365325928,-1.8135789453983306
1752068086.9935322,-0.17210789024829865,0.3915578365325928,-1.8135789453983306
1752068086.9951298,-0.17311029136180878,0.4239678025245667,-1.7574587136507034
1752068086.9972272,-0.17311029136180878,0.4239678025245667,-1.7574587136507034
1752068086.999317,-0.17311029136180878,0.4239678025245667,-1.7574587136507034
1752068087.0016036,-0.17200444638729095,0.4220037698745728,-1.667136986553669
1752068087.0037026,-0.17200444638729095,0.4220037698745728,-1.667136986553669
1752068087.0068629,-0.17200444638729095,0.4220037698745728,-1.667136986553669
1752068087.0106404,-0.17200444638729095,0.4220037698745728,-1.667136986553669
1752068087.0114207,-0.17200444638729095,0.4220037698745728,-1.667136986553669
1752068087.0134866,-0.16526144742965698,0.4079295933246613,-1.5708635717630386
1752068087.0155435,-0.16526144742965698,0.4079295933246613,-1.5708635717630386
1752068087.0176342,-0.16526144742965698,0.4079295933246613,-1.5708635717630386
1752068087.0199826,-0.14514335989952087,0.4437714457511902,-1.4806496173143386
1752068087.023321,-0.14514335989952087,0.4437714457511902,-1.4806496173143386
1752068087.025416,-0.14514335989952087,0.4437714457511902,-1.4806496173143386
1752068087.02912,-0.14514335989952087,0.4437714457511902,-1.4806496173143386
1752068087.0298908,-0.14514335989952087,0.4437714457511902,-1.4806496173143386
1752068087.0319588,-0.11141226440668106,0.47146844267845156,-1.392223161458969
1752068087.0340471,-0.11141226440668106,0.47146844267845156,-1.392223161458969
1752068087.0361366,-0.11141226440668106,0.47146844267845156,-1.392223161458969
1752068087.038996,-0.08299098908901215,0.5204528212547302,-1.2998812317848205
1752068087.0426261,-0.08299098908901215,0.5204528212547302,-1.2998812317848205
1752068087.0446475,-0.08299098908901215,0.5204528212547302,-1.2998812317848205
1752068087.0484269,-0.08299098908901215,0.5204528212547302,-1.2998812317848205
1752068087.0491986,-0.08299098908901215,0.5204528212547302,-1.2998812317848205
1752068087.0513003,-0.05894569307565689,0.5675029993057251,-1.1705862402915954
1752068087.0534613,-0.05894569307565689,0.5675029993057251,-1.1705862402915954
1752068087.056833,-0.05894569307565689,0.5675029993057251,-1.1705862402915954
1752068087.0600095,-0.05894569307565689,0.5675029993057251,-1.1705862402915954
1752068087.0620725,-0.038077324628829956,0.5943984031677246,-1.0496092557907104
1752068087.0641527,-0.038077324628829956,0.5943984031677246,-1.0496092557907104
1752068087.0663214,-0.038077324628829956,0.5943984031677246,-1.0496092557907104
1752068087.0684934,-0.038077324628829956,0.5943984031677246,-1.0496092557907104
1752068087.0706768,-0.01848854310810566,0.6073568403720856,-1.0061439990997314
1752068087.0741658,-0.01848854310810566,0.6073568403720856,-1.0061439990997314
1752068087.0779626,-0.01848854310810566,0.6073568403720856,-1.0061439990997314
1752068087.0804539,-0.01848854310810566,0.6073568403720856,-1.0061439990997314
1752068087.082498,-0.003177570179104805,0.5715919077396393,-0.9635102868080139
1752068087.084557,-0.003177570179104805,0.5715919077396393,-0.9635102868080139
1752068087.0866914,-0.003177570179104805,0.5715919077396393,-0.9635102868080139
1752068087.090407,-0.003177570179104805,0.5715919077396393,-0.9635102868080139
1752068087.0933526,0.0002109091728925705,0.5179446578025818,-1.0119472861289978
1752068087.0953896,0.0002109091728925705,0.5179446578025818,-1.0119472861289978
1752068087.0990865,0.0002109091728925705,0.5179446578025818,-1.0119472861289978
1752068087.0998607,0.0002109091728925705,0.5179446578025818,-1.0119472861289978
1752068087.101962,0.04430926591157913,0.5699661612510681,-1.0982685804367065
1752068087.104056,0.04430926591157913,0.5699661612510681,-1.0982685804367065
1752068087.1071072,0.04430926591157913,0.5699661612510681,-1.0982685804367065
1752068087.1101637,0.04430926591157913,0.5699661612510681,-1.0982685804367065
1752068087.1119792,0.025473108515143394,0.5091802716255188,-1.0461944460868835
1752068087.1140668,0.025473108515143394,0.5091802716255188,-1.0461944460868835
1752068087.116161,0.025473108515143394,0.5091802716255188,-1.0461944460868835
1752068087.1183794,0.04386138916015625,0.4888126790523529,-1.0267690539360046
1752068087.1205018,0.04386138916015625,0.4888126790523529,-1.0267690539360046
1752068087.1226277,0.04386138916015625,0.4888126790523529,-1.0267690539360046
1752068087.126331,0.04386138916015625,0.4888126790523529,-1.0267690539360046
1752068087.1271367,0.04386138916015625,0.4888126790523529,-1.0267690539360046
1752068087.1292472,0.03766252100467682,0.469187730550766,-1.0384969234466552
1752068087.1313295,0.03766252100467682,0.469187730550766,-1.0384969234466552
1752068087.1333919,0.03766252100467682,0.469187730550766,-1.0384969234466552
1752068087.135609,0.0047330092638731,0.465529465675354,-1.0333404660224914
1752068087.1381645,0.0047330092638731,0.465529465675354,-1.0333404660224914
1752068087.1414495,0.0047330092638731,0.465529465675354,-1.0333404660224914
1752068087.1443193,0.0047330092638731,0.465529465675354,-1.0333404660224914
1752068087.1459544,0.0047330092638731,0.465529465675354,-1.0333404660224914
1752068087.1480167,-0.03436208516359329,0.4752217471599579,-1.0181644082069397
1752068087.1501036,-0.03436208516359329,0.4752217471599579,-1.0181644082069397
1752068087.1522124,-0.03436208516359329,0.4752217471599579,-1.0181644082069397
1752068087.1546094,-0.03436208516359329,0.4752217471599579,-1.0181644082069397
1752068087.1580396,-0.04841138422489166,0.4658795535564423,-1.0199117183685302
1752068087.1599503,-0.04841138422489166,0.4658795535564423,-1.0199117183685302
1752068087.1637063,-0.04841138422489166,0.4658795535564423,-1.0199117183685302
1752068087.1644776,-0.04841138422489166,0.4658795535564423,-1.0199117183685302
1752068087.166548,-0.07433260977268219,0.465740704536438,-1.009735119342804
1752068087.1686294,-0.07433260977268219,0.465740704536438,-1.009735119342804
1752068087.1707518,-0.07433260977268219,0.465740704536438,-1.009735119342804
1752068087.17651,-0.07433260977268219,0.465740704536438,-1.009735119342804
1752068087.17854,-0.08851922303438187,0.4668675005435944,-1.0205816149711608
1752068087.1806233,-0.08851922303438187,0.4668675005435944,-1.0205816149711608
1752068087.184114,-0.08851922303438187,0.4668675005435944,-1.0205816149711608
1752068087.1848812,-0.08851922303438187,0.4668675005435944,-1.0205816149711608
1752068087.1869812,-0.09898009896278381,0.4846214890480042,-1.0252555727958679
1752068087.1899092,-0.09898009896278381,0.4846214890480042,-1.0252555727958679
1752068087.1920254,-0.09898009896278381,0.4846214890480042,-1.0252555727958679
1752068087.1946564,-0.07699735462665558,0.5014648675918579,-1.016301167011261
1752068087.196665,-0.07699735462665558,0.5014648675918579,-1.016301167011261
1752068087.198751,-0.07699735462665558,0.5014648675918579,-1.016301167011261
1752068087.2021863,-0.07699735462665558,0.5014648675918579,-1.016301167011261
1752068087.2029371,-0.07699735462665558,0.5014648675918579,-1.016301167011261
1752068087.207523,-0.07896693050861359,0.5065089702606201,-1.0257204294204711
1752068087.2090456,-0.07896693050861359,0.5065089702606201,-1.0257204294204711
1752068087.2111437,-0.07896693050861359,0.5065089702606201,-1.0257204294204711
1752068087.2136538,-0.08683548122644424,0.5020423173904419,-1.0180539608001709
1752068087.2157502,-0.08683548122644424,0.5020423173904419,-1.0180539608001709
1752068087.2177992,-0.08683548122644424,0.5020423173904419,-1.0180539608001709
1752068087.2216039,-0.08683548122644424,0.5020423173904419,-1.0180539608001709
1752068087.222439,-0.08683548122644424,0.5020423173904419,-1.0180539608001709
1752068087.2261302,-0.08241340517997742,0.47886660099029543,-1.0232702016830444
1752068087.2281237,-0.08241340517997742,0.47886660099029543,-1.0232702016830444
1752068087.2318087,-0.08241340517997742,0.47886660099029543,-1.0232702016830444
1752068087.2325819,-0.08241340517997742,0.47886660099029543,-1.0232702016830444
1752068087.2346776,-0.09432876855134964,0.4799461901187897,-1.0706717491149902
1752068087.236737,-0.09432876855134964,0.4799461901187897,-1.0706717491149902
1752068087.240488,-0.09432876855134964,0.4799461901187897,-1.0706717491149902
1752068087.2435763,-0.09432876855134964,0.4799461901187897,-1.0706717491149902
1752068087.2451916,-0.10711106657981873,0.49595587849617007,-1.0611313700675964
1752068087.2472742,-0.10711106657981873,0.49595587849617007,-1.0611313700675964
1752068087.24937,-0.10711106657981873,0.49595587849617007,-1.0611313700675964
1752068087.2515671,-0.10103347152471542,0.5504489183425904,-1.0704001307487487
1752068087.253671,-0.10103347152471542,0.5504489183425904,-1.0704001307487487
1752068087.2558894,-0.10103347152471542,0.5504489183425904,-1.0704001307487487
1752068087.2602112,-0.10103347152471542,0.5504489183425904,-1.0704001307487487
1752068087.260989,-0.10103347152471542,0.5504489183425904,-1.0704001307487487
1752068087.263081,-0.07532350718975067,0.5526408195495606,-1.080752146244049
1752068087.2651837,-0.07532350718975067,0.5526408195495606,-1.080752146244049
1752068087.267281,-0.07532350718975067,0.5526408195495606,-1.080752146244049
1752068087.2696006,-0.05729985982179642,0.5468676924705506,-1.098729145526886
1752068087.2732153,-0.05729985982179642,0.5468676924705506,-1.098729145526886
1752068087.275219,-0.05729985982179642,0.5468676924705506,-1.098729145526886
1752068087.2789767,-0.05729985982179642,0.5468676924705506,-1.098729145526886
1752068087.2797573,-0.05729985982179642,0.5468676924705506,-1.098729145526886
1752068087.2818484,-0.03439906984567642,0.5650119423866272,-1.097731065750122
1752068087.2839072,-0.03439906984567642,0.5650119423866272,-1.097731065750122
1752068087.2860022,-0.03439906984567642,0.5650119423866272,-1.097731065750122
1752068087.2897522,-0.03439906984567642,0.5650119423866272,-1.097731065750122
1752068087.2926576,-0.0432351753115654,0.538724833726883,-1.1079647064208984
1752068087.2946908,-0.0432351753115654,0.538724833726883,-1.1079647064208984
1752068087.2967868,-0.0432351753115654,0.538724833726883,-1.1079647064208984
1752068087.299244,-0.04625626653432846,0.5439854502677918,-1.1013522267341613
1752068087.3013365,-0.04625626653432846,0.5439854502677918,-1.1013522267341613
1752068087.3034523,-0.04625626653432846,0.5439854502677918,-1.1013522267341613
1752068087.3060682,-0.04625626653432846,0.5439854502677918,-1.1013522267341613
1752068087.310918,-0.04625626653432846,0.5439854502677918,-1.1013522267341613
1752068087.312871,-0.04116727411746979,0.5847007274627686,-1.1093802571296691
1752068087.3149526,-0.04116727411746979,0.5847007274627686,-1.1093802571296691
1752068087.3170497,-0.04116727411746979,0.5847007274627686,-1.1093802571296691
1752068087.3247893,-0.03553701192140579,0.5970153748989105,-1.1063822627067565
1752068087.326758,-0.03553701192140579,0.5970153748989105,-1.1063822627067565
1752068087.3288417,-0.03553701192140579,0.5970153748989105,-1.1063822627067565
1752068087.3309414,-0.03553701192140579,0.5970153748989105,-1.1063822627067565
1752068087.3329842,-0.03553701192140579,0.5970153748989105,-1.1063822627067565
1752068087.3350723,-0.03441823273897171,0.5999965608119965,-1.095209789276123
1752068087.337247,-0.03441823273897171,0.5999965608119965,-1.095209789276123
1752068087.3411508,-0.03441823273897171,0.5999965608119965,-1.095209789276123
1752068087.3443959,-0.03441823273897171,0.5999965608119965,-1.095209789276123
1752068087.346439,-0.04989059269428253,0.6178150117397309,-1.1264309406280517
1752068087.3484936,-0.04989059269428253,0.6178150117397309,-1.1264309406280517
1752068087.35056,-0.04989059269428253,0.6178150117397309,-1.1264309406280517
1752068087.3527687,-0.07288314402103424,0.6269087433815003,-1.1382678270339965
1752068087.3550892,-0.07288314402103424,0.6269087433815003,-1.1382678270339965
1752068087.3592255,-0.07288314402103424,0.6269087433815003,-1.1382678270339965
1752068087.3629045,-0.07288314402103424,0.6269087433815003,-1.1382678270339965
1752068087.3636827,-0.07288314402103424,0.6269087433815003,-1.1382678270339965
1752068087.3657756,-0.06884703040122986,0.665069991350174,-1.4157965898513794
1752068087.3678343,-0.06884703040122986,0.665069991350174,-1.4157965898513794
1752068087.369916,-0.06884703040122986,0.665069991350174,-1.4157965898513794
1752068087.3751228,-0.06884703040122986,0.665069991350174,-1.4157965898513794
1752068087.3775363,-0.06884703040122986,0.665069991350174,-1.4157965898513794
1752068087.3796484,-0.004606114700436592,0.5889137923717499,-1.6261023327708244
1752068087.3817043,-0.004606114700436592,0.5889137923717499,-1.6261023327708244
1752068087.384106,0.014786003157496452,0.6529467791318894,-1.6812128860503435
1752068087.386562,0.014786003157496452,0.6529467791318894,-1.6812128860503435
1752068087.3887472,0.014786003157496452,0.6529467791318894,-1.6812128860503435
1752068087.3936207,0.014786003157496452,0.6529467791318894,-1.6812128860503435
1752068087.3944077,0.014786003157496452,0.6529467791318894,-1.6812128860503435
1752068087.3964744,-0.0010584685951471329,0.6652663886547089,-1.666942399740219
1752068087.3985336,-0.0010584685951471329,0.6652663886547089,-1.666942399740219
1752068087.4006233,-0.0010584685951471329,0.6652663886547089,-1.666942399740219
1752068087.4028432,0.03057732991874218,0.7326727747917176,-1.8571999192237854
1752068087.4064543,0.03057732991874218,0.7326727747917176,-1.8571999192237854
1752068087.4084961,0.03057732991874218,0.7326727747917176,-1.8571999192237854
1752068087.4124343,0.03057732991874218,0.7326727747917176,-1.8571999192237854
1752068087.4132102,0.03057732991874218,0.7326727747917176,-1.8571999192237854
1752068087.4153073,0.052603818476200104,0.7119615465402603,-1.8521851867437362
1752068087.417389,0.052603818476200104,0.7119615465402603,-1.8521851867437362
1752068087.4194531,0.052603818476200104,0.7119615465402603,-1.8521851867437362
1752068087.4259677,0.052603818476200104,0.7119615465402603,-1.8521851867437362
1752068087.427841,0.07194214314222336,0.7400126546621323,-2.0462612330913545
1752068087.4299269,0.07194214314222336,0.7400126546621323,-2.0462612330913545
1752068087.431995,0.07194214314222336,0.7400126546621323,-2.0462612330913545
1752068087.434431,0.08899389952421188,0.7280530124902725,-2.137040209770203
1752068087.4365265,0.08899389952421188,0.7280530124902725,-2.137040209770203
1752068087.4405515,0.08899389952421188,0.7280530124902725,-2.137040209770203
1752068087.4443383,0.08899389952421188,0.7280530124902725,-2.137040209770203
1752068087.4450963,0.08899389952421188,0.7280530124902725,-2.137040209770203
1752068087.447215,0.05857396125793457,0.6475278973579407,-2.2724499821662905
1752068087.449301,0.05857396125793457,0.6475278973579407,-2.2724499821662905
1752068087.4513965,0.05857396125793457,0.6475278973579407,-2.2724499821662905
1752068087.453956,0.036490216851234436,0.5850728392601013,-2.319123101234436
1752068087.4585502,0.036490216851234436,0.5850728392601013,-2.319123101234436
1752068087.4604435,0.036490216851234436,0.5850728392601013,-2.319123101234436
1752068087.4641595,0.036490216851234436,0.5850728392601013,-2.319123101234436
1752068087.464929,0.036490216851234436,0.5850728392601013,-2.319123101234436
1752068087.4670274,0.026432907208800316,0.5571028232574463,-2.4727826833724977
1752068087.4691162,0.026432907208800316,0.5571028232574463,-2.4727826833724977
1752068087.4720168,0.026432907208800316,0.5571028232574463,-2.4727826833724977
1752068087.4767835,0.026432907208800316,0.5571028232574463,-2.4727826833724977
1752068087.4788423,-0.003785202279686928,0.5183720231056214,-2.5347111940383913
1752068087.4808862,-0.003785202279686928,0.5183720231056214,-2.5347111940383913
1752068087.4829817,-0.003785202279686928,0.5183720231056214,-2.5347111940383913
1752068087.4852307,-0.05905129015445709,0.4801963210105896,-2.592019033432007
1752068087.4873927,-0.05905129015445709,0.4801963210105896,-2.592019033432007
1752068087.4894643,-0.05905129015445709,0.4801963210105896,-2.592019033432007
1752068087.4943728,-0.05905129015445709,0.4801963210105896,-2.592019033432007
1752068087.4951475,-0.05905129015445709,0.4801963210105896,-2.592019033432007
1752068087.4972608,-0.08925314992666245,0.49330552816390993,-2.63044912815094
1752068087.4993408,-0.08925314992666245,0.49330552816390993,-2.63044912815094
1752068087.501396,-0.08925314992666245,0.49330552816390993,-2.63044912815094
1752068087.504923,-0.08925314992666245,0.49330552816390993,-2.63044912815094
1752068087.5085034,-0.08925314992666245,0.49330552816390993,-2.63044912815094
1752068087.5104883,-0.14635388553142548,0.4681015253067017,-2.4435872554779055
1752068087.514142,-0.14635388553142548,0.4681015253067017,-2.4435872554779055
1752068087.5149064,-0.14635388553142548,0.4681015253067017,-2.4435872554779055
1752068087.5170107,-0.18229736387729645,0.49458142518997195,-2.2328742861747743
1752068087.5190973,-0.18229736387729645,0.49458142518997195,-2.2328742861747743
1752068087.5213013,-0.18229736387729645,0.49458142518997195,-2.2328742861747743
1752068087.5264196,-0.18229736387729645,0.49458142518997195,-2.2328742861747743
1752068087.52848,-0.23791684210300446,0.48219179511070254,-2.0559159934520723
1752068087.530491,-0.23791684210300446,0.48219179511070254,-2.0559159934520723
1752068087.5325558,-0.23791684210300446,0.48219179511070254,-2.0559159934520723
1752068087.5364385,-0.2388080209493637,0.42364769577980044,-2.0546488881111147
1752068087.538447,-0.2388080209493637,0.42364769577980044,-2.0546488881111147
1752068087.5412323,-0.2388080209493637,0.42364769577980044,-2.0546488881111147
1752068087.5431654,-0.2388080209493637,0.42364769577980044,-2.0546488881111147
1752068087.5457103,-0.1668420284986496,0.4303294360637665,-1.9549565732479095
1752068087.5478034,-0.1668420284986496,0.4303294360637665,-1.9549565732479095
1752068087.5498908,-0.1668420284986496,0.4303294360637665,-1.9549565732479095
1752068087.5532908,-0.1668420284986496,0.4303294360637665,-1.9549565732479095
1752068087.5540454,-0.1668420284986496,0.4303294360637665,-1.9549565732479095
1752068087.5583353,-0.16266798973083496,0.40255447626113894,-1.864206862449646
1752068087.5608091,-0.16266798973083496,0.40255447626113894,-1.864206862449646
1752068087.5637178,-0.16266798973083496,0.40255447626113894,-1.864206862449646
1752068087.5654178,-0.16266798973083496,0.40255447626113894,-1.864206862449646
1752068087.5674796,-0.15968520939350128,0.4058952867984772,-1.788358998298645
1752068087.5697663,-0.15968520939350128,0.4058952867984772,-1.788358998298645
1752068087.5734842,-0.15968520939350128,0.4058952867984772,-1.788358998298645
1752068087.5772822,-0.15968520939350128,0.4058952867984772,-1.788358998298645
1752068087.5793056,-0.1721402257680893,0.3842876195907593,-1.6738322347402572
1752068087.5813832,-0.1721402257680893,0.3842876195907593,-1.6738322347402572
1752068087.5834525,-0.1721402257680893,0.3842876195907593,-1.6738322347402572
1752068087.5858068,-0.14995595812797546,0.38475492000579836,-1.5988938704133033
1752068087.5884733,-0.14995595812797546,0.38475492000579836,-1.5988938704133033
1752068087.5934231,-0.14995595812797546,0.38475492000579836,-1.5988938704133033
1752068087.5959048,-0.14995595812797546,0.38475492000579836,-1.5988938704133033
1752068087.5985274,-0.14995595812797546,0.38475492000579836,-1.5988938704133033
1752068087.6005495,-0.13771535456180573,0.4162284374237061,-1.4742712199687957
1752068087.6026332,-0.13771535456180573,0.4162284374237061,-1.4742712199687957
1752068087.6054275,-0.13771535456180573,0.4162284374237061,-1.4742712199687957
1752068087.610952,-0.13771535456180573,0.4162284374237061,-1.4742712199687957
1752068087.612944,-0.11853013932704926,0.4496935248374939,-1.3834410727024078
1752068087.615028,-0.11853013932704926,0.4496935248374939,-1.3834410727024078
1752068087.6171265,-0.11853013932704926,0.4496935248374939,-1.3834410727024078
1752068087.6194735,-0.08700022846460342,0.5103771328926087,-1.2705713927745819
1752068087.624066,-0.08700022846460342,0.5103771328926087,-1.2705713927745819
1752068087.6261125,-0.08700022846460342,0.5103771328926087,-1.2705713927745819
1752068087.6294446,-0.08700022846460342,0.5103771328926087,-1.2705713927745819
1752068087.630217,-0.08700022846460342,0.5103771328926087,-1.2705713927745819
1752068087.6323183,-0.07204381376504898,0.582591050863266,-1.176987361907959
1752068087.6343877,-0.07204381376504898,0.582591050863266,-1.176987361907959
1752068087.6365705,-0.07204381376504898,0.582591050863266,-1.176987361907959
1752068087.641921,-0.07204381376504898,0.582591050863266,-1.176987361907959
1752068087.6439137,-0.03467573970556259,0.5965948939323426,-1.0394741415977478
1752068087.645996,-0.03467573970556259,0.5965948939323426,-1.0394741415977478
1752068087.6480908,-0.03467573970556259,0.5965948939323426,-1.0394741415977478
1752068087.6505005,0.001056646928191185,0.6062591910362244,-0.9863674759864807
1752068087.6525576,0.001056646928191185,0.6062591910362244,-0.9863674759864807
1752068087.6568458,0.001056646928191185,0.6062591910362244,-0.9863674759864807
1752068087.6588774,0.001056646928191185,0.6062591910362244,-0.9863674759864807
1752068087.6614404,-0.0003445986658334732,0.5612977385520935,-0.9493913173675537
1752068087.6635,-0.0003445986658334732,0.5612977385520935,-0.9493913173675537
1752068087.6655571,-0.0003445986658334732,0.5612977385520935,-0.9493913173675537
1752068087.6689937,-0.0003445986658334732,0.5612977385520935,-0.9493913173675537
1752068087.6697598,-0.0003445986658334732,0.5612977385520935,-0.9493913173675537
1752068087.6735537,-0.0043529365211725235,0.5083301901817322,-0.9974205017089843
1752068087.675443,-0.0043529365211725235,0.5083301901817322,-0.9974205017089843
1752068087.677487,-0.0043529365211725235,0.5083301901817322,-0.9974205017089843
1752068087.680011,0.053907983005046844,0.5675777137279511,-1.1068633913993835
1752068087.6821024,0.053907983005046844,0.5675777137279511,-1.1068633913993835
1752068087.6841612,0.053907983005046844,0.5675777137279511,-1.1068633913993835
1752068087.6877596,0.053907983005046844,0.5675777137279511,-1.1068633913993835
1752068087.6885958,0.053907983005046844,0.5675777137279511,-1.1068633913993835
1752068087.6925511,0.02634415589272976,0.4939917862415314,-1.0376915454864502
1752068087.6945634,0.02634415589272976,0.4939917862415314,-1.0376915454864502
1752068087.6982713,0.02634415589272976,0.4939917862415314,-1.0376915454864502
1752068087.6990201,0.02634415589272976,0.4939917862415314,-1.0376915454864502
1752068087.70112,0.05880039930343628,0.4574740767478943,-1.0263091444969177
1752068087.703226,0.05880039930343628,0.4574740767478943,-1.0263091444969177
1752068087.706637,0.05880039930343628,0.4574740767478943,-1.0263091444969177
1752068087.709669,0.05880039930343628,0.4574740767478943,-1.0263091444969177
1752068087.711737,0.02545308880507946,0.4542646944522858,-1.044196856021881
1752068087.7137837,0.02545308880507946,0.4542646944522858,-1.044196856021881
1752068087.7158515,0.02545308880507946,0.4542646944522858,-1.044196856021881
1752068087.7180817,0.015942862257361412,0.4801591277122498,-1.0282982110977172
1752068087.7201786,0.015942862257361412,0.4801591277122498,-1.0282982110977172
1752068087.7233694,0.015942862257361412,0.4801591277122498,-1.0282982110977172
1752068087.727071,0.015942862257361412,0.4801591277122498,-1.0282982110977172
1752068087.7278588,0.015942862257361412,0.4801591277122498,-1.0282982110977172
1752068087.7299576,-0.03867290914058685,0.45878990888595583,-1.0167315125465393
1752068087.7320418,-0.03867290914058685,0.45878990888595583,-1.0167315125465393
1752068087.7341392,-0.03867290914058685,0.45878990888595583,-1.0167315125465393
1752068087.7363818,-0.043816447257995605,0.4453835427761078,-1.0083520531654357
1752068087.7409225,-0.043816447257995605,0.4453835427761078,-1.0083520531654357
1752068087.742922,-0.043816447257995605,0.4453835427761078,-1.0083520531654357
1752068087.7466805,-0.043816447257995605,0.4453835427761078,-1.0083520531654357
1752068087.7474494,-0.043816447257995605,0.4453835427761078,-1.0083520531654357
1752068087.7495205,-0.06569227576255798,0.4689871907234192,-1.0175219893455505
1752068087.751607,-0.06569227576255798,0.4689871907234192,-1.0175219893455505
1752068087.7536705,-0.06569227576255798,0.4689871907234192,-1.0175219893455505
1752068087.756656,-0.06569227576255798,0.4689871907234192,-1.0175219893455505
1752068087.7605915,-0.062001340091228485,0.44875490069389345,-1.0281939029693603
1752068087.7625878,-0.062001340091228485,0.44875490069389345,-1.0281939029693603
1752068087.7663562,-0.062001340091228485,0.44875490069389345,-1.0281939029693603
1752068087.7671099,-0.062001340091228485,0.44875490069389345,-1.0281939029693603
1752068087.7692285,-0.07684674859046936,0.47120084762573244,-1.0372722864151
1752068087.7716773,-0.07684674859046936,0.47120084762573244,-1.0372722864151
1752068087.774724,-0.07684674859046936,0.47120084762573244,-1.0372722864151
1752068087.777674,-0.07684674859046936,0.47120084762573244,-1.0372722864151
1752068087.7797468,-0.07165197283029556,0.4894035398960114,-1.0278197050094604
1752068087.7818947,-0.07165197283029556,0.4894035398960114,-1.0278197050094604
1752068087.7838943,-0.07165197283029556,0.4894035398960114,-1.0278197050094604
1752068087.7861488,-0.07419738173484802,0.4918000936508179,-1.0190069198608398
1752068087.7884316,-0.07419738173484802,0.4918000936508179,-1.0190069198608398
1752068087.7912898,-0.07419738173484802,0.4918000936508179,-1.0190069198608398
1752068087.794557,-0.07419738173484802,0.4918000936508179,-1.0190069198608398
1752068087.7953658,-0.07419738173484802,0.4918000936508179,-1.0190069198608398
1752068087.7974312,-0.07878133654594421,0.47591938972473147,-1.0220492601394653
1752068087.7994926,-0.07878133654594421,0.47591938972473147,-1.0220492601394653
1752068087.80156,-0.07878133654594421,0.47591938972473147,-1.0220492601394653
1752068087.804932,-0.07878133654594421,0.47591938972473147,-1.0220492601394653
1752068087.8079116,-0.06808318942785263,0.4567424297332764,-1.043921422958374
1752068087.8099165,-0.06808318942785263,0.4567424297332764,-1.043921422958374
1752068087.813703,-0.06808318942785263,0.4567424297332764,-1.043921422958374
1752068087.8144674,-0.06808318942785263,0.4567424297332764,-1.043921422958374
1752068087.8165383,-0.08776267617940903,0.4741854310035706,-1.0692926168441772
1752068087.8185968,-0.08776267617940903,0.4741854310035706,-1.0692926168441772
1752068087.820721,-0.08776267617940903,0.4741854310035706,-1.0692926168441772
1752068087.8256147,-0.08776267617940903,0.4741854310035706,-1.0692926168441772
1752068087.8275743,-0.09914760291576385,0.5375540494918823,-1.0599384427070617
1752068087.8295436,-0.09914760291576385,0.5375540494918823,-1.0599384427070617
1752068087.831645,-0.09914760291576385,0.5375540494918823,-1.0599384427070617
1752068087.8339138,-0.08659607172012329,0.5513966321945191,-1.0672337532043457
1752068087.835978,-0.08659607172012329,0.5513966321945191,-1.0672337532043457
1752068087.8385353,-0.08659607172012329,0.5513966321945191,-1.0672337532043457
1752068087.8423467,-0.08659607172012329,0.5513966321945191,-1.0672337532043457
1752068087.8440223,-0.08659607172012329,0.5513966321945191,-1.0672337532043457
1752068087.8461025,-0.05624619871377945,0.5385553181171417,-1.0848318457603454
1752068087.848208,-0.05624619871377945,0.5385553181171417,-1.0848318457603454
1752068087.8503027,-0.05624619871377945,0.5385553181171417,-1.0848318457603454
1752068087.8537328,-0.027008311823010445,0.5627446413040161,-1.0996692299842834
1752068087.8558507,-0.027008311823010445,0.5627446413040161,-1.0996692299842834
1752068087.858454,-0.027008311823010445,0.5627446413040161,-1.0996692299842834
1752068087.8604681,-0.027008311823010445,0.5627446413040161,-1.0996692299842834
1752068087.8629634,-0.02036421187222004,0.5564649939537049,-1.1024617671966552
1752068087.8650541,-0.02036421187222004,0.5564649939537049,-1.1024617671966552
1752068087.8671415,-0.02036421187222004,0.5564649939537049,-1.1024617671966552
1752068087.8706143,-0.02036421187222004,0.5564649939537049,-1.1024617671966552
1752068087.8713868,-0.02036421187222004,0.5564649939537049,-1.1024617671966552
1752068087.875418,-0.01539052464067936,0.545970106124878,-1.1015297293663024
1752068087.8777936,-0.01539052464067936,0.545970106124878,-1.1015297293663024
1752068087.881467,-0.01539052464067936,0.545970106124878,-1.1015297293663024
1752068087.8822398,-0.01539052464067936,0.545970106124878,-1.1015297293663024
1752068087.8843367,-0.02048810012638569,0.5432186961174011,-1.0912181258201599
1752068087.886664,-0.02048810012638569,0.5432186961174011,-1.0912181258201599
1752068087.8895557,-0.02048810012638569,0.5432186961174011,-1.0912181258201599
1752068087.8936656,-0.02048810012638569,0.5432186961174011,-1.0912181258201599
1752068087.8948777,-0.026568645611405373,0.5636097431182862,-1.1001327753067016
1752068087.896934,-0.026568645611405373,0.5636097431182862,-1.1001327753067016
1752068087.8990297,-0.026568645611405373,0.5636097431182862,-1.1001327753067016
1752068087.9013057,-0.021295661106705666,0.5733770966529846,-1.10654718875885
1752068087.9033582,-0.021295661106705666,0.5733770966529846,-1.10654718875885
1752068087.905672,-0.021295661106705666,0.5733770966529846,-1.10654718875885
1752068087.9095294,-0.021295661106705666,0.5733770966529846,-1.10654718875885
1752068087.910299,-0.021295661106705666,0.5733770966529846,-1.10654718875885
1752068087.912445,-0.028709786012768745,0.6003334760665894,-1.1072558879852294
1752068087.914442,-0.028709786012768745,0.6003334760665894,-1.1072558879852294
1752068087.9165087,-0.028709786012768745,0.6003334760665894,-1.1072558879852294
1752068087.9187057,-0.03348822146654129,0.6397907674312592,-1.1163373112678527
1752068087.9208386,-0.03348822146654129,0.6397907674312592,-1.1163373112678527
1752068087.9234495,-0.03348822146654129,0.6397907674312592,-1.1163373112678527
1752068087.9274027,-0.03348822146654129,0.6397907674312592,-1.1163373112678527
1752068087.9281704,-0.03348822146654129,0.6397907674312592,-1.1163373112678527
1752068087.9302897,-0.04767317324876785,0.6397527992725373,-1.1233279228210449
1752068087.932373,-0.04767317324876785,0.6397527992725373,-1.1233279228210449
1752068087.9344366,-0.04767317324876785,0.6397527992725373,-1.1233279228210449
1752068087.9370322,-0.07463587820529938,0.6871993184089661,-1.2475926399230957
1752068087.9412081,-0.07463587820529938,0.6871993184089661,-1.2475926399230957
1752068087.94314,-0.07463587820529938,0.6871993184089661,-1.2475926399230957
1752068087.9468915,-0.07463587820529938,0.6871993184089661,-1.2475926399230957
1752068087.9476697,-0.07463587820529938,0.6871993184089661,-1.2475926399230957
1752068087.949762,-0.010977940633893013,0.6176889181137085,-1.5475210666656494
1752068087.9518175,-0.010977940633893013,0.6176889181137085,-1.5475210666656494
1752068087.9544084,-0.010977940633893013,0.6176889181137085,-1.5475210666656494
1752068087.9565837,-0.010977940633893013,0.6176889181137085,-1.5475210666656494
1752068087.9595225,-0.010977940633893013,0.6176889181137085,-1.5475210666656494
1752068087.9620924,-0.001211622729897499,0.6390517592430115,-1.650707271695137
1752068087.965656,-0.001211622729897499,0.6390517592430115,-1.650707271695137
1752068087.966602,-0.001211622729897499,0.6390517592430115,-1.650707271695137
1752068087.9685657,0.014706900343298912,0.6642417848110199,-1.6843735340982675
1752068087.970693,0.014706900343298912,0.6642417848110199,-1.6843735340982675
1752068087.974169,0.014706900343298912,0.6642417848110199,-1.6843735340982675
1752068087.975989,0.014706900343298912,0.6642417848110199,-1.6843735340982675
1752068087.9789972,0.052936360239982605,0.7226884603500366,-1.8244591623544693
1752068087.9810743,0.052936360239982605,0.7226884603500366,-1.8244591623544693
1752068087.984594,0.052936360239982605,0.7226884603500366,-1.8244591623544693
1752068087.98536,0.052936360239982605,0.7226884603500366,-1.8244591623544693
1752068087.9901369,0.04632578790187836,0.6930643558502197,-1.8419835984706878
1752068087.9921331,0.04632578790187836,0.6930643558502197,-1.8419835984706878
1752068087.9942715,0.04632578790187836,0.6930643558502197,-1.8419835984706878
1752068087.9979656,0.07083985209465027,0.7551926463842392,-2.036394339799881
1752068088.00004,0.07083985209465027,0.7551926463842392,-2.036394339799881
1752068088.0021276,0.07083985209465027,0.7551926463842392,-2.036394339799881
1752068088.0043738,0.07083985209465027,0.7551926463842392,-2.036394339799881
1752068088.0100048,0.07083985209465027,0.7551926463842392,-2.036394339799881
1752068088.0108306,0.07083985209465027,0.7551926463842392,-2.036394339799881
1752068088.0128772,0.08775149285793304,0.7259494304656983,-2.108717840909958
1752068088.0149753,0.08775149285793304,0.7259494304656983,-2.108717840909958
1752068088.0173182,0.06585948169231415,0.6643021643161774,-2.232476902008057
1752068088.019393,0.06585948169231415,0.6643021643161774,-2.232476902008057
1752068088.0220346,0.06585948169231415,0.6643021643161774,-2.232476902008057
1752068088.0274193,0.06585948169231415,0.6643021643161774,-2.232476902008057
1752068088.0282688,0.06585948169231415,0.6643021643161774,-2.232476902008057
1752068088.0303144,0.053903743624687195,0.6006567120552063,-2.300614368915558
1752068088.032392,0.053903743624687195,0.6006567120552063,-2.300614368915558
1752068088.0344563,0.053903743624687195,0.6006567120552063,-2.300614368915558
1752068088.0403495,0.053903743624687195,0.6006567120552063,-2.300614368915558
1752068088.0411634,0.053903743624687195,0.6006567120552063,-2.300614368915558
1752068088.0432959,0.053903743624687195,0.6006567120552063,-2.300614368915558
1752068088.045336,0.031439170241355896,0.5616548597812653,-2.431787741184235
1752068088.0479038,0.031439170241355896,0.5616548597812653,-2.431787741184235
1752068088.0499895,0.0045659225434064865,0.5136192381381989,-2.4959556579589846
1752068088.0520778,0.0045659225434064865,0.5136192381381989,-2.4959556579589846
1752068088.0542336,0.0045659225434064865,0.5136192381381989,-2.4959556579589846
1752068088.0567987,0.0045659225434064865,0.5136192381381989,-2.4959556579589846
1752068088.0589306,-0.03529953956604004,0.47393509149551394,-2.5455893993377687
1752068088.0609665,-0.03529953956604004,0.47393509149551394,-2.5455893993377687
1752068088.0630705,-0.03529953956604004,0.47393509149551394,-2.5455893993377687
1752068088.0655332,-0.07709349691867828,0.46761714816093447,-2.5586613535881044
1752068088.067623,-0.07709349691867828,0.46761714816093447,-2.5586613535881044
1752068088.0698528,-0.07709349691867828,0.46761714816093447,-2.5586613535881044
1752068088.0735142,-0.07709349691867828,0.46761714816093447,-2.5586613535881044
1752068088.0743582,-0.07709349691867828,0.46761714816093447,-2.5586613535881044
1752068088.0770993,-0.09794317930936813,0.49319007396698,-2.596191477775574
1752068088.0803778,-0.09794317930936813,0.49319007396698,-2.596191477775574
1752068088.0840812,-0.09794317930936813,0.49319007396698,-2.596191477775574
1752068088.084868,-0.09794317930936813,0.49319007396698,-2.596191477775574
1752068088.086943,-0.14139357209205627,0.5049314439296723,-2.3100388169288637
1752068088.0891078,-0.14139357209205627,0.5049314439296723,-2.3100388169288637
1752068088.0921535,-0.14139357209205627,0.5049314439296723,-2.3100388169288637
1752068088.0946999,-0.19841623306274414,0.5045293211936951,-2.134144198894501
1752068088.096791,-0.19841623306274414,0.5045293211936951,-2.134144198894501
1752068088.0988727,-0.19841623306274414,0.5045293211936951,-2.134144198894501
1752068088.1023393,-0.19841623306274414,0.5045293211936951,-2.134144198894501
1752068088.1030922,-0.19841623306274414,0.5045293211936951,-2.134144198894501
1752068088.1079345,-0.23503617942333221,0.46382989883422854,-2.0541825115680696
1752068088.1099079,-0.23503617942333221,0.46382989883422854,-2.0541825115680696
1752068088.1119914,-0.23503617942333221,0.46382989883422854,-2.0541825115680696
1752068088.1146312,-0.2144855558872223,0.4210751295089722,-1.9821969091892242
1752068088.1167219,-0.2144855558872223,0.4210751295089722,-1.9821969091892242
1752068088.118814,-0.2144855558872223,0.4210751295089722,-1.9821969091892242
1752068088.1225612,-0.2144855558872223,0.4210751295089722,-1.9821969091892242
1752068088.1233459,-0.2144855558872223,0.4210751295089722,-1.9821969091892242
1752068088.1264024,-0.1812509149312973,0.42871769666671755,-1.8859443485736846
1752068088.1284094,-0.1812509149312973,0.42871769666671755,-1.8859443485736846
1752068088.1321273,-0.1812509149312973,0.42871769666671755,-1.8859443485736846
1752068088.132892,-0.1812509149312973,0.42871769666671755,-1.8859443485736846
1752068088.1349978,-0.18491141498088837,0.3998552203178406,-1.783187885582447
1752068088.1371226,-0.18491141498088837,0.3998552203178406,-1.783187885582447
1752068088.1411161,-0.18491141498088837,0.3998552203178406,-1.783187885582447
1752068088.1445773,-0.1806868016719818,0.4070137083530426,-1.723415157571435
1752068088.1466393,-0.1806868016719818,0.4070137083530426,-1.723415157571435
1752068088.1487398,-0.1806868016719818,0.4070137083530426,-1.723415157571435
1752068088.1521993,-0.1806868016719818,0.4070137083530426,-1.723415157571435
1752068088.1529534,-0.1806868016719818,0.4070137083530426,-1.723415157571435
1752068088.1573863,-0.1715240627527237,0.3985621571540833,-1.5966887891292572
1752068088.1593268,-0.1715240627527237,0.3985621571540833,-1.5966887891292572
1752068088.161392,-0.1715240627527237,0.3985621571540833,-1.5966887891292572
1752068088.163885,-0.1490391343832016,0.4027725398540497,-1.5266965448856353
1752068088.1659827,-0.1490391343832016,0.4027725398540497,-1.5266965448856353
1752068088.168064,-0.1490391343832016,0.4027725398540497,-1.5266965448856353
1752068088.1713507,-0.1490391343832016,0.4027725398540497,-1.5266965448856353
1752068088.1721349,-0.1490391343832016,0.4027725398540497,-1.5266965448856353
1752068088.1765828,-0.12649188935756683,0.43663018345832827,-1.433876883983612
1752068088.178599,-0.12649188935756683,0.43663018345832827,-1.433876883983612
1752068088.1807015,-0.12649188935756683,0.43663018345832827,-1.433876883983612
1752068088.18316,-0.10232572257518768,0.4777406692504883,-1.3340534687042236
1752068088.185257,-0.10232572257518768,0.4777406692504883,-1.3340534687042236
1752068088.1873636,-0.10232572257518768,0.4777406692504883,-1.3340534687042236
1752068088.1908386,-0.10232572257518768,0.4777406692504883,-1.3340534687042236
1752068088.1943977,-0.10232572257518768,0.4777406692504883,-1.3340534687042236
1752068088.1964402,-0.0792376771569252,0.5301293671131134,-1.2367651879787445
1752068088.1985056,-0.0792376771569252,0.5301293671131134,-1.2367651879787445
1752068088.2005904,-0.0792376771569252,0.5301293671131134,-1.2367651879787445
1752068088.204048,-0.04853203147649765,0.5765949726104737,-1.0993913531303405
1752068088.207944,-0.04853203147649765,0.5765949726104737,-1.0993913531303405
1752068088.209256,-0.04853203147649765,0.5765949726104737,-1.0993913531303405
1752068088.2113032,-0.04853203147649765,0.5765949726104737,-1.0993913531303405
1752068088.2138045,-0.02919003553688526,0.6065405249595642,-1.0209443688392639
1752068088.2159033,-0.02919003553688526,0.6065405249595642,-1.0209443688392639
1752068088.2179847,-0.02919003553688526,0.6065405249595642,-1.0209443688392639
1752068088.220593,-0.02919003553688526,0.6065405249595642,-1.0209443688392639
1752068088.2233164,-0.02919003553688526,0.6065405249595642,-1.0209443688392639
1752068088.2257953,-0.02919003553688526,0.6065405249595642,-1.0209443688392639
1752068088.227963,0.0042447280138731,0.5892885565757752,-0.9606162428855896
1752068088.2300482,0.0042447280138731,0.5892885565757752,-0.9606162428855896
1752068088.2325196,0.003828836604952812,0.5347551345825196,-0.9533743977546691
1752068088.2346187,0.003828836604952812,0.5347551345825196,-0.9533743977546691
1752068088.2366955,0.003828836604952812,0.5347551345825196,-0.9533743977546691
1752068088.240373,0.003828836604952812,0.5347551345825196,-0.9533743977546691
1752068088.2411854,0.003828836604952812,0.5347551345825196,-0.9533743977546691
1752068088.2455473,0.003828836604952812,0.5347551345825196,-0.9533743977546691
1752068088.2476013,0.05561217665672302,0.5983269155025482,-1.1158157110214233
1752068088.2496934,0.05561217665672302,0.5983269155025482,-1.1158157110214233
1752068088.2521415,0.025936326012015343,0.5423138976097107,-1.0632632493972778
1752068088.25426,0.025936326012015343,0.5423138976097107,-1.0632632493972778
1752068088.2590384,0.025936326012015343,0.5423138976097107,-1.0632632493972778
1752068088.262726,0.025936326012015343,0.5423138976097107,-1.0632632493972778
1752068088.263492,0.025936326012015343,0.5423138976097107,-1.0632632493972778
1752068088.26559,0.02669052593410015,0.49533128142356875,-1.03198481798172
1752068088.2676888,0.02669052593410015,0.49533128142356875,-1.03198481798172
1752068088.2698371,0.02669052593410015,0.49533128142356875,-1.03198481798172
1752068088.2750962,0.02669052593410015,0.49533128142356875,-1.03198481798172
1752068088.2775533,0.03855171054601669,0.46644514203071596,-1.0378642201423645
1752068088.2796216,0.03855171054601669,0.46644514203071596,-1.0378642201423645
1752068088.2832842,0.03855171054601669,0.46644514203071596,-1.0378642201423645
1752068088.284046,0.03855171054601669,0.46644514203071596,-1.0378642201423645
1752068088.2861538,0.02781490795314312,0.43337481617927553,-1.043518316745758
1752068088.2884052,0.02781490795314312,0.43337481617927553,-1.043518316745758
1752068088.292244,0.02781490795314312,0.43337481617927553,-1.043518316745758
1752068088.2947788,-0.006570825353264809,0.477534019947052,-1.0220211267471313
1752068088.2968676,-0.006570825353264809,0.477534019947052,-1.0220211267471313
1752068088.2989533,-0.006570825353264809,0.477534019947052,-1.0220211267471313
1752068088.3023984,-0.006570825353264809,0.477534019947052,-1.0220211267471313
1752068088.3031528,-0.006570825353264809,0.477534019947052,-1.0220211267471313
1752068088.3087578,-0.03519420325756073,0.4826559960842133,-1.0169025182723999
1752068088.3095734,-0.03519420325756073,0.4826559960842133,-1.0169025182723999
1752068088.3133273,-0.03519420325756073,0.4826559960842133,-1.0169025182723999
1752068088.3140862,-0.03519420325756073,0.4826559960842133,-1.0169025182723999
1752068088.3162057,-0.06503009051084518,0.455678129196167,-1.0106293082237243
1752068088.3182895,-0.06503009051084518,0.455678129196167,-1.0106293082237243
1752068088.3203893,-0.06503009051084518,0.455678129196167,-1.0106293082237243
1752068088.3259554,-0.06503009051084518,0.455678129196167,-1.0106293082237243
1752068088.3281045,-0.06754598021507263,0.46588447093963625,-1.0150607347488403
1752068088.3301904,-0.06754598021507263,0.46588447093963625,-1.0150607347488403
1752068088.3338575,-0.06754598021507263,0.46588447093963625,-1.0150607347488403
1752068088.334622,-0.06754598021507263,0.46588447093963625,-1.0150607347488403
1752068088.3366983,-0.08710522204637527,0.4729244947433472,-1.0397785425186157
1752068088.3390224,-0.08710522204637527,0.4729244947433472,-1.0397785425186157
1752068088.3425238,-0.08710522204637527,0.4729244947433472,-1.0397785425186157
1752068088.3450947,-0.08159980177879333,0.48284735679626467,-1.0249621987342834
1752068088.347191,-0.08159980177879333,0.48284735679626467,-1.0249621987342834
1752068088.3492715,-0.08159980177879333,0.48284735679626467,-1.0249621987342834
1752068088.3527095,-0.08159980177879333,0.48284735679626467,-1.0249621987342834
1752068088.3534713,-0.08159980177879333,0.48284735679626467,-1.0249621987342834
1752068088.357691,-0.08159980177879333,0.48284735679626467,-1.0249621987342834
1752068088.359636,-0.07686974108219147,0.4934267640113831,-1.0208208680152893
1752068088.3628986,-0.07686974108219147,0.4934267640113831,-1.0208208680152893
1752068088.364198,-0.07686974108219147,0.4934267640113831,-1.0208208680152893
1752068088.3662877,-0.08706903457641602,0.4880415141582489,-1.015848410129547
1752068088.3683844,-0.08706903457641602,0.4880415141582489,-1.015848410129547
1752068088.3705246,-0.08706903457641602,0.4880415141582489,-1.015848410129547
1752068088.3763218,-0.08706903457641602,0.4880415141582489,-1.015848410129547
1752068088.3782463,-0.05872330814599991,0.4572585761547089,-1.035530936717987
1752068088.3803253,-0.05872330814599991,0.4572585761547089,-1.035530936717987
1752068088.3839738,-0.05872330814599991,0.4572585761547089,-1.035530936717987
1752068088.3847313,-0.05872330814599991,0.4572585761547089,-1.035530936717987
1752068088.3868158,-0.07029049098491669,0.4593666434288025,-1.0651358485221862
1752068088.3890867,-0.07029049098491669,0.4593666434288025,-1.0651358485221862
1752068088.391475,-0.07029049098491669,0.4593666434288025,-1.0651358485221862
1752068088.394701,-0.09683886170387268,0.49444335103034975,-1.0666264414787292
1752068088.3967805,-0.09683886170387268,0.49444335103034975,-1.0666264414787292
1752068088.3988755,-0.09683886170387268,0.49444335103034975,-1.0666264414787292
1752068088.402304,-0.09683886170387268,0.49444335103034975,-1.0666264414787292
1752068088.4030597,-0.09683886170387268,0.49444335103034975,-1.0666264414787292
1752068088.4081202,-0.09636202454566956,0.5379963159561157,-1.054131281375885
1752068088.410037,-0.09636202454566956,0.5379963159561157,-1.054131281375885
1752068088.412126,-0.09636202454566956,0.5379963159561157,-1.054131281375885
1752068088.4146452,-0.057834312319755554,0.5304310560226441,-1.0866392970085144
1752068088.4167242,-0.057834312319755554,0.5304310560226441,-1.0866392970085144
1752068088.4188135,-0.057834312319755554,0.5304310560226441,-1.0866392970085144
1752068088.4216237,-0.057834312319755554,0.5304310560226441,-1.0866392970085144
1752068088.4262657,-0.057834312319755554,0.5304310560226441,-1.0866392970085144
1752068088.4283097,-0.030842335894703865,0.5086829006671906,-1.095954132080078
1752068088.430372,-0.030842335894703865,0.5086829006671906,-1.095954132080078
1752068088.4323902,-0.030842335894703865,0.5086829006671906,-1.095954132080078
1752068088.4347353,-0.030842335894703865,0.5086829006671906,-1.095954132080078
1752068088.4368317,-0.03155301511287689,0.5313368678092957,-1.095308494567871
1752068088.4391005,-0.03155301511287689,0.5313368678092957,-1.095308494567871
1752068088.441122,-0.03155301511287689,0.5313368678092957,-1.095308494567871
1752068088.4445302,-0.02250414527952671,0.5264235377311707,-1.1041178822517395
1752068088.4465969,-0.02250414527952671,0.5264235377311707,-1.1041178822517395
1752068088.4486823,-0.02250414527952671,0.5264235377311707,-1.1041178822517395
1752068088.4507859,-0.02250414527952671,0.5264235377311707,-1.1041178822517395
1752068088.4533942,-0.027708368375897408,0.5417777836322785,-1.0941308259963989
1752068088.455822,-0.027708368375897408,0.5417777836322785,-1.0941308259963989
1752068088.4591978,-0.027708368375897408,0.5417777836322785,-1.0941308259963989
1752068088.4623692,-0.027708368375897408,0.5417777836322785,-1.0941308259963989
1752068088.4631639,-0.027708368375897408,0.5417777836322785,-1.0941308259963989
1752068088.4652846,-0.027078324928879738,0.5579611897468567,-1.1002302289009094
1752068088.46736,-0.027078324928879738,0.5579611897468567,-1.1002302289009094
1752068088.4693878,-0.027078324928879738,0.5579611897468567,-1.1002302289009094
1752068088.4729881,-0.027078324928879738,0.5579611897468567,-1.1002302289009094
1752068088.4765394,-0.027568766847252846,0.5973057091236115,-1.1082513451576232
1752068088.478538,-0.027568766847252846,0.5973057091236115,-1.1082513451576232
1752068088.4822943,-0.027568766847252846,0.5973057091236115,-1.1082513451576232
1752068088.4830496,-0.027568766847252846,0.5973057091236115,-1.1082513451576232
1752068088.4851549,-0.026579299941658974,0.5930882930755615,-1.1103884100914
1752068088.487486,-0.026579299941658974,0.5930882930755615,-1.1103884100914
1752068088.4919057,-0.026579299941658974,0.5930882930755615,-1.1103884100914
1752068088.4930007,-0.026579299941658974,0.5930882930755615,-1.1103884100914
1752068088.495233,-0.03681039810180664,0.5987408697605133,-1.132688057422638
1752068088.497321,-0.03681039810180664,0.5987408697605133,-1.132688057422638
1752068088.5007598,-0.03681039810180664,0.5987408697605133,-1.132688057422638
1752068088.501513,-0.03681039810180664,0.5987408697605133,-1.132688057422638
1752068088.503623,-0.04936005920171738,0.6233826816082001,-1.1409486055374145
1752068088.5057456,-0.04936005920171738,0.6233826816082001,-1.1409486055374145
1752068088.5078034,-0.04936005920171738,0.6233826816082001,-1.1409486055374145
1752068088.5115025,-0.04936005920171738,0.6233826816082001,-1.1409486055374145
1752068088.5135345,-0.05986744910478592,0.6623631656169892,-1.2616841316223144
1752068088.5156198,-0.05986744910478592,0.6623631656169892,-1.2616841316223144
1752068088.5177124,-0.05986744910478592,0.6623631656169892,-1.2616841316223144
1752068088.5199726,-0.05986744910478592,0.6623631656169892,-1.2616841316223144
1752068088.5238907,-0.06396428495645523,0.6565774917602539,-1.3890411674976348
1752068088.5258522,-0.06396428495645523,0.6565774917602539,-1.3890411674976348
1752068088.5295806,-0.06396428495645523,0.6565774917602539,-1.3890411674976348
1752068088.5303512,-0.06396428495645523,0.6565774917602539,-1.3890411674976348
1752068088.5323792,0.020347071811556816,0.6114960253238678,-1.6669263288378715
1752068088.5344372,0.020347071811556816,0.6114960253238678,-1.6669263288378715
1752068088.5365596,0.020347071811556816,0.6114960253238678,-1.6669263288378715
1752068088.5414727,0.020347071811556816,0.6114960253238678,-1.6669263288378715
1752068088.5434456,-0.013540001586079597,0.6390978336334229,-1.6437767341732978
1752068088.5455258,-0.013540001586079597,0.6390978336334229,-1.6437767341732978
1752068088.5476022,-0.013540001586079597,0.6390978336334229,-1.6437767341732978
1752068088.5500815,0.03609868884086609,0.7113856315612793,-1.8065660417079925
1752068088.5521739,0.03609868884086609,0.7113856315612793,-1.8065660417079925
1752068088.5552454,0.03609868884086609,0.7113856315612793,-1.8065660417079925
1752068088.5599034,0.03609868884086609,0.7113856315612793,-1.8065660417079925
1752068088.560676,0.03609868884086609,0.7113856315612793,-1.8065660417079925
1752068088.5627859,0.0376528799533844,0.7312368839979172,-1.8389689594507217
1752068088.564867,0.0376528799533844,0.7312368839979172,-1.8389689594507217
1752068088.566963,0.0376528799533844,0.7312368839979172,-1.8389689594507217
1752068088.569136,0.055939264595508575,0.750349247455597,-2.0289980292320253
1752068088.573834,0.055939264595508575,0.750349247455597,-2.0289980292320253
1752068088.5766678,0.055939264595508575,0.750349247455597,-2.0289980292320253
1752068088.580385,0.055939264595508575,0.750349247455597,-2.0289980292320253
1752068088.581145,0.055939264595508575,0.750349247455597,-2.0289980292320253
1752068088.5833552,0.08422460407018661,0.7863402456045151,-2.135578316450119
1752068088.585379,0.08422460407018661,0.7863402456045151,-2.135578316450119
1752068088.5882788,0.08422460407018661,0.7863402456045151,-2.135578316450119
1752068088.592749,0.08422460407018661,0.7863402456045151,-2.135578316450119
1752068088.5948281,0.0618884414434433,0.6667394578456879,-2.204572927951813
1752068088.596872,0.0618884414434433,0.6667394578456879,-2.204572927951813
1752068088.6005726,0.0618884414434433,0.6667394578456879,-2.204572927951813
1752068088.601329,0.0618884414434433,0.6667394578456879,-2.204572927951813
1752068088.6033912,0.03591613471508026,0.6327410578727722,-2.3449589133262636
1752068088.6067934,0.03591613471508026,0.6327410578727722,-2.3449589133262636
1752068088.6088192,0.03591613471508026,0.6327410578727722,-2.3449589133262636
1752068088.6113105,0.013207463547587395,0.5644197404384613,-2.4115784883499147
1752068088.6133792,0.013207463547587395,0.5644197404384613,-2.4115784883499147
1752068088.615436,0.013207463547587395,0.5644197404384613,-2.4115784883499147
1752068088.6188421,0.013207463547587395,0.5644197404384613,-2.4115784883499147
1752068088.6195967,0.013207463547587395,0.5644197404384613,-2.4115784883499147
1752068088.624097,-0.008936645463109016,0.5131328940391541,-2.46672637462616
1752068088.6261094,-0.008936645463109016,0.5131328940391541,-2.46672637462616
1752068088.6281784,-0.008936645463109016,0.5131328940391541,-2.46672637462616
1752068088.6306849,-0.028641344979405403,0.5278493702411652,-2.5895394802093508
1752068088.6327794,-0.028641344979405403,0.5278493702411652,-2.5895394802093508
1752068088.634866,-0.028641344979405403,0.5278493702411652,-2.5895394802093508
1752068088.6385887,-0.028641344979405403,0.5278493702411652,-2.5895394802093508
1752068088.639412,-0.028641344979405403,0.5278493702411652,-2.5895394802093508
1752068088.6424713,-0.0681367963552475,0.49071999788284304,-2.5984108567237856
1752068088.6444738,-0.0681367963552475,0.49071999788284304,-2.5984108567237856
1752068088.6481922,-0.0681367963552475,0.49071999788284304,-2.5984108567237856
1752068088.6489463,-0.0681367963552475,0.49071999788284304,-2.5984108567237856
1752068088.651051,-0.10591429471969604,0.5052764356136322,-2.593545746803284
1752068088.6531382,-0.10591429471969604,0.5052764356136322,-2.593545746803284
1752068088.6554134,-0.10591429471969604,0.5052764356136322,-2.593545746803284
1752068088.6597238,-0.10591429471969604,0.5052764356136322,-2.593545746803284
1752068088.6617672,-0.1443229764699936,0.49328538179397585,-2.4045789361000063
1752068088.66384,-0.1443229764699936,0.49328538179397585,-2.4045789361000063
1752068088.6659377,-0.1443229764699936,0.49328538179397585,-2.4045789361000063
1752068088.6695273,-0.21635816991329193,0.5042617559432984,-2.1245768785476686
1752068088.6739814,-0.21635816991329193,0.5042617559432984,-2.1245768785476686
1752068088.6759987,-0.21635816991329193,0.5042617559432984,-2.1245768785476686
1752068088.6780992,-0.21635816991329193,0.5042617559432984,-2.1245768785476686
1752068088.680597,-0.259905070066452,0.4340779721736908,-2.0576129078865053
1752068088.6826813,-0.259905070066452,0.4340779721736908,-2.0576129078865053
1752068088.6847706,-0.259905070066452,0.4340779721736908,-2.0576129078865053
1752068088.6883504,-0.259905070066452,0.4340779721736908,-2.0576129078865053
1752068088.6891298,-0.259905070066452,0.4340779721736908,-2.0576129078865053
1752068088.6937964,-0.19331593811511993,0.44688730835914614,-2.0078505992889406
1752068088.6958175,-0.19331593811511993,0.44688730835914614,-2.0078505992889406
1752068088.6995695,-0.19331593811511993,0.44688730835914614,-2.0078505992889406
1752068088.7003279,-0.19331593811511993,0.44688730835914614,-2.0078505992889406
1752068088.7023787,-0.17914851009845734,0.41893219351768496,-1.8593823432922363
1752068088.7048657,-0.17914851009845734,0.41893219351768496,-1.8593823432922363
1752068088.707937,-0.17914851009845734,0.41893219351768496,-1.8593823432922363
1752068088.711616,-0.18204964697360992,0.3875510931015015,-1.7793806612491607
1752068088.7136905,-0.18204964697360992,0.3875510931015015,-1.7793806612491607
1752068088.715779,-0.18204964697360992,0.3875510931015015,-1.7793806612491607
1752068088.7178733,-0.18204964697360992,0.3875510931015015,-1.7793806612491607
1752068088.7203317,-0.1802065521478653,0.4194424688816071,-1.6958720859140157
1752068088.7228203,-0.1802065521478653,0.4194424688816071,-1.6958720859140157
1752068088.7253962,-0.1802065521478653,0.4194424688816071,-1.6958720859140157
1752068088.728314,-0.1802065521478653,0.4194424688816071,-1.6958720859140157
1752068088.7299001,-0.1802065521478653,0.4194424688816071,-1.6958720859140157
1752068088.7319913,-0.17155061662197113,0.397678816318512,-1.6088764637708663
1752068088.7340777,-0.17155061662197113,0.397678816318512,-1.6088764637708663
1752068088.7363791,-0.17155061662197113,0.397678816318512,-1.6088764637708663
1752068088.7382612,-0.17155061662197113,0.397678816318512,-1.6088764637708663
1752068088.7423003,-0.17155061662197113,0.397678816318512,-1.6088764637708663
1752068088.7444313,-0.17155061662197113,0.397678816318512,-1.6088764637708663
1752068088.7474432,-0.1428098976612091,0.42600628137588503,-1.5302592784166336
1752068088.7481997,-0.1428098976612091,0.42600628137588503,-1.5302592784166336
1752068088.7503018,-0.12530167400836945,0.4405448079109192,-1.4350134551525116
1752068088.7523804,-0.12530167400836945,0.4405448079109192,-1.4350134551525116
1752068088.7547793,-0.12530167400836945,0.4405448079109192,-1.4350134551525116
1752068088.7599366,-0.12530167400836945,0.4405448079109192,-1.4350134551525116
1752068088.7619638,-0.09210985898971558,0.5044166088104248,-1.3567457020282745
1752068088.764043,-0.09210985898971558,0.5044166088104248,-1.3567457020282745
1752068088.7661097,-0.09210985898971558,0.5044166088104248,-1.3567457020282745
1752068088.7685266,-0.06754462420940399,0.5438872218132019,-1.2414204001426696
1752068088.7706292,-0.06754462420940399,0.5438872218132019,-1.2414204001426696
1752068088.7730174,-0.06754462420940399,0.5438872218132019,-1.2414204001426696
1752068088.77832,-0.06754462420940399,0.5438872218132019,-1.2414204001426696
1752068088.7790902,-0.06754462420940399,0.5438872218132019,-1.2414204001426696
1752068088.7812388,-0.043112270534038544,0.5873306334018707,-1.1334109425544738
1752068088.7832866,-0.043112270534038544,0.5873306334018707,-1.1334109425544738
1752068088.785393,-0.043112270534038544,0.5873306334018707,-1.1334109425544738
1752068088.789181,-0.043112270534038544,0.5873306334018707,-1.1334109425544738
1752068088.7924547,-0.043112270534038544,0.5873306334018707,-1.1334109425544738
1752068088.7944415,-0.034476280212402344,0.611916983127594,-1.024500799179077
1752068088.7981157,-0.034476280212402344,0.611916983127594,-1.024500799179077
1752068088.7988675,-0.034476280212402344,0.611916983127594,-1.024500799179077
1752068088.800972,-0.004466475918889046,0.5797950267791748,-0.9601635456085205
1752068088.8032143,-0.004466475918889046,0.5797950267791748,-0.9601635456085205
1752068088.8071616,-0.004466475918889046,0.5797950267791748,-0.9601635456085205
1752068088.8102822,-0.004466475918889046,0.5797950267791748,-0.9601635456085205
1752068088.8123195,0.005818059667944908,0.5427123546600342,-0.9511835694313049
1752068088.8143802,0.005818059667944908,0.5427123546600342,-0.9511835694313049
1752068088.8164444,0.005818059667944908,0.5427123546600342,-0.9511835694313049
1752068088.8186903,0.04598888009786606,0.5743623912334442,-1.0895210027694702
1752068088.820811,0.04598888009786606,0.5743623912334442,-1.0895210027694702
1752068088.8228676,0.04598888009786606,0.5743623912334442,-1.0895210027694702
1752068088.8278387,0.04598888009786606,0.5743623912334442,-1.0895210027694702
1752068088.8286302,0.04598888009786606,0.5743623912334442,-1.0895210027694702
1752068088.830717,0.05534544587135315,0.5487154364585877,-1.0836438059806823
1752068088.832808,0.05534544587135315,0.5487154364585877,-1.0836438059806823
1752068088.8349047,0.05534544587135315,0.5487154364585877,-1.0836438059806823
1752068088.839295,0.05534544587135315,0.5487154364585877,-1.0836438059806823
1752068088.842594,0.021406104788184166,0.4789241194725037,-1.0286672234535217
1752068088.844621,0.021406104788184166,0.4789241194725037,-1.0286672234535217
1752068088.8483212,0.021406104788184166,0.4789241194725037,-1.0286672234535217
1752068088.8490746,0.021406104788184166,0.4789241194725037,-1.0286672234535217
1752068088.8511844,0.02030942402780056,0.4691989064216614,-1.0462494015693664
1752068088.8532434,0.02030942402780056,0.4691989064216614,-1.0462494015693664
1752068088.8554325,0.02030942402780056,0.4691989064216614,-1.0462494015693664
1752068088.860502,0.02030942402780056,0.4691989064216614,-1.0462494015693664
1752068088.8624902,0.01931880973279476,0.46056904792785647,-1.0434845209121704
1752068088.8645365,0.01931880973279476,0.46056904792785647,-1.0434845209121704
1752068088.8666255,0.01931880973279476,0.46056904792785647,-1.0434845209121704
1752068088.8690517,-0.03165303170681,0.4540857017040253,-1.0231226801872253
1752068088.8716142,-0.03165303170681,0.4540857017040253,-1.0231226801872253
1752068088.874525,-0.03165303170681,0.4540857017040253,-1.0231226801872253
1752068088.878208,-0.03165303170681,0.4540857017040253,-1.0231226801872253
1752068088.8789766,-0.03165303170681,0.4540857017040253,-1.0231226801872253
1752068088.8810751,-0.03903220593929291,0.4935839414596558,-1.013966155052185
1752068088.8831644,-0.03903220593929291,0.4935839414596558,-1.013966155052185
1752068088.8852618,-0.03903220593929291,0.4935839414596558,-1.013966155052185
1752068088.8894374,-0.03903220593929291,0.4935839414596558,-1.013966155052185
1752068088.891347,-0.061783209443092346,0.47227498292922976,-1.030043613910675
1752068088.8933418,-0.061783209443092346,0.47227498292922976,-1.030043613910675
1752068088.8970742,-0.061783209443092346,0.47227498292922976,-1.030043613910675
1752068088.8978372,-0.061783209443092346,0.47227498292922976,-1.030043613910675
1752068088.8999383,-0.09101571142673492,0.46502461433410647,-1.0144426941871643
1752068088.9020267,-0.09101571142673492,0.46502461433410647,-1.0144426941871643
1752068088.9049132,-0.09101571142673492,0.46502461433410647,-1.0144426941871643
1752068088.9086227,-0.09101571142673492,0.46502461433410647,-1.0144426941871643
1752068088.9106863,-0.08997507393360138,0.4671554505825043,-1.0316137790679931
1752068088.912764,-0.08997507393360138,0.4671554505825043,-1.0316137790679931
1752068088.9148493,-0.08997507393360138,0.4671554505825043,-1.0316137790679931
1752068088.9173174,-0.08098767697811127,0.4877054333686829,-1.0384232521057128
1752068088.9193792,-0.08098767697811127,0.4877054333686829,-1.0384232521057128
1752068088.9215076,-0.08098767697811127,0.4877054333686829,-1.0384232521057128
1752068088.9254866,-0.08098767697811127,0.4877054333686829,-1.0384232521057128
1752068088.927305,-0.08098767697811127,0.4877054333686829,-1.0384232521057128
1752068088.9293652,-0.06752757728099823,0.5066775321960449,-1.0297907710075378
1752068088.93138,-0.06752757728099823,0.5066775321960449,-1.0297907710075378
1752068088.9334466,-0.06752757728099823,0.5066775321960449,-1.0297907710075378
1752068088.9356775,-0.0800485610961914,0.49880396723747256,-1.0242301940917968
1752068088.9380946,-0.0800485610961914,0.49880396723747256,-1.0242301940917968
1752068088.9408998,-0.0800485610961914,0.49880396723747256,-1.0242301940917968
1752068088.9435627,-0.0800485610961914,0.49880396723747256,-1.0242301940917968
1752068088.9461057,-0.07354890555143356,0.47661530375480654,-1.0376629948616027
1752068088.948192,-0.07354890555143356,0.47661530375480654,-1.0376629948616027
1752068088.9502776,-0.07354890555143356,0.47661530375480654,-1.0376629948616027
1752068088.9523711,-0.07354890555143356,0.47661530375480654,-1.0376629948616027
1752068088.9572763,-0.07354890555143356,0.47661530375480654,-1.0376629948616027
1752068088.9598203,-0.06659553200006485,0.4734027922153473,-1.0640844225883483
1752068088.9618762,-0.06659553200006485,0.4734027922153473,-1.0640844225883483
1752068088.9656065,-0.06659553200006485,0.4734027922153473,-1.0640844225883483
1752068088.966361,-0.06659553200006485,0.4734027922153473,-1.0640844225883483
1752068088.9684358,-0.11072122305631638,0.49967544674873354,-1.066789937019348
1752068088.9705815,-0.11072122305631638,0.49967544674873354,-1.066789937019348
1752068088.9726024,-0.11072122305631638,0.49967544674873354,-1.066789937019348
1752068088.9764369,-0.11072122305631638,0.49967544674873354,-1.066789937019348
1752068088.9784558,-0.09305746108293533,0.5465025842189789,-1.0683322072029113
1752068088.980517,-0.09305746108293533,0.5465025842189789,-1.0683322072029113
1752068088.9825928,-0.09305746108293533,0.5465025842189789,-1.0683322072029113
1752068088.9847958,-0.07517416030168533,0.561712110042572,-1.0887690901756286
1752068088.98689,-0.07517416030168533,0.561712110042572,-1.0887690901756286
1752068088.9894679,-0.07517416030168533,0.561712110042572,-1.0887690901756286
1752068088.9942644,-0.07517416030168533,0.561712110042572,-1.0887690901756286
1752068088.9950516,-0.07517416030168533,0.561712110042572,-1.0887690901756286
1752068088.9971395,-0.03612826019525528,0.552573436498642,-1.1077665209770202
1752068088.9992304,-0.03612826019525528,0.552573436498642,-1.1077665209770202
1752068089.0013254,-0.03612826019525528,0.552573436498642,-1.1077665209770202
1752068089.003905,-0.023572521284222603,0.5529361009597779,-1.1071718454360961
1752068089.006536,-0.023572521284222603,0.5529361009597779,-1.1071718454360961
1752068089.0093899,-0.023572521284222603,0.5529361009597779,-1.1071718454360961
1752068089.0130427,-0.023572521284222603,0.5529361009597779,-1.1071718454360961
1752068089.0138006,-0.023572521284222603,0.5529361009597779,-1.1071718454360961
1752068089.0159056,-0.011694418266415596,0.5495253741741181,-1.1087873101234436
1752068089.0179935,-0.011694418266415596,0.5495253741741181,-1.1087873101234436
1752068089.020065,-0.011694418266415596,0.5495253741741181,-1.1087873101234436
1752068089.026217,-0.011694418266415596,0.5495253741741181,-1.1087873101234436
1752068089.0282376,-0.027460018172860146,0.5612038016319275,-1.1028890132904052
1752068089.0303106,-0.027460018172860146,0.5612038016319275,-1.1028890132904052
1752068089.0323882,-0.027460018172860146,0.5612038016319275,-1.1028890132904052
1752068089.0347047,-0.03174231946468353,0.564624571800232,-1.1035043120384216
1752068089.0367746,-0.03174231946468353,0.564624571800232,-1.1035043120384216
1752068089.040889,-0.03174231946468353,0.564624571800232,-1.1035043120384216
1752068089.044109,-0.03174231946468353,0.564624571800232,-1.1035043120384216
1752068089.0462158,-0.031304456293582916,0.6085897028446198,-1.108759593963623
1752068089.0483067,-0.031304456293582916,0.6085897028446198,-1.108759593963623
1752068089.0503788,-0.031304456293582916,0.6085897028446198,-1.108759593963623
1752068089.0524454,-0.031304456293582916,0.6085897028446198,-1.108759593963623
1752068089.0577664,-0.031304456293582916,0.6085897028446198,-1.108759593963623
1752068089.0603771,-0.031304456293582916,0.6085897028446198,-1.108759593963623
1752068089.0623996,-0.03707423806190491,0.6294940650463104,-1.1024650454521179
1752068089.0660715,-0.03707423806190491,0.6294940650463104,-1.1024650454521179
1752068089.0668287,-0.03707423806190491,0.6294940650463104,-1.1024650454521179
1752068089.0689397,-0.044689759612083435,0.6351882755756378,-1.0874300122261047
1752068089.0732405,-0.044689759612083435,0.6351882755756378,-1.0874300122261047
1752068089.0767615,-0.044689759612083435,0.6351882755756378,-1.0874300122261047
1752068089.0825784,-0.06714256852865219,0.6541864514350891,-1.247867327928543
1752068089.0846498,-0.06714256852865219,0.6541864514350891,-1.247867327928543
1752068089.086694,-0.06714256852865219,0.6541864514350891,-1.247867327928543
1752068089.0890632,-0.06714256852865219,0.6541864514350891,-1.247867327928543
1752068089.0944164,-0.06714256852865219,0.6541864514350891,-1.247867327928543
1752068089.0964482,-0.024942846968770027,0.6286348640918732,-1.5350921422243118
1752068089.0985131,-0.024942846968770027,0.6286348640918732,-1.5350921422243118
1752068089.1005702,-0.024942846968770027,0.6286348640918732,-1.5350921422243118
1752068089.1027699,0.011294251307845116,0.6224936485290528,-1.6624520614743232
1752068089.1048965,0.011294251307845116,0.6224936485290528,-1.6624520614743232
1752068089.106952,0.011294251307845116,0.6224936485290528,-1.6624520614743232
1752068089.1110916,0.011294251307845116,0.6224936485290528,-1.6624520614743232
1752068089.1118708,0.011294251307845116,0.6224936485290528,-1.6624520614743232
1752068089.1139674,0.011242171749472618,0.6647683173418045,-1.6919497538357973
1752068089.1160645,0.011242171749472618,0.6647683173418045,-1.6919497538357973
1752068089.118156,0.011242171749472618,0.6647683173418045,-1.6919497538357973
1752068089.1209884,0.011242171749472618,0.6647683173418045,-1.6919497538357973
1752068089.1256769,0.03823082149028778,0.71727135181427,-1.8118727922439575
1752068089.1276903,0.03823082149028778,0.71727135181427,-1.8118727922439575
1752068089.1314158,0.03823082149028778,0.71727135181427,-1.8118727922439575
1752068089.132183,0.03823082149028778,0.71727135181427,-1.8118727922439575
1752068089.134283,0.049602240324020386,0.7155678808689118,-1.8811375319957733
1752068089.13645,0.049602240324020386,0.7155678808689118,-1.8811375319957733
1752068089.1397552,0.049602240324020386,0.7155678808689118,-1.8811375319957733
1752068089.1437924,0.049602240324020386,0.7155678808689118,-1.8811375319957733
1752068089.145853,0.07846525311470032,0.7555378466844559,-2.0486564159393312
1752068089.147943,0.07846525311470032,0.7555378466844559,-2.0486564159393312
1752068089.150035,0.07846525311470032,0.7555378466844559,-2.0486564159393312
1752068089.1523013,0.09405869245529175,0.7332258760929108,-2.0969443738460543
1752068089.1544132,0.09405869245529175,0.7332258760929108,-2.0969443738460543
1752068089.1588142,0.09405869245529175,0.7332258760929108,-2.0969443738460543
1752068089.1625023,0.09405869245529175,0.7332258760929108,-2.0969443738460543
1752068089.1632712,0.09405869245529175,0.7332258760929108,-2.0969443738460543
1752068089.165367,0.06800884008407593,0.6621579766273499,-2.268289041519165
1752068089.1674151,0.06800884008407593,0.6621579766273499,-2.268289041519165
1752068089.169445,0.06800884008407593,0.6621579766273499,-2.268289041519165
1752068089.1731,0.06800884008407593,0.6621579766273499,-2.268289041519165
1752068089.1764688,0.054525524377822876,0.6484799921512604,-2.363634181022644
1752068089.1784587,0.054525524377822876,0.6484799921512604,-2.363634181022644
1752068089.1805332,0.054525524377822876,0.6484799921512604,-2.363634181022644
1752068089.1831079,0.024597449228167534,0.5509215831756592,-2.4439612150192263
1752068089.1852045,0.024597449228167534,0.5509215831756592,-2.4439612150192263
1752068089.1875052,0.024597449228167534,0.5509215831756592,-2.4439612150192263
1752068089.1896956,0.024597449228167534,0.5509215831756592,-2.4439612150192263
1752068089.1943214,0.024597449228167534,0.5509215831756592,-2.4439612150192263
1752068089.1950858,0.024597449228167534,0.5509215831756592,-2.4439612150192263
1752068089.197197,-0.000255512073636055,0.5350963413715363,-2.5892755508422853
1752068089.1992953,-0.000255512073636055,0.5350963413715363,-2.5892755508422853
1752068089.2014802,-0.033328160643577576,0.5020396649837494,-2.61735178232193
1752068089.2035906,-0.033328160643577576,0.5020396649837494,-2.61735178232193
1752068089.2059057,-0.033328160643577576,0.5020396649837494,-2.61735178232193
1752068089.2086706,-0.033328160643577576,0.5020396649837494,-2.61735178232193
1752068089.211714,-0.07326751947402954,0.4830251276493073,-2.6432786107063295
1752068089.2138045,-0.07326751947402954,0.4830251276493073,-2.6432786107063295
1752068089.2159083,-0.07326751947402954,0.4830251276493073,-2.6432786107063295
1752068089.219361,-0.07326751947402954,0.4830251276493073,-2.6432786107063295
1752068089.2201138,-0.07326751947402954,0.4830251276493073,-2.6432786107063295
1752068089.22565,-0.1351543366909027,0.4651069283485413,-2.522845995426178
1752068089.2276351,-0.1351543366909027,0.4651069283485413,-2.522845995426178
1752068089.2313902,-0.1351543366909027,0.4651069283485413,-2.522845995426178
1752068089.232141,-0.1351543366909027,0.4651069283485413,-2.522845995426178
1752068089.2342505,-0.19371528923511505,0.48515390753746035,-2.200836551189423
1752068089.2366855,-0.19371528923511505,0.48515390753746035,-2.200836551189423
1752068089.239085,-0.19371528923511505,0.48515390753746035,-2.200836551189423
1752068089.2444365,-0.19371528923511505,0.48515390753746035,-2.200836551189423
1752068089.2451985,-0.19371528923511505,0.48515390753746035,-2.200836551189423
1752068089.247304,-0.26301810145378113,0.4536267161369324,-2.0634013235569
1752068089.2493868,-0.26301810145378113,0.4536267161369324,-2.0634013235569
1752068089.2516081,-0.2279304563999176,0.4353260636329651,-2.0586803674697878
1752068089.253708,-0.2279304563999176,0.4353260636329651,-2.0586803674697878
1752068089.2558663,-0.2279304563999176,0.4353260636329651,-2.0586803674697878
1752068089.260957,-0.2279304563999176,0.4353260636329651,-2.0586803674697878
1752068089.2617283,-0.2279304563999176,0.4353260636329651,-2.0586803674697878
1752068089.2638378,-0.17471878230571747,0.43757452964782717,-1.9487008273601532
1752068089.2659225,-0.17471878230571747,0.43757452964782717,-1.9487008273601532
1752068089.2680178,-0.17471878230571747,0.43757452964782717,-1.9487008273601532
1752068089.2714603,-0.16477368772029877,0.40722754001617434,-1.8622021496295929
1752068089.27541,-0.16477368772029877,0.40722754001617434,-1.8622021496295929
1752068089.2761838,-0.16477368772029877,0.40722754001617434,-1.8622021496295929
1752068089.2783053,-0.16477368772029877,0.40722754001617434,-1.8622021496295929
1752068089.2808044,-0.16264726221561432,0.40504627823829653,-1.7810621678829193
1752068089.282885,-0.16264726221561432,0.40504627823829653,-1.7810621678829193
1752068089.2849746,-0.16264726221561432,0.40504627823829653,-1.7810621678829193
1752068089.2901628,-0.16264726221561432,0.40504627823829653,-1.7810621678829193
1752068089.290956,-0.16264726221561432,0.40504627823829653,-1.7810621678829193
1752068089.2949011,-0.16805173456668854,0.39746233224868777,-1.6925888665020465
1752068089.296939,-0.16805173456668854,0.39746233224868777,-1.6925888665020465
1752068089.300753,-0.16805173456668854,0.39746233224868777,-1.6925888665020465
1752068089.3015122,-0.16805173456668854,0.39746233224868777,-1.6925888665020465
1752068089.3036292,-0.149070143699646,0.3958937168121338,-1.5858574107289314
1752068089.3065445,-0.149070143699646,0.3958937168121338,-1.5858574107289314
1752068089.3089747,-0.9065700531005859,1.6967883110046387,-1.3305912613868713
1752068089.311461,-0.1618939518928528,0.9122132539749146,-1.4792694956064225
1752068089.3135173,-0.1618939518928528,0.9122132539749146,-1.4792694956064225
1752068089.3161254,-0.1618939518928528,0.9122132539749146,-1.4792694956064225
1752068089.3176532,-0.1618939518928528,0.9122132539749146,-1.4792694956064225
1752068089.320375,-0.08152486085891725,1.0134953022003175,-1.3184176087379456
1752068089.322695,-0.08152486085891725,1.0134953022003175,-1.3184176087379456
1752068089.3275392,-0.08152486085891725,1.0134953022003175,-1.3184176087379456
1752068089.3296876,-0.08152486085891725,1.0134953022003175,-1.3184176087379456
1752068089.33428,-0.29534403085708616,0.9249756217002869,-1.4344499588012696
1752068089.336343,-0.29534403085708616,0.9249756217002869,-1.4344499588012696
1752068089.338443,-0.29534403085708616,0.9249756217002869,-1.4344499588012696
1752068089.3434372,-0.29534403085708616,0.9249756217002869,-1.4344499588012696
1752068089.3455071,-0.29534403085708616,0.9249756217002869,-1.4344499588012696
1752068089.346873,-0.27892175912857053,0.8997688114643098,-1.57064950466156
1752068089.3489726,-0.27892175912857053,0.8997688114643098,-1.57064950466156
1752068089.3510673,-0.27892175912857053,0.8997688114643098,-1.57064950466156
1752068089.35386,-0.4002593994140625,0.7972119092941284,-1.5759713768959045
1752068089.3560572,-0.4002593994140625,0.7972119092941284,-1.5759713768959045
1752068089.3596616,-0.4002593994140625,0.7972119092941284,-1.5759713768959045
1752068089.3622756,-0.4002593994140625,0.7972119092941284,-1.5759713768959045
1752068089.3636749,-0.29909499883651736,0.838535225391388,-1.4775049179792403
1752068089.3657405,-0.29909499883651736,0.838535225391388,-1.4775049179792403
1752068089.3678188,-0.29909499883651736,0.838535225391388,-1.4775049179792403
1752068089.3699217,-0.29909499883651736,0.838535225391388,-1.4775049179792403
1752068089.3759253,-0.24830898046493532,0.973167359828949,-1.4455968976020812
1752068089.3774195,-0.24830898046493532,0.973167359828949,-1.4455968976020812
1752068089.37946,-0.24830898046493532,0.973167359828949,-1.4455968976020812
1752068089.3821988,-0.24830898046493532,0.973167359828949,-1.4455968976020812
1752068089.3835611,-0.22054580450057984,1.028704309463501,-1.363375174999237
1752068089.385674,-0.22054580450057984,1.028704309463501,-1.363375174999237
1752068089.388271,-0.22054580450057984,1.028704309463501,-1.363375174999237
1752068089.3920407,-0.22054580450057984,1.028704309463501,-1.363375174999237
1752068089.3940299,-0.21371737718582154,0.9873417854309082,-1.3561406493186952
1752068089.396126,-0.21371737718582154,0.9873417854309082,-1.3561406493186952
1752068089.3982577,-0.21371737718582154,0.9873417854309082,-1.3561406493186952
1752068089.400929,-0.21371737718582154,0.9873417854309082,-1.3561406493186952
1752068089.4024315,-0.16712669134140015,0.8708589732646943,-1.3707656502723693
1752068089.404799,-0.16712669134140015,0.8708589732646943,-1.3707656502723693
1752068089.408625,-0.16712669134140015,0.8708589732646943,-1.3707656502723693
1752068089.4112153,-0.16712669134140015,0.8708589732646943,-1.3707656502723693
1752068089.412604,-0.21885136365890503,0.8500013053417206,-1.4065911889076232
1752068089.414698,-0.21885136365890503,0.8500013053417206,-1.4065911889076232
1752068089.4167864,-0.21885136365890503,0.8500013053417206,-1.4065911889076232
1752068089.4188807,-0.21885136365890503,0.8500013053417206,-1.4065911889076232
1752068089.4219117,-0.16662849187850953,0.6900840520858765,-1.5389945477247238
1752068089.425348,-0.16662849187850953,0.6900840520858765,-1.5389945477247238
1752068089.4273334,-0.16662849187850953,0.6900840520858765,-1.5389945477247238
1752068089.4294193,-0.16662849187850953,0.6900840520858765,-1.5389945477247238
1752068089.4314544,-0.10249899625778199,0.837287575006485,-1.424773144721985
1752068089.4335134,-0.10249899625778199,0.837287575006485,-1.424773144721985
1752068089.4355702,-0.10249899625778199,0.837287575006485,-1.424773144721985
1752068089.4381568,-0.10249899625778199,0.837287575006485,-1.424773144721985
1752068089.440986,-0.10249899625778199,0.837287575006485,-1.424773144721985
1752068089.4429975,-0.12204281091690064,0.9418563961982728,-1.343000066280365
1752068089.4450622,-0.12204281091690064,0.9418563961982728,-1.343000066280365
1752068089.4471605,-0.12204281091690064,0.9418563961982728,-1.343000066280365
1752068089.4492428,-0.14702006578445437,0.78134765625,-1.1791443347930908
1752068089.451334,-0.14702006578445437,0.78134765625,-1.1791443347930908
1752068089.4534242,-0.14702006578445437,0.78134765625,-1.1791443347930908
1752068089.4564762,-0.14702006578445437,0.78134765625,-1.1791443347930908
1752068089.458465,-0.08594061136245729,0.8155352175235748,-1.283341407775879
1752068089.4604845,-0.08594061136245729,0.8155352175235748,-1.283341407775879
1752068089.462539,-0.08594061136245729,0.8155352175235748,-1.283341407775879
1752068089.4646058,-0.08594061136245729,0.8155352175235748,-1.283341407775879
1752068089.4666777,-0.1008725643157959,0.9283386468887329,-1.3049050450325013
1752068089.4687643,-0.1008725643157959,0.9283386468887329,-1.3049050450325013
1752068089.471342,-0.1008725643157959,0.9283386468887329,-1.3049050450325013
1752068089.4742706,-0.1008725643157959,0.9283386468887329,-1.3049050450325013
1752068089.4767253,-0.06808499097824097,0.8100799500942231,-1.3809056282043457
1752068089.4788053,-0.06808499097824097,0.8100799500942231,-1.3809056282043457
1752068089.4808924,-0.06808499097824097,0.8100799500942231,-1.3809056282043457
1752068089.4834013,-0.06808499097824097,0.8100799500942231,-1.3809056282043457
1752068089.4851012,-0.02458857297897339,0.98484947681427,-1.3179528832435607
1752068089.487784,-0.02458857297897339,0.98484947681427,-1.3179528832435607
1752068089.4903512,-0.02458857297897339,0.98484947681427,-1.3179528832435607
1752068089.49281,-0.02458857297897339,0.98484947681427,-1.3179528832435607
1752068089.4943378,-0.13487249612808228,0.9281578540802002,-1.3274184107780456
1752068089.4964187,-0.13487249612808228,0.9281578540802002,-1.3274184107780456
1752068089.4984646,-0.13487249612808228,0.9281578540802002,-1.3274184107780456
1752068089.5005324,-0.13487249612808228,0.9281578540802002,-1.3274184107780456
1752068089.5025826,-0.2162660837173462,0.8741625308990479,-1.3255096316337585
1752068089.504734,-0.2162660837173462,0.8741625308990479,-1.3255096316337585
1752068089.5083258,-0.2162660837173462,0.8741625308990479,-1.3255096316337585
1752068089.5103188,-0.2162660837173462,0.8741625308990479,-1.3255096316337585
1752068089.512392,-0.08396655321121216,0.9563671469688416,-1.3344462513923645
1752068089.5144548,-0.08396655321121216,0.9563671469688416,-1.3344462513923645
1752068089.5165102,-0.08396655321121216,0.9563671469688416,-1.3344462513923645
1752068089.5185776,-0.08396655321121216,0.9563671469688416,-1.3344462513923645
1752068089.5206702,-0.06258533000946045,1.015410375595093,-1.2856982231140137
1752068089.5227997,-0.06258533000946045,1.015410375595093,-1.2856982231140137
1752068089.525345,-0.06258533000946045,1.015410375595093,-1.2856982231140137
1752068089.5273495,-0.06258533000946045,1.015410375595093,-1.2856982231140137
1752068089.529482,-0.11350075006484986,0.9368242263793946,-1.314572823047638
1752068089.5314543,-0.11350075006484986,0.9368242263793946,-1.314572823047638
1752068089.5335126,-0.11350075006484986,0.9368242263793946,-1.314572823047638
1752068089.535578,-0.11350075006484986,0.9368242263793946,-1.314572823047638
1752068089.539574,-0.1489589810371399,0.9024456143379211,-1.2909764766693115
1752068089.5421007,-0.1489589810371399,0.9024456143379211,-1.2909764766693115
1752068089.5441697,-0.1489589810371399,0.9024456143379211,-1.2909764766693115
1752068089.5462139,-0.1489589810371399,0.9024456143379211,-1.2909764766693115
1752068089.5482895,-0.15432578325271606,0.9636989831924438,-1.3212294220924377
1752068089.5503757,-0.15432578325271606,0.9636989831924438,-1.3212294220924377
1752068089.5524223,-0.15432578325271606,0.9636989831924438,-1.3212294220924377
1752068089.5548842,-0.15432578325271606,0.9636989831924438,-1.3212294220924377
1752068089.5584376,-0.12113090753555299,0.9810825943946839,-1.3479902625083924
1752068089.5599332,-0.12113090753555299,0.9810825943946839,-1.3479902625083924
1752068089.561988,-0.12113090753555299,0.9810825943946839,-1.3479902625083924
1752068089.5645552,-0.12113090753555299,0.9810825943946839,-1.3479902625083924
1752068089.5661588,-0.10403727293014527,0.9378962397575379,-1.3367737412452698
1752068089.5682538,-0.10403727293014527,0.9378962397575379,-1.3367737412452698
1752068089.571989,-0.10403727293014527,0.9378962397575379,-1.3367737412452698
1752068089.573129,-0.10403727293014527,0.9378962397575379,-1.3367737412452698
1752068089.5757523,-0.10403727293014527,0.9378962397575379,-1.3367737412452698
1752068089.5781186,-0.10314359664916993,0.9225239038467408,-1.3074142336845398
1752068089.5801892,-0.10314359664916993,0.9225239038467408,-1.3074142336845398
1752068089.5828626,-0.10314359664916993,0.9225239038467408,-1.3074142336845398
1752068089.584364,-0.12620463371276858,0.899857234954834,-1.2829946041107179
1752068089.5865877,-0.12620463371276858,0.899857234954834,-1.2829946041107179
1752068089.5892997,-0.12620463371276858,0.899857234954834,-1.2829946041107179
1752068089.5930712,-0.12620463371276858,0.899857234954834,-1.2829946041107179
1752068089.594387,-0.16215481758117678,0.9310434103012085,-1.282774066925049
1752068089.5964584,-0.16215481758117678,0.9310434103012085,-1.282774066925049
1752068089.5985787,-0.16215481758117678,0.9310434103012085,-1.282774066925049
1752068089.6005833,-0.16215481758117678,0.9310434103012085,-1.282774066925049
1752068089.6026633,-0.1462825417518616,0.9671666502952576,-1.2969022989273071
1752068089.6053348,-0.1462825417518616,0.9671666502952576,-1.2969022989273071
1752068089.6085343,-0.1462825417518616,0.9671666502952576,-1.2969022989273071
1752068089.6104145,-0.1462825417518616,0.9671666502952576,-1.2969022989273071
1752068089.6124775,-0.11504398584365845,0.9702012896537782,-1.3185131669044494
1752068089.6145186,-0.11504398584365845,0.9702012896537782,-1.3185131669044494
1752068089.6165764,-0.11504398584365845,0.9702012896537782,-1.3185131669044494
1752068089.6186678,-0.11504398584365845,0.9702012896537782,-1.3185131669044494
1752068089.6207929,-0.1103908896446228,0.9388829469680786,-1.3121441960334779
1752068089.6237721,-0.1103908896446228,0.9388829469680786,-1.3121441960334779
1752068089.6259525,-0.1103908896446228,0.9388829469680786,-1.3121441960334779
1752068089.6280248,-0.1103908896446228,0.9388829469680786,-1.3121441960334779
1752068089.6300876,-0.16360365152359008,0.8954668760299683,-1.312742006778717
1752068089.6321733,-0.16360365152359008,0.8954668760299683,-1.312742006778717
1752068089.6342661,-0.16360365152359008,0.8954668760299683,-1.312742006778717
1752068089.6365623,-0.16360365152359008,0.8954668760299683,-1.312742006778717
1752068089.63941,-0.14891678094863892,0.8769505083560944,-1.2827717542648316
1752068089.6424873,-0.14891678094863892,0.8769505083560944,-1.2827717542648316
1752068089.6444595,-0.14891678094863892,0.8769505083560944,-1.2827717542648316
1752068089.647098,-0.14891678094863892,0.8769505083560944,-1.2827717542648316
1752068089.6485696,-0.13884986639022828,0.9447360277175904,-1.254018235206604
1752068089.6506555,-0.13884986639022828,0.9447360277175904,-1.254018235206604
1752068089.653047,-0.13884986639022828,0.9447360277175904,-1.254018235206604
1752068089.65507,-0.13884986639022828,0.9447360277175904,-1.254018235206604
1752068089.6588378,-0.1327155351638794,0.9649665713310243,-1.305281126499176
1752068089.6608195,-0.1327155351638794,0.9649665713310243,-1.305281126499176
1752068089.6628964,-0.1327155351638794,0.9649665713310243,-1.305281126499176
1752068089.6654396,-0.1327155351638794,0.9649665713310243,-1.305281126499176
1752068089.6670756,-0.15468438863754275,0.9228876829147339,-1.2905285120010377
1752068089.6691647,-0.15468438863754275,0.9228876829147339,-1.2905285120010377
1752068089.6715631,-0.15468438863754275,0.9228876829147339,-1.2905285120010377
1752068089.67495,-0.15468438863754275,0.9228876829147339,-1.2905285120010377
1752068089.6767607,-0.18045738935470582,0.9163624286651612,-1.2593432903289794
1752068089.6788573,-0.18045738935470582,0.9163624286651612,-1.2593432903289794
1752068089.6809356,-0.18045738935470582,0.9163624286651612,-1.2593432903289794
1752068089.683035,-0.18045738935470582,0.9163624286651612,-1.2593432903289794
1752068089.6854544,-0.18617998361587526,0.8891175746917725,-1.311518633365631
1752068089.68763,-0.18617998361587526,0.8891175746917725,-1.311518633365631
1752068089.691755,-0.18617998361587526,0.8891175746917725,-1.311518633365631
1752068089.693717,-0.18617998361587526,0.8891175746917725,-1.311518633365631
1752068089.695767,-0.17977691888809205,0.9089569568634034,-1.3143598675727843
1752068089.6978495,-0.17977691888809205,0.9089569568634034,-1.3143598675727843
1752068089.699937,-0.17977691888809205,0.9089569568634034,-1.3143598675727843
1752068089.7020326,-0.17977691888809205,0.9089569568634034,-1.3143598675727843
1752068089.7041526,-0.1327552914619446,0.8958412051200867,-1.320940911769867
1752068089.7067583,-0.1327552914619446,0.8958412051200867,-1.320940911769867
1752068089.709406,-0.1327552914619446,0.8958412051200867,-1.320940911769867
1752068089.711432,-0.1327552914619446,0.8958412051200867,-1.320940911769867
1752068089.713465,-0.08922735452651978,0.8822035133838654,-1.2874904870986938
1752068089.7155097,-0.08922735452651978,0.8822035133838654,-1.2874904870986938
1752068089.7175677,-0.08922735452651978,0.8822035133838654,-1.2874904870986938
1752068089.719867,-0.08922735452651978,0.8822035133838654,-1.2874904870986938
1752068089.7231088,-0.13022308349609377,0.8453408122062683,-1.2944860458374023
1752068089.7259674,-0.13022308349609377,0.8453408122062683,-1.2944860458374023
1752068089.7279506,-0.13022308349609377,0.8453408122062683,-1.2944860458374023
1752068089.7305186,-0.13022308349609377,0.8453408122062683,-1.2944860458374023
1752068089.7321138,-0.1773971438407898,0.7821584761142731,-1.285248613357544
1752068089.7342064,-0.1773971438407898,0.7821584761142731,-1.285248613357544
1752068089.7364895,-0.1773971438407898,0.7821584761142731,-1.285248613357544
1752068089.7412665,-0.1773971438407898,0.7821584761142731,-1.285248613357544
1752068089.7425578,-0.1773971438407898,0.7821584761142731,-1.285248613357544
1752068089.744304,-0.20200947523117066,0.8479029893875123,-1.2460041522979737
1752068089.7463822,-0.20200947523117066,0.8479029893875123,-1.2460041522979737
1752068089.7489831,-0.20200947523117066,0.8479029893875123,-1.2460041522979737
1752068089.750513,-0.16849839687347412,0.8675402939319611,-1.339610469341278
1752068089.7525713,-0.16849839687347412,0.8675402939319611,-1.339610469341278
1752068089.7558022,-0.16849839687347412,0.8675402939319611,-1.339610469341278
1752068089.758331,-0.16849839687347412,0.8675402939319611,-1.339610469341278
1752068089.7598546,-0.1489780068397522,0.9151588678359985,-1.317768681049347
1752068089.7619708,-0.1489780068397522,0.9151588678359985,-1.317768681049347
1752068089.7640188,-0.1489780068397522,0.9151588678359985,-1.317768681049347
1752068089.7661173,-0.1489780068397522,0.9151588678359985,-1.317768681049347
1752068089.7681994,-0.21016782522201538,0.8637404203414918,-1.2964468955993653
1752068089.770292,-0.21016782522201538,0.8637404203414918,-1.2964468955993653
1752068089.7742453,-0.21016782522201538,0.8637404203414918,-1.2964468955993653
1752068089.7761288,-0.21016782522201538,0.8637404203414918,-1.2964468955993653
1752068089.7781277,-0.11199147701263429,0.7273095726966858,-1.367451012134552
1752068089.7802086,-0.11199147701263429,0.7273095726966858,-1.367451012134552
1752068089.7822971,-0.11199147701263429,0.7273095726966858,-1.367451012134552
1752068089.7843926,-0.11199147701263429,0.7273095726966858,-1.367451012134552
1752068089.7865722,-0.16003299951553346,0.813809335231781,-1.324633491039276
1752068089.7887318,-0.16003299951553346,0.813809335231781,-1.324633491039276
1752068089.792223,-0.16003299951553346,0.813809335231781,-1.324633491039276
1752068089.7942228,-0.16003299951553346,0.813809335231781,-1.324633491039276
1752068089.7963002,-0.10696643590927124,0.8621967017650605,-1.3094894766807557
1752068089.7983534,-0.10696643590927124,0.8621967017650605,-1.3094894766807557
1752068089.8004413,-0.10696643590927124,0.8621967017650605,-1.3094894766807557
1752068089.8024595,-0.10696643590927124,0.8621967017650605,-1.3094894766807557
1752068089.8065646,-0.10009596347808838,0.7930218815803528,-1.2599388360977173
1752068089.8089964,-0.10009596347808838,0.7930218815803528,-1.2599388360977173
1752068089.8110247,-0.10009596347808838,0.7930218815803528,-1.2599388360977173
1752068089.813116,-0.10009596347808838,0.7930218815803528,-1.2599388360977173
1752068089.8152,-0.2597956657409668,0.7129389643669128,-1.2210231065750121
1752068089.817287,-0.2597956657409668,0.7129389643669128,-1.2210231065750121
1752068089.819373,-0.2597956657409668,0.7129389643669128,-1.2210231065750121
1752068089.8236644,-0.2597956657409668,0.7129389643669128,-1.2210231065750121
1752068089.8255508,-0.18673275709152223,0.8205786705017091,-1.2811857223510743
1752068089.8274932,-0.18673275709152223,0.8205786705017091,-1.2811857223510743
1752068089.8295226,-0.18673275709152223,0.8205786705017091,-1.2811857223510743
1752068089.8320632,-0.18673275709152223,0.8205786705017091,-1.2811857223510743
1752068089.8336558,-0.15802277326583863,0.8737987160682679,-1.3365539193153382
1752068089.8357413,-0.15802277326583863,0.8737987160682679,-1.3365539193153382
1752068089.839737,-0.15802277326583863,0.8737987160682679,-1.3365539193153382
1752068089.8418531,-0.15802277326583863,0.8737987160682679,-1.3365539193153382
1752068089.8437965,-0.14987597465515137,0.780701768398285,-1.3593167304992675
1752068089.8458698,-0.14987597465515137,0.780701768398285,-1.3593167304992675
1752068089.8479612,-0.14987597465515137,0.780701768398285,-1.3593167304992675
1752068089.850052,-0.14987597465515137,0.780701768398285,-1.3593167304992675
1752068089.8521025,-0.19868720769882203,0.7962352395057679,-1.2707180023193358
1752068089.8550315,-0.19868720769882203,0.7962352395057679,-1.2707180023193358
1752068089.8582518,-0.19868720769882203,0.7962352395057679,-1.2707180023193358
1752068089.8601449,-0.19868720769882203,0.7962352395057679,-1.2707180023193358
1752068089.8621845,-0.2128416419029236,0.8119212031364441,-1.3007241368293763
1752068089.8642728,-0.2128416419029236,0.8119212031364441,-1.3007241368293763
1752068089.8663597,-0.2128416419029236,0.8119212031364441,-1.3007241368293763
1752068089.868456,-0.2128416419029236,0.8119212031364441,-1.3007241368293763
1752068089.8734834,-0.23429075479507447,0.8629893481731415,-1.3105854868888855
1752068089.8744686,-0.23429075479507447,0.8629893481731415,-1.3105854868888855
1752068089.8764923,-0.23429075479507447,0.8629893481731415,-1.3105854868888855
1752068089.8785338,-0.23429075479507447,0.8629893481731415,-1.3105854868888855
1752068089.8805897,-0.2159246802330017,0.9457338213920594,-1.3298884749412536
1752068089.8826952,-0.2159246802330017,0.9457338213920594,-1.3298884749412536
1752068089.884745,-0.2159246802330017,0.9457338213920594,-1.3298884749412536
1752068089.8868477,-0.2159246802330017,0.9457338213920594,-1.3298884749412536
1752068089.8911915,-0.2159246802330017,0.9457338213920594,-1.3298884749412536
1752068089.8933501,-0.20811264514923097,0.8854481399059296,-1.354554045200348
1752068089.8954084,-0.20811264514923097,0.8854481399059296,-1.354554045200348
1752068089.8974774,-0.20811264514923097,0.8854481399059296,-1.354554045200348
1752068089.9000514,-0.1779915452003479,0.8162888169288636,-1.355221426486969
1752068089.9021387,-0.1779915452003479,0.8162888169288636,-1.355221426486969
1752068089.9065933,-0.1779915452003479,0.8162888169288636,-1.355221426486969
1752068089.9086287,-0.1779915452003479,0.8162888169288636,-1.355221426486969
1752068089.9112234,-0.22056347131729126,0.8840795576572419,-1.2818819761276246
1752068089.913318,-0.22056347131729126,0.8840795576572419,-1.2818819761276246
1752068089.9153693,-0.22056347131729126,0.8840795576572419,-1.2818819761276246
1752068089.9178348,-0.22056347131729126,0.8840795576572419,-1.2818819761276246
1752068089.9195113,-0.17837958335876467,0.8757956266403198,-1.3283432364463805
1752068089.923218,-0.17837958335876467,0.8757956266403198,-1.3283432364463805
1752068089.9258645,-0.17837958335876467,0.8757956266403198,-1.3283432364463805
1752068089.9279025,-0.17837958335876467,0.8757956266403198,-1.3283432364463805
1752068089.9299786,-0.18235093355178833,0.8010237693786622,-1.2769023895263671
1752068089.93206,-0.18235093355178833,0.8010237693786622,-1.2769023895263671
1752068089.9341493,-0.18235093355178833,0.8010237693786622,-1.2769023895263671
1752068089.9368937,-0.18235093355178833,0.8010237693786622,-1.2769023895263671
1752068089.939909,-0.18235093355178833,0.8010237693786622,-1.2769023895263671
1752068089.9424179,-0.17506710290908814,0.8448091983795166,-1.3615122437477112
1752068089.944404,-0.17506710290908814,0.8448091983795166,-1.3615122437477112
1752068089.9470196,-0.17506710290908814,0.8448091983795166,-1.3615122437477112
1752068089.9484556,-0.21544038057327272,0.868598461151123,-1.3680380582809448
1752068089.950512,-0.21544038057327272,0.868598461151123,-1.3680380582809448
1752068089.9525685,-0.21544038057327272,0.868598461151123,-1.3680380582809448
1752068089.9566216,-0.21544038057327272,0.868598461151123,-1.3680380582809448
1752068089.9584386,-0.2361427426338196,0.9077844381332398,-1.3907126545906068
1752068089.9605315,-0.2361427426338196,0.9077844381332398,-1.3907126545906068
1752068089.9625168,-0.2361427426338196,0.9077844381332398,-1.3907126545906068
1752068089.9645855,-0.2361427426338196,0.9077844381332398,-1.3907126545906068
1752068089.9666572,-0.22683309316635134,0.9080516338348389,-1.3628186345100404
1752068089.9687514,-0.22683309316635134,0.9080516338348389,-1.3628186345100404
1752068089.9733527,-0.22683309316635134,0.9080516338348389,-1.3628186345100404
1752068089.9742587,-0.22683309316635134,0.9080516338348389,-1.3628186345100404
1752068089.9769077,-0.20072268247604372,0.8774500131607056,-1.3633821845054626
1752068089.9789152,-0.20072268247604372,0.8774500131607056,-1.3633821845054626
1752068089.9809926,-0.20072268247604372,0.8774500131607056,-1.3633821845054626
1752068089.9834893,-0.20072268247604372,0.8774500131607056,-1.3633821845054626
1752068089.9851341,-0.19585057497024538,0.8662453532218933,-1.3352195858955382
1752068089.987315,-0.19585057497024538,0.8662453532218933,-1.3352195858955382
1752068089.9916956,-0.19585057497024538,0.8662453532218933,-1.3352195858955382
1752068089.993608,-0.19585057497024538,0.8662453532218933,-1.3352195858955382
1752068089.9956212,-0.20972748994827273,0.8860140919685364,-1.3165746808052063
1752068089.997705,-0.20972748994827273,0.8860140919685364,-1.3165746808052063
1752068089.9997902,-0.20972748994827273,0.8860140919685364,-1.3165746808052063
1752068090.0018823,-0.20972748994827273,0.8860140919685364,-1.3165746808052063
1752068090.0050304,-0.22483311891555788,0.8821352601051331,-1.317775309085846
1752068090.0086093,-0.22483311891555788,0.8821352601051331,-1.317775309085846
1752068090.0106053,-0.22483311891555788,0.8821352601051331,-1.317775309085846
1752068090.0126987,-0.22483311891555788,0.8821352601051331,-1.317775309085846
1752068090.0147681,-0.21617108583450317,0.8759389400482178,-1.3370070099830627
1752068090.0168567,-0.21617108583450317,0.8759389400482178,-1.3370070099830627
1752068090.018942,-0.21617108583450317,0.8759389400482178,-1.3370070099830627
1752068090.0231717,-0.21617108583450317,0.8759389400482178,-1.3370070099830627
1752068090.0240638,-0.21617108583450317,0.8759389400482178,-1.3370070099830627
1752068090.0267663,-0.21348167657852174,0.8695197820663453,-1.3413607597351074
1752068090.028883,-0.21348167657852174,0.8695197820663453,-1.3413607597351074
1752068090.03145,-0.21348167657852174,0.8695197820663453,-1.3413607597351074
1752068090.033018,-0.22292360067367556,0.8795843482017518,-1.3365256667137146
1752068090.0351038,-0.22292360067367556,0.8795843482017518,-1.3365256667137146
1752068090.0406063,-0.22292360067367556,0.8795843482017518,-1.3365256667137146
1752068090.0425441,-0.22292360067367556,0.8795843482017518,-1.3365256667137146
1752068090.0444574,-0.2212945342063904,0.8834383726119995,-1.342778480052948
1752068090.0465128,-0.2212945342063904,0.8834383726119995,-1.342778480052948
1752068090.0485718,-0.2212945342063904,0.8834383726119995,-1.342778480052948
1752068090.0506666,-0.2212945342063904,0.8834383726119995,-1.342778480052948
1752068090.0530043,-0.20948966741561892,0.8815621614456177,-1.3526841402053833
1752068090.0550706,-0.20948966741561892,0.8815621614456177,-1.3526841402053833
1752068090.0575101,-0.20948966741561892,0.8815621614456177,-1.3526841402053833
1752068090.0592558,-0.20948966741561892,0.8815621614456177,-1.3526841402053833
1752068090.061471,-0.20997139215469363,0.8696388244628906,-1.339969003200531
1752068090.06352,-0.20997139215469363,0.8696388244628906,-1.339969003200531
1752068090.0655754,-0.20997139215469363,0.8696388244628906,-1.339969003200531
1752068090.0676842,-0.20997139215469363,0.8696388244628906,-1.339969003200531
1752068090.070179,-0.20208219289779664,0.857413911819458,-1.3339657425880431
1752068090.072933,-0.20208219289779664,0.857413911819458,-1.3339657425880431
1752068090.0749862,-0.20208219289779664,0.857413911819458,-1.3339657425880431
1752068090.0769944,-0.20208219289779664,0.857413911819458,-1.3339657425880431
1752068090.079029,-0.20350800752639772,0.863055431842804,-1.3346464514732361
1752068090.0811133,-0.20350800752639772,0.863055431842804,-1.3346464514732361
1752068090.0832036,-0.20350800752639772,0.863055431842804,-1.3346464514732361
1752068090.085297,-0.20350800752639772,0.863055431842804,-1.3346464514732361
1752068090.0873768,-0.20420089960098267,0.8621379494667054,-1.3410598397254945
1752068090.0895495,-0.20420089960098267,0.8621379494667054,-1.3410598397254945
1752068090.091722,-0.20420089960098267,0.8621379494667054,-1.3410598397254945
1752068090.0935843,-0.20420089960098267,0.8621379494667054,-1.3410598397254945
1752068090.095622,-0.20241459608078005,0.8565092444419862,-1.3407974720001221
1752068090.0977042,-0.20241459608078005,0.8565092444419862,-1.3407974720001221
1752068090.0997884,-0.20241459608078005,0.8565092444419862,-1.3407974720001221
1752068090.1018817,-0.20241459608078005,0.8565092444419862,-1.3407974720001221
1752068090.1040177,-0.2008346676826477,0.8700150847434998,-1.3416260719299316
1752068090.106551,-0.2008346676826477,0.8700150847434998,-1.3416260719299316
1752068090.1084807,-0.2008346676826477,0.8700150847434998,-1.3416260719299316
1752068090.1111333,-0.2008346676826477,0.8700150847434998,-1.3416260719299316
1752068090.113471,-0.20514816045761108,0.8692938327789307,-1.342896282672882
1752068090.115517,-0.20514816045761108,0.8692938327789307,-1.342896282672882
1752068090.1175742,-0.20514816045761108,0.8692938327789307,-1.342896282672882
1752068090.119667,-0.20514816045761108,0.8692938327789307,-1.342896282672882
1752068090.1217947,-0.20501152276992798,0.8702909231185914,-1.3447618365287781
1752068090.1239033,-0.20501152276992798,0.8702909231185914,-1.3447618365287781
1752068090.1259203,-0.20501152276992798,0.8702909231185914,-1.3447618365287781
1752068090.1279926,-0.20501152276992798,0.8702909231185914,-1.3447618365287781
1752068090.130038,-0.1954393982887268,0.8666578054428101,-1.3500785946846008
1752068090.132123,-0.1954393982887268,0.8666578054428101,-1.3500785946846008
1752068090.134219,-0.1954393982887268,0.8666578054428101,-1.3500785946846008
1752068090.1363087,-0.1954393982887268,0.8666578054428101,-1.3500785946846008
1752068090.140627,-0.20083450078964235,0.8774209260940552,-1.341936206817627
1752068090.1424778,-0.20083450078964235,0.8774209260940552,-1.341936206817627
1752068090.1445222,-0.20083450078964235,0.8774209260940552,-1.341936206817627
1752068090.1465886,-0.20083450078964235,0.8774209260940552,-1.341936206817627
1752068090.148658,-0.20321053266525269,0.8736104846000672,-1.3405086636543273
1752068090.150741,-0.20321053266525269,0.8736104846000672,-1.3405086636543273
1752068090.1529298,-0.20321053266525269,0.8736104846000672,-1.3405086636543273
1752068090.1552107,-0.20321053266525269,0.8736104846000672,-1.3405086636543273
1752068090.1590223,-0.20581022500991822,0.8713795185089112,-1.335259473323822
1752068090.1610436,-0.20581022500991822,0.8713795185089112,-1.335259473323822
1752068090.1631296,-0.20581022500991822,0.8713795185089112,-1.335259473323822
1752068090.1657472,-0.20581022500991822,0.8713795185089112,-1.335259473323822
1752068090.1673057,-0.20066932439804078,0.8628705739974976,-1.3302061200141906
1752068090.169392,-0.20066932439804078,0.8628705739974976,-1.3302061200141906
1752068090.1723669,-0.20066932439804078,0.8628705739974976,-1.3302061200141906
1752068090.1747346,-0.20066932439804078,0.8628705739974976,-1.3302061200141906
1752068090.176724,-0.20420204401016237,0.8717204451560975,-1.329029953479767
1752068090.1788032,-0.20420204401016237,0.8717204451560975,-1.329029953479767
1752068090.1808953,-0.20420204401016237,0.8717204451560975,-1.329029953479767
1752068090.1833642,-0.20420204401016237,0.8717204451560975,-1.329029953479767
1752068090.1851213,-0.20488151311874392,0.8788108468055725,-1.3339803814888
1752068090.1872334,-0.20488151311874392,0.8788108468055725,-1.3339803814888
1752068090.1903942,-0.20488151311874392,0.8788108468055725,-1.3339803814888
1752068090.192559,-0.20488151311874392,0.8788108468055725,-1.3339803814888
1752068090.1945214,-0.2018536686897278,0.8617861032485963,-1.3304922223091125
1752068090.1965714,-0.2018536686897278,0.8617861032485963,-1.3304922223091125
1752068090.1986687,-0.2018536686897278,0.8617861032485963,-1.3304922223091125
1752068090.2007535,-0.2018536686897278,0.8617861032485963,-1.3304922223091125
1752068090.2030675,-0.19912554025650026,0.8601638436317445,-1.335306751728058
1752068090.2059057,-0.19912554025650026,0.8601638436317445,-1.335306751728058
1752068090.2089667,-0.19912554025650026,0.8601638436317445,-1.335306751728058
1752068090.2109802,-0.19912554025650026,0.8601638436317445,-1.335306751728058
1752068090.21305,-0.20208948850631714,0.8699131488800049,-1.3296668171882629
1752068090.2151368,-0.20208948850631714,0.8699131488800049,-1.3296668171882629
1752068090.217228,-0.20208948850631714,0.8699131488800049,-1.3296668171882629
1752068090.219332,-0.20208948850631714,0.8699131488800049,-1.3296668171882629
1752068090.2225003,-0.19879931211471558,0.8726752758026124,-1.3292007565498352
1752068090.225936,-0.19879931211471558,0.8726752758026124,-1.3292007565498352
1752068090.2279503,-0.19879931211471558,0.8726752758026124,-1.3292007565498352
1752068090.23008,-0.19879931211471558,0.8726752758026124,-1.3292007565498352
1752068090.232155,-0.19846259355545046,0.8639490723609925,-1.3310330986976624
1752068090.2342463,-0.19846259355545046,0.8639490723609925,-1.3310330986976624
1752068090.2365446,-0.19846259355545046,0.8639490723609925,-1.3310330986976624
1752068090.2396271,-0.19846259355545046,0.8639490723609925,-1.3310330986976624
1752068090.2410064,-0.19846259355545046,0.8639490723609925,-1.3310330986976624
1752068090.2442117,-0.1932047963142395,0.8642155766487122,-1.3274966835975648
1752068090.2462645,-0.1932047963142395,0.8642155766487122,-1.3274966835975648
1752068090.2488656,-0.1932047963142395,0.8642155766487122,-1.3274966835975648
1752068090.2504337,-0.1891376852989197,0.8589523315429688,-1.3223166584968566
1752068090.2524505,-0.1891376852989197,0.8589523315429688,-1.3223166584968566
1752068090.255382,-0.1891376852989197,0.8589523315429688,-1.3223166584968566
1752068090.2581642,-0.1891376852989197,0.8589523315429688,-1.3223166584968566
1752068090.2603343,-0.18520175218582155,0.8531454682350159,-1.3170515179634095
1752068090.2623954,-0.18520175218582155,0.8531454682350159,-1.3170515179634095
1752068090.2644577,-0.18520175218582155,0.8531454682350159,-1.3170515179634095
1752068090.266951,-0.18520175218582155,0.8531454682350159,-1.3170515179634095
1752068090.2686024,-0.18623236417770386,0.8651522159576417,-1.3135993838310243
1752068090.2707522,-0.18623236417770386,0.8651522159576417,-1.3135993838310243
1752068090.2746904,-0.18623236417770386,0.8651522159576417,-1.3135993838310243
1752068090.2772064,-0.18623236417770386,0.8651522159576417,-1.3135993838310243
1752068090.2785978,-0.19570807218551636,0.8713943600654602,-1.3205559611320496
1752068090.280683,-0.19570807218551636,0.8713943600654602,-1.3205559611320496
1752068090.2827733,-0.19570807218551636,0.8713943600654602,-1.3205559611320496
1752068090.284862,-0.19570807218551636,0.8713943600654602,-1.3205559611320496
1752068090.2869751,-0.19472049474716188,0.8616410970687867,-1.32582927942276
1752068090.289721,-0.19472049474716188,0.8616410970687867,-1.32582927942276
1752068090.2928996,-0.19472049474716188,0.8616410970687867,-1.32582927942276
1752068090.294868,-0.19472049474716188,0.8616410970687867,-1.32582927942276
1752068090.2969282,-0.19210180044174197,0.8608882308006287,-1.3247824549674987
1752068090.2990167,-0.19210180044174197,0.8608882308006287,-1.3247824549674987
1752068090.3011045,-0.19210180044174197,0.8608882308006287,-1.3247824549674987
1752068090.303209,-0.19210180044174197,0.8608882308006287,-1.3247824549674987
1752068090.306234,-0.19210180044174197,0.8608882308006287,-1.3247824549674987
1752068090.3101919,-0.19091843366622926,0.8623909950256348,-1.3278498291969298
1752068090.3121672,-0.19091843366622926,0.8623909950256348,-1.3278498291969298
1752068090.3156989,-0.19091843366622926,0.8623909950256348,-1.3278498291969298
1752068090.3182728,-0.189262592792511,0.8625847697257996,-1.325644314289093
1752068090.3211699,-0.189262592792511,0.8625847697257996,-1.325644314289093
1752068090.3252375,-0.189262592792511,0.8625847697257996,-1.325644314289093
1752068090.3285398,-0.189262592792511,0.8625847697257996,-1.325644314289093
1752068090.3316438,-0.18838044404983523,0.8566081047058106,-1.3256479859352113
1752068090.3336627,-0.18838044404983523,0.8566081047058106,-1.3256479859352113
1752068090.3357446,-0.18838044404983523,0.8566081047058106,-1.3256479859352113
1752068090.338034,-0.18838044404983523,0.8566081047058106,-1.3256479859352113
1752068090.3400245,-0.18888493776321413,0.8624056339263917,-1.3260541319847108
1752068090.3422887,-0.18888493776321413,0.8624056339263917,-1.3260541319847108
1752068090.3452065,-0.18888493776321413,0.8624056339263917,-1.3260541319847108
1752068090.34814,-0.18888493776321413,0.8624056339263917,-1.3260541319847108
1752068090.350465,-0.1927916407585144,0.8630709886550904,-1.3283682227134705
1752068090.3525112,-0.1927916407585144,0.8630709886550904,-1.3283682227134705
1752068090.354691,-0.1927916407585144,0.8630709886550904,-1.3283682227134705
1752068090.3572595,-0.1927916407585144,0.8630709886550904,-1.3283682227134705
1752068090.359232,-0.19327789545059204,0.8650229096412659,-1.3311772465705871
1752068090.3613636,-0.19327789545059204,0.8650229096412659,-1.3311772465705871
1752068090.3633947,-0.19327789545059204,0.8650229096412659,-1.3311772465705871
1752068090.3654556,-0.19327789545059204,0.8650229096412659,-1.3311772465705871
1752068090.3675056,-0.1936864495277405,0.8621026396751404,-1.3319580197334289
1752068090.369565,-0.1936864495277405,0.8621026396751404,-1.3319580197334289
1752068090.373409,-0.1936864495277405,0.8621026396751404,-1.3319580197334289
1752068090.3754063,-0.1936864495277405,0.8621026396751404,-1.3319580197334289
1752068090.3774488,-0.1877334475517273,0.8623619794845582,-1.3312993168830871
1752068090.3795083,-0.1877334475517273,0.8623619794845582,-1.3312993168830871
1752068090.3815682,-0.1877334475517273,0.8623619794845582,-1.3312993168830871
1752068090.383658,-0.1877334475517273,0.8623619794845582,-1.3312993168830871
1752068090.385732,-0.1927246928215027,0.859865128993988,-1.325693094730377
1752068090.3878448,-0.1927246928215027,0.859865128993988,-1.325693094730377
1752068090.39117,-0.1927246928215027,0.859865128993988,-1.325693094730377
1752068090.3929996,-0.1927246928215027,0.859865128993988,-1.325693094730377
1752068090.3950706,-0.1896872878074646,0.8646478652954102,-1.3322858691215516
1752068090.3971515,-0.1896872878074646,0.8646478652954102,-1.3322858691215516
1752068090.399242,-0.1896872878074646,0.8646478652954102,-1.3322858691215516
1752068090.4013367,-0.1896872878074646,0.8646478652954102,-1.3322858691215516
1752068090.4034293,-0.19673317670822144,0.8646146416664124,-1.3265411496162414
1752068090.4057453,-0.19673317670822144,0.8646146416664124,-1.3265411496162414
1752068090.4085135,-0.19673317670822144,0.8646146416664124,-1.3265411496162414
1752068090.4104812,-0.19673317670822144,0.8646146416664124,-1.3265411496162414
1752068090.412514,-0.19304989576339723,0.8651575922966004,-1.3281828045845032
1752068090.4145696,-0.19304989576339723,0.8651575922966004,-1.3281828045845032
1752068090.4166532,-0.19304989576339723,0.8651575922966004,-1.3281828045845032
1752068090.4187481,-0.19304989576339723,0.8651575922966004,-1.3281828045845032
1752068090.4215038,-0.19888416528701783,0.8674778699874879,-1.3254450678825378
1752068090.4249513,-0.19888416528701783,0.8674778699874879,-1.3254450678825378
1752068090.426799,-0.19888416528701783,0.8674778699874879,-1.3254450678825378
1752068090.4288852,-0.19888416528701783,0.8674778699874879,-1.3254450678825378
1752068090.430961,-0.19307216405868532,0.8666689991950989,-1.32686048746109
1752068090.4330482,-0.19307216405868532,0.8666689991950989,-1.32686048746109
1752068090.4351342,-0.19307216405868532,0.8666689991950989,-1.32686048746109
1752068090.4382198,-0.19307216405868532,0.8666689991950989,-1.32686048746109
1752068090.4412587,-0.19140666723251343,0.8597736716270448,-1.327822458744049
1752068090.4432557,-0.19140666723251343,0.8597736716270448,-1.327822458744049
1752068090.445317,-0.19140666723251343,0.8597736716270448,-1.327822458744049
1752068090.4478688,-0.19140666723251343,0.8597736716270448,-1.327822458744049
1752068090.449449,-0.19082986116409303,0.8621823072433472,-1.3262417197227478
1752068090.4515061,-0.19082986116409303,0.8621823072433472,-1.3262417197227478
1752068090.4535863,-0.19082986116409303,0.8621823072433472,-1.3262417197227478
1752068090.457465,-0.19082986116409303,0.8621823072433472,-1.3262417197227478
1752068090.4600155,-0.19433857202529908,0.8686528205871582,-1.3282138466835023
1752068090.462026,-0.19433857202529908,0.8686528205871582,-1.3282138466835023
1752068090.4641073,-0.19433857202529908,0.8686528205871582,-1.3282138466835023
1752068090.466598,-0.19433857202529908,0.8686528205871582,-1.3282138466835023
1752068090.468285,-0.19554656744003296,0.8680184125900269,-1.3315210700035096
1752068090.4703918,-0.19554656744003296,0.8680184125900269,-1.3315210700035096
1752068090.4724963,-0.19554656744003296,0.8680184125900269,-1.3315210700035096
1752068090.476126,-0.19554656744003296,0.8680184125900269,-1.3315210700035096
1752068090.4779432,-0.19516290426254274,0.8671599626541138,-1.333192265033722
1752068090.4800234,-0.19516290426254274,0.8671599626541138,-1.333192265033722
1752068090.482119,-0.19516290426254274,0.8671599626541138,-1.333192265033722
1752068090.4842098,-0.19516290426254274,0.8671599626541138,-1.333192265033722
1752068090.4865613,-0.19998511075973513,0.8681950330734254,-1.3294863820075988
1752068090.488533,-0.19998511075973513,0.8681950330734254,-1.3294863820075988
1752068090.4915533,-0.19998511075973513,0.8681950330734254,-1.3294863820075988
1752068090.493509,-0.19998511075973513,0.8681950330734254,-1.3294863820075988
1752068090.4955134,-0.19594205617904664,0.8666769862174988,-1.3296326994895935
1752068090.497577,-0.19594205617904664,0.8666769862174988,-1.3296326994895935
1752068090.499653,-0.19594205617904664,0.8666769862174988,-1.3296326994895935
1752068090.5017505,-0.19594205617904664,0.8666769862174988,-1.3296326994895935
1752068090.5064702,-0.19370349645614626,0.8646847963333131,-1.3316513657569886
1752068090.508944,-0.19370349645614626,0.8646847963333131,-1.3316513657569886
1752068090.5109842,-0.19370349645614626,0.8646847963333131,-1.3316513657569886
1752068090.5130925,-0.19370349645614626,0.8646847963333131,-1.3316513657569886
1752068090.515158,-0.1948832154273987,0.8674752354621887,-1.3292585015296936
1752068090.5172513,-0.1948832154273987,0.8674752354621887,-1.3292585015296936
1752068090.5193365,-0.1948832154273987,0.8674752354621887,-1.3292585015296936
1752068090.5234053,-0.1948832154273987,0.8674752354621887,-1.3292585015296936
1752068090.5257804,-0.19787811040878298,0.8680865287780762,-1.3312729954719544
1752068090.527853,-0.19787811040878298,0.8680865287780762,-1.3312729954719544
1752068090.5299125,-0.19787811040878298,0.8680865287780762,-1.3312729954719544
1752068090.532575,-0.19787811040878298,0.8680865287780762,-1.3312729954719544
1752068090.5340903,-0.1950663685798645,0.8642465353012085,-1.3294012665748596
1752068090.536549,-0.1950663685798645,0.8642465353012085,-1.3294012665748596
1752068090.538515,-0.1950663685798645,0.8642465353012085,-1.3294012665748596
1752068090.5415606,-0.1950663685798645,0.8642465353012085,-1.3294012665748596
1752068090.5441344,-0.1975389361381531,0.8667498230934143,-1.3290188193321228
1752068090.5462303,-0.1975389361381531,0.8667498230934143,-1.3290188193321228
1752068090.5482905,-0.1975389361381531,0.8667498230934143,-1.3290188193321228
1752068090.5508714,-0.1975389361381531,0.8667498230934143,-1.3290188193321228
1752068090.5524478,-0.2021772265434265,0.8691444039344788,-1.3316050887107849
1752068090.5557902,-0.2021772265434265,0.8691444039344788,-1.3316050887107849
1752068090.5584059,-0.2021772265434265,0.8691444039344788,-1.3316050887107849
1752068090.5609052,-0.2021772265434265,0.8691444039344788,-1.3316050887107849
1752068090.5624368,-0.19905787706375122,0.8693320631980896,-1.3333382248878478
1752068090.5644546,-0.19905787706375122,0.8693320631980896,-1.3333382248878478
1752068090.5665076,-0.19905787706375122,0.8693320631980896,-1.3333382248878478
1752068090.5685709,-0.19905787706375122,0.8693320631980896,-1.3333382248878478
1752068090.5707648,-0.1948231339454651,0.8647646665573121,-1.329077684879303
1752068090.5728974,-0.1948231339454651,0.8647646665573121,-1.329077684879303
1752068090.577167,-0.1948231339454651,0.8647646665573121,-1.329077684879303
1752068090.5791552,-0.1948231339454651,0.8647646665573121,-1.329077684879303
1752068090.5812368,-0.19435335397720338,0.8668959021568299,-1.3288214325904846
1752068090.5833197,-0.19435335397720338,0.8668959021568299,-1.3288214325904846
1752068090.585404,-0.19435335397720338,0.8668959021568299,-1.3288214325904846
1752068090.5878768,-0.19435335397720338,0.8668959021568299,-1.3288214325904846
1752068090.5929925,-0.19514082670211794,0.8651780605316163,-1.3270598530769349
1752068090.5949035,-0.19514082670211794,0.8651780605316163,-1.3270598530769349
1752068090.5969718,-0.19514082670211794,0.8651780605316163,-1.3270598530769349
1752068090.5996592,-0.19514082670211794,0.8651780605316163,-1.3270598530769349
1752068090.6011484,-0.19331237077713015,0.8680873155593872,-1.3302837491035462
1752068090.6032135,-0.19331237077713015,0.8680873155593872,-1.3302837491035462
1752068090.6059341,-0.19331237077713015,0.8680873155593872,-1.3302837491035462
1752068090.6087587,-0.19331237077713015,0.8680873155593872,-1.3302837491035462
1752068090.6103625,-0.19960173368453982,0.8689608216285706,-1.3273789525032043
1752068090.6124308,-0.19960173368453982,0.8689608216285706,-1.3273789525032043
1752068090.6144462,-0.19960173368453982,0.8689608216285706,-1.3273789525032043
1752068090.6165137,-0.19960173368453982,0.8689608216285706,-1.3273789525032043
1752068090.618562,-0.20114165544509888,0.8707391619682312,-1.3273335576057435
1752068090.6215317,-0.20114165544509888,0.8707391619682312,-1.3273335576057435
1752068090.6250782,-0.20114165544509888,0.8707391619682312,-1.3273335576057435
1752068090.6269586,-0.20114165544509888,0.8707391619682312,-1.3273335576057435
1752068090.6294491,-0.19906278848648074,0.8691781640052796,-1.3285080552101136
1752068090.631507,-0.19906278848648074,0.8691781640052796,-1.3285080552101136
1752068090.633565,-0.19906278848648074,0.8691781640052796,-1.3285080552101136
1752068090.6356544,-0.19906278848648074,0.8691781640052796,-1.3285080552101136
1752068090.6396155,-0.19664446115493775,0.867384421825409,-1.3309774518013
1752068090.6423938,-0.19664446115493775,0.867384421825409,-1.3309774518013
1752068090.6443963,-0.19664446115493775,0.867384421825409,-1.3309774518013
1752068090.6464617,-0.19664446115493775,0.867384421825409,-1.3309774518013
1752068090.6485107,-0.19724334478378297,0.8668004870414734,-1.3300024628639222
1752068090.6505678,-0.19724334478378297,0.8668004870414734,-1.3300024628639222
1752068090.6526473,-0.19724334478378297,0.8668004870414734,-1.3300024628639222
1752068090.6558022,-0.19724334478378297,0.8668004870414734,-1.3300024628639222
1752068090.658146,-0.19964720010757447,0.8694448232650758,-1.329781949520111
1752068090.660245,-0.19964720010757447,0.8694448232650758,-1.329781949520111
1752068090.662309,-0.19964720010757447,0.8694448232650758,-1.329781949520111
1752068090.6643934,-0.19964720010757447,0.8694448232650758,-1.329781949520111
1752068090.6664484,-0.19251960515975952,0.8618873119354249,-1.3296225666999817
1752068090.6685064,-0.19251960515975952,0.8618873119354249,-1.3296225666999817
1752068090.670631,-0.19251960515975952,0.8618873119354249,-1.3296225666999817
1752068090.6750038,-0.19251960515975952,0.8618873119354249,-1.3296225666999817
1752068090.6764321,-0.19528473615646363,0.861650562286377,-1.3267962098121644
1752068090.6784635,-0.19528473615646363,0.861650562286377,-1.3267962098121644
1752068090.680521,-0.19528473615646363,0.861650562286377,-1.3267962098121644
1752068090.6825788,-0.19528473615646363,0.861650562286377,-1.3267962098121644
1752068090.6846552,-0.19742869138717653,0.8667147278785706,-1.326354157924652
1752068090.686718,-0.19742869138717653,0.8667147278785706,-1.326354157924652
1752068090.6895194,-0.19742869138717653,0.8667147278785706,-1.326354157924652
1752068090.6928432,-0.19742869138717653,0.8667147278785706,-1.326354157924652
1752068090.6954243,-0.19477461576461794,0.8649354219436646,-1.3287073969841003
1752068090.6974576,-0.19477461576461794,0.8649354219436646,-1.3287073969841003
1752068090.6995072,-0.19477461576461794,0.8649354219436646,-1.3287073969841003
1752068090.7019622,-0.19477461576461794,0.8649354219436646,-1.3287073969841003
1752068090.7052407,-0.19731003046035767,0.8674160122871399,-1.32862046957016
1752068090.7062185,-0.19731003046035767,0.8674160122871399,-1.32862046957016
1752068090.7092316,-0.19731003046035767,0.8674160122871399,-1.32862046957016
1752068090.7112308,-0.19731003046035767,0.8674160122871399,-1.32862046957016
1752068090.7132902,-0.19430798292160034,0.862464201450348,-1.3298873543739318
1752068090.7153852,-0.19430798292160034,0.862464201450348,-1.3298873543739318
1752068090.7174482,-0.19430798292160034,0.862464201450348,-1.3298873543739318
1752068090.7195115,-0.19430798292160034,0.862464201450348,-1.3298873543739318
1752068090.7250364,-0.19430798292160034,0.862464201450348,-1.3298873543739318
1752068090.7268577,-0.19860175848007203,0.8667869925498963,-1.3254155278205872
1752068090.7289023,-0.19860175848007203,0.8667869925498963,-1.3254155278205872
1752068090.7315106,-0.19860175848007203,0.8667869925498963,-1.3254155278205872
1752068090.733068,-0.19546731710433962,0.8642599940299989,-1.3312610030174254
1752068090.7351568,-0.19546731710433962,0.8642599940299989,-1.3312610030174254
1752068090.73735,-0.19546731710433962,0.8642599940299989,-1.3312610030174254
1752068090.743114,-0.19546731710433962,0.8642599940299989,-1.3312610030174254
1752068090.7443633,-0.1943705439567566,0.8659179568290711,-1.3259352087974547
1752068090.746444,-0.1943705439567566,0.8659179568290711,-1.3259352087974547
1752068090.748512,-0.1943705439567566,0.8659179568290711,-1.3259352087974547
1752068090.7505703,-0.1943705439567566,0.8659179568290711,-1.3259352087974547
1752068090.752622,-0.19826890230178834,0.8679154515266418,-1.327200138568878
1752068090.7550018,-0.19826890230178834,0.8679154515266418,-1.327200138568878
1752068090.7590322,-0.19826890230178834,0.8679154515266418,-1.327200138568878
1752068090.761003,-0.19826890230178834,0.8679154515266418,-1.327200138568878
1752068090.7631214,-0.1965835690498352,0.8640528202056885,-1.3284808993339539
1752068090.7651632,-0.1965835690498352,0.8640528202056885,-1.3284808993339539
1752068090.7672489,-0.1965835690498352,0.8640528202056885,-1.3284808993339539
1752068090.7693465,-0.1965835690498352,0.8640528202056885,-1.3284808993339539
1752068090.77547,-0.19124354124069215,0.8628812432289124,-1.3282729983329773
1752068090.7764018,-0.19124354124069215,0.8628812432289124,-1.3282729983329773
1752068090.778437,-0.19124354124069215,0.8628812432289124,-1.3282729983329773
1752068090.7809668,-0.19124354124069215,0.8628812432289124,-1.3282729983329773
1752068090.7825065,-0.19811087846755981,0.8718522667884827,-1.3280634045600892
1752068090.784574,-0.19811087846755981,0.8718522667884827,-1.3280634045600892
1752068090.7866468,-0.19811087846755981,0.8718522667884827,-1.3280634045600892
1752068090.789367,-0.19811087846755981,0.8718522667884827,-1.3280634045600892
1752068090.792981,-0.19919861555099488,0.8699782013893128,-1.329833948612213
1752068090.7949102,-0.19919861555099488,0.8699782013893128,-1.329833948612213
1752068090.7970014,-0.19919861555099488,0.8699782013893128,-1.329833948612213
1752068090.799536,-0.19919861555099488,0.8699782013893128,-1.329833948612213
1752068090.801167,-0.1978117108345032,0.8701812505722046,-1.3320644736289977
1752068090.8032517,-0.1978117108345032,0.8701812505722046,-1.3320644736289977
1752068090.8053033,-0.1978117108345032,0.8701812505722046,-1.3320644736289977
1752068090.8097835,-0.1978117108345032,0.8701812505722046,-1.3320644736289977
1752068090.8117495,-0.19687894582748414,0.86629296541214,-1.3294894814491272
1752068090.8138406,-0.19687894582748414,0.86629296541214,-1.3294894814491272
1752068090.8159208,-0.19687894582748414,0.86629296541214,-1.3294894814491272
1752068090.8180177,-0.19687894582748414,0.86629296541214,-1.3294894814491272
1752068090.820079,-0.20158554315567018,0.8659409284591675,-1.3287250638008117
1752068090.822731,-0.20158554315567018,0.8659409284591675,-1.3287250638008117
1752068090.826234,-0.20158554315567018,0.8659409284591675,-1.3287250638008117
1752068090.8282003,-0.20158554315567018,0.8659409284591675,-1.3287250638008117
1752068090.830281,-0.19801958799362185,0.8664303302764893,-1.3312421679496764
1752068090.83236,-0.19801958799362185,0.8664303302764893,-1.3312421679496764
1752068090.8344433,-0.19801958799362185,0.8664303302764893,-1.3312421679496764
1752068090.8365874,-0.19801958799362185,0.8664303302764893,-1.3312421679496764
1752068090.8395557,-0.1932806134223938,0.8648980498313904,-1.3288392186164857
1752068090.8428984,-0.1932806134223938,0.8648980498313904,-1.3288392186164857
1752068090.8448596,-0.1932806134223938,0.8648980498313904,-1.3288392186164857
1752068090.8475473,-0.1932806134223938,0.8648980498313904,-1.3288392186164857
1752068090.8490424,-0.19635664224624635,0.8670218944549561,-1.3273392558097838
1752068090.8511207,-0.19635664224624635,0.8670218944549561,-1.3273392558097838
1752068090.8532488,-0.19635664224624635,0.8670218944549561,-1.3273392558097838
1752068090.8587,-0.19635664224624635,0.8670218944549561,-1.3273392558097838
1752068090.8595746,-0.19635664224624635,0.8670218944549561,-1.3273392558097838
1752068090.8616312,-0.19991902112960816,0.8724580883979798,-1.3296857476234436
1752068090.8636837,-0.19991902112960816,0.8724580883979798,-1.3296857476234436
1752068090.8657477,-0.19991902112960816,0.8724580883979798,-1.3296857476234436
1752068090.8678224,-0.19494246244430544,0.8659117221832275,-1.3293548226356506
1752068090.8698845,-0.19494246244430544,0.8659117221832275,-1.3293548226356506
1752068090.8732028,-0.19494246244430544,0.8659117221832275,-1.3293548226356506
1752068090.8758671,-0.19494246244430544,0.8659117221832275,-1.3293548226356506
1752068090.877897,-0.19628716707229615,0.8655005097389221,-1.3255289912223815
1752068090.8799715,-0.19628716707229615,0.8655005097389221,-1.3255289912223815
1752068090.8820572,-0.19628716707229615,0.8655005097389221,-1.3255289912223815
1752068090.8841581,-0.19628716707229615,0.8655005097389221,-1.3255289912223815
1752068090.8864465,-0.19163256883621216,0.8640724062919617,-1.3273256182670594
1752068090.8894873,-0.19163256883621216,0.8640724062919617,-1.3273256182670594
1752068090.8914905,-0.19163256883621216,0.8640724062919617,-1.3273256182670594
1752068090.8935306,-0.19163256883621216,0.8640724062919617,-1.3273256182670594
1752068090.895524,-0.19277974367141726,0.8631925702095032,-1.3272671580314637
1752068090.897568,-0.19277974367141726,0.8631925702095032,-1.3272671580314637
1752068090.899649,-0.19277974367141726,0.8631925702095032,-1.3272671580314637
1752068090.901741,-0.19277974367141726,0.8631925702095032,-1.3272671580314637
1752068090.904543,-0.1926812767982483,0.8652244210243225,-1.3263738751411438
1752068090.9075403,-0.1926812767982483,0.8652244210243225,-1.3263738751411438
1752068090.909282,-0.1926812767982483,0.8652244210243225,-1.3263738751411438
1752068090.9114096,-0.1926812767982483,0.8652244210243225,-1.3263738751411438
1752068090.9134626,-0.19825054407119752,0.8664316058158875,-1.3266220688819885
1752068090.9155004,-0.19825054407119752,0.8664316058158875,-1.3266220688819885
1752068090.9175575,-0.19825054407119752,0.8664316058158875,-1.3266220688819885
1752068090.9198372,-0.19825054407119752,0.8664316058158875,-1.3266220688819885
1752068090.9237444,-0.1976922392845154,0.8690836191177369,-1.329399836063385
1752068090.925787,-0.1976922392845154,0.8690836191177369,-1.329399836063385
1752068090.927841,-0.1976922392845154,0.8690836191177369,-1.329399836063385
1752068090.9298894,-0.1976922392845154,0.8690836191177369,-1.329399836063385
1752068090.931956,-0.19721308946609498,0.865773344039917,-1.3301756501197814
1752068090.9340425,-0.19721308946609498,0.865773344039917,-1.3301756501197814
1752068090.936127,-0.19721308946609498,0.865773344039917,-1.3301756501197814
1752068090.941279,-0.19721308946609498,0.865773344039917,-1.3301756501197814
1752068090.9422438,-0.19721308946609498,0.865773344039917,-1.3301756501197814
1752068090.9442897,-0.20080603361129762,0.8684623837471008,-1.3293298602104187
1752068090.9463768,-0.20080603361129762,0.8684623837471008,-1.3293298602104187
1752068090.948509,-0.20080603361129762,0.8684623837471008,-1.3293298602104187
1752068090.9505064,-0.19716128110885622,0.8676074385643006,-1.3315504670143128
1752068090.9525635,-0.19716128110885622,0.8676074385643006,-1.3315504670143128
1752068090.9561052,-0.19716128110885622,0.8676074385643006,-1.3315504670143128
1752068090.9583576,-0.19716128110885622,0.8676074385643006,-1.3315504670143128
1752068090.960439,-0.19820016622543335,0.8652746915817261,-1.32791348695755
1752068090.962458,-0.19820016622543335,0.8652746915817261,-1.32791348695755
1752068090.9645064,-0.19820016622543335,0.8652746915817261,-1.32791348695755
1752068090.9665742,-0.19820016622543335,0.8652746915817261,-1.32791348695755
1752068090.9686503,-0.19525140523910522,0.8654129624366761,-1.3300160050392151
1752068090.9712803,-0.19525140523910522,0.8654129624366761,-1.3300160050392151
1752068090.9738219,-0.19525140523910522,0.8654129624366761,-1.3300160050392151
1752068090.9761257,-0.19525140523910522,0.8654129624366761,-1.3300160050392151
1752068090.9780111,-0.19841908216476442,0.8656421303749084,-1.326395857334137
1752068090.9800966,-0.19841908216476442,0.8656421303749084,-1.326395857334137
1752068090.9821854,-0.19841908216476442,0.8656421303749084,-1.326395857334137
1752068090.9842906,-0.19841908216476442,0.8656421303749084,-1.326395857334137
1752068090.986472,-0.19030576944351196,0.8595325946807861,-1.3282415986061096
1752068090.990239,-0.19030576944351196,0.8595325946807861,-1.3282415986061096
1752068090.9923403,-0.19030576944351196,0.8595325946807861,-1.3282415986061096
1752068090.994743,-0.19030576944351196,0.8595325946807861,-1.3282415986061096
1752068090.9963722,-0.1946989893913269,0.8706278562545777,-1.3250596165657043
1752068090.9984462,-0.1946989893913269,0.8706278562545777,-1.3250596165657043
1752068091.0005066,-0.1946989893913269,0.8706278562545777,-1.3250596165657043
1752068091.0030286,-0.1946989893913269,0.8706278562545777,-1.3250596165657043
1752068091.0066917,-0.1936435103416443,0.8651113986968995,-1.3270796418190003
1752068091.0087318,-0.1936435103416443,0.8651113986968995,-1.3270796418190003
1752068091.0107925,-0.1936435103416443,0.8651113986968995,-1.3270796418190003
1752068091.0131462,-0.1936435103416443,0.8651113986968995,-1.3270796418190003
1752068091.0149167,-0.1941869854927063,0.8648072004318238,-1.3271360993385315
1752068091.0170093,-0.1941869854927063,0.8648072004318238,-1.3271360993385315
1752068091.0190902,-0.1941869854927063,0.8648072004318238,-1.3271360993385315
1752068091.0232759,-0.1941869854927063,0.8648072004318238,-1.3271360993385315
1752068091.024999,-0.1941869854927063,0.8648072004318238,-1.3271360993385315
1752068091.0275135,-0.19797142744064333,0.8777369260787964,-1.3296101927757262
1752068091.029461,-0.19797142744064333,0.8777369260787964,-1.3296101927757262
1752068091.0318928,-0.19797142744064333,0.8777369260787964,-1.3296101927757262
1752068091.033575,-0.19654005765914917,0.8670928716659546,-1.3276954531669616
1752068091.0356567,-0.19654005765914917,0.8670928716659546,-1.3276954531669616
1752068091.0380993,-0.19654005765914917,0.8670928716659546,-1.3276954531669616
1752068091.04222,-0.19654005765914917,0.8670928716659546,-1.3276954531669616
1752068091.0436263,-0.19662164449691774,0.8642672300338745,-1.3259541869163514
1752068091.0456991,-0.19662164449691774,0.8642672300338745,-1.3259541869163514
1752068091.047782,-0.19662164449691774,0.8642672300338745,-1.3259541869163514
1752068091.050181,-0.19662164449691774,0.8642672300338745,-1.3259541869163514
1752068091.0519612,-0.19331754446029664,0.8614846825599671,-1.3279395699501038
1752068091.0540981,-0.19331754446029664,0.8614846825599671,-1.3279395699501038
1752068091.0576746,-0.19331754446029664,0.8614846825599671,-1.3279395699501038
1752068091.0598576,-0.19331754446029664,0.8614846825599671,-1.3279395699501038
1752068091.061479,-0.19339498281478884,0.8633469104766847,-1.3295525193214417
1752068091.063517,-0.19339498281478884,0.8633469104766847,-1.3295525193214417
1752068091.0655687,-0.19339498281478884,0.8633469104766847,-1.3295525193214417
1752068091.0679512,-0.19339498281478884,0.8633469104766847,-1.3295525193214417
1752068091.069833,-0.1940189003944397,0.8640860557556153,-1.3306271195411683
1752068091.0719955,-0.1940189003944397,0.8640860557556153,-1.3306271195411683
1752068091.0740688,-0.1940189003944397,0.8640860557556153,-1.3306271195411683
1752068091.0767424,-0.1940189003944397,0.8640860557556153,-1.3306271195411683
1752068091.0785453,-0.1939827561378479,0.864577066898346,-1.3292389988899231
1752068091.0805867,-0.1939827561378479,0.864577066898346,-1.3292389988899231
1752068091.0826733,-0.1939827561378479,0.864577066898346,-1.3292389988899231
1752068091.0847795,-0.1939827561378479,0.864577066898346,-1.3292389988899231
1752068091.0868635,-0.19576889276504517,0.8652995347976685,-1.3273966193199158
1752068091.0889812,-0.19576889276504517,0.8652995347976685,-1.3273966193199158
1752068091.0912082,-0.19576889276504517,0.8652995347976685,-1.3273966193199158
1752068091.0931044,-0.19576889276504517,0.8652995347976685,-1.3273966193199158
1752068091.095151,-0.19022022485733034,0.8607263922691346,-1.32642103433609
1752068091.097249,-0.19022022485733034,0.8607263922691346,-1.32642103433609
1752068091.0993307,-0.19022022485733034,0.8607263922691346,-1.32642103433609
1752068091.101424,-0.19022022485733034,0.8607263922691346,-1.32642103433609
1752068091.1034226,-0.19680987596511842,0.867655873298645,-1.3263251900672912
1752068091.1057158,-0.19680987596511842,0.867655873298645,-1.3263251900672912
1752068091.1081185,-0.19680987596511842,0.867655873298645,-1.3263251900672912
1752068091.1098669,-0.19680987596511842,0.867655873298645,-1.3263251900672912
1752068091.111935,-0.19638322591781618,0.8669070720672608,-1.3291409373283387
1752068091.1140287,-0.19638322591781618,0.8669070720672608,-1.3291409373283387
1752068091.1161132,-0.19638322591781618,0.8669070720672608,-1.3291409373283387
1752068091.1182115,-0.19638322591781618,0.8669070720672608,-1.3291409373283387
1752068091.12038,-0.19529439210891725,0.8661659121513368,-1.3295849442481995
1752068091.123966,-0.19529439210891725,0.8661659121513368,-1.3295849442481995
1752068091.1259532,-0.19529439210891725,0.8661659121513368,-1.3295849442481995
1752068091.1280398,-0.19529439210891725,0.8661659121513368,-1.3295849442481995
1752068091.1301236,-0.1951799988746643,0.8703028798103333,-1.32917662858963
1752068091.1322074,-0.1951799988746643,0.8703028798103333,-1.32917662858963
1752068091.1342957,-0.1951799988746643,0.8703028798103333,-1.32917662858963
1752068091.136458,-0.1951799988746643,0.8703028798103333,-1.32917662858963
1752068091.141504,-0.19604462385177612,0.8675506234169007,-1.3298483490943909
1752068091.1433997,-0.19604462385177612,0.8675506234169007,-1.3298483490943909
1752068091.1454575,-0.19604462385177612,0.8675506234169007,-1.3298483490943909
1752068091.1475203,-0.19604462385177612,0.8675506234169007,-1.3298483490943909
1752068091.149567,-0.19463142156600954,0.8640197634696961,-1.3285332322120667
1752068091.151623,-0.19463142156600954,0.8640197634696961,-1.3285332322120667
1752068091.1538534,-0.19463142156600954,0.8640197634696961,-1.3285332322120667
1752068091.1577904,-0.19463142156600954,0.8640197634696961,-1.3285332322120667
1752068091.1593792,-0.19463142156600954,0.8640197634696961,-1.3285332322120667
1752068091.1613774,-0.19455240964889528,0.8665406942367554,-1.3273648858070373
1752068091.1634536,-0.19455240964889528,0.8665406942367554,-1.3273648858070373
1752068091.1659052,-0.19455240964889528,0.8665406942367554,-1.3273648858070373
1752068091.167568,-0.19450160264968874,0.8669580936431885,-1.3286609292030334
1752068091.16974,-0.19450160264968874,0.8669580936431885,-1.3286609292030334
1752068091.1734014,-0.19450160264968874,0.8669580936431885,-1.3286609292030334
1752068091.176417,-0.19450160264968874,0.8669580936431885,-1.3286609292030334
1752068091.178435,-0.19250553846359253,0.8609840989112855,-1.3283337712287904
1752068091.1804519,-0.19250553846359253,0.8609840989112855,-1.3283337712287904
1752068091.182517,-0.19250553846359253,0.8609840989112855,-1.3283337712287904
1752068091.184576,-0.19250553846359253,0.8609840989112855,-1.3283337712287904
1752068091.1866455,-0.19239379167556764,0.8621139526367188,-1.3276010155677795
1752068091.1889567,-0.19239379167556764,0.8621139526367188,-1.3276010155677795
1752068091.1922321,-0.19239379167556764,0.8621139526367188,-1.3276010155677795
1752068091.1940775,-0.19239379167556764,0.8621139526367188,-1.3276010155677795
1752068091.196147,-0.19072264432907104,0.8633728265762329,-1.3293007969856263
1752068091.1982443,-0.19072264432907104,0.8633728265762329,-1.3293007969856263
1752068091.200323,-0.19072264432907104,0.8633728265762329,-1.3293007969856263
1752068091.202417,-0.19072264432907104,0.8633728265762329,-1.3293007969856263
1752068091.2075074,-0.19425708055496216,0.8669488191604615,-1.3319474816322328
1752068091.2083983,-0.19425708055496216,0.8669488191604615,-1.3319474816322328
1752068091.2104568,-0.19425708055496216,0.8669488191604615,-1.3319474816322328
1752068091.213114,-0.19425708055496216,0.8669488191604615,-1.3319474816322328
1752068091.2145753,-0.1968459725379944,0.8661344885826111,-1.3310610413551331
1752068091.216654,-0.1968459725379944,0.8661344885826111,-1.3310610413551331
1752068091.2187405,-0.1968459725379944,0.8661344885826111,-1.3310610413551331
1752068091.2213395,-0.1968459725379944,0.8661344885826111,-1.3310610413551331
1752068091.2232902,-0.19126070737838746,0.8621996521949769,-1.3315655589103699
1752068091.2268908,-0.19126070737838746,0.8621996521949769,-1.3315655589103699
1752068091.2288733,-0.19126070737838746,0.8621996521949769,-1.3315655589103699
1752068091.2315657,-0.19126070737838746,0.8621996521949769,-1.3315655589103699
1752068091.2330434,-0.19418705701828004,0.8601548433303834,-1.32467440366745
1752068091.2351258,-0.19418705701828004,0.8601548433303834,-1.32467440366745
1752068091.2373679,-0.19418705701828004,0.8601548433303834,-1.32467440366745
1752068091.2405405,-0.19418705701828004,0.8601548433303834,-1.32467440366745
1752068091.2433777,-0.18696078062057497,0.8564715027809143,-1.3267298817634583
1752068091.2454014,-0.18696078062057497,0.8564715027809143,-1.3267298817634583
1752068091.2474556,-0.18696078062057497,0.8564715027809143,-1.3267298817634583
1752068091.2499788,-0.18696078062057497,0.8564715027809143,-1.3267298817634583
1752068091.2515626,-0.18997548818588259,0.8614281177520753,-1.3241009831428527
1752068091.2536268,-0.18997548818588259,0.8614281177520753,-1.3241009831428527
1752068091.2559578,-0.18997548818588259,0.8614281177520753,-1.3241009831428527
1752068091.2594714,-0.18997548818588259,0.8614281177520753,-1.3241009831428527
1752068091.2614155,-0.19158953428268433,0.8669618368148804,-1.3217489123344421
1752068091.2634492,-0.19158953428268433,0.8669618368148804,-1.3217489123344421
1752068091.2655153,-0.19158953428268433,0.8669618368148804,-1.3217489123344421
1752068091.267574,-0.19158953428268433,0.8669618368148804,-1.3217489123344421
1752068091.269859,-0.18851836919784548,0.8617584943771363,-1.3278556704521178
1752068091.272032,-0.18851836919784548,0.8617584943771363,-1.3278556704521178
1752068091.275605,-0.18851836919784548,0.8617584943771363,-1.3278556704521178
1752068091.2775815,-0.18851836919784548,0.8617584943771363,-1.3278556704521178
1752068091.2796218,-0.19738236665725709,0.8654466032981873,-1.3289409518241881
1752068091.281691,-0.19738236665725709,0.8654466032981873,-1.3289409518241881
1752068091.2837791,-0.19738236665725709,0.8654466032981873,-1.3289409518241881
1752068091.2858746,-0.19738236665725709,0.8654466032981873,-1.3289409518241881
1752068091.2895718,-0.1981809973716736,0.8665594935417176,-1.3263922810554505
1752068091.2926922,-0.1981809973716736,0.8665594935417176,-1.3263922810554505
1752068091.2946732,-0.1981809973716736,0.8665594935417176,-1.3263922810554505
1752068091.2967672,-0.1981809973716736,0.8665594935417176,-1.3263922810554505
1752068091.2988427,-0.19543339014053346,0.867676043510437,-1.3274449944496154
1752068091.30093,-0.19543339014053346,0.867676043510437,-1.3274449944496154
1752068091.3030748,-0.19543339014053346,0.867676043510437,-1.3274449944496154
1752068091.3074598,-0.19543339014053346,0.867676043510437,-1.3274449944496154
1752068091.3097634,-0.20100094079971315,0.8669292688369752,-1.3293045163154602
1752068091.3118222,-0.20100094079971315,0.8669292688369752,-1.3293045163154602
1752068091.313909,-0.20100094079971315,0.8669292688369752,-1.3293045163154602
1752068091.3165028,-0.20100094079971315,0.8669292688369752,-1.3293045163154602
1752068091.318079,-0.1985058665275574,0.8676816463470459,-1.3310032486915588
1752068091.320153,-0.1985058665275574,0.8676816463470459,-1.3310032486915588
1752068091.3244562,-0.1985058665275574,0.8676816463470459,-1.3310032486915588
1752068091.326985,-0.1985058665275574,0.8676816463470459,-1.3310032486915588
1752068091.3285666,-0.19917672872543335,0.8689975619316102,-1.3306273579597474
1752068091.330658,-0.19917672872543335,0.8689975619316102,-1.3306273579597474
1752068091.3328207,-0.19917672872543335,0.8689975619316102,-1.3306273579597474
1752068091.335294,-0.19917672872543335,0.8689975619316102,-1.3306273579597474
1752068091.336995,-0.19655684232711793,0.8686064839363099,-1.3303006291389465
1752068091.341466,-0.19655684232711793,0.8686064839363099,-1.3303006291389465
1752068091.3426974,-0.19655684232711793,0.8686064839363099,-1.3303006291389465
1752068091.3447688,-0.19655684232711793,0.8686064839363099,-1.3303006291389465
1752068091.346833,-0.19658433198928835,0.8707501411437989,-1.3320454001426696
1752068091.3489206,-0.19658433198928835,0.8707501411437989,-1.3320454001426696
1752068091.351003,-0.19658433198928835,0.8707501411437989,-1.3320454001426696
1752068091.3531456,-0.19658433198928835,0.8707501411437989,-1.3320454001426696
1752068091.3557115,-0.19658433198928835,0.8707501411437989,-1.3320454001426696
1752068091.3590705,-0.1982243895530701,0.8713829994201661,-1.33274804353714
1752068091.3610656,-0.1982243895530701,0.8713829994201661,-1.33274804353714
1752068091.3636687,-0.1982243895530701,0.8713829994201661,-1.33274804353714
1752068091.3652377,-0.19405633211135864,0.8655459642410279,-1.3310933470726014
1752068091.3673234,-0.19405633211135864,0.8655459642410279,-1.3310933470726014
1752068091.3694124,-0.19405633211135864,0.8655459642410279,-1.3310933470726014
1752068091.3740535,-0.19405633211135864,0.8655459642410279,-1.3310933470726014
1752068091.3750348,-0.19405633211135864,0.8655459642410279,-1.3310933470726014
1752068091.3770738,-0.19109302759170532,0.8601953387260437,-1.3252434849739074
1752068091.3791542,-0.19109302759170532,0.8601953387260437,-1.3252434849739074
1752068091.3812551,-0.19109302759170532,0.8601953387260437,-1.3252434849739074
1752068091.3833303,-0.19228552579879762,0.8571717143058777,-1.3208472371101379
1752068091.3854194,-0.19228552579879762,0.8571717143058777,-1.3208472371101379
1752068091.388143,-0.19228552579879762,0.8571717143058777,-1.3208472371101379
1752068091.3914087,-0.19228552579879762,0.8571717143058777,-1.3208472371101379
1752068091.393382,-0.19372953176498414,0.8602386474609376,-1.3232669234275818
1752068091.3954573,-0.19372953176498414,0.8602386474609376,-1.3232669234275818
1752068091.3975098,-0.19372953176498414,0.8602386474609376,-1.3232669234275818
1752068091.399577,-0.19372953176498414,0.8602386474609376,-1.3232669234275818
1752068091.4016533,-0.1922665238380432,0.8658857583999634,-1.327440369129181
1752068091.4047427,-0.1922665238380432,0.8658857583999634,-1.327440369129181
1752068091.4081087,-0.1922665238380432,0.8658857583999634,-1.327440369129181
1752068091.4101152,-0.1922665238380432,0.8658857583999634,-1.327440369129181
1752068091.4121957,-0.19483278989791872,0.865996527671814,-1.3253867506980896
1752068091.4142742,-0.19483278989791872,0.865996527671814,-1.3253867506980896
1752068091.4163632,-0.19483278989791872,0.865996527671814,-1.3253867506980896
1752068091.4184518,-0.19483278989791872,0.865996527671814,-1.3253867506980896
1752068091.4226472,-0.19985982179641726,0.868868362903595,-1.3272915005683898
1752068091.424947,-0.19985982179641726,0.868868362903595,-1.3272915005683898
1752068091.4270003,-0.19985982179641726,0.868868362903595,-1.3272915005683898
1752068091.429048,-0.19985982179641726,0.868868362903595,-1.3272915005683898
1752068091.4311185,-0.19746159315109255,0.8704404950141907,-1.3286181569099427
1752068091.433212,-0.19746159315109255,0.8704404950141907,-1.3286181569099427
1752068091.4352982,-0.19746159315109255,0.8704404950141907,-1.3286181569099427
1752068091.4374347,-0.19746159315109255,0.8704404950141907,-1.3286181569099427
1752068091.4425936,-0.19746159315109255,0.8704404950141907,-1.3286181569099427
1752068091.4439387,-0.19878500699996948,0.8683749556541444,-1.3304781556129455
1752068091.4460151,-0.19878500699996948,0.8683749556541444,-1.3304781556129455
1752068091.4485698,-0.19878500699996948,0.8683749556541444,-1.3304781556129455
1752068091.4501896,-0.197706401348114,0.8714603543281556,-1.3325374722480774
1752068091.4522827,-0.197706401348114,0.8714603543281556,-1.3325374722480774
1752068091.4546394,-0.197706401348114,0.8714603543281556,-1.3325374722480774
1752068091.4576604,-0.197706401348114,0.8714603543281556,-1.3325374722480774
1752068091.4601185,-0.19947465658187868,0.8701089262962342,-1.3306972861289978
1752068091.4621747,-0.19947465658187868,0.8701089262962342,-1.3306972861289978
1752068091.4642632,-0.19947465658187868,0.8701089262962342,-1.3306972861289978
1752068091.466359,-0.19947465658187868,0.8701089262962342,-1.3306972861289978
1752068091.46844,-0.19852322340011597,0.8672322511672974,-1.3287806630134582
1752068091.4705374,-0.19852322340011597,0.8672322511672974,-1.3287806630134582
1752068091.4745224,-0.19852322340011597,0.8672322511672974,-1.3287806630134582
1752068091.4765801,-0.19852322340011597,0.8672322511672974,-1.3287806630134582
1752068091.4791012,-0.20040255784988403,0.8669604420661927,-1.327104389667511
1752068091.4811947,-0.20040255784988403,0.8669604420661927,-1.327104389667511
1752068091.4832718,-0.20040255784988403,0.8669604420661927,-1.327104389667511
1752068091.4857378,-0.20040255784988403,0.8669604420661927,-1.327104389667511
1752068091.4892344,-0.19623945951461794,0.8629162311553955,-1.3266210198402404
1752068091.4917006,-0.19623945951461794,0.8629162311553955,-1.3266210198402404
1752068091.493678,-0.19623945951461794,0.8629162311553955,-1.3266210198402404
1752068091.4962542,-0.19623945951461794,0.8629162311553955,-1.3266210198402404
1752068091.497855,-0.19950159788131716,0.8682793498039246,-1.3300278544425965
1752068091.499935,-0.19950159788131716,0.8682793498039246,-1.3300278544425965
1752068091.502022,-0.19950159788131716,0.8682793498039246,-1.3300278544425965
1752068091.504746,-0.19950159788131716,0.8682793498039246,-1.3300278544425965
1752068091.5088406,-0.19950159788131716,0.8682793498039246,-1.3300278544425965
1752068091.5108666,-0.19485806226730348,0.8660197734832764,-1.333483374118805
1752068091.5129278,-0.19485806226730348,0.8660197734832764,-1.333483374118805
1752068091.5155628,-0.19485806226730348,0.8660197734832764,-1.333483374118805
1752068091.5170996,-0.19653013944625855,0.8642850399017334,-1.329216229915619
1752068091.5191905,-0.19653013944625855,0.8642850399017334,-1.329216229915619
1752068091.522579,-0.19653013944625855,0.8642850399017334,-1.329216229915619
1752068091.5262427,-0.19653013944625855,0.8642850399017334,-1.329216229915619
1752068091.527692,-0.1956768870353699,0.8636851429939271,-1.32765394449234
1752068091.5298064,-0.1956768870353699,0.8636851429939271,-1.32765394449234
1752068091.5318744,-0.1956768870353699,0.8636851429939271,-1.32765394449234
1752068091.5339704,-0.1956768870353699,0.8636851429939271,-1.32765394449234
1752068091.536206,-0.19750145673751832,0.8688145399093629,-1.3305419087409973
1752068091.538896,-0.19750145673751832,0.8688145399093629,-1.3305419087409973
1752068091.542184,-0.19750145673751832,0.8688145399093629,-1.3305419087409973
1752068091.5441935,-0.19750145673751832,0.8688145399093629,-1.3305419087409973
1752068091.5462573,-0.19728835821151736,0.876002061367035,-1.3310729146003724
1752068091.5483487,-0.19728835821151736,0.876002061367035,-1.3310729146003724
1752068091.550425,-0.19728835821151736,0.876002061367035,-1.3310729146003724
1752068091.5524573,-0.19728835821151736,0.876002061367035,-1.3310729146003724
1752068091.5552168,-0.2007557511329651,0.8701400041580201,-1.3319652199745178
1752068091.5587578,-0.2007557511329651,0.8701400041580201,-1.3319652199745178
1752068091.5606692,-0.2007557511329651,0.8701400041580201,-1.3319652199745178
1752068091.5633595,-0.2007557511329651,0.8701400041580201,-1.3319652199745178
1752068091.5648313,-0.1992155194282532,0.8669670462608338,-1.3366905808448792
1752068091.5669186,-0.1992155194282532,0.8669670462608338,-1.3366905808448792
1752068091.5690112,-0.1992155194282532,0.8669670462608338,-1.3366905808448792
1752068091.5741057,-0.1992155194282532,0.8669670462608338,-1.3366905808448792
1752068091.5791898,-0.19856001138687135,0.8702452421188355,-1.3335247874259948
1752068091.5812135,-0.19856001138687135,0.8702452421188355,-1.3335247874259948
1752068091.5833066,-0.19856001138687135,0.8702452421188355,-1.3335247874259948
1752068091.585912,-0.19856001138687135,0.8702452421188355,-1.3335247874259948
1752068091.5874887,-0.20097659826278688,0.8738895773887635,-1.332566249370575
1752068091.5895839,-0.20097659826278688,0.8738895773887635,-1.332566249370575
1752068091.5930767,-0.20097659826278688,0.8738895773887635,-1.332566249370575
1752068091.5955677,-0.20097659826278688,0.8738895773887635,-1.332566249370575
1752068091.5971496,-0.19821857213974,0.8711183428764344,-1.329644548892975
1752068091.599246,-0.19821857213974,0.8711183428764344,-1.329644548892975
1752068091.601327,-0.19821857213974,0.8711183428764344,-1.329644548892975
1752068091.6033928,-0.19821857213974,0.8711183428764344,-1.329644548892975
1752068091.6071732,-0.19821857213974,0.8711183428764344,-1.329644548892975
1752068091.6095767,-0.20007513761520387,0.8708853840827943,-1.3310598492622376
1752068091.6115825,-0.20007513761520387,0.8708853840827943,-1.3310598492622376
1752068091.614121,-0.20007513761520387,0.8708853840827943,-1.3310598492622376
1752068091.6157448,-0.19595710039138795,0.8680682301521302,-1.3303187489509583
1752068091.617833,-0.19595710039138795,0.8680682301521302,-1.3303187489509583
1752068091.6199756,-0.19595710039138795,0.8680682301521302,-1.3303187489509583
1752068091.623521,-0.19595710039138795,0.8680682301521302,-1.3303187489509583
1752068091.625833,-0.19933327436447146,0.8681944012641907,-1.3302149891853332
1752068091.627919,-0.19933327436447146,0.8681944012641907,-1.3302149891853332
1752068091.629972,-0.19933327436447146,0.8681944012641907,-1.3302149891853332
1752068091.6325302,-0.19933327436447146,0.8681944012641907,-1.3302149891853332
1752068091.634142,-0.19670296907424928,0.8670809149742127,-1.3309475302696228
1752068091.636371,-0.19670296907424928,0.8670809149742127,-1.3309475302696228
1752068091.638743,-0.19670296907424928,0.8670809149742127,-1.3309475302696228
1752068091.6421542,-0.19670296907424928,0.8670809149742127,-1.3309475302696228
1752068091.643996,-0.19887548685073853,0.8704637885093689,-1.3286782383918763
1752068091.6460824,-0.19887548685073853,0.8704637885093689,-1.3286782383918763
1752068091.648164,-0.19887548685073853,0.8704637885093689,-1.3286782383918763
1752068091.650262,-0.19887548685073853,0.8704637885093689,-1.3286782383918763
1752068091.6523402,-0.19640480279922487,0.8669644951820374,-1.329369556903839
1752068091.6544442,-0.19640480279922487,0.8669644951820374,-1.329369556903839
1752068091.6587653,-0.19640480279922487,0.8669644951820374,-1.329369556903839
1752068091.6607382,-0.19640480279922487,0.8669644951820374,-1.329369556903839
1752068091.6628177,-0.19814440011978152,0.8709477186203003,-1.3292879700660705
1752068091.6648946,-0.19814440011978152,0.8709477186203003,-1.3292879700660705
1752068091.6669815,-0.19814440011978152,0.8709477186203003,-1.3292879700660705
1752068091.669075,-0.19814440011978152,0.8709477186203003,-1.3292879700660705
1752068091.6711733,-0.1965159296989441,0.8598507046699524,-1.3293923735618591
1752068091.6733236,-0.1965159296989441,0.8598507046699524,-1.3293923735618591
1752068091.6766045,-0.1965159296989441,0.8598507046699524,-1.3293923735618591
1752068091.6785731,-0.1965159296989441,0.8598507046699524,-1.3293923735618591
1752068091.6806154,-0.19334403276443482,0.8573278665542603,-1.324804437160492
1752068091.6827092,-0.19334403276443482,0.8573278665542603,-1.324804437160492
1752068091.684782,-0.19334403276443482,0.8573278665542603,-1.324804437160492
1752068091.6869178,-0.19334403276443482,0.8573278665542603,-1.324804437160492
1752068091.6900551,-0.19334403276443482,0.8573278665542603,-1.324804437160492
1752068091.6929815,-0.19499462842941284,0.8661432027816773,-1.3259976983070374
1752068091.6950111,-0.19499462842941284,0.8661432027816773,-1.3259976983070374
1752068091.6971083,-0.19499462842941284,0.8661432027816773,-1.3259976983070374
1752068091.6991851,-0.19728020429611207,0.8686163067817688,-1.3284787297248841
1752068091.701271,-0.19728020429611207,0.8686163067817688,-1.3284787297248841
1752068091.703333,-0.19728020429611207,0.8686163067817688,-1.3284787297248841
1752068091.706332,-0.19728020429611207,0.8686163067817688,-1.3284787297248841
1752068091.7088392,-0.20229543447494508,0.868420422077179,-1.3278947472572327
1752068091.7107835,-0.20229543447494508,0.868420422077179,-1.3278947472572327
1752068091.7128692,-0.20229543447494508,0.868420422077179,-1.3278947472572327
1752068091.7149632,-0.20229543447494508,0.868420422077179,-1.3278947472572327
1752068091.7170408,-0.19415429830551148,0.8655732870101929,-1.331492292881012
1752068091.7191317,-0.19415429830551148,0.8655732870101929,-1.331492292881012
1752068091.7215035,-0.19415429830551148,0.8655732870101929,-1.331492292881012
1752068091.7250276,-0.19415429830551148,0.8655732870101929,-1.331492292881012
1752068091.726896,-0.19646590948104858,0.8615358114242554,-1.3239362835884094
1752068091.7289972,-0.19646590948104858,0.8615358114242554,-1.3239362835884094
1752068091.731077,-0.19646590948104858,0.8615358114242554,-1.3239362835884094
1752068091.7331226,-0.19646590948104858,0.8615358114242554,-1.3239362835884094
1752068091.7352083,-0.1961334824562073,0.8637783169746399,-1.326158607006073
1752068091.7374947,-0.1961334824562073,0.8637783169746399,-1.326158607006073
1752068091.741239,-0.1961334824562073,0.8637783169746399,-1.326158607006073
1752068091.7431474,-0.1961334824562073,0.8637783169746399,-1.326158607006073
1752068091.7452214,-0.19799069166183472,0.8724756836891174,-1.3284232497215271
1752068091.7473123,-0.19799069166183472,0.8724756836891174,-1.3284232497215271
1752068091.7493954,-0.19799069166183472,0.8724756836891174,-1.3284232497215271
1752068091.7514575,-0.19799069166183472,0.8724756836891174,-1.3284232497215271
1752068091.7535439,-0.19522863626480103,0.8664107084274293,-1.3279359936714172
1752068091.755738,-0.19522863626480103,0.8664107084274293,-1.3279359936714172
1752068091.7589653,-0.19522863626480103,0.8664107084274293,-1.3279359936714172
1752068091.7608523,-0.19522863626480103,0.8664107084274293,-1.3279359936714172
1752068091.7629056,-0.19857672452926636,0.8671145915985108,-1.3277098298072816
1752068091.7649977,-0.19857672452926636,0.8671145915985108,-1.3277098298072816
1752068091.7670853,-0.19857672452926636,0.8671145915985108,-1.3277098298072816
1752068091.7691948,-0.19857672452926636,0.8671145915985108,-1.3277098298072816
1752068091.7714946,-0.20337754487991333,0.8706023812294007,-1.3313476681709289
1752068091.7746084,-0.20337754487991333,0.8706023812294007,-1.3313476681709289
1752068091.777446,-0.20337754487991333,0.8706023812294007,-1.3313476681709289
1752068091.7794635,-0.20337754487991333,0.8706023812294007,-1.3313476681709289
1752068091.781512,-0.1990108370780945,0.8685869574546814,-1.3316370606422425
1752068091.783563,-0.1990108370780945,0.8685869574546814,-1.3316370606422425
1752068091.785647,-0.1990108370780945,0.8685869574546814,-1.3316370606422425
1752068091.7896318,-0.1990108370780945,0.8685869574546814,-1.3316370606422425
1752068091.7924635,-0.1930275321006775,0.8635494709014893,-1.3301986575126648
1752068091.7944555,-0.1930275321006775,0.8635494709014893,-1.3301986575126648
1752068091.796516,-0.1930275321006775,0.8635494709014893,-1.3301986575126648
1752068091.798582,-0.1930275321006775,0.8635494709014893,-1.3301986575126648
1752068091.800658,-0.19591127634048464,0.8653696417808533,-1.326919710636139
1752068091.8030467,-0.19591127634048464,0.8653696417808533,-1.326919710636139
1752068091.8055022,-0.19591127634048464,0.8653696417808533,-1.326919710636139
1752068091.8086147,-0.19591127634048464,0.8653696417808533,-1.326919710636139
1752068091.810446,-0.1962877154350281,0.8661165118217469,-1.3280813336372375
1752068091.8125079,-0.1962877154350281,0.8661165118217469,-1.3280813336372375
1752068091.8145647,-0.1962877154350281,0.8661165118217469,-1.3280813336372375
1752068091.8166385,-0.1962877154350281,0.8661165118217469,-1.3280813336372375
1752068091.8187072,-0.19892793893814087,0.8674756169319153,-1.3262869477272035
1752068091.8208516,-0.19892793893814087,0.8674756169319153,-1.3262869477272035
1752068091.8238976,-0.19892793893814087,0.8674756169319153,-1.3262869477272035
1752068091.826029,-0.19892793893814087,0.8674756169319153,-1.3262869477272035
1752068091.8277328,-0.19246042966842652,0.8642776727676392,-1.3314648270606995
1752068091.8298132,-0.19246042966842652,0.8642776727676392,-1.3314648270606995
1752068091.8319004,-0.19246042966842652,0.8642776727676392,-1.3314648270606995
1752068091.834293,-0.19246042966842652,0.8642776727676392,-1.3314648270606995
1752068091.8360853,-0.19752708673477173,0.8655561089515686,-1.3292530655860901
1752068091.8386068,-0.19752708673477173,0.8655561089515686,-1.3292530655860901
1752068091.8415499,-0.19752708673477173,0.8655561089515686,-1.3292530655860901
1752068091.8438563,-0.19752708673477173,0.8655561089515686,-1.3292530655860901
1752068091.8455188,-0.19490286111831667,0.8636557698249817,-1.3298499226570129
1752068091.8475878,-0.19490286111831667,0.8636557698249817,-1.3298499226570129
1752068091.8496592,-0.19490286111831667,0.8636557698249817,-1.3298499226570129
1752068091.8520484,-0.19490286111831667,0.8636557698249817,-1.3298499226570129
1752068091.8539054,-0.19398020505905153,0.8617817640304566,-1.329231822490692
1752068091.8564868,-0.19398020505905153,0.8617817640304566,-1.329231822490692
1752068091.8586304,-0.19398020505905153,0.8617817640304566,-1.329231822490692
1752068091.8609488,-0.19398020505905153,0.8617817640304566,-1.329231822490692
1752068091.862712,-0.19820433855056763,0.868343460559845,-1.3281468749046326
1752068091.8647888,-0.19820433855056763,0.868343460559845,-1.3281468749046326
1752068091.866877,-0.19820433855056763,0.868343460559845,-1.3281468749046326
1752068091.8692691,-0.19820433855056763,0.868343460559845,-1.3281468749046326
1752068091.871237,-0.19587010145187378,0.866563892364502,-1.3300012230873108
1752068091.873951,-0.19587010145187378,0.866563892364502,-1.3300012230873108
1752068091.8759515,-0.19587010145187378,0.866563892364502,-1.3300012230873108
1752068091.8783429,-0.19587010145187378,0.866563892364502,-1.3300012230873108
1752068091.8801105,-0.19807549715042116,0.8718774437904359,-1.330544912815094
1752068091.882202,-0.19807549715042116,0.8718774437904359,-1.330544912815094
1752068091.884293,-0.19807549715042116,0.8718774437904359,-1.330544912815094
1752068091.886385,-0.19807549715042116,0.8718774437904359,-1.330544912815094
1752068091.8903484,-0.19915143251419068,0.8695549726486207,-1.330349051952362
1752068091.892329,-0.19915143251419068,0.8695549726486207,-1.330349051952362
1752068091.8944063,-0.19915143251419068,0.8695549726486207,-1.330349051952362
1752068091.8964658,-0.19915143251419068,0.8695549726486207,-1.330349051952362
1752068091.8985195,-0.19872990846633912,0.869905412197113,-1.3296284794807434
1752068091.9005718,-0.19872990846633912,0.869905412197113,-1.3296284794807434
1752068091.9027193,-0.19872990846633912,0.869905412197113,-1.3296284794807434
1752068091.9067616,-0.19872990846633912,0.869905412197113,-1.3296284794807434
1752068091.9084225,-0.19872990846633912,0.869905412197113,-1.3296284794807434
1752068091.9103863,-0.19783853292465212,0.8616143107414246,-1.3274246335029602
1752068091.9124558,-0.19783853292465212,0.8616143107414246,-1.3274246335029602
1752068091.9149165,-0.19783853292465212,0.8616143107414246,-1.3274246335029602
1752068091.9165735,-0.19821285009384157,0.8622257471084596,-1.327848446369171
1752068091.9186308,-0.19821285009384157,0.8622257471084596,-1.327848446369171
1752068091.9211357,-0.19821285009384157,0.8622257471084596,-1.327848446369171
1752068091.9254165,-0.19821285009384157,0.8622257471084596,-1.327848446369171
1752068091.926949,-0.1985540509223938,0.868240761756897,-1.3284296154975892
1752068091.9290354,-0.1985540509223938,0.868240761756897,-1.3284296154975892
1752068091.9311235,-0.1985540509223938,0.868240761756897,-1.3284296154975892
1752068091.9335136,-0.1985540509223938,0.868240761756897,-1.3284296154975892
1752068091.9353073,-0.19657846689224245,0.8686981916427613,-1.327642548084259
1752068091.9374118,-0.19657846689224245,0.8686981916427613,-1.327642548084259
1752068091.9395413,-0.19657846689224245,0.8686981916427613,-1.327642548084259
1752068091.9425008,-0.19657846689224245,0.8686981916427613,-1.327642548084259
1752068091.9441688,-0.19909340143203735,0.8714972376823426,-1.3310280442237854
1752068091.9462528,-0.19909340143203735,0.8714972376823426,-1.3310280442237854
1752068091.9483294,-0.19909340143203735,0.8714972376823426,-1.3310280442237854
1752068091.9507065,-0.19909340143203735,0.8714972376823426,-1.3310280442237854
1752068091.9524574,-0.19761520624160767,0.8630719304084778,-1.3321245789527894
1752068091.9562793,-0.19761520624160767,0.8630719304084778,-1.3321245789527894
1752068091.9581492,-0.19761520624160767,0.8630719304084778,-1.3321245789527894
1752068091.960542,-0.19761520624160767,0.8630719304084778,-1.3321245789527894
1752068091.9622872,-0.19737125635147096,0.8631184339523316,-1.3280285954475404
1752068091.9643602,-0.19737125635147096,0.8631184339523316,-1.3280285954475404
1752068091.966443,-0.19737125635147096,0.8631184339523316,-1.3280285954475404
1752068091.9688106,-0.19737125635147096,0.8631184339523316,-1.3280285954475404
1752068091.970646,-0.19659548997879028,0.8703828692436218,-1.3294135928153992
1752068091.972765,-0.19659548997879028,0.8703828692436218,-1.3294135928153992
1752068091.9751644,-0.19659548997879028,0.8703828692436218,-1.3294135928153992
1752068091.9774957,-0.19659548997879028,0.8703828692436218,-1.3294135928153992
1752068091.9793856,-0.19421902894973755,0.8685501098632813,-1.332445204257965
1752068091.9814527,-0.19421902894973755,0.8685501098632813,-1.332445204257965
1752068091.983511,-0.19421902894973755,0.8685501098632813,-1.332445204257965
1752068091.9858735,-0.19421902894973755,0.8685501098632813,-1.332445204257965
1752068091.987765,-0.19729014635086062,0.8747931122779846,-1.3315540909767152
1752068091.9911685,-0.19729014635086062,0.8747931122779846,-1.3315540909767152
1752068091.9931712,-0.19729014635086062,0.8747931122779846,-1.3315540909767152
1752068091.9956024,-0.19729014635086062,0.8747931122779846,-1.3315540909767152
1752068091.9973226,-0.1996270537376404,0.867734718322754,-1.3291293263435364
1752068091.9994063,-0.1996270537376404,0.867734718322754,-1.3291293263435364
1752068092.0014591,-0.1996270537376404,0.867734718322754,-1.3291293263435364
1752068092.0038931,-0.1996270537376404,0.867734718322754,-1.3291293263435364
1752068092.0056176,-0.19561847448349,0.8644595265388489,-1.3310651421546935
1752068092.0084136,-0.19561847448349,0.8644595265388489,-1.3310651421546935
1752068092.010063,-0.19561847448349,0.8644595265388489,-1.3310651421546935
1752068092.0124643,-0.19561847448349,0.8644595265388489,-1.3310651421546935
1752068092.0142424,-0.19547706842422485,0.8618489861488343,-1.3274238228797912
1752068092.0163283,-0.19547706842422485,0.8618489861488343,-1.3274238228797912
1752068092.0184186,-0.19547706842422485,0.8618489861488343,-1.3274238228797912
1752068092.0211751,-0.19547706842422485,0.8618489861488343,-1.3274238228797912
1752068092.0237672,-0.1935184121131897,0.8701125025749207,-1.326977264881134
1752068092.0257735,-0.1935184121131897,0.8701125025749207,-1.326977264881134
1752068092.0277703,-0.1935184121131897,0.8701125025749207,-1.326977264881134
1752068092.0298674,-0.1935184121131897,0.8701125025749207,-1.326977264881134
1752068092.0319467,-0.19472912549972535,0.8719259262084962,-1.3278175234794616
1752068092.034032,-0.19472912549972535,0.8719259262084962,-1.3278175234794616
1752068092.0361214,-0.19472912549972535,0.8719259262084962,-1.3278175234794616
1752068092.0404801,-0.19472912549972535,0.8719259262084962,-1.3278175234794616
1752068092.0419018,-0.19472912549972535,0.8719259262084962,-1.3278175234794616
1752068092.0439441,-0.19934107065200807,0.8748420953750611,-1.3294927716255187
1752068092.046029,-0.19934107065200807,0.8748420953750611,-1.3294927716255187
1752068092.04813,-0.19934107065200807,0.8748420953750611,-1.3294927716255187
1752068092.0505962,-0.1989359736442566,0.873314380645752,-1.3340136647224425
1752068092.052683,-0.1989359736442566,0.873314380645752,-1.3340136647224425
1752068092.055898,-0.1989359736442566,0.873314380645752,-1.3340136647224425
1752068092.059148,-0.1989359736442566,0.873314380645752,-1.3340136647224425
1752068092.060429,-0.1973145365715027,0.8693398118019104,-1.33179270029068
1752068092.062454,-0.1973145365715027,0.8693398118019104,-1.33179270029068
1752068092.0645268,-0.1973145365715027,0.8693398118019104,-1.33179270029068
1752068092.0665774,-0.1973145365715027,0.8693398118019104,-1.33179270029068
1752068092.0686536,-0.19380224943161012,0.8668869972229004,-1.3337695002555847
1752068092.0710442,-0.19380224943161012,0.8668869972229004,-1.3337695002555847
1752068092.073187,-0.19380224943161012,0.8668869972229004,-1.3337695002555847
1752068092.0759907,-0.19380224943161012,0.8668869972229004,-1.3337695002555847
1752068092.0794911,-0.1967879891395569,0.8653573036193848,-1.328584897518158
1752068092.08151,-0.1967879891395569,0.8653573036193848,-1.328584897518158
1752068092.0835717,-0.1967879891395569,0.8653573036193848,-1.328584897518158
1752068092.0863178,-0.1967879891395569,0.8653573036193848,-1.328584897518158
1752068092.0903375,-0.1928906559944153,0.8611613392829895,-1.3268957018852234
1752068092.092316,-0.1928906559944153,0.8611613392829895,-1.3268957018852234
1752068092.0943918,-0.1928906559944153,0.8611613392829895,-1.3268957018852234
1752068092.0969477,-0.1928906559944153,0.8611613392829895,-1.3268957018852234
1752068092.0985148,-0.19496411085128784,0.8613547801971436,-1.3231144309043885
1752068092.100569,-0.19496411085128784,0.8613547801971436,-1.3231144309043885
1752068092.1026258,-0.19496411085128784,0.8613547801971436,-1.3231144309043885
1752068092.1055934,-0.19496411085128784,0.8613547801971436,-1.3231144309043885
1752068092.1093934,-0.19851714372634888,0.8657174587249756,-1.3280637860298157
1752068092.111358,-0.19851714372634888,0.8657174587249756,-1.3280637860298157
1752068092.113442,-0.19851714372634888,0.8657174587249756,-1.3280637860298157
1752068092.1154704,-0.19851714372634888,0.8657174587249756,-1.3280637860298157
1752068092.1175132,-0.1932916283607483,0.8551162838935853,-1.329444658756256
1752068092.1196756,-0.1932916283607483,0.8551162838935853,-1.329444658756256
1752068092.1222231,-0.1932916283607483,0.8551162838935853,-1.329444658756256
1752068092.125642,-0.1932916283607483,0.8551162838935853,-1.329444658756256
1752068092.126678,-0.19205535650253297,0.8566948413848877,-1.3283358693122864
1752068092.12877,-0.19205535650253297,0.8566948413848877,-1.3283358693122864
1752068092.1308649,-0.19205535650253297,0.8566948413848877,-1.3283358693122864
1752068092.133473,-0.19205535650253297,0.8566948413848877,-1.3283358693122864
1752068092.1350417,-0.19448052644729616,0.8636702656745912,-1.3235892415046693
1752068092.1386695,-0.19448052644729616,0.8636702656745912,-1.3235892415046693
1752068092.139612,-0.19448052644729616,0.8636702656745912,-1.3235892415046693
1752068092.142712,-0.19448052644729616,0.8636702656745912,-1.3235892415046693
1752068092.1441524,-0.19355190992355348,0.8606861114501954,-1.323017919063568
1752068092.1462414,-0.19355190992355348,0.8606861114501954,-1.323017919063568
1752068092.1483293,-0.19355190992355348,0.8606861114501954,-1.323017919063568
1752068092.1504297,-0.19355190992355348,0.8606861114501954,-1.323017919063568
1752068092.1524513,-0.189680016040802,0.8565103054046631,-1.3227512001991273
1752068092.1547244,-0.189680016040802,0.8565103054046631,-1.3227512001991273
1752068092.158568,-0.189680016040802,0.8565103054046631,-1.3227512001991273
1752068092.1605318,-0.189680016040802,0.8565103054046631,-1.3227512001991273
1752068092.1625757,-0.19392064809799195,0.8604954838752747,-1.3227631211280824
1752068092.1646569,-0.19392064809799195,0.8604954838752747,-1.3227631211280824
1752068092.1667407,-0.19392064809799195,0.8604954838752747,-1.3227631211280824
1752068092.1688352,-0.19392064809799195,0.8604954838752747,-1.3227631211280824
1752068092.1716833,-0.19662142992019654,0.8646329402923585,-1.3257285475730896
1752068092.1737587,-0.19662142992019654,0.8646329402923585,-1.3257285475730896
1752068092.176411,-0.19662142992019654,0.8646329402923585,-1.3257285475730896
1752068092.1789527,-0.19662142992019654,0.8646329402923585,-1.3257285475730896
1752068092.1805031,-0.19614452123641968,0.8666379690170288,-1.3266616940498352
1752068092.1825597,-0.19614452123641968,0.8666379690170288,-1.3266616940498352
1752068092.1846247,-0.19614452123641968,0.8666379690170288,-1.3266616940498352
1752068092.1866887,-0.19614452123641968,0.8666379690170288,-1.3266616940498352
1752068092.1904728,-0.19614452123641968,0.8666379690170288,-1.3266616940498352
1752068092.1925855,-0.1978192210197449,0.8712031483650208,-1.3333454728126526
1752068092.1945415,-0.1978192210197449,0.8712031483650208,-1.3333454728126526
1752068092.1970663,-0.1978192210197449,0.8712031483650208,-1.3333454728126526
1752068092.1986697,-0.19624608755111694,0.8678682088851929,-1.3319436192512513
1752068092.2007337,-0.19624608755111694,0.8678682088851929,-1.3319436192512513
1752068092.2028244,-0.19624608755111694,0.8678682088851929,-1.3319436192512513
1752068092.2066553,-0.19624608755111694,0.8678682088851929,-1.3319436192512513
1752068092.2088103,-0.19715026617050171,0.8651902318000794,-1.3275338530540466
1752068092.210875,-0.19715026617050171,0.8651902318000794,-1.3275338530540466
1752068092.2129617,-0.19715026617050171,0.8651902318000794,-1.3275338530540466
1752068092.2155538,-0.19715026617050171,0.8651902318000794,-1.3275338530540466
1752068092.2171383,-0.19821249246597292,0.8595076441764832,-1.329569947719574
1752068092.2192287,-0.19821249246597292,0.8595076441764832,-1.329569947719574
1752068092.2216105,-0.19821249246597292,0.8595076441764832,-1.329569947719574
1752068092.2248297,-0.19821249246597292,0.8595076441764832,-1.329569947719574
1752068092.2267723,-0.19660784006118776,0.8733483195304871,-1.327508795261383
1752068092.2288513,-0.19660784006118776,0.8733483195304871,-1.327508795261383
1752068092.2309444,-0.19660784006118776,0.8733483195304871,-1.327508795261383
1752068092.2334228,-0.19660784006118776,0.8733483195304871,-1.327508795261383
1752068092.235121,-0.1959523320198059,0.8716596484184266,-1.328532350063324
1752068092.237223,-0.1959523320198059,0.8716596484184266,-1.328532350063324
1752068092.240784,-0.1959523320198059,0.8716596484184266,-1.328532350063324
1752068092.242269,-0.1959523320198059,0.8716596484184266,-1.328532350063324
1752068092.2443025,-0.19393318891525269,0.8677303791046143,-1.330721914768219
1752068092.246379,-0.19393318891525269,0.8677303791046143,-1.330721914768219
1752068092.2484715,-0.19393318891525269,0.8677303791046143,-1.330721914768219
1752068092.2505267,-0.19393318891525269,0.8677303791046143,-1.330721914768219
1752068092.252577,-0.20160835981369019,0.8678262948989869,-1.3257357239723206
1752068092.2571294,-0.20160835981369019,0.8678262948989869,-1.3257357239723206
1752068092.2591193,-0.20160835981369019,0.8678262948989869,-1.3257357239723206
1752068092.2612057,-0.20160835981369019,0.8678262948989869,-1.3257357239723206
1752068092.263288,-0.19611064195632935,0.864950978755951,-1.3270909190177917
1752068092.2653666,-0.19611064195632935,0.864950978755951,-1.3270909190177917
1752068092.267451,-0.19611064195632935,0.864950978755951,-1.3270909190177917
1752068092.2695215,-0.19611064195632935,0.864950978755951,-1.3270909190177917
1752068092.27224,-0.19351800680160525,0.8638187885284424,-1.3294241309165955
1752068092.2743378,-0.19351800680160525,0.8638187885284424,-1.3294241309165955
1752068092.276228,-0.19351800680160525,0.8638187885284424,-1.3294241309165955
1752068092.2788944,-0.19351800680160525,0.8638187885284424,-1.3294241309165955
1752068092.2803738,-0.19167739152908325,0.8622322082519531,-1.3274263978004455
1752068092.2824576,-0.19167739152908325,0.8622322082519531,-1.3274263978004455
1752068092.2845097,-0.19167739152908325,0.8622322082519531,-1.3274263978004455
1752068092.2872026,-0.19167739152908325,0.8622322082519531,-1.3274263978004455
1752068092.290726,-0.19707168340682985,0.8696620821952821,-1.3261390566825866
1752068092.2927048,-0.19707168340682985,0.8696620821952821,-1.3261390566825866
1752068092.2947543,-0.19707168340682985,0.8696620821952821,-1.3261390566825866
1752068092.297347,-0.19707168340682985,0.8696620821952821,-1.3261390566825866
1752068092.2989132,-0.19588073492050173,0.8674991250038148,-1.3296470046043396
1752068092.3009791,-0.19588073492050173,0.8674991250038148,-1.3296470046043396
1752068092.3030965,-0.19588073492050173,0.8674991250038148,-1.3296470046043396
1752068092.3054333,-0.19588073492050173,0.8674991250038148,-1.3296470046043396
1752068092.307311,-0.1964924454689026,0.865880012512207,-1.329512631893158
1752068092.3095992,-0.1964924454689026,0.865880012512207,-1.329512631893158
1752068092.3116236,-0.1964924454689026,0.865880012512207,-1.329512631893158
1752068092.313723,-0.1964924454689026,0.865880012512207,-1.329512631893158
1752068092.31579,-0.2033499598503113,0.8735847592353821,-1.3277138590812683
1752068092.3178775,-0.2033499598503113,0.8735847592353821,-1.3277138590812683
1752068092.3199356,-0.2033499598503113,0.8735847592353821,-1.3277138590812683
1752068092.323723,-0.2033499598503113,0.8735847592353821,-1.3277138590812683
1752068092.3263218,-0.2022847294807434,0.8741109490394593,-1.3321051955223084
1752068092.3283772,-0.2022847294807434,0.8741109490394593,-1.3321051955223084
1752068092.3304594,-0.2022847294807434,0.8741109490394593,-1.3321051955223084
1752068092.3325224,-0.2022847294807434,0.8741109490394593,-1.3321051955223084
1752068092.3345702,-0.1980960011482239,0.8657394170761109,-1.3332037568092345
1752068092.336636,-0.1980960011482239,0.8657394170761109,-1.3332037568092345
1752068092.338871,-0.1980960011482239,0.8657394170761109,-1.3332037568092345
1752068092.341696,-0.1980960011482239,0.8657394170761109,-1.3332037568092345
1752068092.3439648,-0.199825918674469,0.8668515801429749,-1.3303877234458923
1752068092.3460329,-0.199825918674469,0.8668515801429749,-1.3303877234458923
1752068092.3481338,-0.199825918674469,0.8668515801429749,-1.3303877234458923
1752068092.3507264,-0.199825918674469,0.8668515801429749,-1.3303877234458923
1752068092.3523035,-0.20064452886581421,0.8677346348762512,-1.329839050769806
1752068092.354813,-0.20064452886581421,0.8677346348762512,-1.329839050769806
1752068092.3593745,-0.20064452886581421,0.8677346348762512,-1.329839050769806
1752068092.3618486,-0.20064452886581421,0.8677346348762512,-1.329839050769806
1752068092.363395,-0.1987803101539612,0.8717044234275818,-1.3316251397132874
1752068092.365459,-0.1987803101539612,0.8717044234275818,-1.3316251397132874
1752068092.367512,-0.1987803101539612,0.8717044234275818,-1.3316251397132874
1752068092.3697104,-0.1987803101539612,0.8717044234275818,-1.3316251397132874
1752068092.3772275,-0.1987803101539612,0.8717044234275818,-1.3316251397132874
1752068092.3793852,-0.19818412065505983,0.8707156538963319,-1.3309681296348572
1752068092.3814523,-0.19818412065505983,0.8707156538963319,-1.3309681296348572
1752068092.3840494,-0.19818412065505983,0.8707156538963319,-1.3309681296348572
1752068092.38557,-0.1955846428871155,0.8664348483085633,-1.3297123312950134
1752068092.3883815,-0.1955846428871155,0.8664348483085633,-1.3297123312950134
1752068092.3917727,-0.1955846428871155,0.8664348483085633,-1.3297123312950134
1752068092.394355,-0.1955846428871155,0.8664348483085633,-1.3297123312950134
1752068092.3957715,-0.1978413462638855,0.8686797142028809,-1.3293369889259339
1752068092.3978648,-0.1978413462638855,0.8686797142028809,-1.3293369889259339
1752068092.3999455,-0.1978413462638855,0.8686797142028809,-1.3293369889259339
1752068092.4024632,-0.1978413462638855,0.8686797142028809,-1.3293369889259339
1752068092.4042847,-0.19341803789138795,0.866048550605774,-1.329777443408966
1752068092.4085712,-0.19341803789138795,0.866048550605774,-1.329777443408966
1752068092.4104624,-0.19341803789138795,0.866048550605774,-1.329777443408966
1752068092.4130085,-0.19341803789138795,0.866048550605774,-1.329777443408966
1752068092.4145756,-0.1991235136985779,0.8707592010498048,-1.3262833952903748
1752068092.4166532,-0.1991235136985779,0.8707592010498048,-1.3262833952903748
1752068092.418737,-0.1991235136985779,0.8707592010498048,-1.3262833952903748
1752068092.4216864,-0.1991235136985779,0.8707592010498048,-1.3262833952903748
1752068092.425914,-0.19513615369796755,0.865242087841034,-1.3289929270744323
1752068092.4279106,-0.19513615369796755,0.865242087841034,-1.3289929270744323
1752068092.4300015,-0.19513615369796755,0.865242087841034,-1.3289929270744323
1752068092.4324923,-0.19513615369796755,0.865242087841034,-1.3289929270744323
1752068092.4342978,-0.1964239239692688,0.8650574207305909,-1.3294580340385438
1752068092.4363546,-0.1964239239692688,0.8650574207305909,-1.3294580340385438
1752068092.4404607,-0.1964239239692688,0.8650574207305909,-1.3294580340385438
1752068092.442251,-0.1964239239692688,0.8650574207305909,-1.3294580340385438
1752068092.4442766,-0.19964078664779664,0.874170219898224,-1.3263874411582948
1752068092.4463713,-0.19964078664779664,0.874170219898224,-1.3263874411582948
1752068092.4484255,-0.19964078664779664,0.874170219898224,-1.3263874411582948
1752068092.4504611,-0.19964078664779664,0.874170219898224,-1.3263874411582948
1752068092.452511,-0.20055254697799685,0.8687323093414308,-1.3323840737342834
1752068092.4548166,-0.20055254697799685,0.8687323093414308,-1.3323840737342834
1752068092.458588,-0.20055254697799685,0.8687323093414308,-1.3323840737342834
1752068092.4604764,-0.20055254697799685,0.8687323093414308,-1.3323840737342834
1752068092.4625185,-0.20041640996932986,0.867557430267334,-1.333156454563141
1752068092.4645698,-0.20041640996932986,0.867557430267334,-1.333156454563141
1752068092.4666572,-0.20041640996932986,0.867557430267334,-1.333156454563141
1752068092.4687514,-0.20041640996932986,0.867557430267334,-1.333156454563141
1752068092.4710438,-0.20205310583114625,0.8672950506210327,-1.331384813785553
1752068092.4744294,-0.20205310583114625,0.8672950506210327,-1.331384813785553
1752068092.47634,-0.20205310583114625,0.8672950506210327,-1.331384813785553
1752068092.478437,-0.20205310583114625,0.8672950506210327,-1.331384813785553
1752068092.4804635,-0.20221687555313111,0.8716227054595947,-1.3292805790901183
1752068092.4825113,-0.20221687555313111,0.8716227054595947,-1.3292805790901183
1752068092.4845698,-0.20221687555313111,0.8716227054595947,-1.3292805790901183
1752068092.4869754,-0.20221687555313111,0.8716227054595947,-1.3292805790901183
1752068092.4888175,-0.19939316511154176,0.8694524884223939,-1.3315298676490783
1752068092.491423,-0.19939316511154176,0.8694524884223939,-1.3315298676490783
1752068092.4934433,-0.19939316511154176,0.8694524884223939,-1.3315298676490783
1752068092.4954655,-0.19939316511154176,0.8694524884223939,-1.3315298676490783
1752068092.4975173,-0.19966396093368532,0.8681124091148377,-1.3302660822868346
1752068092.49957,-0.19966396093368532,0.8681124091148377,-1.3302660822868346
1752068092.5016592,-0.19966396093368532,0.8681124091148377,-1.3302660822868346
1752068092.5038383,-0.19966396093368532,0.8681124091148377,-1.3302660822868346
1752068092.5058827,-0.19966396093368532,0.8681124091148377,-1.3302660822868346
1752068092.5087485,-0.19893113374710084,0.869094467163086,-1.3300864338874816
1752068092.5106091,-0.19893113374710084,0.869094467163086,-1.3300864338874816
1752068092.5127003,-0.19893113374710084,0.869094467163086,-1.3300864338874816
1752068092.514778,-0.19733966588974,0.8675021409988404,-1.3294458508491516
1752068092.5168662,-0.19733966588974,0.8675021409988404,-1.3294458508491516
1752068092.518948,-0.19733966588974,0.8675021409988404,-1.3294458508491516
1752068092.5210867,-0.19733966588974,0.8675021409988404,-1.3294458508491516
1752068092.5255008,-0.19733966588974,0.8675021409988404,-1.3294458508491516
1752068092.5263674,-0.19733966588974,0.8675021409988404,-1.3294458508491516
1752068092.5284626,-0.19175757169723512,0.8622774481773376,-1.329794418811798
1752068092.531054,-0.19175757169723512,0.8622774481773376,-1.329794418811798
1752068092.5325868,-0.19470342397689822,0.865445613861084,-1.3256391644477845
1752068092.5346618,-0.19470342397689822,0.865445613861084,-1.3256391644477845
1752068092.536749,-0.19470342397689822,0.865445613861084,-1.3256391644477845
1752068092.5403216,-0.19470342397689822,0.865445613861084,-1.3256391644477845
1752068092.54209,-0.19470342397689822,0.865445613861084,-1.3256391644477845
1752068092.5439072,-0.19385353326797486,0.8652708530426025,-1.3290675759315491
1752068092.5459886,-0.19385353326797486,0.8652708530426025,-1.3290675759315491
1752068092.5486517,-0.19385353326797486,0.8652708530426025,-1.3290675759315491
1752068092.5501673,-0.1963183045387268,0.8689661741256715,-1.329564368724823
1752068092.5522594,-0.1963183045387268,0.8689661741256715,-1.329564368724823
1752068092.5543919,-0.1963183045387268,0.8689661741256715,-1.329564368724823
1752068092.5576935,-0.1963183045387268,0.8689661741256715,-1.329564368724823
1752068092.5596929,-0.19488898515701295,0.8658980011940003,-1.3304309725761414
1752068092.5617454,-0.19488898515701295,0.8658980011940003,-1.3304309725761414
1752068092.563838,-0.19488898515701295,0.8658980011940003,-1.3304309725761414
1752068092.5664132,-0.19488898515701295,0.8658980011940003,-1.3304309725761414
1752068092.5680048,-0.19169174432754518,0.8685253024101258,-1.3290630221366881
1752068092.5701106,-0.19169174432754518,0.8685253024101258,-1.3290630221366881
1752068092.5739002,-0.19169174432754518,0.8685253024101258,-1.3290630221366881
1752068092.577902,-0.19169174432754518,0.8685253024101258,-1.3290630221366881
1752068092.5788782,-0.19169174432754518,0.8685253024101258,-1.3290630221366881
1752068092.5808508,-0.19567126035690308,0.8654841184616089,-1.329412543773651
1752068092.5829358,-0.19567126035690308,0.8654841184616089,-1.329412543773651
1752068092.5855439,-0.19567126035690308,0.8654841184616089,-1.329412543773651
1752068092.5872521,-0.19688631296157838,0.8683714985847474,-1.33119455575943
1752068092.5906842,-0.19688631296157838,0.8683714985847474,-1.33119455575943
1752068092.5926502,-0.19688631296157838,0.8683714985847474,-1.33119455575943
1752068092.5952368,-0.19688631296157838,0.8683714985847474,-1.33119455575943
1752068092.5968578,-0.1975544810295105,0.8673377513885498,-1.333991825580597
1752068092.5989683,-0.1975544810295105,0.8673377513885498,-1.333991825580597
1752068092.6010447,-0.1975544810295105,0.8673377513885498,-1.333991825580597
1752068092.6035516,-0.1975544810295105,0.8673377513885498,-1.333991825580597
1752068092.6053667,-0.20078924894332886,0.8694029569625855,-1.331357491016388
1752068092.6075985,-0.20078924894332886,0.8694029569625855,-1.331357491016388
1752068092.6095643,-0.20078924894332886,0.8694029569625855,-1.331357491016388
1752068092.6122184,-0.20078924894332886,0.8694029569625855,-1.331357491016388
1752068092.6136782,-0.19720102548599244,0.8629808068275452,-1.3311161160469056
1752068092.615768,-0.19720102548599244,0.8629808068275452,-1.3311161160469056
1752068092.6178482,-0.19720102548599244,0.8629808068275452,-1.3311161160469056
1752068092.620401,-0.19720102548599244,0.8629808068275452,-1.3311161160469056
1752068092.6233747,-0.1969054102897644,0.8716746091842652,-1.328786814212799
1752068092.6254497,-0.1969054102897644,0.8716746091842652,-1.328786814212799
1752068092.6274211,-0.1969054102897644,0.8716746091842652,-1.328786814212799
1752068092.6299517,-0.1969054102897644,0.8716746091842652,-1.328786814212799
1752068092.631511,-0.19879294633865358,0.8675136923789979,-1.3257619500160218
1752068092.633569,-0.19879294633865358,0.8675136923789979,-1.3257619500160218
1752068092.6356282,-0.19879294633865358,0.8675136923789979,-1.3257619500160218
1752068092.6377707,-0.19879294633865358,0.8675136923789979,-1.3257619500160218
1752068092.6423156,-0.19616347551345825,0.8635790705680848,-1.327111256122589
1752068092.6442668,-0.19616347551345825,0.8635790705680848,-1.327111256122589
1752068092.646349,-0.19616347551345825,0.8635790705680848,-1.327111256122589
1752068092.6488738,-0.19616347551345825,0.8635790705680848,-1.327111256122589
1752068092.650464,-0.1947909474372864,0.8656020402908325,-1.3246493220329285
1752068092.6525095,-0.1947909474372864,0.8656020402908325,-1.3246493220329285
1752068092.6547022,-0.1947909474372864,0.8656020402908325,-1.3246493220329285
1752068092.6580706,-0.1947909474372864,0.8656020402908325,-1.3246493220329285
1752068092.659906,-0.19539791345596313,0.8649433732032776,-1.3262221932411193
1752068092.6619868,-0.19539791345596313,0.8649433732032776,-1.3262221932411193
1752068092.6641397,-0.19539791345596313,0.8649433732032776,-1.3262221932411193
1752068092.666175,-0.19539791345596313,0.8649433732032776,-1.3262221932411193
1752068092.6682591,-0.20032571554183962,0.8638760328292847,-1.3319075465202332
1752068092.6704464,-0.20032571554183962,0.8638760328292847,-1.3319075465202332
1752068092.6725483,-0.20032571554183962,0.8638760328292847,-1.3319075465202332
1752068092.6752548,-0.20032571554183962,0.8638760328292847,-1.3319075465202332
1752068092.677101,-0.19203795194625856,0.8630178928375245,-1.3325695395469666
1752068092.6791894,-0.19203795194625856,0.8630178928375245,-1.3325695395469666
1752068092.6812868,-0.19203795194625856,0.8630178928375245,-1.3325695395469666
1752068092.6833797,-0.19203795194625856,0.8630178928375245,-1.3325695395469666
1752068092.685457,-0.19273346662521362,0.8604490637779236,-1.3302006363868712
1752068092.6881092,-0.19273346662521362,0.8604490637779236,-1.3302006363868712
1752068092.691457,-0.19273346662521362,0.8604490637779236,-1.3302006363868712
1752068092.6933136,-0.19273346662521362,0.8604490637779236,-1.3302006363868712
1752068092.6953313,-0.19092611074447632,0.870074486732483,-1.326284611225128
1752068092.6974208,-0.19092611074447632,0.870074486732483,-1.326284611225128
1752068092.6994534,-0.19092611074447632,0.870074486732483,-1.326284611225128
1752068092.7015193,-0.19092611074447632,0.870074486732483,-1.326284611225128
1752068092.7036443,-0.19681762456893923,0.8684167742729187,-1.327717411518097
1752068092.7057939,-0.19681762456893923,0.8684167742729187,-1.327717411518097
1752068092.708172,-0.19681762456893923,0.8684167742729187,-1.327717411518097
1752068092.7102203,-0.19681762456893923,0.8684167742729187,-1.327717411518097
1752068092.7128682,-0.19993451833724976,0.8741221904754639,-1.3303024411201476
1752068092.7149584,-0.19993451833724976,0.8741221904754639,-1.3303024411201476
1752068092.717045,-0.19993451833724976,0.8741221904754639,-1.3303024411201476
1752068092.719136,-0.19993451833724976,0.8741221904754639,-1.3303024411201476
1752068092.72188,-0.19934917688369752,0.8664017081260682,-1.3345085263252259
1752068092.7249227,-0.19934917688369752,0.8664017081260682,-1.3345085263252259
1752068092.7268476,-0.19934917688369752,0.8664017081260682,-1.3345085263252259
1752068092.7289395,-0.19934917688369752,0.8664017081260682,-1.3345085263252259
1752068092.7310262,-0.1968964457511902,0.8683281898498536,-1.3317716240882873
1752068092.7331069,-0.1968964457511902,0.8683281898498536,-1.3317716240882873
1752068092.7351983,-0.1968964457511902,0.8683281898498536,-1.3317716240882873
1752068092.7373402,-0.1968964457511902,0.8683281898498536,-1.3317716240882873
1752068092.7417493,-0.19681302309036255,0.8624903202056885,-1.3284435629844666
1752068092.7437177,-0.19681302309036255,0.8624903202056885,-1.3284435629844666
1752068092.745804,-0.19681302309036255,0.8624903202056885,-1.3284435629844666
1752068092.7484908,-0.19681302309036255,0.8624903202056885,-1.3284435629844666
1752068092.7500007,-0.19701348543167116,0.869324016571045,-1.3293513178825378
1752068092.7520885,-0.19701348543167116,0.869324016571045,-1.3293513178825378
1752068092.7545428,-0.19701348543167116,0.869324016571045,-1.3293513178825378
1752068092.7587678,-0.19701348543167116,0.869324016571045,-1.3293513178825378
1752068092.7600212,-0.19588462114334107,0.865119206905365,-1.3295501828193665
1752068092.7621179,-0.19588462114334107,0.865119206905365,-1.3295501828193665
1752068092.764205,-0.19588462114334107,0.865119206905365,-1.3295501828193665
1752068092.7666845,-0.19588462114334107,0.865119206905365,-1.3295501828193665
1752068092.7683775,-0.19697335958480836,0.8668637394905091,-1.3291711688041687
1752068092.7705297,-0.19697335958480836,0.8668637394905091,-1.3291711688041687
1752068092.7741807,-0.19697335958480836,0.8668637394905091,-1.3291711688041687
1752068092.7751122,-0.19697335958480836,0.8668637394905091,-1.3291711688041687
1752068092.7771428,-0.19704636335372927,0.8664733529090882,-1.3289713978767395
1752068092.779247,-0.19704636335372927,0.8664733529090882,-1.3289713978767395
1752068092.7813268,-0.19704636335372927,0.8664733529090882,-1.3289713978767395
1752068092.783901,-0.19704636335372927,0.8664733529090882,-1.3289713978767395
1752068092.785457,-0.19989804029464722,0.8687535643577576,-1.3266865372657777
1752068092.787553,-0.19989804029464722,0.8687535643577576,-1.3266865372657777
1752068092.791288,-0.19989804029464722,0.8687535643577576,-1.3266865372657777
1752068092.793838,-0.19989804029464722,0.8687535643577576,-1.3266865372657777
1752068092.7953088,-0.19473079442977906,0.862428629398346,-1.3281421542167664
1752068092.7973962,-0.19473079442977906,0.862428629398346,-1.3281421542167664
1752068092.7994637,-0.19473079442977906,0.862428629398346,-1.3281421542167664
1752068092.8019958,-0.19473079442977906,0.862428629398346,-1.3281421542167664
1752068092.8036978,-0.19546755552291872,0.8646182656288147,-1.3270326256752014
1752068092.8058512,-0.19546755552291872,0.8646182656288147,-1.3270326256752014
1752068092.8084943,-0.19546755552291872,0.8646182656288147,-1.3270326256752014
1752068092.8108768,-0.19546755552291872,0.8646182656288147,-1.3270326256752014
1752068092.8125515,-0.19664419889450074,0.8629434704780579,-1.328447735309601
1752068092.8146076,-0.19664419889450074,0.8629434704780579,-1.328447735309601
1752068092.8167021,-0.19664419889450074,0.8629434704780579,-1.328447735309601
1752068092.81908,-0.19664419889450074,0.8629434704780579,-1.328447735309601
1752068092.8208797,-0.19817782640457154,0.8651491403579712,-1.3235140919685364
1752068092.8230238,-0.19817782640457154,0.8651491403579712,-1.3235140919685364
1752068092.8255174,-0.19817782640457154,0.8651491403579712,-1.3235140919685364
1752068092.8270876,-0.19817782640457154,0.8651491403579712,-1.3235140919685364
1752068092.8291538,-0.19492679834365845,0.8658553242683411,-1.3266260981559754
1752068092.8312495,-0.19492679834365845,0.8658553242683411,-1.3266260981559754
1752068092.8333306,-0.19492679834365845,0.8658553242683411,-1.3266260981559754
1752068092.8354242,-0.19492679834365845,0.8658553242683411,-1.3266260981559754
1752068092.8374887,-0.19568954706192018,0.8626864910125733,-1.3302133440971375
1752068092.8396497,-0.19568954706192018,0.8626864910125733,-1.3302133440971375
1752068092.8423536,-0.19568954706192018,0.8626864910125733,-1.3302133440971375
1752068092.8442972,-0.19568954706192018,0.8626864910125733,-1.3302133440971375
1752068092.8463676,-0.19580811262130737,0.8653218746185303,-1.330525290966034
1752068092.8484583,-0.19580811262130737,0.8653218746185303,-1.330525290966034
1752068092.8505108,-0.19580811262130737,0.8653218746185303,-1.330525290966034
1752068092.852576,-0.19580811262130737,0.8653218746185303,-1.330525290966034
1752068092.8552759,-0.19593077898025513,0.8652347087860108,-1.327734100818634
1752068092.8585043,-0.19593077898025513,0.8652347087860108,-1.327734100818634
1752068092.8598337,-0.19593077898025513,0.8652347087860108,-1.327734100818634
1752068092.8619227,-0.19593077898025513,0.8652347087860108,-1.327734100818634
1752068092.8640053,-0.19984954595565796,0.8675828337669373,-1.328686821460724
1752068092.8660853,-0.19984954595565796,0.8675828337669373,-1.328686821460724
1752068092.8681815,-0.19984954595565796,0.8675828337669373,-1.328686821460724
1752068092.870372,-0.19984954595565796,0.8675828337669373,-1.328686821460724
1752068092.8738089,-0.1980697274208069,0.8661549091339111,-1.330635416507721
1752068092.8762758,-0.1980697274208069,0.8661549091339111,-1.330635416507721
1752068092.878319,-0.1980697274208069,0.8661549091339111,-1.330635416507721
1752068092.8809566,-0.1980697274208069,0.8661549091339111,-1.330635416507721
1752068092.8824522,-0.19874130487442018,0.865299952030182,-1.3304147839546203
1752068092.8845115,-0.19874130487442018,0.865299952030182,-1.3304147839546203
1752068092.8865814,-0.19874130487442018,0.865299952030182,-1.3304147839546203
1752068092.889784,-0.19874130487442018,0.865299952030182,-1.3304147839546203
1752068092.8920548,-0.19634989500045777,0.8655219078063965,-1.3304066061973572
1752068092.8940985,-0.19634989500045777,0.8655219078063965,-1.3304066061973572
1752068092.8961859,-0.19634989500045777,0.8655219078063965,-1.3304066061973572
1752068092.8987834,-0.19634989500045777,0.8655219078063965,-1.3304066061973572
1752068092.9003618,-0.19729145765304568,0.8652914762496948,-1.3308524012565612
1752068092.902447,-0.19729145765304568,0.8652914762496948,-1.3308524012565612
1752068092.904675,-0.19729145765304568,0.8652914762496948,-1.3308524012565612
1752068092.9090185,-0.19729145765304568,0.8652914762496948,-1.3308524012565612
1752068092.9103792,-0.19208058118820193,0.864402437210083,-1.3311809659004212
1752068092.912452,-0.19208058118820193,0.864402437210083,-1.3311809659004212
1752068092.914512,-0.19208058118820193,0.864402437210083,-1.3311809659004212
1752068092.9169624,-0.19208058118820193,0.864402437210083,-1.3311809659004212
1752068092.918651,-0.19007982015609742,0.8660901427268982,-1.3250722289085388
1752068092.9211338,-0.19007982015609742,0.8660901427268982,-1.3250722289085388
1752068092.9243002,-0.19007982015609742,0.8660901427268982,-1.3250722289085388
1752068092.9257338,-0.19007982015609742,0.8660901427268982,-1.3250722289085388
1752068092.9278188,-0.1943567156791687,0.8645022273063661,-1.3259045720100402
1752068092.929912,-0.1943567156791687,0.8645022273063661,-1.3259045720100402
1752068092.9319947,-0.1943567156791687,0.8645022273063661,-1.3259045720100402
1752068092.9340909,-0.1943567156791687,0.8645022273063661,-1.3259045720100402
1752068092.9366436,-0.1954186797142029,0.86893789768219,-1.3292067170143127
1752068092.9388182,-0.1954186797142029,0.86893789768219,-1.3292067170143127
1752068092.941479,-0.1954186797142029,0.86893789768219,-1.3292067170143127
1752068092.9433959,-0.1954186797142029,0.86893789768219,-1.3292067170143127
1752068092.9449766,-0.19631494283676149,0.8665418505668641,-1.3314309000968934
1752068092.9470713,-0.19631494283676149,0.8665418505668641,-1.3314309000968934
1752068092.9491549,-0.19631494283676149,0.8665418505668641,-1.3314309000968934
1752068092.9512565,-0.19631494283676149,0.8665418505668641,-1.3314309000968934
1752068092.9533422,-0.19561077356338502,0.8679895997047424,-1.3304118275642396
1752068092.9555502,-0.19561077356338502,0.8679895997047424,-1.3304118275642396
1752068092.9582431,-0.19561077356338502,0.8679895997047424,-1.3304118275642396
1752068092.959567,-0.19561077356338502,0.8679895997047424,-1.3304118275642396
1752068092.9616022,-0.1990394473075867,0.8681619048118592,-1.3314187407493592
1752068092.9636931,-0.1990394473075867,0.8681619048118592,-1.3314187407493592
1752068092.9657433,-0.1990394473075867,0.8681619048118592,-1.3314187407493592
1752068092.9678407,-0.1990394473075867,0.8681619048118592,-1.3314187407493592
1752068092.9698892,-0.1998104453086853,0.8709291815757751,-1.3334351658821106
1752068092.9720714,-0.1998104453086853,0.8709291815757751,-1.3334351658821106
1752068092.9759502,-0.1998104453086853,0.8709291815757751,-1.3334351658821106
1752068092.977861,-0.1998104453086853,0.8709291815757751,-1.3334351658821106
1752068092.9799287,-0.19829427003860475,0.8655522704124451,-1.330776846408844
1752068092.9820163,-0.19829427003860475,0.8655522704124451,-1.330776846408844
1752068092.984106,-0.19829427003860475,0.8655522704124451,-1.330776846408844
1752068092.9862192,-0.19829427003860475,0.8655522704124451,-1.330776846408844
1752068092.9898446,-0.19925740957260132,0.869060254096985,-1.3280468583106995
1752068092.9924629,-0.19925740957260132,0.869060254096985,-1.3280468583106995
1752068092.9944623,-0.19925740957260132,0.869060254096985,-1.3280468583106995
1752068092.9965472,-0.19925740957260132,0.869060254096985,-1.3280468583106995
1752068092.9985867,-0.1975375771522522,0.8704018115997315,-1.3296720147132874
1752068093.0006723,-0.1975375771522522,0.8704018115997315,-1.3296720147132874
1752068093.0028841,-0.1975375771522522,0.8704018115997315,-1.3296720147132874
1752068093.0071726,-0.1975375771522522,0.8704018115997315,-1.3296720147132874
1752068093.0080528,-0.1975375771522522,0.8704018115997315,-1.3296720147132874
1752068093.010034,0.0,0.9,-1.7
1752068093.0120878,0.0,0.9,-1.7
1752068093.0141914,0.0,0.9,-1.7
1752068093.0170631,0.0,0.9,-1.7
1752068093.0191457,-0.06933072209358215,0.39901366233825686,-1.7816676914691925
1752068093.0244553,-0.06933072209358215,0.39901366233825686,-1.7816676914691925
1752068093.0296855,-0.06933072209358215,0.39901366233825686,-1.7816676914691925
1752068093.0304878,-0.06933072209358215,0.39901366233825686,-1.7816676914691925
1752068093.033184,-0.11734988540410995,0.4984063744544983,-1.7897623896598815
1752068093.035238,-0.11734988540410995,0.4984063744544983,-1.7897623896598815
1752068093.0400293,-0.11734988540410995,0.4984063744544983,-1.7897623896598815
1752068093.0408473,-0.11734988540410995,0.4984063744544983,-1.7897623896598815
1752068093.0450964,0.16248075664043427,0.4573840141296387,-1.9679412066936492
1752068093.047139,0.16248075664043427,0.4573840141296387,-1.9679412066936492
1752068093.0504527,0.16248075664043427,0.4573840141296387,-1.9679412066936492
1752068093.0516915,0.16248075664043427,0.4573840141296387,-1.9679412066936492
1752068093.0538135,0.10341615974903107,0.3509937167167664,-2.0884983360767366
1752068093.0559707,0.10341615974903107,0.3509937167167664,-2.0884983360767366
1752068093.0580251,0.10341615974903107,0.3509937167167664,-2.0884983360767366
1752068093.0612872,0.10341615974903107,0.3509937167167664,-2.0884983360767366
1752068093.0633533,0.07228639721870422,0.36075260639190676,-2.082457822561264
1752068093.0653865,0.07228639721870422,0.36075260639190676,-2.082457822561264
1752068093.0675356,0.07228639721870422,0.36075260639190676,-2.082457822561264
1752068093.0700328,0.06132441759109497,0.293766462802887,-2.188960534334183
1752068093.0733397,0.06132441759109497,0.293766462802887,-2.188960534334183
1752068093.075926,0.06132441759109497,0.293766462802887,-2.188960534334183
1752068093.0805988,0.06132441759109497,0.293766462802887,-2.188960534334183
1752068093.0814471,0.06132441759109497,0.293766462802887,-2.188960534334183
1752068093.0835297,0.015718823298811913,0.2519021272659302,-2.2077016949653627
1752068093.0855699,0.015718823298811913,0.2519021272659302,-2.2077016949653627
1752068093.087699,0.015718823298811913,0.2519021272659302,-2.2077016949653627
1752068093.0925333,0.015718823298811913,0.2519021272659302,-2.2077016949653627
1752068093.0945477,-0.05413541942834854,0.256768012046814,-2.085860174894333
1752068093.0966313,-0.05413541942834854,0.256768012046814,-2.085860174894333
1752068093.0987253,-0.05413541942834854,0.256768012046814,-2.085860174894333
1752068093.101119,-0.13083209097385406,0.30802335739135744,-1.950783920288086
1752068093.1031897,-0.13083209097385406,0.30802335739135744,-1.950783920288086
1752068093.106971,-0.13083209097385406,0.30802335739135744,-1.950783920288086
1752068093.1106677,-0.13083209097385406,0.30802335739135744,-1.950783920288086
1752068093.1114428,-0.13083209097385406,0.30802335739135744,-1.950783920288086
1752068093.1135273,-0.2087710201740265,0.33291765451431277,-1.6742275644093751
1752068093.1156006,-0.2087710201740265,0.33291765451431277,-1.6742275644093751
1752068093.117697,-0.2087710201740265,0.33291765451431277,-1.6742275644093751
1752068093.1203911,-0.2087710201740265,0.33291765451431277,-1.6742275644093751
1752068093.123659,-0.22274765372276306,0.33414664268493655,-1.654281747341156
1752068093.1256242,-0.22274765372276306,0.33414664268493655,-1.654281747341156
1752068093.1293938,-0.22274765372276306,0.33414664268493655,-1.654281747341156
1752068093.1301503,-0.22274765372276306,0.33414664268493655,-1.654281747341156
1752068093.1322603,-0.18435725569725037,0.398283326625824,-1.599938516318798
1752068093.1343462,-0.18435725569725037,0.398283326625824,-1.599938516318798
1752068093.1364715,-0.18435725569725037,0.398283326625824,-1.599938516318798
1752068093.1413994,-0.18435725569725037,0.398283326625824,-1.599938516318798
1752068093.1433914,-0.169520765542984,0.3950716495513916,-1.5037349879741668
1752068093.1454446,-0.169520765542984,0.3950716495513916,-1.5037349879741668
1752068093.1475081,-0.169520765542984,0.3950716495513916,-1.5037349879741668
1752068093.14959,-0.169520765542984,0.3950716495513916,-1.5037349879741668
1752068093.151666,-0.147275909781456,0.410491818189621,-1.384964895248413
1752068093.1538203,-0.147275909781456,0.410491818189621,-1.384964895248413
1752068093.1571016,-0.147275909781456,0.410491818189621,-1.384964895248413
1752068093.1596956,-0.147275909781456,0.410491818189621,-1.384964895248413
1752068093.1617808,-0.11398716270923615,0.46057727336883547,-1.2736198127269744
1752068093.1638768,-0.11398716270923615,0.46057727336883547,-1.2736198127269744
1752068093.1660001,-0.11398716270923615,0.46057727336883547,-1.2736198127269744
1752068093.1681838,-0.10405278205871582,0.4949436724185944,-1.1463658928871154
1752068093.170418,-0.10405278205871582,0.4949436724185944,-1.1463658928871154
1752068093.1735742,-0.10405278205871582,0.4949436724185944,-1.1463658928871154
1752068093.1771863,-0.10405278205871582,0.4949436724185944,-1.1463658928871154
1752068093.1779501,-0.10405278205871582,0.4949436724185944,-1.1463658928871154
1752068093.1800537,-0.048764243721961975,0.5307644546031952,-1.0450778126716613
1752068093.1821473,-0.048764243721961975,0.5307644546031952,-1.0450778126716613
1752068093.1842487,-0.048764243721961975,0.5307644546031952,-1.0450778126716613
1752068093.1865005,-0.0030948761850595474,0.5518189013004303,-0.9968618273735046
1752068093.1886857,-0.0030948761850595474,0.5518189013004303,-0.9968618273735046
1752068093.1907797,-0.0030948761850595474,0.5518189013004303,-0.9968618273735046
1752068093.1944091,-0.0030948761850595474,0.5518189013004303,-0.9968618273735046
1752068093.195182,-0.0030948761850595474,0.5518189013004303,-0.9968618273735046
1752068093.1972923,0.06475882232189178,0.5929131150245667,-1.0770771026611328
1752068093.1993728,0.06475882232189178,0.5929131150245667,-1.0770771026611328
1752068093.2014413,0.06475882232189178,0.5929131150245667,-1.0770771026611328
1752068093.2045133,0.08862164616584778,0.5145543158054352,-1.093980324268341
1752068093.2072039,0.08862164616584778,0.5145543158054352,-1.093980324268341
1752068093.209229,0.08862164616584778,0.5145543158054352,-1.093980324268341
1752068093.2123427,0.08862164616584778,0.5145543158054352,-1.093980324268341
1752068093.2138617,0.08862164616584778,0.5145543158054352,-1.093980324268341
1752068093.2159567,0.11649321019649506,0.4294195115566254,-1.0764927983283996
1752068093.2180464,0.11649321019649506,0.4294195115566254,-1.0764927983283996
1752068093.2201917,0.11649321019649506,0.4294195115566254,-1.0764927983283996
1752068093.2249777,0.11649321019649506,0.4294195115566254,-1.0764927983283996
1752068093.2270014,0.0951918438076973,0.44753494262695315,-1.0562753796577453
1752068093.229089,0.0951918438076973,0.44753494262695315,-1.0562753796577453
1752068093.2311914,0.0951918438076973,0.44753494262695315,-1.0562753796577453
1752068093.233601,0.06914684921503067,0.4124507248401642,-1.0787674903869628
1752068093.235689,0.06914684921503067,0.4124507248401642,-1.0787674903869628
1752068093.2380278,0.06914684921503067,0.4124507248401642,-1.0787674903869628
1752068093.2424412,0.06914684921503067,0.4124507248401642,-1.0787674903869628
1752068093.2432346,0.06914684921503067,0.4124507248401642,-1.0787674903869628
1752068093.2453265,0.04560650885105133,0.413755202293396,-1.0997119069099426
1752068093.2473786,0.04560650885105133,0.413755202293396,-1.0997119069099426
1752068093.2494476,0.04560650885105133,0.413755202293396,-1.0997119069099426
1752068093.2517023,0.031206725165247917,0.4100967586040497,-1.1127750992774963
1752068093.253823,0.031206725165247917,0.4100967586040497,-1.1127750992774963
1752068093.2570546,0.031206725165247917,0.4100967586040497,-1.1127750992774963
1752068093.2607613,0.031206725165247917,0.4100967586040497,-1.1127750992774963
1752068093.2615337,0.031206725165247917,0.4100967586040497,-1.1127750992774963
1752068093.263626,0.0007464271038770676,0.4031450986862183,-1.0896017670631408
1752068093.2657099,0.0007464271038770676,0.4031450986862183,-1.0896017670631408
1752068093.2678063,0.0007464271038770676,0.4031450986862183,-1.0896017670631408
1752068093.2700918,-0.0018360037356615067,0.3874072074890137,-1.0851898908615112
1752068093.2723324,-0.0018360037356615067,0.3874072074890137,-1.0851898908615112
1752068093.2743144,-0.0018360037356615067,0.3874072074890137,-1.0851898908615112
1752068093.2779791,-0.0018360037356615067,0.3874072074890137,-1.0851898908615112
1752068093.2787433,-0.0018360037356615067,0.3874072074890137,-1.0851898908615112
1752068093.2808595,0.019877729937434196,0.3899733066558838,-1.089933168888092
1752068093.2829385,0.019877729937434196,0.3899733066558838,-1.089933168888092
1752068093.2850323,0.019877729937434196,0.3899733066558838,-1.089933168888092
1752068093.2873511,0.03931724280118942,0.384760582447052,-1.0982896208763122
1752068093.290105,0.03931724280118942,0.384760582447052,-1.0982896208763122
1752068093.292154,0.03931724280118942,0.384760582447052,-1.0982896208763122
1752068093.295881,0.03931724280118942,0.384760582447052,-1.0982896208763122
1752068093.296653,0.03931724280118942,0.384760582447052,-1.0982896208763122
1752068093.2987463,0.06106622517108917,0.3112375378608704,-1.1036856293678283
1752068093.300835,0.06106622517108917,0.3112375378608704,-1.1036856293678283
1752068093.3029308,0.06106622517108917,0.3112375378608704,-1.1036856293678283
1752068093.3058174,0.06106622517108917,0.3112375378608704,-1.1036856293678283
1752068093.3088713,0.09488096833229065,0.2900328278541565,-1.098665726184845
1752068093.3109047,0.09488096833229065,0.2900328278541565,-1.098665726184845
1752068093.314648,0.09488096833229065,0.2900328278541565,-1.098665726184845
1752068093.3154068,0.09488096833229065,0.2900328278541565,-1.098665726184845
1752068093.3174856,0.11189654469490051,0.30041333436965945,-1.1006868600845336
1752068093.3195403,0.11189654469490051,0.30041333436965945,-1.1006868600845336
1752068093.3236341,0.11189654469490051,0.30041333436965945,-1.1006868600845336
1752068093.3262103,0.12869569659233093,0.2906306624412537,-1.0986989855766296
1752068093.3282967,0.12869569659233093,0.2906306624412537,-1.0986989855766296
1752068093.3303792,0.12869569659233093,0.2906306624412537,-1.0986989855766296
1752068093.3337965,0.12869569659233093,0.2906306624412537,-1.0986989855766296
1752068093.3345559,0.12869569659233093,0.2906306624412537,-1.0986989855766296
1752068093.3367977,0.12576016783714294,0.2752855658531189,-1.0882479071617126
1752068093.3389904,0.12576016783714294,0.2752855658531189,-1.0882479071617126
1752068093.341318,0.12576016783714294,0.2752855658531189,-1.0882479071617126
1752068093.3440173,0.1309908926486969,0.28758581876754763,-1.0688125014305114
1752068093.3461032,0.1309908926486969,0.28758581876754763,-1.0688125014305114
1752068093.348202,0.1309908926486969,0.28758581876754763,-1.0688125014305114
1752068093.3504007,0.1309908926486969,0.28758581876754763,-1.0688125014305114
1752068093.352509,0.1309908926486969,0.28758581876754763,-1.0688125014305114
1752068093.3560615,0.11436815559864044,0.2732499480247498,-1.0473098874092102
1752068093.358281,0.11436815559864044,0.2732499480247498,-1.0473098874092102
1752068093.3603303,0.11436815559864044,0.2732499480247498,-1.0473098874092102
1752068093.3628497,0.08571974188089371,0.2796733021736145,-1.051578950881958
1752068093.3649483,0.08571974188089371,0.2796733021736145,-1.051578950881958
1752068093.367032,0.08571974188089371,0.2796733021736145,-1.051578950881958
1752068093.370525,0.08571974188089371,0.2796733021736145,-1.051578950881958
1752068093.3712869,0.08571974188089371,0.2796733021736145,-1.051578950881958
1752068093.3766022,0.058125175535678864,0.3292598366737366,-1.0639602065086364
1752068093.3786325,0.058125175535678864,0.3292598366737366,-1.0639602065086364
1752068093.3807194,0.058125175535678864,0.3292598366737366,-1.0639602065086364
1752068093.3843791,0.04364396631717682,0.45857288837432864,-1.0814353346824646
1752068093.3864415,0.04364396631717682,0.45857288837432864,-1.0814353346824646
1752068093.3885524,0.04364396631717682,0.45857288837432864,-1.0814353346824646
1752068093.3914974,0.04364396631717682,0.45857288837432864,-1.0814353346824646
1752068093.3940969,0.07535922527313232,0.4906985402107239,-1.1017536044120788
1752068093.396196,0.07535922527313232,0.4906985402107239,-1.1017536044120788
1752068093.3982835,0.07535922527313232,0.4906985402107239,-1.1017536044120788
1752068093.401769,0.07535922527313232,0.4906985402107239,-1.1017536044120788
1752068093.4025264,0.07535922527313232,0.4906985402107239,-1.1017536044120788
1752068093.4075215,0.11449365317821503,0.5267650723457337,-1.134672176837921
1752068093.4093862,0.11449365317821503,0.5267650723457337,-1.134672176837921
1752068093.4114594,0.11449365317821503,0.5267650723457337,-1.134672176837921
1752068093.4151752,0.18131105601787567,0.5124076843261719,-1.1581601619720459
1752068093.4172661,0.18131105601787567,0.5124076843261719,-1.1581601619720459
1752068093.4193494,0.18131105601787567,0.5124076843261719,-1.1581601619720459
1752068093.423098,0.18131105601787567,0.5124076843261719,-1.1581601619720459
1752068093.4263616,0.22373618185520172,0.4967708230018616,-1.1612669348716735
1752068093.428335,0.22373618185520172,0.4967708230018616,-1.1612669348716735
1752068093.4303842,0.22373618185520172,0.4967708230018616,-1.1612669348716735
1752068093.4324522,0.22373618185520172,0.4967708230018616,-1.1612669348716735
1752068093.4347746,0.21557804942131042,0.5235160827636719,-1.1580664038658142
1752068093.4369516,0.21557804942131042,0.5235160827636719,-1.1580664038658142
1752068093.439022,0.21557804942131042,0.5235160827636719,-1.1580664038658142
1752068093.4433901,0.21557804942131042,0.5235160827636719,-1.1580664038658142
1752068093.4441588,0.21557804942131042,0.5235160827636719,-1.1580664038658142
1752068093.44627,0.194781094789505,0.5738443970680237,-1.1363207817077636
1752068093.44836,0.194781094789505,0.5738443970680237,-1.1363207817077636
1752068093.4503863,0.194781094789505,0.5738443970680237,-1.1363207817077636
1752068093.4537973,0.17144186794757843,0.6522225081920624,-1.1586985111236572
1752068093.45598,0.17144186794757843,0.6522225081920624,-1.1586985111236572
1752068093.4589598,0.17144186794757843,0.6522225081920624,-1.1586985111236572
1752068093.4610193,0.17144186794757843,0.6522225081920624,-1.1586985111236572
1752068093.4647439,0.14073221385478973,0.6975746989250183,-1.1602712988853454
1752068093.466819,0.14073221385478973,0.6975746989250183,-1.1602712988853454
1752068093.4689066,0.14073221385478973,0.6975746989250183,-1.1602712988853454
1752068093.471774,0.14073221385478973,0.6975746989250183,-1.1602712988853454
1752068093.4769156,0.14073221385478973,0.6975746989250183,-1.1602712988853454
1752068093.4789789,0.046608708798885345,0.7881564736366272,-1.2144053995609283
1752068093.4810705,0.046608708798885345,0.7881564736366272,-1.2144053995609283
1752068093.4831617,0.046608708798885345,0.7881564736366272,-1.2144053995609283
1752068093.4853985,-0.008866684511303902,0.790745297074318,-1.210767489671707
1752068093.4875364,-0.008866684511303902,0.790745297074318,-1.210767489671707
1752068093.4902663,-0.008866684511303902,0.790745297074318,-1.210767489671707
1752068093.4943225,-0.008866684511303902,0.790745297074318,-1.210767489671707
1752068093.4950857,-0.008866684511303902,0.790745297074318,-1.210767489671707
1752068093.497276,-0.033709749579429626,0.7946617394685745,-1.2933704078197479
1752068093.499355,-0.033709749579429626,0.7946617394685745,-1.2933704078197479
1752068093.5013874,-0.033709749579429626,0.7946617394685745,-1.2933704078197479
1752068093.5054822,-0.033709749579429626,0.7946617394685745,-1.2933704078197479
1752068093.5087242,-0.025267885997891426,0.7711160123348236,-1.4149580717086792
1752068093.5107641,-0.025267885997891426,0.7711160123348236,-1.4149580717086792
1752068093.514478,-0.025267885997891426,0.7711160123348236,-1.4149580717086792
1752068093.5152369,-0.025267885997891426,0.7711160123348236,-1.4149580717086792
1752068093.5173445,0.012922493740916252,0.7432901948690415,-1.7750376358628273
1752068093.5195625,0.012922493740916252,0.7432901948690415,-1.7750376358628273
1752068093.5234952,0.012922493740916252,0.7432901948690415,-1.7750376358628273
1752068093.5263772,0.012922493740916252,0.7432901948690415,-1.7750376358628273
1752068093.5284941,0.0014684181660413742,0.7211531043052674,-1.6412474185228347
1752068093.5305347,0.0014684181660413742,0.7211531043052674,-1.6412474185228347
1752068093.5326295,0.0014684181660413742,0.7211531043052674,-1.6412474185228347
1752068093.5349634,0.04715987294912338,0.7135236203670502,-1.9869783639907836
1752068093.5370731,0.04715987294912338,0.7135236203670502,-1.9869783639907836
1752068093.5396585,0.04715987294912338,0.7135236203670502,-1.9869783639907836
1752068093.543701,0.04715987294912338,0.7135236203670502,-1.9869783639907836
1752068093.5445173,0.04715987294912338,0.7135236203670502,-1.9869783639907836
1752068093.5466077,0.04110226035118103,0.7463706970214844,-1.9315046489238739
1752068093.5486898,0.04110226035118103,0.7463706970214844,-1.9315046489238739
1752068093.5507889,0.04110226035118103,0.7463706970214844,-1.9315046489238739
1752068093.5570426,0.039168938994407654,0.6478489577770233,-2.183890324831009
1752068093.557923,0.039168938994407654,0.6478489577770233,-2.183890324831009
1752068093.559997,0.039168938994407654,0.6478489577770233,-2.183890324831009
1752068093.5620773,0.039168938994407654,0.6478489577770233,-2.183890324831009
1752068093.564582,0.05811969190835953,0.6556056678295136,-2.2590235590934755
1752068093.5666776,0.05811969190835953,0.6556056678295136,-2.2590235590934755
1752068093.5687582,0.05811969190835953,0.6556056678295136,-2.2590235590934755
1752068093.576612,0.05811969190835953,0.6556056678295136,-2.2590235590934755
1752068093.5774288,0.05811969190835953,0.6556056678295136,-2.2590235590934755
1752068093.5794888,0.04930679500102997,0.5421850025653839,-2.409912121295929
1752068093.581539,0.04930679500102997,0.5421850025653839,-2.409912121295929
1752068093.5836327,0.04930679500102997,0.5421850025653839,-2.409912121295929
1752068093.586212,0.020181266590952873,0.5008185744285584,-2.4846490144729616
1752068093.5880446,0.020181266590952873,0.5008185744285584,-2.4846490144729616
1752068093.591609,0.020181266590952873,0.5008185744285584,-2.4846490144729616
1752068093.5949514,0.020181266590952873,0.5008185744285584,-2.4846490144729616
1752068093.5957139,0.020181266590952873,0.5008185744285584,-2.4846490144729616
1752068093.5977905,-0.008796298876404762,0.48385354280471804,-2.595017981529236
1752068093.5998783,-0.008796298876404762,0.48385354280471804,-2.595017981529236
1752068093.6019728,-0.008796298876404762,0.48385354280471804,-2.595017981529236
1752068093.6051195,-0.008796298876404762,0.48385354280471804,-2.595017981529236
1752068093.609425,-0.06398077309131622,0.3896483421325684,-2.471736800670624
1752068093.6113827,-0.06398077309131622,0.3896483421325684,-2.471736800670624
1752068093.615125,-0.06398077309131622,0.3896483421325684,-2.471736800670624
1752068093.6158817,-0.06398077309131622,0.3896483421325684,-2.471736800670624
1752068093.6179857,-0.11287552863359451,0.4043464303016663,-2.278713357448578
1752068093.6200955,-0.11287552863359451,0.4043464303016663,-2.278713357448578
1752068093.622269,-0.11287552863359451,0.4043464303016663,-2.278713357448578
1752068093.627183,-0.11287552863359451,0.4043464303016663,-2.278713357448578
1752068093.6291637,-0.1745537370443344,0.41511001586914065,-2.0251065313816072
1752068093.6312554,-0.1745537370443344,0.41511001586914065,-2.0251065313816072
1752068093.6333442,-0.1745537370443344,0.41511001586914065,-2.0251065313816072
1752068093.6357105,-0.196860209107399,0.3553429484367371,-1.9504274249076843
1752068093.638138,-0.196860209107399,0.3553429484367371,-1.9504274249076843
1752068093.641582,-0.196860209107399,0.3553429484367371,-1.9504274249076843
1752068093.6453438,-0.196860209107399,0.3553429484367371,-1.9504274249076843
1752068093.6461005,-0.196860209107399,0.3553429484367371,-1.9504274249076843
1752068093.648211,-0.177784264087677,0.38113250732421877,-1.913260367512703
1752068093.6503038,-0.177784264087677,0.38113250732421877,-1.913260367512703
1752068093.6523855,-0.177784264087677,0.38113250732421877,-1.913260367512703
1752068093.656112,-0.177784264087677,0.38113250732421877,-1.913260367512703
1752068093.6581504,-0.17201434075832367,0.3791994094848633,-1.786688183248043
1752068093.6601894,-0.17201434075832367,0.3791994094848633,-1.786688183248043
1752068093.6622882,-0.17201434075832367,0.3791994094848633,-1.786688183248043
1752068093.6647644,-0.16045935451984406,0.34907242059707644,-1.7020061824470758
1752068093.6668339,-0.16045935451984406,0.34907242059707644,-1.7020061824470758
1752068093.6689267,-0.16045935451984406,0.34907242059707644,-1.7020061824470758
1752068093.673307,-0.16045935451984406,0.34907242059707644,-1.7020061824470758
1752068093.6741574,-0.16045935451984406,0.34907242059707644,-1.7020061824470758
1752068093.6768284,-0.15133504569530487,0.39186408519744875,-1.625458364188671
1752068093.6788163,-0.15133504569530487,0.39186408519744875,-1.625458364188671
1752068093.6809137,-0.15133504569530487,0.39186408519744875,-1.625458364188671
1752068093.683411,-0.12063156813383102,0.37489774227142336,-1.5046771585941314
1752068093.6854746,-0.12063156813383102,0.37489774227142336,-1.5046771585941314
1752068093.6875865,-0.12063156813383102,0.37489774227142336,-1.5046771585941314
1752068093.6940508,-0.12063156813383102,0.37489774227142336,-1.5046771585941314
1752068093.694853,-0.12063156813383102,0.37489774227142336,-1.5046771585941314
1752068093.6969512,-0.07007069885730743,0.3940009117126465,-1.4335615158081054
1752068093.6990316,-0.07007069885730743,0.3940009117126465,-1.4335615158081054
1752068093.7011268,-0.07007069885730743,0.3940009117126465,-1.4335615158081054
1752068093.704347,-0.07007069885730743,0.3940009117126465,-1.4335615158081054
1752068093.709029,-0.02631661482155323,0.4338259339332581,-1.2948672592639923
1752068093.7109494,-0.02631661482155323,0.4338259339332581,-1.2948672592639923
1752068093.714789,-0.02631661482155323,0.4338259339332581,-1.2948672592639923
1752068093.7155473,-0.02631661482155323,0.4338259339332581,-1.2948672592639923
1752068093.7176526,0.007606131955981255,0.48257684111595156,-1.1475854635238647
1752068093.719729,0.007606131955981255,0.48257684111595156,-1.1475854635238647
1752068093.7237725,0.007606131955981255,0.48257684111595156,-1.1475854635238647
1752068093.727526,0.007606131955981255,0.48257684111595156,-1.1475854635238647
1752068093.7295828,0.025795837864279747,0.5449591517448426,-1.0150166273117065
1752068093.73167,0.025795837864279747,0.5449591517448426,-1.0150166273117065
1752068093.7337604,0.025795837864279747,0.5449591517448426,-1.0150166273117065
1752068093.7364674,0.06416170299053192,0.5483882069587708,-0.9466452121734619
1752068093.7398155,0.06416170299053192,0.5483882069587708,-0.9466452121734619
1752068093.7420483,0.06416170299053192,0.5483882069587708,-0.9466452121734619
1752068093.745847,0.06416170299053192,0.5483882069587708,-0.9466452121734619
1752068093.746615,0.06416170299053192,0.5483882069587708,-0.9466452121734619
1752068093.7487211,0.07568519562482834,0.5140741407871247,-0.9441456317901611
1752068093.7508557,0.07568519562482834,0.5140741407871247,-0.9441456317901611
1752068093.752919,0.07568519562482834,0.5140741407871247,-0.9441456317901611
1752068093.7593346,0.07568519562482834,0.5140741407871247,-0.9441456317901611
1752068093.7613,0.062410131096839905,0.5200252771377564,-0.9818487286567688
1752068093.7633772,0.062410131096839905,0.5200252771377564,-0.9818487286567688
1752068093.7654512,0.062410131096839905,0.5200252771377564,-0.9818487286567688
1752068093.7691205,0.06326547265052795,0.4811419188976288,-1.0505625128746032
1752068093.771745,0.06326547265052795,0.4811419188976288,-1.0505625128746032
1752068093.773889,0.06326547265052795,0.4811419188976288,-1.0505625128746032
1752068093.7760534,0.06326547265052795,0.4811419188976288,-1.0505625128746032
1752068093.7790291,0.06326547265052795,0.4811419188976288,-1.0505625128746032
1752068093.781069,0.13696616888046265,0.40619989633560183,-1.0262104988098144
1752068093.7831578,0.13696616888046265,0.40619989633560183,-1.0262104988098144
1752068093.7852578,0.13696616888046265,0.40619989633560183,-1.0262104988098144
1752068093.7914648,0.13696616888046265,0.40619989633560183,-1.0262104988098144
1752068093.7935562,0.10925555974245071,0.42549344301223757,-1.0526479601860046
1752068093.7955453,0.10925555974245071,0.42549344301223757,-1.0526479601860046
1752068093.7976534,0.10925555974245071,0.42549344301223757,-1.0526479601860046
1752068093.800044,0.1684737652540207,0.3650635123252869,-1.060474169254303
1752068093.8021355,0.1684737652540207,0.3650635123252869,-1.060474169254303
1752068093.807075,0.1684737652540207,0.3650635123252869,-1.060474169254303
1752068093.8081646,0.1684737652540207,0.3650635123252869,-1.060474169254303
1752068093.8115945,0.1684737652540207,0.3650635123252869,-1.060474169254303
1752068093.813786,0.15075188875198364,0.41788738369941714,-1.0351682424545288
1752068093.8158865,0.15075188875198364,0.41788738369941714,-1.0351682424545288
1752068093.8192122,0.15075188875198364,0.41788738369941714,-1.0351682424545288
1752068093.8199646,0.15075188875198364,0.41788738369941714,-1.0351682424545288
1752068093.823831,0.11522571742534637,0.3597594141960144,-1.0285903930664062
1752068093.826314,0.11522571742534637,0.3597594141960144,-1.0285903930664062
1752068093.8300607,0.11522571742534637,0.3597594141960144,-1.0285903930664062
1752068093.830827,0.11522571742534637,0.3597594141960144,-1.0285903930664062
1752068093.8329284,0.08584818243980408,0.3335434436798096,-1.0352434039115905
1752068093.8349845,0.08584818243980408,0.3335434436798096,-1.0352434039115905
1752068093.8374624,0.08584818243980408,0.3335434436798096,-1.0352434039115905
1752068093.8428447,0.08584818243980408,0.3335434436798096,-1.0352434039115905
1752068093.8448923,0.08145177364349365,0.33443673849105837,-1.0488591313362121
1752068093.8469732,0.08145177364349365,0.33443673849105837,-1.0488591313362121
1752068093.8490765,0.08145177364349365,0.33443673849105837,-1.0488591313362121
1752068093.8515067,0.06426116824150085,0.32741483449935915,-1.0622142672538757
1752068093.8536747,0.06426116824150085,0.32741483449935915,-1.0622142672538757
1752068093.8560822,0.06426116824150085,0.32741483449935915,-1.0622142672538757
1752068093.8617084,0.06426116824150085,0.32741483449935915,-1.0622142672538757
1752068093.8624973,0.06426116824150085,0.32741483449935915,-1.0622142672538757
1752068093.864584,0.0783555805683136,0.3639919996261597,-1.0644101619720459
1752068093.8666735,0.0783555805683136,0.3639919996261597,-1.0644101619720459
1752068093.8687673,0.0783555805683136,0.3639919996261597,-1.0644101619720459
1752068093.8754518,0.0783555805683136,0.3639919996261597,-1.0644101619720459
1752068093.877443,0.07497327029705048,0.360796058177948,-1.0544767498970031
1752068093.8794937,0.07497327029705048,0.360796058177948,-1.0544767498970031
1752068093.8816009,0.07497327029705048,0.360796058177948,-1.0544767498970031
1752068093.8839617,0.08625444769859314,0.3479019045829773,-1.0610101342201232
1752068093.8864331,0.08625444769859314,0.3479019045829773,-1.0610101342201232
1752068093.8897004,0.08625444769859314,0.3479019045829773,-1.0610101342201232
1752068093.8941274,0.08625444769859314,0.3479019045829773,-1.0610101342201232
1752068093.894926,0.08625444769859314,0.3479019045829773,-1.0610101342201232
1752068093.8970087,0.10319717228412628,0.3394029974937439,-1.0956887125968933
1752068093.8990986,0.10319717228412628,0.3394029974937439,-1.0956887125968933
1752068093.9012158,0.10319717228412628,0.3394029974937439,-1.0956887125968933
1752068093.903898,0.0819132924079895,0.4079556703567505,-1.0742222189903259
1752068093.9078503,0.0819132924079895,0.4079556703567505,-1.0742222189903259
1752068093.9098897,0.0819132924079895,0.4079556703567505,-1.0742222189903259
1752068093.9122908,0.0819132924079895,0.4079556703567505,-1.0742222189903259
1752068093.914545,0.08669866621494293,0.4775778889656067,-1.0538379669189453
1752068093.9166365,0.08669866621494293,0.4775778889656067,-1.0538379669189453
1752068093.9187248,0.08669866621494293,0.4775778889656067,-1.0538379669189453
1752068093.9246044,0.08669866621494293,0.4775778889656067,-1.0538379669189453
1752068093.9255223,0.08669866621494293,0.4775778889656067,-1.0538379669189453
1752068093.9275339,0.08430831134319305,0.5013250350952149,-1.0662346005439758
1752068093.9296172,0.08430831134319305,0.5013250350952149,-1.0662346005439758
1752068093.9317174,0.08430831134319305,0.5013250350952149,-1.0662346005439758
1752068093.934005,0.15042953193187714,0.47908812165260317,-1.0883400559425354
1752068093.936412,0.15042953193187714,0.47908812165260317,-1.0883400559425354
1752068093.939576,0.15042953193187714,0.47908812165260317,-1.0883400559425354
1752068093.9432187,0.15042953193187714,0.47908812165260317,-1.0883400559425354
1752068093.9439886,0.15042953193187714,0.47908812165260317,-1.0883400559425354
1752068093.946093,0.21227703988552094,0.48901363611221316,-1.116113555431366
1752068093.9481907,0.21227703988552094,0.48901363611221316,-1.116113555431366
1752068093.9502828,0.21227703988552094,0.48901363611221316,-1.116113555431366
1752068093.953702,0.21549837291240692,0.5104927957057953,-1.1150850176811218
1752068093.9566796,0.21549837291240692,0.5104927957057953,-1.1150850176811218
1752068093.9587674,0.21549837291240692,0.5104927957057953,-1.1150850176811218
1752068093.9607897,0.21549837291240692,0.5104927957057953,-1.1150850176811218
1752068093.9644835,0.2203119546175003,0.5236969232559204,-1.1240679144859314
1752068093.9665346,0.2203119546175003,0.5236969232559204,-1.1240679144859314
1752068093.968619,0.2203119546175003,0.5236969232559204,-1.1240679144859314
1752068093.9707403,0.2203119546175003,0.5236969232559204,-1.1240679144859314
1752068093.973408,0.2203119546175003,0.5236969232559204,-1.1240679144859314
1752068093.977675,0.2203119546175003,0.5236969232559204,-1.1240679144859314
1752068093.9793756,0.20499679446220398,0.5469090580940247,-1.1367453455924987
1752068093.9815197,0.20499679446220398,0.5469090580940247,-1.1367453455924987
1752068093.9851964,0.19879305362701416,0.598362946510315,-1.1353794455528259
1752068093.9877102,0.19879305362701416,0.598362946510315,-1.1353794455528259
1752068093.9919748,0.19879305362701416,0.598362946510315,-1.1353794455528259
1752068093.9940054,0.19879305362701416,0.598362946510315,-1.1353794455528259
1752068093.996517,0.1775214970111847,0.6577122151851654,-1.1410363435745239
1752068093.9986088,0.1775214970111847,0.6577122151851654,-1.1410363435745239
1752068094.0006912,0.1775214970111847,0.6577122151851654,-1.1410363435745239
1752068094.0080235,0.1775214970111847,0.6577122151851654,-1.1410363435745239
1752068094.008929,0.1775214970111847,0.6577122151851654,-1.1410363435745239
1752068094.0110013,0.15290232002735138,0.6935334146022797,-1.1491105675697326
1752068094.013063,0.15290232002735138,0.6935334146022797,-1.1491105675697326
1752068094.0151532,0.15290232002735138,0.6935334146022797,-1.1491105675697326
1752068094.017511,0.06845614314079285,0.7609145432710648,-1.2481049120426178
1752068094.01962,0.06845614314079285,0.7609145432710648,-1.2481049120426178
1752068094.0229197,0.06845614314079285,0.7609145432710648,-1.2481049120426178
1752068094.0258214,0.06845614314079285,0.7609145432710648,-1.2481049120426178
1752068094.0287259,0.021200058981776237,0.7739086538553238,-1.2599681437015533
1752068094.0308053,0.021200058981776237,0.7739086538553238,-1.2599681437015533
1752068094.032902,0.021200058981776237,0.7739086538553238,-1.2599681437015533
1752068094.0349956,0.021200058981776237,0.7739086538553238,-1.2599681437015533
1752068094.0406919,-0.010003315284848213,0.7720016777515412,-1.3979787349700927
1752068094.042664,-0.010003315284848213,0.7720016777515412,-1.3979787349700927
1752068094.0447228,-0.010003315284848213,0.7720016777515412,-1.3979787349700927
1752068094.0468307,-0.010003315284848213,0.7720016777515412,-1.3979787349700927
1752068094.049222,-0.010003315284848213,0.7720016777515412,-1.3979787349700927
1752068094.051346,0.015177493914961815,0.6819283306598664,-1.73681892901659
1752068094.053401,0.015177493914961815,0.6819283306598664,-1.73681892901659
1752068094.0555887,0.015177493914961815,0.6819283306598664,-1.73681892901659
1752068094.0583541,0.015177493914961815,0.6819283306598664,-1.73681892901659
1752068094.0603826,0.014812557026743889,0.7348360359668732,-1.8198729872703552
1752068094.0624354,0.014812557026743889,0.7348360359668732,-1.8198729872703552
1752068094.0645046,0.014812557026743889,0.7348360359668732,-1.8198729872703552
1752068094.0668032,0.0280038770288229,0.7374152332544327,-1.9589778900146484
1752068094.0688958,0.0280038770288229,0.7374152332544327,-1.9589778900146484
1752068094.0710497,0.0280038770288229,0.7374152332544327,-1.9589778900146484
1752068094.0751011,0.0280038770288229,0.7374152332544327,-1.9589778900146484
1752068094.0758877,0.0280038770288229,0.7374152332544327,-1.9589778900146484
1752068094.078627,0.06606738269329071,0.7441369533538819,-2.0911415040493013
1752068094.0805027,0.06606738269329071,0.7441369533538819,-2.0911415040493013
1752068094.0841668,0.06606738269329071,0.7441369533538819,-2.0911415040493013
1752068094.0849195,0.06606738269329071,0.7441369533538819,-2.0911415040493013
1752068094.0880954,0.06962740421295166,0.6789585590362549,-2.2363801121711733
1752068094.091305,0.06962740421295166,0.6789585590362549,-2.2363801121711733
1752068094.0933292,0.06962740421295166,0.6789585590362549,-2.2363801121711733
1752068094.0957825,0.06368657946586609,0.6368019819259644,-2.350658667087555
1752068094.0978706,0.06368657946586609,0.6368019819259644,-2.350658667087555
1752068094.0999608,0.06368657946586609,0.6368019819259644,-2.350658667087555
1752068094.1028485,0.06368657946586609,0.6368019819259644,-2.350658667087555
1752068094.105443,0.06368657946586609,0.6368019819259644,-2.350658667087555
1752068094.107994,0.05621098726987839,0.578964376449585,-2.4098847627639772
1752068094.1100154,0.05621098726987839,0.578964376449585,-2.4098847627639772
1752068094.1136985,0.05621098726987839,0.578964376449585,-2.4098847627639772
1752068094.114462,0.05621098726987839,0.578964376449585,-2.4098847627639772
1752068094.116524,0.041963085532188416,0.53577800989151,-2.5271061182022097
1752068094.1186066,0.041963085532188416,0.53577800989151,-2.5271061182022097
1752068094.1210358,0.041963085532188416,0.53577800989151,-2.5271061182022097
1752068094.1258688,0.041963085532188416,0.53577800989151,-2.5271061182022097
1752068094.1280074,-0.0002865884453058243,0.5038710474967957,-2.569020164012909
1752068094.1299953,-0.0002865884453058243,0.5038710474967957,-2.569020164012909
1752068094.1320894,-0.0002865884453058243,0.5038710474967957,-2.569020164012909
1752068094.134562,-0.04691818356513977,0.4568839013576508,-2.5302441835403444
1752068094.1395092,-0.04691818356513977,0.4568839013576508,-2.5302441835403444
1752068094.140401,-0.04691818356513977,0.4568839013576508,-2.5302441835403444
1752068094.1433237,-0.04691818356513977,0.4568839013576508,-2.5302441835403444
1752068094.1449132,-0.04691818356513977,0.4568839013576508,-2.5302441835403444
1752068094.146992,-0.09052085876464844,0.47602024078369143,-2.3735836863517763
1752068094.1490808,-0.09052085876464844,0.47602024078369143,-2.3735836863517763
1752068094.1511805,-0.09052085876464844,0.47602024078369143,-2.3735836863517763
1752068094.1563025,-0.16597212851047516,0.47462126016616824,-2.0987143933773043
1752068094.157984,-0.16597212851047516,0.47462126016616824,-2.0987143933773043
1752068094.1600764,-0.16597212851047516,0.47462126016616824,-2.0987143933773043
1752068094.1621592,-0.16597212851047516,0.47462126016616824,-2.0987143933773043
1752068094.1646123,-0.22370252013206482,0.42752292156219485,-2.04188848733902
1752068094.1667037,-0.22370252013206482,0.42752292156219485,-2.04188848733902
1752068094.1687899,-0.22370252013206482,0.42752292156219485,-2.04188848733902
1752068094.1731398,-0.22370252013206482,0.42752292156219485,-2.04188848733902
1752068094.1757908,-0.22370252013206482,0.42752292156219485,-2.04188848733902
1752068094.17787,-0.17835554480552673,0.41760333776474,-1.9719635367393493
1752068094.1799805,-0.17835554480552673,0.41760333776474,-1.9719635367393493
1752068094.182026,-0.17835554480552673,0.41760333776474,-1.9719635367393493
1752068094.1844928,-0.17905183136463165,0.39744153022766116,-1.8246756315231323
1752068094.1865792,-0.17905183136463165,0.39744153022766116,-1.8246756315231323
1752068094.1888986,-0.17905183136463165,0.39744153022766116,-1.8246756315231323
1752068094.1933181,-0.17905183136463165,0.39744153022766116,-1.8246756315231323
1752068094.1940665,-0.17905183136463165,0.39744153022766116,-1.8246756315231323
1752068094.1961715,-0.17540286481380463,0.3879257082939148,-1.7617514923214912
1752068094.198265,-0.17540286481380463,0.3879257082939148,-1.7617514923214912
1752068094.2003598,-0.17540286481380463,0.3879257082939148,-1.7617514923214912
1752068094.2025173,-0.17851996421813965,0.3944491982460022,-1.6737215247005224
1752068094.2047148,-0.17851996421813965,0.3944491982460022,-1.6737215247005224
1752068094.2070076,-0.17851996421813965,0.3944491982460022,-1.6737215247005224
1752068094.2103372,-0.17851996421813965,0.3944491982460022,-1.6737215247005224
1752068094.211093,-0.17851996421813965,0.3944491982460022,-1.6737215247005224
1752068094.2132092,-0.1423337310552597,0.3967927932739258,-1.5893943950533866
1752068094.2152903,-0.1423337310552597,0.3967927932739258,-1.5893943950533866
1752068094.2173817,-0.1423337310552597,0.3967927932739258,-1.5893943950533866
1752068094.2197495,-0.1423337310552597,0.3967927932739258,-1.5893943950533866
1752068094.224496,-0.1423337310552597,0.3967927932739258,-1.5893943950533866
1752068094.2265174,-0.1126662939786911,0.3980350732803345,-1.4955116182565689
1752068094.2285569,-0.1126662939786911,0.3980350732803345,-1.4955116182565689
1752068094.2309718,-0.06343820691108704,0.42452272176742556,-1.3888503730297088
1752068094.2330675,-0.06343820691108704,0.42452272176742556,-1.3888503730297088
1752068094.2351573,-0.06343820691108704,0.42452272176742556,-1.3888503730297088
1752068094.240692,-0.06343820691108704,0.42452272176742556,-1.3888503730297088
1752068094.2414794,-0.06343820691108704,0.42452272176742556,-1.3888503730297088
1752068094.2449265,-0.03691965341567993,0.4855388343334198,-1.3274697482585907
1752068094.2469468,-0.03691965341567993,0.4855388343334198,-1.3274697482585907
1752068094.2506099,-0.03691965341567993,0.4855388343334198,-1.3274697482585907
1752068094.2513645,-0.03691965341567993,0.4855388343334198,-1.3274697482585907
1752068094.2554903,-0.011936644092202187,0.5381081342697144,-1.164899480342865
1752068094.256317,-0.011936644092202187,0.5381081342697144,-1.164899480342865
1752068094.2590513,-0.011936644092202187,0.5381081342697144,-1.164899480342865
1752068094.2626822,0.00387444905936718,0.5748851537704468,-1.0617475032806396
1752068094.2647707,0.00387444905936718,0.5748851537704468,-1.0617475032806396
1752068094.2668514,0.00387444905936718,0.5748851537704468,-1.0617475032806396
1752068094.2689457,0.00387444905936718,0.5748851537704468,-1.0617475032806396
1752068094.2759757,0.00387444905936718,0.5748851537704468,-1.0617475032806396
1752068094.2779953,0.026851652190089226,0.5754205226898194,-0.968039584159851
1752068094.2800815,0.026851652190089226,0.5754205226898194,-0.968039584159851
1752068094.2821789,0.026851652190089226,0.5754205226898194,-0.968039584159851
1752068094.284522,0.029786041006445885,0.5398096382617951,-0.9373023033142089
1752068094.286598,0.029786041006445885,0.5398096382617951,-0.9373023033142089
1752068094.289109,0.029786041006445885,0.5398096382617951,-0.9373023033142089
1752068094.2938,0.029786041006445885,0.5398096382617951,-0.9373023033142089
1752068094.294553,0.029786041006445885,0.5398096382617951,-0.9373023033142089
1752068094.2966566,0.05553025007247925,0.5751862764358521,-1.0450952172279357
1752068094.2987394,0.05553025007247925,0.5751862764358521,-1.0450952172279357
1752068094.300833,0.05553025007247925,0.5751862764358521,-1.0450952172279357
1752068094.3043003,0.062195196747779846,0.5313749253749848,-1.0488186597824096
1752068094.3086462,0.062195196747779846,0.5313749253749848,-1.0488186597824096
1752068094.310619,0.062195196747779846,0.5313749253749848,-1.0488186597824096
1752068094.3127172,0.062195196747779846,0.5313749253749848,-1.0488186597824096
1752068094.3152082,0.09184571355581284,0.47021239399909975,-1.016032350063324
1752068094.3172843,0.09184571355581284,0.47021239399909975,-1.016032350063324
1752068094.319645,0.09184571355581284,0.47021239399909975,-1.016032350063324
1752068094.322566,0.09184571355581284,0.47021239399909975,-1.016032350063324
1752068094.3250475,0.09184571355581284,0.47021239399909975,-1.016032350063324
1752068094.3274746,0.0962965190410614,0.42020713686943056,-1.0399192094802856
1752068094.3295386,0.0962965190410614,0.42020713686943056,-1.0399192094802856
1752068094.331961,0.0962965190410614,0.42020713686943056,-1.0399192094802856
1752068094.3341687,0.12975408136844635,0.4301081240177155,-1.0540508151054382
1752068094.3362389,0.12975408136844635,0.4301081240177155,-1.0540508151054382
1752068094.339548,0.12975408136844635,0.4301081240177155,-1.0540508151054382
1752068094.3417435,0.12975408136844635,0.4301081240177155,-1.0540508151054382
1752068094.3455853,0.08504495769739151,0.42218115329742434,-1.0372511863708496
1752068094.3476462,0.08504495769739151,0.42218115329742434,-1.0372511863708496
1752068094.3497162,0.08504495769739151,0.42218115329742434,-1.0372511863708496
1752068094.3518133,0.08504495769739151,0.42218115329742434,-1.0372511863708496
1752068094.3584778,0.08504495769739151,0.42218115329742434,-1.0372511863708496
1752068094.3604865,0.06699436902999878,0.40520685315132143,-1.0217985033988952
1752068094.3625271,0.06699436902999878,0.40520685315132143,-1.0217985033988952
1752068094.3646185,0.06699436902999878,0.40520685315132143,-1.0217985033988952
1752068094.36687,0.03870844841003418,0.3849730134010315,-1.030370008945465
1752068094.3689613,0.03870844841003418,0.3849730134010315,-1.030370008945465
1752068094.3724113,0.03870844841003418,0.3849730134010315,-1.030370008945465
1752068094.3769946,0.03870844841003418,0.3849730134010315,-1.030370008945465
1752068094.377779,0.03870844841003418,0.3849730134010315,-1.030370008945465
1752068094.379919,0.04720692336559296,0.38264265060424807,-1.0430387377738952
1752068094.3820045,0.04720692336559296,0.38264265060424807,-1.0430387377738952
1752068094.384111,0.04720692336559296,0.38264265060424807,-1.0430387377738952
1752068094.386699,0.015342799946665764,0.3730128645896912,-1.0398413062095642
1752068094.3912694,0.015342799946665764,0.3730128645896912,-1.0398413062095642
1752068094.3932343,0.015342799946665764,0.3730128645896912,-1.0398413062095642
1752068094.3969834,0.015342799946665764,0.3730128645896912,-1.0398413062095642
1752068094.3977418,0.015342799946665764,0.3730128645896912,-1.0398413062095642
1752068094.3998375,0.026750577613711357,0.38150122165679934,-1.034960401058197
1752068094.4019253,0.026750577613711357,0.38150122165679934,-1.034960401058197
1752068094.4049547,0.026750577613711357,0.38150122165679934,-1.034960401058197
1752068094.4100409,0.026750577613711357,0.38150122165679934,-1.034960401058197
1752068094.4121878,0.057128533720970154,0.40576731562614443,-1.047885251045227
1752068094.4142768,0.057128533720970154,0.40576731562614443,-1.047885251045227
1752068094.417872,0.057128533720970154,0.40576731562614443,-1.047885251045227
1752068094.4186285,0.057128533720970154,0.40576731562614443,-1.047885251045227
1752068094.4239004,0.0417952686548233,0.36879720687866213,-1.0453291058540344
1752068094.4259086,0.0417952686548233,0.36879720687866213,-1.0453291058540344
1752068094.427971,0.0417952686548233,0.36879720687866213,-1.0453291058540344
1752068094.4316912,0.040721744298934937,0.32208594083786013,-1.0736104369163513
1752068094.433768,0.040721744298934937,0.32208594083786013,-1.0736104369163513
1752068094.4360638,0.040721744298934937,0.32208594083786013,-1.0736104369163513
1752068094.4391427,0.040721744298934937,0.32208594083786013,-1.0736104369163513
1752068094.4432285,0.040721744298934937,0.32208594083786013,-1.0736104369163513
1752068094.4452507,0.028418397530913353,0.404264771938324,-1.0741262555122375
1752068094.4473293,0.028418397530913353,0.404264771938324,-1.0741262555122375
1752068094.449394,0.028418397530913353,0.404264771938324,-1.0741262555122375
1752068094.4516244,0.027469148859381676,0.5140201091766358,-1.0520471453666687
1752068094.453747,0.027469148859381676,0.5140201091766358,-1.0520471453666687
1752068094.457287,0.027469148859381676,0.5140201091766358,-1.0520471453666687
1752068094.4603183,0.027469148859381676,0.5140201091766358,-1.0520471453666687
1752068094.4619133,0.027469148859381676,0.5140201091766358,-1.0520471453666687
1752068094.464105,0.050351694226264954,0.46747889518737795,-1.068959128856659
1752068094.4661908,0.050351694226264954,0.46747889518737795,-1.068959128856659
1752068094.469589,0.050351694226264954,0.46747889518737795,-1.068959128856659
1752068094.470339,0.050351694226264954,0.46747889518737795,-1.068959128856659
1752068094.4752648,0.050351694226264954,0.46747889518737795,-1.068959128856659
1752068094.477212,0.09246306121349335,0.4869065523147583,-1.0996776342391967
1752068094.480871,0.09246306121349335,0.4869065523147583,-1.0996776342391967
1752068094.4816332,0.09246306121349335,0.4869065523147583,-1.0996776342391967
1752068094.4837255,0.13733722269535065,0.4843368470668793,-1.1097309708595275
1752068094.4858124,0.13733722269535065,0.4843368470668793,-1.1097309708595275
1752068094.490258,0.13733722269535065,0.4843368470668793,-1.1097309708595275
1752068094.4936163,0.13733722269535065,0.4843368470668793,-1.1097309708595275
1752068094.495683,0.15747636556625366,0.5079190373420716,-1.1192739129066467
1752068094.4977741,0.15747636556625366,0.5079190373420716,-1.1192739129066467
1752068094.499864,0.15747636556625366,0.5079190373420716,-1.1192739129066467
1752068094.5020413,0.15919239819049835,0.5095297038555145,-1.1208959937095642
1752068094.5056808,0.15919239819049835,0.5095297038555145,-1.1208959937095642
1752068094.5080361,0.15919239819049835,0.5095297038555145,-1.1208959937095642
1752068094.5117948,0.15919239819049835,0.5095297038555145,-1.1208959937095642
1752068094.512568,0.15919239819049835,0.5095297038555145,-1.1208959937095642
1752068094.5146601,0.15909676253795624,0.5059941053390503,-1.1311087727546691
1752068094.5167446,0.15909676253795624,0.5059941053390503,-1.1311087727546691
1752068094.5188391,0.15909676253795624,0.5059941053390503,-1.1311087727546691
1752068094.5253646,0.1488596647977829,0.5432531476020813,-1.1412795901298523
1752068094.527382,0.1488596647977829,0.5432531476020813,-1.1412795901298523
1752068094.529432,0.1488596647977829,0.5432531476020813,-1.1412795901298523
1752068094.53151,0.1488596647977829,0.5432531476020813,-1.1412795901298523
1752068094.533581,0.1488596647977829,0.5432531476020813,-1.1412795901298523
1752068094.5356605,0.1488596647977829,0.5432531476020813,-1.1412795901298523
1752068094.5399776,0.13115888833999634,0.6097066938877106,-1.139342200756073
1752068094.5419009,0.13115888833999634,0.6097066938877106,-1.139342200756073
1752068094.5444858,0.12112928926944733,0.6416645884513855,-1.1458643794059753
1752068094.5465217,0.12112928926944733,0.6416645884513855,-1.1458643794059753
1752068094.5486057,0.12112928926944733,0.6416645884513855,-1.1458643794059753
1752068094.5520086,0.12112928926944733,0.6416645884513855,-1.1458643794059753
1752068094.552758,0.12112928926944733,0.6416645884513855,-1.1458643794059753
1752068094.5556455,0.09978194534778595,0.6786918729543686,-1.1860283136367797
1752068094.5578117,0.09978194534778595,0.6786918729543686,-1.1860283136367797
1752068094.561347,0.09978194534778595,0.6786918729543686,-1.1860283136367797
1752068094.5620973,0.09978194534778595,0.6786918729543686,-1.1860283136367797
1752068094.5642037,0.05158757418394089,0.7518434911966324,-1.2855168402194976
1752068094.5662897,0.05158757418394089,0.7518434911966324,-1.2855168402194976
1752068094.5683932,0.05158757418394089,0.7518434911966324,-1.2855168402194976
1752068094.5724554,0.05158757418394089,0.7518434911966324,-1.2855168402194976
1752068094.574755,0.05158757418394089,0.7518434911966324,-1.2855168402194976
1752068094.5769105,0.020807882770895958,0.7648340255022049,-1.313497108221054
1752068094.5806758,0.020807882770895958,0.7648340255022049,-1.313497108221054
1752068094.581435,0.020807882770895958,0.7648340255022049,-1.313497108221054
1752068094.5835125,-0.01020054705440998,0.7587013483047486,-1.411181491613388
1752068094.585591,-0.01020054705440998,0.7587013483047486,-1.411181491613388
1752068094.5881503,-0.01020054705440998,0.7587013483047486,-1.411181491613388
1752068094.5922701,-0.01020054705440998,0.7587013483047486,-1.411181491613388
1752068094.5943067,0.025674043223261833,0.7075778484344483,-1.6133818671107292
1752068094.5963736,0.025674043223261833,0.7075778484344483,-1.6133818671107292
1752068094.5984435,0.025674043223261833,0.7075778484344483,-1.6133818671107292
1752068094.6007705,0.03309740126132965,0.7467994034290314,-1.8543496698141098
1752068094.6028373,0.03309740126132965,0.7467994034290314,-1.8543496698141098
1752068094.6072724,0.03309740126132965,0.7467994034290314,-1.8543496698141098
1752068094.610148,0.03309740126132965,0.7467994034290314,-1.8543496698141098
1752068094.6118388,0.03309740126132965,0.7467994034290314,-1.8543496698141098
1752068094.6139383,0.05824486166238785,0.7775568753480911,-1.8747547388076782
1752068094.6160188,0.05824486166238785,0.7775568753480911,-1.8747547388076782
1752068094.618116,0.05824486166238785,0.7775568753480911,-1.8747547388076782
1752068094.62138,0.08521498739719391,0.8138173758983612,-2.1162732362747194
1752068094.6258075,0.08521498739719391,0.8138173758983612,-2.1162732362747194
1752068094.627731,0.08521498739719391,0.8138173758983612,-2.1162732362747194
1752068094.631434,0.08521498739719391,0.8138173758983612,-2.1162732362747194
1752068094.6321814,0.08521498739719391,0.8138173758983612,-2.1162732362747194
1752068094.6342883,0.09046532213687897,0.7376859277486801,-2.091535818576813
1752068094.6363947,0.09046532213687897,0.7376859277486801,-2.091535818576813
1752068094.641568,0.09046532213687897,0.7376859277486801,-2.091535818576813
1752068094.6443586,0.09046532213687897,0.7376859277486801,-2.091535818576813
1752068094.6463747,0.0655699148774147,0.6929679602384567,-2.2475437045097353
1752068094.6484382,0.0655699148774147,0.6929679602384567,-2.2475437045097353
1752068094.6504989,0.0655699148774147,0.6929679602384567,-2.2475437045097353
1752068094.6529386,0.06442277133464813,0.6668071687221527,-2.3498225927352907
1752068094.6573339,0.06442277133464813,0.6668071687221527,-2.3498225927352907
1752068094.6593096,0.06442277133464813,0.6668071687221527,-2.3498225927352907
1752068094.663013,0.06442277133464813,0.6668071687221527,-2.3498225927352907
1752068094.6637926,0.06442277133464813,0.6668071687221527,-2.3498225927352907
1752068094.665865,0.039248332381248474,0.620992386341095,-2.457138788700104
1752068094.6679535,0.039248332381248474,0.620992386341095,-2.457138788700104
1752068094.6700764,0.039248332381248474,0.620992386341095,-2.457138788700104
1752068094.6740096,0.039248332381248474,0.620992386341095,-2.457138788700104
1752068094.677315,0.010007424280047417,0.6100916504859925,-2.5668068051338198
1752068094.6793163,0.010007424280047417,0.6100916504859925,-2.5668068051338198
1752068094.6829498,0.010007424280047417,0.6100916504859925,-2.5668068051338198
1752068094.68371,0.010007424280047417,0.6100916504859925,-2.5668068051338198
1752068094.6858,-0.047507114708423615,0.5582534909248352,-2.613913190364838
1752068094.6895003,-0.047507114708423615,0.5582534909248352,-2.613913190364838
1752068094.6923845,-0.047507114708423615,0.5582534909248352,-2.613913190364838
1752068094.6949103,-0.09687364846467972,0.5513837575912476,-2.6502042531967165
1752068094.6970036,-0.09687364846467972,0.5513837575912476,-2.6502042531967165
1752068094.6990838,-0.09687364846467972,0.5513837575912476,-2.6502042531967165
1752068094.7024918,-0.09687364846467972,0.5513837575912476,-2.6502042531967165
1752068094.7032425,-0.09687364846467972,0.5513837575912476,-2.6502042531967165
1752068094.7088041,-0.15079574286937714,0.5405153274536133,-2.4800456285476686
1752068094.7107484,-0.15079574286937714,0.5405153274536133,-2.4800456285476686
1752068094.7144203,-0.15079574286937714,0.5405153274536133,-2.4800456285476686
1752068094.7151659,-0.15079574286937714,0.5405153274536133,-2.4800456285476686
1752068094.7172782,-0.22100305557250977,0.5275136470794678,-2.185130399465561
1752068094.7195072,-0.22100305557250977,0.5275136470794678,-2.185130399465561
1752068094.722718,-0.22100305557250977,0.5275136470794678,-2.185130399465561
1752068094.7273195,-0.22100305557250977,0.5275136470794678,-2.185130399465561
1752068094.7280762,-0.22100305557250977,0.5275136470794678,-2.185130399465561
1752068094.730183,-0.23997338116168976,0.4691976547241211,-2.073747229576111
1752068094.7322838,-0.23997338116168976,0.4691976547241211,-2.073747229576111
1752068094.7344549,-0.21271127462387085,0.44267925024032595,-2.0503253757953646
1752068094.7365289,-0.21271127462387085,0.44267925024032595,-2.0503253757953646
1752068094.7391064,-0.21271127462387085,0.44267925024032595,-2.0503253757953646
1752068094.7438521,-0.21271127462387085,0.44267925024032595,-2.0503253757953646
1752068094.744618,-0.21271127462387085,0.44267925024032595,-2.0503253757953646
1752068094.7467225,-0.17718331515789032,0.4510709285736084,-1.9514481842517852
1752068094.7488022,-0.17718331515789032,0.4510709285736084,-1.9514481842517852
1752068094.7509005,-0.17718331515789032,0.4510709285736084,-1.9514481842517852
1752068094.7543263,-0.17718331515789032,0.4510709285736084,-1.9514481842517852
1752068094.758822,-0.1711449772119522,0.4157451927661896,-1.8686658561229705
1752068094.7608461,-0.1711449772119522,0.4157451927661896,-1.8686658561229705
1752068094.763895,-0.1711449772119522,0.4157451927661896,-1.8686658561229705
1752068094.7654805,-0.1578354835510254,0.41884400844573977,-1.7851037800312042
1752068094.7675495,-0.1578354835510254,0.41884400844573977,-1.7851037800312042
1752068094.7696836,-0.1578354835510254,0.41884400844573977,-1.7851037800312042
1752068094.7770953,-0.1578354835510254,0.41884400844573977,-1.7851037800312042
1752068094.7779117,-0.1578354835510254,0.41884400844573977,-1.7851037800312042
1752068094.7799919,-0.1411599963903427,0.4346844792366028,-1.6928412828594446
1752068094.7820754,-0.1411599963903427,0.4346844792366028,-1.6928412828594446
1752068094.7841797,-0.1411599963903427,0.4346844792366028,-1.6928412828594446
1752068094.7867973,-0.1411599963903427,0.4346844792366028,-1.6928412828594446
1752068094.7888744,-0.10060591250658035,0.43537827730178835,-1.6020122587680816
1752068094.7911081,-0.10060591250658035,0.43537827730178835,-1.6020122587680816
1752068094.7948217,-0.10060591250658035,0.43537827730178835,-1.6020122587680816
1752068094.79559,-0.10060591250658035,0.43537827730178835,-1.6020122587680816
1752068094.7976954,-0.0720265656709671,0.4723339319229126,-1.5373629003763198
1752068094.7997763,-0.0720265656709671,0.4723339319229126,-1.5373629003763198
1752068094.8018713,-0.0720265656709671,0.4723339319229126,-1.5373629003763198
1752068094.8084514,-0.05838803946971893,0.502179229259491,-1.436240416765213
1752068094.810354,-0.05838803946971893,0.502179229259491,-1.436240416765213
1752068094.8123822,-0.05838803946971893,0.502179229259491,-1.436240416765213
1752068094.8144424,-0.05838803946971893,0.502179229259491,-1.436240416765213
1752068094.8168573,-0.04872642457485199,0.5560690999031067,-1.3285974979400634
1752068094.8189483,-0.04872642457485199,0.5560690999031067,-1.3285974979400634
1752068094.8222196,-0.04872642457485199,0.5560690999031067,-1.3285974979400634
1752068094.8256423,-0.04872642457485199,0.5560690999031067,-1.3285974979400634
1752068094.8278093,-0.039290592074394226,0.6022194862365723,-1.2081506371498107
1752068094.829892,-0.039290592074394226,0.6022194862365723,-1.2081506371498107
1752068094.8319726,-0.039290592074394226,0.6022194862365723,-1.2081506371498107
1752068094.8353772,-0.039290592074394226,0.6022194862365723,-1.2081506371498107
1752068094.836129,-0.039290592074394226,0.6022194862365723,-1.2081506371498107
1752068094.8410344,-0.026033276692032814,0.6291655242443085,-1.0832504153251648
1752068094.8430793,-0.026033276692032814,0.6291655242443085,-1.0832504153251648
1752068094.845154,-0.026033276692032814,0.6291655242443085,-1.0832504153251648
1752068094.8475618,-0.026033276692032814,0.6291655242443085,-1.0832504153251648
1752068094.8496501,-0.023149313405156136,0.6250565588474274,-0.9849218249320983
1752068094.85174,-0.023149313405156136,0.6250565588474274,-0.9849218249320983
1752068094.8539531,-0.023149313405156136,0.6250565588474274,-0.9849218249320983
1752068094.8567045,-0.023149313405156136,0.6250565588474274,-0.9849218249320983
1752068094.8588088,-0.001927325502038002,0.6081758379936218,-1.0052711486816406
1752068094.8608434,-0.001927325502038002,0.6081758379936218,-1.0052711486816406
1752068094.862944,-0.001927325502038002,0.6081758379936218,-1.0052711486816406
1752068094.8654053,0.0037656445056200027,0.5420024037361145,-0.9881118059158325
1752068094.8674653,0.0037656445056200027,0.5420024037361145,-0.9881118059158325
1752068094.8695233,0.0037656445056200027,0.5420024037361145,-0.9881118059158325
1752068094.8738604,0.0037656445056200027,0.5420024037361145,-0.9881118059158325
1752068094.8746595,0.0037656445056200027,0.5420024037361145,-0.9881118059158325
1752068094.8767624,0.09177325665950775,0.6536032348871231,-1.146675181388855
1752068094.8788328,0.09177325665950775,0.6536032348871231,-1.146675181388855
1752068094.8809364,0.09177325665950775,0.6536032348871231,-1.146675181388855
1752068094.8832884,0.05311942100524902,0.5615068912506104,-1.0708630204200744
1752068094.8853765,0.05311942100524902,0.5615068912506104,-1.0708630204200744
1752068094.8874648,0.05311942100524902,0.5615068912506104,-1.0708630204200744
1752068094.8915744,0.05311942100524902,0.5615068912506104,-1.0708630204200744
1752068094.892391,0.05311942100524902,0.5615068912506104,-1.0708630204200744
1752068094.8944032,0.05904507637023926,0.5156560182571411,-1.018032443523407
1752068094.896461,0.05904507637023926,0.5156560182571411,-1.018032443523407
1752068094.8985267,0.05904507637023926,0.5156560182571411,-1.018032443523407
1752068094.9008493,0.07290980219841003,0.48113455772399905,-1.0353780508041381
1752068094.902914,0.07290980219841003,0.48113455772399905,-1.0353780508041381
1752068094.9051857,0.07290980219841003,0.48113455772399905,-1.0353780508041381
1752068094.9092155,0.07290980219841003,0.48113455772399905,-1.0353780508041381
1752068094.91,0.07290980219841003,0.48113455772399905,-1.0353780508041381
1752068094.9120939,0.06055130809545517,0.47333752512931826,-1.0433265089988708
1752068094.9141848,0.06055130809545517,0.47333752512931826,-1.0433265089988708
1752068094.91628,0.06055130809545517,0.47333752512931826,-1.0433265089988708
1752068094.9184637,0.029187826439738274,0.4604231655597687,-1.0290348649024963
1752068094.9205692,0.029187826439738274,0.4604231655597687,-1.0290348649024963
1752068094.9226162,0.029187826439738274,0.4604231655597687,-1.0290348649024963
1752068094.9269097,0.029187826439738274,0.4604231655597687,-1.0290348649024963
1752068094.9276862,0.029187826439738274,0.4604231655597687,-1.0290348649024963
1752068094.9297876,0.01726391725242138,0.45322524905204775,-1.0356545567512512
1752068094.931883,0.01726391725242138,0.45322524905204775,-1.0356545567512512
1752068094.9339685,0.01726391725242138,0.45322524905204775,-1.0356545567512512
1752068094.9366486,0.008122896775603294,0.45743309855461123,-1.0444562554359436
1752068094.9394357,0.008122896775603294,0.45743309855461123,-1.0444562554359436
1752068094.942146,0.008122896775603294,0.45743309855461123,-1.0444562554359436
1752068094.9453611,0.008122896775603294,0.45743309855461123,-1.0444562554359436
1752068094.9462075,0.008122896775603294,0.45743309855461123,-1.0444562554359436
1752068094.9483123,-0.010888183489441872,0.4329420864582062,-1.0415981531143188
1752068094.950376,-0.010888183489441872,0.4329420864582062,-1.0415981531143188
1752068094.9524438,-0.010888183489441872,0.4329420864582062,-1.0415981531143188
1752068094.958892,-0.010888183489441872,0.4329420864582062,-1.0415981531143188
1752068094.9609451,0.0007998030632734299,0.4482953190803528,-1.0327186107635498
1752068094.9630275,0.0007998030632734299,0.4482953190803528,-1.0327186107635498
1752068094.9651353,0.0007998030632734299,0.4482953190803528,-1.0327186107635498
1752068094.9673626,0.0007998030632734299,0.4482953190803528,-1.0327186107635498
1752068094.9696195,0.0007097851485013962,0.4578389167785645,-1.0319743871688842
1752068094.9718425,0.0007097851485013962,0.4578389167785645,-1.0319743871688842
1752068094.9754527,0.0007097851485013962,0.4578389167785645,-1.0319743871688842
1752068094.9779403,-0.02106696553528309,0.4468711256980896,-1.0210233449935913
1752068094.9800317,-0.02106696553528309,0.4468711256980896,-1.0210233449935913
1752068094.9821131,-0.02106696553528309,0.4468711256980896,-1.0210233449935913
1752068094.9855115,-0.02106696553528309,0.4468711256980896,-1.0210233449935913
1752068094.9862652,-0.02106696553528309,0.4468711256980896,-1.0210233449935913
1752068094.9916408,-0.02106696553528309,0.4468711256980896,-1.0210233449935913
1752068094.9936898,-0.0120821762830019,0.4275578498840332,-1.0420599102973938
1752068094.9974706,-0.0120821762830019,0.4275578498840332,-1.0420599102973938
1752068094.9982426,-0.019505763426423073,0.4163996815681458,-1.0791807293891906
1752068095.0003433,-0.019505763426423073,0.4163996815681458,-1.0791807293891906
1752068095.0023737,-0.019505763426423073,0.4163996815681458,-1.0791807293891906
1752068095.0090728,-0.019505763426423073,0.4163996815681458,-1.0791807293891906
1752068095.0098596,-0.019505763426423073,0.4163996815681458,-1.0791807293891906
1752068095.0119593,-0.050838738679885864,0.5020540297031403,-1.0661862015724182
1752068095.0140388,-0.050838738679885864,0.5020540297031403,-1.0661862015724182
1752068095.0161335,-0.050838738679885864,0.5020540297031403,-1.0661862015724182
1752068095.018338,-0.04252590239048004,0.5307580471038819,-1.0650953769683837
1752068095.0235152,-0.04252590239048004,0.5307580471038819,-1.0650953769683837
1752068095.0243669,-0.04252590239048004,0.5307580471038819,-1.0650953769683837
1752068095.0275457,-0.04252590239048004,0.5307580471038819,-1.0650953769683837
1752068095.028804,-0.04252590239048004,0.5307580471038819,-1.0650953769683837
1752068095.0316308,-0.04252590239048004,0.5307580471038819,-1.0650953769683837
1752068095.033691,0.018206527456641197,0.5263579726219177,-1.1017267823219299
1752068095.0357876,0.018206527456641197,0.5263579726219177,-1.1017267823219299
1752068095.0387695,0.018206527456641197,0.5263579726219177,-1.1017267823219299
1752068095.041103,0.018206527456641197,0.5263579726219177,-1.1017267823219299
1752068095.0432959,0.03613121807575226,0.5151720881462097,-1.104520332813263
1752068095.0469515,0.03613121807575226,0.5151720881462097,-1.104520332813263
1752068095.0477104,0.03613121807575226,0.5151720881462097,-1.104520332813263
1752068095.049816,0.06614936143159866,0.5068929135799408,-1.1131080508232116
1752068095.0519035,0.06614936143159866,0.5068929135799408,-1.1131080508232116
1752068095.054383,0.06614936143159866,0.5068929135799408,-1.1131080508232116
1752068095.0575392,0.06614936143159866,0.5068929135799408,-1.1131080508232116
1752068095.0595949,0.05799955874681473,0.5215537190437317,-1.1130308628082275
1752068095.0616558,0.05799955874681473,0.5215537190437317,-1.1130308628082275
1752068095.063744,0.05799955874681473,0.5215537190437317,-1.1130308628082275
1752068095.0673149,0.05388830602169037,0.5227938234806061,-1.1103222489356994
1752068095.0696118,0.05388830602169037,0.5227938234806061,-1.1103222489356994
1752068095.0736296,0.05388830602169037,0.5227938234806061,-1.1103222489356994
1752068095.0764277,0.05388830602169037,0.5227938234806061,-1.1103222489356994
1752068095.080244,0.047957174479961395,0.5090222001075745,-1.1194377064704895
1752068095.0823154,0.047957174479961395,0.5090222001075745,-1.1194377064704895
1752068095.0843756,0.047957174479961395,0.5090222001075745,-1.1194377064704895
1752068095.0864487,0.047957174479961395,0.5090222001075745,-1.1194377064704895
1752068095.089947,0.047957174479961395,0.5090222001075745,-1.1194377064704895
1752068095.0925248,0.02930223010480404,0.544217848777771,-1.1199774861335754
1752068095.094501,0.02930223010480404,0.544217848777771,-1.1199774861335754
1752068095.0981164,0.02930223010480404,0.544217848777771,-1.1199774861335754
1752068095.0988681,0.02930223010480404,0.544217848777771,-1.1199774861335754
1752068095.100972,0.028253471478819847,0.5749950349330902,-1.1455090165138244
1752068095.103042,0.028253471478819847,0.5749950349330902,-1.1455090165138244
1752068095.1061127,0.028253471478819847,0.5749950349330902,-1.1455090165138244
1752068095.1097286,0.028253471478819847,0.5749950349330902,-1.1455090165138244
1752068095.1123807,0.023563159629702568,0.6201066911220551,-1.145446789264679
1752068095.1144173,0.023563159629702568,0.6201066911220551,-1.145446789264679
1752068095.1196277,0.023563159629702568,0.6201066911220551,-1.145446789264679
1752068095.1215909,0.023563159629702568,0.6201066911220551,-1.145446789264679
1752068095.1265163,0.005552804097533226,0.6431544363498688,-1.1760090708732605
1752068095.1293442,0.005552804097533226,0.6431544363498688,-1.1760090708732605
1752068095.1321537,0.005552804097533226,0.6431544363498688,-1.1760090708732605
1752068095.1346304,-0.04161534458398819,0.6985720634460449,-1.2527503788471221
1752068095.1367586,-0.04161534458398819,0.6985720634460449,-1.2527503788471221
1752068095.1388192,-0.04161534458398819,0.6985720634460449,-1.2527503788471221
1752068095.143139,-0.04161534458398819,0.6985720634460449,-1.2527503788471221
1752068095.143898,-0.04161534458398819,0.6985720634460449,-1.2527503788471221
1752068095.146001,-0.05509749799966812,0.7104496896266937,-1.3149670481681823
1752068095.1480873,-0.05509749799966812,0.7104496896266937,-1.3149670481681823
1752068095.1501932,-0.05509749799966812,0.7104496896266937,-1.3149670481681823
1752068095.152336,0.0175394918769598,0.6097611427307129,-1.5938141241669654
1752068095.1546583,0.0175394918769598,0.6097611427307129,-1.5938141241669654
1752068095.1583729,0.0175394918769598,0.6097611427307129,-1.5938141241669654
1752068095.161506,0.0175394918769598,0.6097611427307129,-1.5938141241669654
1752068095.1627617,0.0175394918769598,0.6097611427307129,-1.5938141241669654
1752068095.1648462,-0.004498803988099098,0.638959938287735,-1.6511195793747901
1752068095.1669343,-0.004498803988099098,0.638959938287735,-1.6511195793747901
1752068095.169028,-0.004498803988099098,0.638959938287735,-1.6511195793747901
1752068095.1753452,-0.004498803988099098,0.638959938287735,-1.6511195793747901
1752068095.1772256,-0.0015573669224977493,0.6991262674331665,-1.7082714650779962
1752068095.1793177,-0.0015573669224977493,0.6991262674331665,-1.7082714650779962
1752068095.1813846,-0.0015573669224977493,0.6991262674331665,-1.7082714650779962
1752068095.1836212,0.045586422085762024,0.7500663489103317,-1.874073189496994
1752068095.1857147,0.045586422085762024,0.7500663489103317,-1.874073189496994
1752068095.1890578,0.045586422085762024,0.7500663489103317,-1.874073189496994
1752068095.1933234,0.045586422085762024,0.7500663489103317,-1.874073189496994
1752068095.1941075,0.045586422085762024,0.7500663489103317,-1.874073189496994
1752068095.1962028,0.058737851679325104,0.73576038479805,-1.93930886387825
1752068095.198288,0.058737851679325104,0.73576038479805,-1.93930886387825
1752068095.2003856,0.058737851679325104,0.73576038479805,-1.93930886387825
1752068095.202952,0.07116888463497162,0.764549070596695,-2.1136183559894564
1752068095.206042,0.07116888463497162,0.764549070596695,-2.1136183559894564
1752068095.2083945,0.07116888463497162,0.764549070596695,-2.1136183559894564
1752068095.2120745,0.07116888463497162,0.764549070596695,-2.1136183559894564
1752068095.2128415,0.07116888463497162,0.764549070596695,-2.1136183559894564
1752068095.214949,0.06781478971242905,0.7216251730918884,-2.1459228813648226
1752068095.2170296,0.06781478971242905,0.7216251730918884,-2.1459228813648226
1752068095.2190955,0.06781478971242905,0.7216251730918884,-2.1459228813648226
1752068095.2248175,0.06781478971242905,0.7216251730918884,-2.1459228813648226
1752068095.227943,0.06864607334136963,0.664364242553711,-2.329055440425873
1752068095.230017,0.06864607334136963,0.664364242553711,-2.329055440425873
1752068095.232114,0.06864607334136963,0.664364242553711,-2.329055440425873
1752068095.2343776,0.05807417631149292,0.6261254191398621,-2.3285503506660463
1752068095.2364464,0.05807417631149292,0.6261254191398621,-2.3285503506660463
1752068095.2393243,0.05807417631149292,0.6261254191398621,-2.3285503506660463
1752068095.243268,0.05807417631149292,0.6261254191398621,-2.3285503506660463
1752068095.2440557,0.05807417631149292,0.6261254191398621,-2.3285503506660463
1752068095.2461662,0.03652411699295044,0.5703685522079468,-2.483224880695343
1752068095.248242,0.03652411699295044,0.5703685522079468,-2.483224880695343
1752068095.2503147,0.03652411699295044,0.5703685522079468,-2.483224880695343
1752068095.2529979,0.018421826884150505,0.5581346094608307,-2.53120733499527
1752068095.2561383,0.018421826884150505,0.5581346094608307,-2.53120733499527
1752068095.2581697,0.018421826884150505,0.5581346094608307,-2.53120733499527
1752068095.2613463,0.018421826884150505,0.5581346094608307,-2.53120733499527
1752068095.2626395,0.018421826884150505,0.5581346094608307,-2.53120733499527
1752068095.26472,-0.008503230288624763,0.560578340291977,-2.6522572159767153
1752068095.2668061,-0.008503230288624763,0.560578340291977,-2.6522572159767153
1752068095.2689018,-0.008503230288624763,0.560578340291977,-2.6522572159767153
1752068095.273453,-0.008503230288624763,0.560578340291977,-2.6522572159767153
1752068095.275482,-0.05114498734474182,0.5337520778179169,-2.6643076658248903
1752068095.2775176,-0.05114498734474182,0.5337520778179169,-2.6643076658248903
1752068095.281229,-0.05114498734474182,0.5337520778179169,-2.6643076658248903
1752068095.2819746,-0.05114498734474182,0.5337520778179169,-2.6643076658248903
1752068095.2840817,-0.1119067445397377,0.503305071592331,-2.5695592880249025
1752068095.2862241,-0.1119067445397377,0.503305071592331,-2.5695592880249025
1752068095.2896116,-0.1119067445397377,0.503305071592331,-2.5695592880249025
1752068095.2932525,-0.1119067445397377,0.503305071592331,-2.5695592880249025
1752068095.295312,-0.1665915548801422,0.49588593244552615,-2.3417310237884523
1752068095.297374,-0.1665915548801422,0.49588593244552615,-2.3417310237884523
1752068095.299454,-0.1665915548801422,0.49588593244552615,-2.3417310237884523
1752068095.3016627,-0.23050212860107422,0.5015764176845551,-2.122626793384552
1752068095.305495,-0.23050212860107422,0.5015764176845551,-2.122626793384552
1752068095.3075962,-0.23050212860107422,0.5015764176845551,-2.122626793384552
1752068095.311303,-0.23050212860107422,0.5015764176845551,-2.122626793384552
1752068095.3120868,-0.23050212860107422,0.5015764176845551,-2.122626793384552
1752068095.3141797,-0.23763911426067352,0.4336078703403473,-2.074224454164505
1752068095.317079,-0.23763911426067352,0.4336078703403473,-2.074224454164505
1752068095.3204017,-0.23763911426067352,0.4336078703403473,-2.074224454164505
1752068095.3266413,-0.23763911426067352,0.4336078703403473,-2.074224454164505
1752068095.3295653,-0.19441848993301392,0.42800679206848147,-1.994600874185562
1752068095.3317826,-0.19441848993301392,0.42800679206848147,-1.994600874185562
1752068095.3338406,-0.19441848993301392,0.42800679206848147,-1.994600874185562
1752068095.336196,-0.19441848993301392,0.42800679206848147,-1.994600874185562
1752068095.338542,-0.18348659574985504,0.40619059801101687,-1.8639833003282547
1752068095.3404474,-0.18348659574985504,0.40619059801101687,-1.8639833003282547
1752068095.3424022,-0.18348659574985504,0.40619059801101687,-1.8639833003282547
1752068095.3444397,-0.18348659574985504,0.40619059801101687,-1.8639833003282547
1752068095.3472774,-0.1783219873905182,0.38929554224014284,-1.7841623097658157
1752068095.3500814,-0.1783219873905182,0.38929554224014284,-1.7841623097658157
1752068095.3528588,-0.1783219873905182,0.38929554224014284,-1.7841623097658157
1752068095.3570175,-0.1783219873905182,0.38929554224014284,-1.7841623097658157
1752068095.3591516,-0.1619725525379181,0.42318888902664187,-1.7036771986633539
1752068095.361211,-0.1619725525379181,0.42318888902664187,-1.7036771986633539
1752068095.3632953,-0.1619725525379181,0.42318888902664187,-1.7036771986633539
1752068095.3656993,-0.15950985252857208,0.4263703465461731,-1.6260196015238761
1752068095.3677852,-0.15950985252857208,0.4263703465461731,-1.6260196015238761
1752068095.369886,-0.15950985252857208,0.4263703465461731,-1.6260196015238761
1752068095.3733351,-0.15950985252857208,0.4263703465461731,-1.6260196015238761
1752068095.3741467,-0.15950985252857208,0.4263703465461731,-1.6260196015238761
1752068095.3770738,-0.12143159657716751,0.45177345871925356,-1.5540171980857849
1752068095.3791554,-0.12143159657716751,0.45177345871925356,-1.5540171980857849
1752068095.3826442,-0.12143159657716751,0.45177345871925356,-1.5540171980857849
1752068095.383396,-0.12143159657716751,0.45177345871925356,-1.5540171980857849
1752068095.3854737,-0.10145171731710434,0.4585753321647644,-1.4682399600744247
1752068095.387638,-0.10145171731710434,0.4585753321647644,-1.4682399600744247
1752068095.390412,-0.10145171731710434,0.4585753321647644,-1.4682399600744247
1752068095.3930686,-0.07613715529441833,0.5144558191299439,-1.3795015931129455
1752068095.395141,-0.07613715529441833,0.5144558191299439,-1.3795015931129455
1752068095.397231,-0.07613715529441833,0.5144558191299439,-1.3795015931129455
1752068095.4006665,-0.07613715529441833,0.5144558191299439,-1.3795015931129455
1752068095.4014254,-0.07613715529441833,0.5144558191299439,-1.3795015931129455
1752068095.4042368,-0.05022820830345154,0.5591168940067291,-1.2639759004116058
1752068095.4063532,-0.05022820830345154,0.5591168940067291,-1.2639759004116058
1752068095.4093068,-0.05022820830345154,0.5591168940067291,-1.2639759004116058
1752068095.4119067,-0.026829035952687263,0.5940394043922425,-1.1542606472969055
1752068095.4139907,-0.026829035952687263,0.5940394043922425,-1.1542606472969055
1752068095.416093,-0.026829035952687263,0.5940394043922425,-1.1542606472969055
1752068095.4194908,-0.026829035952687263,0.5940394043922425,-1.1542606472969055
1752068095.4202473,-0.026829035952687263,0.5940394043922425,-1.1542606472969055
1752068095.4243462,-0.03043307550251484,0.6268959283828736,-1.0558776378631591
1752068095.426325,-0.03043307550251484,0.6268959283828736,-1.0558776378631591
1752068095.4299939,-0.03043307550251484,0.6268959283828736,-1.0558776378631591
1752068095.4307687,-0.03043307550251484,0.6268959283828736,-1.0558776378631591
1752068095.4328587,-0.018392430618405342,0.6034538090229035,-0.9730434536933898
1752068095.4349458,-0.018392430618405342,0.6034538090229035,-0.9730434536933898
1752068095.4370723,-0.018392430618405342,0.6034538090229035,-0.9730434536933898
1752068095.442483,-0.018392430618405342,0.6034538090229035,-0.9730434536933898
1752068095.444516,-0.01876104064285755,0.5567610800266266,-1.0031529188156127
1752068095.4465935,-0.01876104064285755,0.5567610800266266,-1.0031529188156127
1752068095.4486911,-0.01876104064285755,0.5567610800266266,-1.0031529188156127
1752068095.4509037,0.048982784152030945,0.5219435632228852,-1.0274288177490234
1752068095.4529674,0.048982784152030945,0.5219435632228852,-1.0274288177490234
1752068095.4564476,0.048982784152030945,0.5219435632228852,-1.0274288177490234
1752068095.4600937,0.048982784152030945,0.5219435632228852,-1.0274288177490234
1752068095.4608576,0.048982784152030945,0.5219435632228852,-1.0274288177490234
1752068095.4629626,0.062102437019348145,0.5876112818717957,-1.1081941843032836
1752068095.4650588,0.062102437019348145,0.5876112818717957,-1.1081941843032836
1752068095.4671526,0.062102437019348145,0.5876112818717957,-1.1081941843032836
1752068095.46929,0.03181517869234085,0.476286256313324,-1.0346826434135437
1752068095.473093,0.03181517869234085,0.476286256313324,-1.0346826434135437
1752068095.4753504,0.03181517869234085,0.476286256313324,-1.0346826434135437
1752068095.4790144,0.03181517869234085,0.476286256313324,-1.0346826434135437
1752068095.4797726,0.03181517869234085,0.476286256313324,-1.0346826434135437
1752068095.4818783,0.027404023334383965,0.4830481350421906,-1.0345206379890441
1752068095.4839664,0.027404023334383965,0.4830481350421906,-1.0345206379890441
1752068095.4861708,0.027404023334383965,0.4830481350421906,-1.0345206379890441
1752068095.4908135,0.027404023334383965,0.4830481350421906,-1.0345206379890441
1752068095.492835,0.00822511874139309,0.4793382823467255,-1.031892430782318
1752068095.494917,0.00822511874139309,0.4793382823467255,-1.031892430782318
1752068095.4970186,0.00822511874139309,0.4793382823467255,-1.031892430782318
1752068095.4993844,-0.02272588200867176,0.4737603604793549,-1.0244268298149108
1752068095.5014358,-0.02272588200867176,0.4737603604793549,-1.0244268298149108
1752068095.503596,-0.02272588200867176,0.4737603604793549,-1.0244268298149108
1752068095.509123,-0.02272588200867176,0.4737603604793549,-1.0244268298149108
1752068095.5098898,-0.02272588200867176,0.4737603604793549,-1.0244268298149108
1752068095.5119972,-0.023107165470719337,0.4937433242797852,-1.0183812499046325
1752068095.514079,-0.023107165470719337,0.4937433242797852,-1.0183812499046325
1752068095.5161746,-0.023107165470719337,0.4937433242797852,-1.0183812499046325
1752068095.5183117,-0.04814034700393677,0.4719195604324341,-1.0312345147132873
1752068095.5203922,-0.04814034700393677,0.4719195604324341,-1.0312345147132873
1752068095.52249,-0.04814034700393677,0.4719195604324341,-1.0312345147132873
1752068095.5264976,-0.04814034700393677,0.4719195604324341,-1.0312345147132873
1752068095.5272815,-0.04814034700393677,0.4719195604324341,-1.0312345147132873
1752068095.5293546,-0.055974364280700684,0.45810785293579104,-1.0246495127677917
1752068095.5313811,-0.055974364280700684,0.45810785293579104,-1.0246495127677917
1752068095.53344,-0.055974364280700684,0.45810785293579104,-1.0246495127677917
1752068095.535603,-0.05587829649448395,0.4764737725257874,-1.0288436532020568
1752068095.5406964,-0.05587829649448395,0.4764737725257874,-1.0288436532020568
1752068095.5426793,-0.05587829649448395,0.4764737725257874,-1.0288436532020568
1752068095.546393,-0.05587829649448395,0.4764737725257874,-1.0288436532020568
1752068095.5471528,-0.05587829649448395,0.4764737725257874,-1.0288436532020568
1752068095.5492566,-0.05067560821771622,0.4968451797962189,-1.0306795954704284
1752068095.5513399,-0.05067560821771622,0.4968451797962189,-1.0306795954704284
1752068095.553388,-0.05067560821771622,0.4968451797962189,-1.0306795954704284
1752068095.5562592,-0.05067560821771622,0.4968451797962189,-1.0306795954704284
1752068095.5589764,-0.05198889970779419,0.4862855613231659,-1.0211021423339843
1752068095.560926,-0.05198889970779419,0.4862855613231659,-1.0211021423339843
1752068095.5646324,-0.05198889970779419,0.4862855613231659,-1.0211021423339843
1752068095.565403,-0.05198889970779419,0.4862855613231659,-1.0211021423339843
1752068095.5674722,-0.05645228922367096,0.48192190527915957,-1.0178932666778564
1752068095.5695267,-0.05645228922367096,0.48192190527915957,-1.0178932666778564
1752068095.5721493,-0.05645228922367096,0.48192190527915957,-1.0178932666778564
1752068095.5754642,-0.05645228922367096,0.48192190527915957,-1.0178932666778564
1752068095.5776348,-0.029653767123818398,0.45544096231460574,-1.0471918106079101
1752068095.5797257,-0.029653767123818398,0.45544096231460574,-1.0471918106079101
1752068095.5833986,-0.029653767123818398,0.45544096231460574,-1.0471918106079101
1752068095.5841587,-0.029653767123818398,0.45544096231460574,-1.0471918106079101
1752068095.5862432,-0.05628138780593872,0.44114776849746706,-1.0704476952552795
1752068095.591505,-0.05628138780593872,0.44114776849746706,-1.0704476952552795
1752068095.593515,-0.05628138780593872,0.44114776849746706,-1.0704476952552795
1752068095.5959828,-0.08526566624641418,0.4818314254283905,-1.0606930375099182
1752068095.5980723,-0.08526566624641418,0.4818314254283905,-1.0606930375099182
1752068095.6001713,-0.08526566624641418,0.4818314254283905,-1.0606930375099182
1752068095.6029696,-0.08526566624641418,0.4818314254283905,-1.0606930375099182
1752068095.607788,-0.08526566624641418,0.4818314254283905,-1.0606930375099182
1752068095.6098442,-0.07285354286432266,0.5330426633358002,-1.0720914721488952
1752068095.6119225,-0.07285354286432266,0.5330426633358002,-1.0720914721488952
1752068095.6139834,-0.07285354286432266,0.5330426633358002,-1.0720914721488952
1752068095.6163673,-0.04839085787534714,0.5354314386844635,-1.1094406962394714
1752068095.6184292,-0.04839085787534714,0.5354314386844635,-1.1094406962394714
1752068095.6205204,-0.04839085787534714,0.5354314386844635,-1.1094406962394714
1752068095.6261153,-0.04839085787534714,0.5354314386844635,-1.1094406962394714
1752068095.6269245,-0.04839085787534714,0.5354314386844635,-1.1094406962394714
1752068095.629527,-0.018331708386540413,0.5176893711090088,-1.1110175967216491
1752068095.6316104,-0.018331708386540413,0.5176893711090088,-1.1110175967216491
1752068095.6336963,-0.018331708386540413,0.5176893711090088,-1.1110175967216491
1752068095.6363597,-0.021206336095929146,0.5442299485206604,-1.1126220941543579
1752068095.6386392,-0.021206336095929146,0.5442299485206604,-1.1126220941543579
1752068095.641745,-0.021206336095929146,0.5442299485206604,-1.1126220941543579
1752068095.6454172,-0.021206336095929146,0.5442299485206604,-1.1126220941543579
1752068095.646172,-0.021206336095929146,0.5442299485206604,-1.1126220941543579
1752068095.6482928,-0.007547581568360329,0.5484881043434143,-1.1159801006317138
1752068095.6503792,-0.007547581568360329,0.5484881043434143,-1.1159801006317138
1752068095.6524463,-0.007547581568360329,0.5484881043434143,-1.1159801006317138
1752068095.6560805,-0.007547581568360329,0.5484881043434143,-1.1159801006317138
1752068095.6600163,-0.007547581568360329,0.5484881043434143,-1.1159801006317138
1752068095.6620333,-0.005246588960289955,0.5474529504776001,-1.1239569306373596
1752068095.6656947,-0.005246588960289955,0.5474529504776001,-1.1239569306373596
1752068095.666446,-0.005246588960289955,0.5474529504776001,-1.1239569306373596
1752068095.6685202,-0.014460423961281776,0.5536882817745209,-1.1204270243644714
1752068095.6710348,-0.014460423961281776,0.5536882817745209,-1.1204270243644714
1752068095.6740637,-0.014460423961281776,0.5536882817745209,-1.1204270243644714
1752068095.6775594,-0.014460423961281776,0.5536882817745209,-1.1204270243644714
1752068095.6796286,-0.00852949358522892,0.5788350641727448,-1.1244667291641235
1752068095.6817007,-0.00852949358522892,0.5788350641727448,-1.1244667291641235
1752068095.6837974,-0.00852949358522892,0.5788350641727448,-1.1244667291641235
1752068095.6864052,-0.012842470780014992,0.6045303583145142,-1.1391329884529113
1752068095.6901865,-0.012842470780014992,0.6045303583145142,-1.1391329884529113
1752068095.6923354,-0.012842470780014992,0.6045303583145142,-1.1391329884529113
1752068095.6959865,-0.012842470780014992,0.6045303583145142,-1.1391329884529113
1752068095.6967478,-0.012842470780014992,0.6045303583145142,-1.1391329884529113
1752068095.6988494,-0.02562766708433628,0.6276624441146851,-1.0962163925170898
1752068095.7009485,-0.02562766708433628,0.6276624441146851,-1.0962163925170898
1752068095.703041,-0.02562766708433628,0.6276624441146851,-1.0962163925170898
1752068095.7074292,-0.02562766708433628,0.6276624441146851,-1.0962163925170898
1752068095.7107646,-0.04688062518835068,0.6383296191692353,-1.142592680454254
1752068095.7128015,-0.04688062518835068,0.6383296191692353,-1.142592680454254
1752068095.7149065,-0.04688062518835068,0.6383296191692353,-1.142592680454254
1752068095.7173276,-0.08848962187767029,0.685492017865181,-1.2769237577915191
1752068095.719492,-0.08848962187767029,0.685492017865181,-1.2769237577915191
1752068095.721859,-0.08848962187767029,0.685492017865181,-1.2769237577915191
1752068095.7271955,-0.08848962187767029,0.685492017865181,-1.2769237577915191
1752068095.7279623,-0.08848962187767029,0.685492017865181,-1.2769237577915191
1752068095.7300622,-0.018139267340302467,0.6249318957328797,-1.575181309878826
1752068095.7321568,-0.018139267340302467,0.6249318957328797,-1.575181309878826
1752068095.7342691,-0.018139267340302467,0.6249318957328797,-1.575181309878826
1752068095.736885,-0.0031106341630220413,0.6148089408874512,-1.6514398649334907
1752068095.7390637,-0.0031106341630220413,0.6148089408874512,-1.6514398649334907
1752068095.7419262,-0.0031106341630220413,0.6148089408874512,-1.6514398649334907
1752068095.745637,-0.0031106341630220413,0.6148089408874512,-1.6514398649334907
1752068095.7464004,-0.0031106341630220413,0.6148089408874512,-1.6514398649334907
1752068095.7484796,0.025514183565974236,0.6645153105258942,-1.702323331311345
1752068095.750531,0.025514183565974236,0.6645153105258942,-1.702323331311345
1752068095.7529306,0.025514183565974236,0.6645153105258942,-1.702323331311345
1752068095.758362,0.025514183565974236,0.6645153105258942,-1.702323331311345
1752068095.7591362,0.025514183565974236,0.6645153105258942,-1.702323331311345
1752068095.7612133,0.03783002495765686,0.7358005583286286,-1.8555144786834716
1752068095.763304,0.03783002495765686,0.7358005583286286,-1.8555144786834716
1752068095.765388,0.03783002495765686,0.7358005583286286,-1.8555144786834716
1752068095.7674305,0.042612895369529724,0.7422261476516724,-1.922426563501358
1752068095.7694936,0.042612895369529724,0.7422261476516724,-1.922426563501358
1752068095.7734656,0.042612895369529724,0.7422261476516724,-1.922426563501358
1752068095.7773314,0.042612895369529724,0.7422261476516724,-1.922426563501358
1752068095.7793837,0.06744550913572311,0.7463106751441956,-2.062141638994217
1752068095.7814505,0.06744550913572311,0.7463106751441956,-2.062141638994217
1752068095.783507,0.06744550913572311,0.7463106751441956,-2.062141638994217
1752068095.7857404,0.07022057473659515,0.7125563710927963,-2.1111592769622805
1752068095.788744,0.07022057473659515,0.7125563710927963,-2.1111592769622805
1752068095.791782,0.07022057473659515,0.7125563710927963,-2.1111592769622805
1752068095.7950492,0.07022057473659515,0.7125563710927963,-2.1111592769622805
1752068095.7958028,0.07022057473659515,0.7125563710927963,-2.1111592769622805
1752068095.7979074,0.06635892391204834,0.697285795211792,-2.2433498024940492
1752068095.7999935,0.06635892391204834,0.697285795211792,-2.2433498024940492
1752068095.8020995,0.06635892391204834,0.697285795211792,-2.2433498024940492
1752068095.8055148,0.06635892391204834,0.697285795211792,-2.2433498024940492
1752068095.8097448,0.028277484700083733,0.5943828761577606,-2.2968415141105654
1752068095.8117387,0.028277484700083733,0.5943828761577606,-2.2968415141105654
1752068095.81541,0.028277484700083733,0.5943828761577606,-2.2968415141105654
1752068095.8161604,0.028277484700083733,0.5943828761577606,-2.2968415141105654
1752068095.818268,0.02970661036670208,0.5728105247020722,-2.447471034526825
1752068095.8213522,0.02970661036670208,0.5728105247020722,-2.447471034526825
1752068095.8248043,0.02970661036670208,0.5728105247020722,-2.447471034526825
1752068095.8273702,0.02970661036670208,0.5728105247020722,-2.447471034526825
1752068095.8294394,0.0025832336395978928,0.5225299239158631,-2.4918652892112734
1752068095.8314846,0.0025832336395978928,0.5225299239158631,-2.4918652892112734
1752068095.8335752,0.0025832336395978928,0.5225299239158631,-2.4918652892112734
1752068095.8357174,-0.02125255949795246,0.5078309416770935,-2.6031087756156923
1752068095.837838,-0.02125255949795246,0.5078309416770935,-2.6031087756156923
1752068095.841289,-0.02125255949795246,0.5078309416770935,-2.6031087756156923
1752068095.8444185,-0.02125255949795246,0.5078309416770935,-2.6031087756156923
1752068095.8456733,-0.02125255949795246,0.5078309416770935,-2.6031087756156923
1752068095.84776,-0.06587626785039902,0.5122997999191284,-2.6194343090057375
1752068095.8498476,-0.06587626785039902,0.5122997999191284,-2.6194343090057375
1752068095.8519425,-0.06587626785039902,0.5122997999191284,-2.6194343090057375
1752068095.8557327,-0.06587626785039902,0.5122997999191284,-2.6194343090057375
1752068095.8579857,-0.06587626785039902,0.5122997999191284,-2.6194343090057375
1752068095.8600004,-0.10605800151824951,0.47966971397399905,-2.583480429649353
1752068095.862088,-0.10605800151824951,0.47966971397399905,-2.583480429649353
1752068095.864501,-0.1471007615327835,0.5082057356834412,-2.3786265373229982
1752068095.8665888,-0.1471007615327835,0.5082057356834412,-2.3786265373229982
1752068095.8686762,-0.1471007615327835,0.5082057356834412,-2.3786265373229982
1752068095.87086,-0.1471007615327835,0.5082057356834412,-2.3786265373229982
1752068095.8737814,-0.1471007615327835,0.5082057356834412,-2.3786265373229982
1752068095.8771641,-0.23068390786647797,0.47814887166023257,-2.0765792548656465
1752068095.8792455,-0.23068390786647797,0.47814887166023257,-2.0765792548656465
1752068095.8827205,-0.23068390786647797,0.47814887166023257,-2.0765792548656465
1752068095.883484,-0.23068390786647797,0.47814887166023257,-2.0765792548656465
1752068095.8855805,-0.23599961400032043,0.44508870840072634,-2.071962755918503
1752068095.8882325,-0.23599961400032043,0.44508870840072634,-2.071962755918503
1752068095.8911386,-0.23599961400032043,0.44508870840072634,-2.071962755918503
1752068095.893669,-0.17305037379264832,0.4341813862323761,-1.9890720069408416
1752068095.8957498,-0.17305037379264832,0.4341813862323761,-1.9890720069408416
1752068095.8978372,-0.17305037379264832,0.4341813862323761,-1.9890720069408416
1752068095.900331,-0.17305037379264832,0.4341813862323761,-1.9890720069408416
1752068095.9021258,-0.17085306346416473,0.42298331260681155,-1.9035622894763946
1752068095.9043822,-0.17085306346416473,0.42298331260681155,-1.9035622894763946
1752068095.9072907,-0.17085306346416473,0.42298331260681155,-1.9035622894763946
1752068095.9103446,-0.17085306346416473,0.42298331260681155,-1.9035622894763946
1752068095.9121227,-0.1859959363937378,0.39894005060195925,-1.794448484480381
1752068095.9142075,-0.1859959363937378,0.39894005060195925,-1.794448484480381
1752068095.9162939,-0.1859959363937378,0.39894005060195925,-1.794448484480381
1752068095.919535,-0.1859959363937378,0.39894005060195925,-1.794448484480381
1752068095.9223058,-0.1859959363937378,0.39894005060195925,-1.794448484480381
1752068095.9259074,-0.19559960067272186,0.38566198348999026,-1.721128186956048
1752068095.927921,-0.19559960067272186,0.38566198348999026,-1.721128186956048
1752068095.9316788,-0.19559960067272186,0.38566198348999026,-1.721128186956048
1752068095.9324405,-0.19559960067272186,0.38566198348999026,-1.721128186956048
1752068095.9345086,-0.18800725042819977,0.3839664697647095,-1.6070536643266677
1752068095.936618,-0.18800725042819977,0.3839664697647095,-1.6070536643266677
1752068095.938912,-0.18800725042819977,0.3839664697647095,-1.6070536643266677
1752068095.941809,-0.18800725042819977,0.3839664697647095,-1.6070536643266677
1752068095.9447443,-0.15987923741340637,0.4047940015792847,-1.5100049197673797
1752068095.9468286,-0.15987923741340637,0.4047940015792847,-1.5100049197673797
1752068095.950285,-0.15987923741340637,0.4047940015792847,-1.5100049197673797
1752068095.9510338,-0.15987923741340637,0.4047940015792847,-1.5100049197673797
1752068095.9531136,-0.11951933056116104,0.45214312672615053,-1.4337016463279724
1752068095.9552317,-0.11951933056116104,0.45214312672615053,-1.4337016463279724
1752068095.9585145,-0.11951933056116104,0.45214312672615053,-1.4337016463279724
1752068095.960928,-0.11951933056116104,0.45214312672615053,-1.4337016463279724
1752068095.9630044,-0.0845395028591156,0.487119460105896,-1.341069322824478
1752068095.965096,-0.0845395028591156,0.487119460105896,-1.341069322824478
1752068095.9671862,-0.0845395028591156,0.487119460105896,-1.341069322824478
1752068095.9697359,-0.06565344333648682,0.5331712007522583,-1.2480301678180694
1752068095.973334,-0.06565344333648682,0.5331712007522583,-1.2480301678180694
1752068095.97638,-0.06565344333648682,0.5331712007522583,-1.2480301678180694
1752068095.980007,-0.06565344333648682,0.5331712007522583,-1.2480301678180694
1752068095.9807684,-0.06565344333648682,0.5331712007522583,-1.2480301678180694
1752068095.9828665,-0.04489980638027191,0.5993842124938965,-1.140652310848236
1752068095.984954,-0.04489980638027191,0.5993842124938965,-1.140652310848236
1752068095.9878953,-0.04489980638027191,0.5993842124938965,-1.140652310848236
1752068095.9926414,-0.04489980638027191,0.5993842124938965,-1.140652310848236
1752068095.9955807,-0.03592989593744278,0.5995809376239777,-0.9859110236167907
1752068095.9976556,-0.03592989593744278,0.5995809376239777,-0.9859110236167907
1752068095.9997494,-0.03592989593744278,0.5995809376239777,-0.9859110236167907
1752068096.0019515,-0.01592087186872959,0.5892128884792328,-0.959293258190155
1752068096.0045722,-0.01592087186872959,0.5892128884792328,-0.959293258190155
1752068096.0079975,-0.01592087186872959,0.5892128884792328,-0.959293258190155
1752068096.0109003,-0.01592087186872959,0.5892128884792328,-0.959293258190155
1752068096.0126553,-0.023570219054818153,0.5620410084724426,-0.9799171805381774
1752068096.0147467,-0.023570219054818153,0.5620410084724426,-0.9799171805381774
1752068096.0168316,-0.023570219054818153,0.5620410084724426,-0.9799171805381774
1752068096.0194414,-0.023570219054818153,0.5620410084724426,-0.9799171805381774
1752068096.021194,-0.023570219054818153,0.5620410084724426,-0.9799171805381774
1752068096.026472,-0.023570219054818153,0.5620410084724426,-0.9799171805381774
1752068096.0284662,0.06057178974151611,0.6262955605983734,-1.1404360055923461
1752068096.030531,0.06057178974151611,0.6262955605983734,-1.1404360055923461
1752068096.0328872,0.03978508710861206,0.5255574226379395,-1.0751204013824462
1752068096.0349793,0.03978508710861206,0.5255574226379395,-1.0751204013824462
1752068096.03815,0.03978508710861206,0.5255574226379395,-1.0751204013824462
1752068096.0403893,0.03978508710861206,0.5255574226379395,-1.0751204013824462
1752068096.0440767,0.03978508710861206,0.5255574226379395,-1.0751204013824462
1752068096.0461273,0.05621234327554703,0.5210024654865265,-1.0162838220596313
1752068096.0482228,0.05621234327554703,0.5210024654865265,-1.0162838220596313
1752068096.0503106,0.05621234327554703,0.5210024654865265,-1.0162838220596313
1752068096.0529594,0.03967898339033127,0.484553062915802,-1.03943372964859
1752068096.055625,0.03967898339033127,0.484553062915802,-1.03943372964859
1752068096.058526,0.03967898339033127,0.484553062915802,-1.03943372964859
1752068096.0621586,0.03967898339033127,0.484553062915802,-1.03943372964859
1752068096.0629191,0.03967898339033127,0.484553062915802,-1.03943372964859
1752068096.065017,0.026096967980265617,0.45708616971969607,-1.0345056176185607
1752068096.0671046,0.026096967980265617,0.45708616971969607,-1.0345056176185607
1752068096.0694869,0.026096967980265617,0.45708616971969607,-1.0345056176185607
1752068096.071789,0.026096967980265617,0.45708616971969607,-1.0345056176185607
1752068096.0748498,0.026096967980265617,0.45708616971969607,-1.0345056176185607
1752068096.0784366,-0.004097508266568184,0.47795369625091555,-1.017416787147522
1752068096.0820286,-0.004097508266568184,0.47795369625091555,-1.017416787147522
1752068096.082805,-0.004097508266568184,0.47795369625091555,-1.017416787147522
1752068096.0849018,-0.032720260322093964,0.47060012221336367,-1.0186173439025878
1752068096.0870261,-0.032720260322093964,0.47060012221336367,-1.0186173439025878
1752068096.0894089,-0.032720260322093964,0.47060012221336367,-1.0186173439025878
1752068096.092111,-0.06339335441589355,0.4609453916549683,-1.012661588191986
1752068096.0941863,-0.06339335441589355,0.4609453916549683,-1.012661588191986
1752068096.0962744,-0.06339335441589355,0.4609453916549683,-1.012661588191986
1752068096.0997188,-0.06339335441589355,0.4609453916549683,-1.012661588191986
1752068096.1004815,-0.06339335441589355,0.4609453916549683,-1.012661588191986
1752068096.1025531,-0.08826145529747009,0.4525178611278534,-1.029534888267517
1752068096.104671,-0.08826145529747009,0.4525178611278534,-1.029534888267517
1752068096.1067634,-0.08826145529747009,0.4525178611278534,-1.029534888267517
1752068096.109636,-0.08826145529747009,0.4525178611278534,-1.029534888267517
1752068096.1116729,-0.08596517145633698,0.4840378999710083,-1.0448204398155212
1752068096.1137528,-0.08596517145633698,0.4840378999710083,-1.0448204398155212
1752068096.1158435,-0.08596517145633698,0.4840378999710083,-1.0448204398155212
1752068096.1180604,-0.09291713684797287,0.47345569133758547,-1.0353278040885925
1752068096.1202598,-0.09291713684797287,0.47345569133758547,-1.0353278040885925
1752068096.1222897,-0.09291713684797287,0.47345569133758547,-1.0353278040885925
1752068096.1260707,-0.09291713684797287,0.47345569133758547,-1.0353278040885925
1752068096.1268537,-0.09291713684797287,0.47345569133758547,-1.0353278040885925
1752068096.128951,-0.0882672369480133,0.5031411290168762,-1.036237609386444
1752068096.1310382,-0.0882672369480133,0.5031411290168762,-1.036237609386444
1752068096.1331325,-0.0882672369480133,0.5031411290168762,-1.036237609386444
1752068096.135198,-0.0882672369480133,0.5031411290168762,-1.036237609386444
1752068096.137308,-0.08373109251260757,0.5089049577713013,-1.0227733969688415
1752068096.1395037,-0.08373109251260757,0.5089049577713013,-1.0227733969688415
1752068096.141741,-0.08373109251260757,0.5089049577713013,-1.0227733969688415
1752068096.1442606,-0.0752447247505188,0.4829497873783112,-1.0234938979148864
1752068096.1463566,-0.0752447247505188,0.4829497873783112,-1.0234938979148864
1752068096.148389,-0.0752447247505188,0.4829497873783112,-1.0234938979148864
1752068096.151773,-0.0752447247505188,0.4829497873783112,-1.0234938979148864
1752068096.1525452,-0.0752447247505188,0.4829497873783112,-1.0234938979148864
1752068096.1553836,-0.06205577403306961,0.4707865059375763,-1.0440702557563781
1752068096.1573987,-0.06205577403306961,0.4707865059375763,-1.0440702557563781
1752068096.159312,-0.06205577403306961,0.4707865059375763,-1.0440702557563781
1752068096.161796,-0.07315842062234879,0.4400194823741913,-1.0750019669532775
1752068096.163885,-0.07315842062234879,0.4400194823741913,-1.0750019669532775
1752068096.1659703,-0.07315842062234879,0.4400194823741913,-1.0750019669532775
1752068096.1694164,-0.07315842062234879,0.4400194823741913,-1.0750019669532775
1752068096.1701791,-0.07315842062234879,0.4400194823741913,-1.0750019669532775
1752068096.174289,-0.09226160496473312,0.5036272346973419,-1.0648973107337951
1752068096.177144,-0.09226160496473312,0.5036272346973419,-1.0648973107337951
1752068096.1816738,-0.09226160496473312,0.5036272346973419,-1.0648973107337951
1752068096.1824393,-0.09226160496473312,0.5036272346973419,-1.0648973107337951
1752068096.1856496,-0.0841078981757164,0.5540172696113587,-1.0645500540733337
1752068096.188996,-0.0841078981757164,0.5540172696113587,-1.0645500540733337
1752068096.190968,-0.0841078981757164,0.5540172696113587,-1.0645500540733337
1752068096.193499,-0.0841078981757164,0.5540172696113587,-1.0645500540733337
1752068096.1955907,-0.06974721699953079,0.5343257129192353,-1.0820748925209045
1752068096.1976805,-0.06974721699953079,0.5343257129192353,-1.0820748925209045
1752068096.1997738,-0.06974721699953079,0.5343257129192353,-1.0820748925209045
1752068096.203215,-0.03917067497968674,0.5412546336650849,-1.0920798897743225
1752068096.2067633,-0.03917067497968674,0.5412546336650849,-1.0920798897743225
1752068096.2088668,-0.03917067497968674,0.5412546336650849,-1.0920798897743225
1752068096.2108717,-0.03917067497968674,0.5412546336650849,-1.0920798897743225
1752068096.2133405,-0.03567630052566528,0.5646715998649597,-1.108777356147766
1752068096.2153854,-0.03567630052566528,0.5646715998649597,-1.108777356147766
1752068096.2174342,-0.03567630052566528,0.5646715998649597,-1.108777356147766
1752068096.2212396,-0.03567630052566528,0.5646715998649597,-1.108777356147766
1752068096.2220147,-0.03567630052566528,0.5646715998649597,-1.108777356147766
1752068096.2253394,-0.04163099080324173,0.5776963472366333,-1.102486801147461
1752068096.2276065,-0.04163099080324173,0.5776963472366333,-1.102486801147461
1752068096.2313316,-0.04163099080324173,0.5776963472366333,-1.102486801147461
1752068096.2320929,-0.04163099080324173,0.5776963472366333,-1.102486801147461
1752068096.2341952,-0.026910776272416115,0.5645432710647583,-1.0978962302207946
1752068096.2362938,-0.026910776272416115,0.5645432710647583,-1.0978962302207946
1752068096.2399344,-0.026910776272416115,0.5645432710647583,-1.0978962302207946
1752068096.2441096,-0.026910776272416115,0.5645432710647583,-1.0978962302207946
1752068096.2461634,-0.029925929382443428,0.5758421659469605,-1.10461665391922
1752068096.248259,-0.029925929382443428,0.5758421659469605,-1.10461665391922
1752068096.2503483,-0.029925929382443428,0.5758421659469605,-1.10461665391922
1752068096.2530138,-0.018154816702008247,0.604697847366333,-1.1070529341697692
1752068096.2554321,-0.018154816702008247,0.604697847366333,-1.1070529341697692
1752068096.2586274,-0.018154816702008247,0.604697847366333,-1.1070529341697692
1752068096.2622507,-0.018154816702008247,0.604697847366333,-1.1070529341697692
1752068096.2630186,-0.018154816702008247,0.604697847366333,-1.1070529341697692
1752068096.2651143,-0.027287790551781654,0.6022674381732941,-1.098491382598877
1752068096.2672074,-0.027287790551781654,0.6022674381732941,-1.098491382598877
1752068096.269433,-0.027287790551781654,0.6022674381732941,-1.098491382598877
1752068096.2745101,-0.027287790551781654,0.6022674381732941,-1.098491382598877
1752068096.2772613,-0.03789757192134857,0.6390586137771607,-1.0864347338676452
1752068096.2793202,-0.03789757192134857,0.6390586137771607,-1.0864347338676452
1752068096.282946,-0.03789757192134857,0.6390586137771607,-1.0864347338676452
1752068096.28371,-0.03789757192134857,0.6390586137771607,-1.0864347338676452
1752068096.2861555,-0.06591979414224625,0.6520691901445389,-1.164015781879425
1752068096.2884479,-0.06591979414224625,0.6520691901445389,-1.164015781879425
1752068096.2914996,-0.06591979414224625,0.6520691901445389,-1.164015781879425
1752068096.2940304,-0.06591979414224625,0.6520691901445389,-1.164015781879425
1752068096.2961252,-0.07451265305280685,0.6605530172586441,-1.3356385052204132
1752068096.2982104,-0.07451265305280685,0.6605530172586441,-1.3356385052204132
1752068096.3003092,-0.07451265305280685,0.6605530172586441,-1.3356385052204132
1752068096.3028345,0.020204951986670494,0.6004755735397339,-1.6289517477154731
1752068096.3066506,0.020204951986670494,0.6004755735397339,-1.6289517477154731
1752068096.308014,0.020204951986670494,0.6004755735397339,-1.6289517477154731
1752068096.3117251,0.020204951986670494,0.6004755735397339,-1.6289517477154731
1752068096.3124874,0.020204951986670494,0.6004755735397339,-1.6289517477154731
1752068096.3145826,-0.00087750144302845,0.6445824444293976,-1.6800118673592805
1752068096.3166695,-0.00087750144302845,0.6445824444293976,-1.6800118673592805
1752068096.3187635,-0.00087750144302845,0.6445824444293976,-1.6800118673592805
1752068096.321125,-0.00087750144302845,0.6445824444293976,-1.6800118673592805
1752068096.324738,0.00788809172809124,0.6833753675222397,-1.7422637984156608
1752068096.3267562,0.00788809172809124,0.6833753675222397,-1.7422637984156608
1752068096.3304894,0.00788809172809124,0.6833753675222397,-1.7422637984156608
1752068096.3312497,0.00788809172809124,0.6833753675222397,-1.7422637984156608
1752068096.333351,0.03710216283798218,0.7138059675693512,-1.8493154168128967
1752068096.3354087,0.03710216283798218,0.7138059675693512,-1.8493154168128967
1752068096.3379428,0.03710216283798218,0.7138059675693512,-1.8493154168128967
1752068096.3409579,0.03710216283798218,0.7138059675693512,-1.8493154168128967
1752068096.34402,0.03710216283798218,0.7138059675693512,-1.8493154168128967
1752068096.3462193,0.0590030699968338,0.7544334322214127,-1.9974899113178253
1752068096.3482943,0.0590030699968338,0.7544334322214127,-1.9974899113178253
1752068096.350477,0.07464399933815002,0.7584901839494705,-2.090881210565567
1752068096.352728,0.07464399933815002,0.7584901839494705,-2.090881210565567
1752068096.354747,0.07464399933815002,0.7584901839494705,-2.090881210565567
1752068096.359185,0.07464399933815002,0.7584901839494705,-2.090881210565567
1752068096.3599703,0.07464399933815002,0.7584901839494705,-2.090881210565567
1752068096.3620636,0.05477846413850784,0.6615645825862885,-2.131024640798569
1752068096.3641508,0.05477846413850784,0.6615645825862885,-2.131024640798569
1752068096.3662503,0.05477846413850784,0.6615645825862885,-2.131024640798569
1752068096.368435,0.056154534220695496,0.6513076663017273,-2.251109254360199
1752068096.3707755,0.056154534220695496,0.6513076663017273,-2.251109254360199
1752068096.3739173,0.056154534220695496,0.6513076663017273,-2.251109254360199
1752068096.3776035,0.056154534220695496,0.6513076663017273,-2.251109254360199
1752068096.3783739,0.056154534220695496,0.6513076663017273,-2.251109254360199
1752068096.3804452,0.03105813078582287,0.631328696012497,-2.3815633177757265
1752068096.3825018,0.03105813078582287,0.631328696012497,-2.3815633177757265
1752068096.3845973,0.03105813078582287,0.631328696012497,-2.3815633177757265
1752068096.3886087,0.03105813078582287,0.631328696012497,-2.3815633177757265
1752068096.3914957,0.03105813078582287,0.631328696012497,-2.3815633177757265
1752068096.3933985,0.028405217453837395,0.5463189125061035,-2.4406410574913027
1752068096.3969889,0.028405217453837395,0.5463189125061035,-2.4406410574913027
1752068096.3977475,0.028405217453837395,0.5463189125061035,-2.4406410574913027
1752068096.399853,0.005612282082438469,0.5172157526016236,-2.5229380249977114
1752068096.4019375,0.005612282082438469,0.5172157526016236,-2.5229380249977114
1752068096.4040678,0.005612282082438469,0.5172157526016236,-2.5229380249977114
1752068096.4080255,0.005612282082438469,0.5172157526016236,-2.5229380249977114
1752068096.411137,0.005612282082438469,0.5172157526016236,-2.5229380249977114
1752068096.4131703,-0.03448908030986786,0.4838758647441864,-2.588059675693512
1752068096.415269,-0.03448908030986786,0.4838758647441864,-2.588059675693512
1752068096.4176483,-0.08045955002307892,0.4954483449459076,-2.612205994129181
1752068096.419717,-0.08045955002307892,0.4954483449459076,-2.612205994129181
1752068096.4219508,-0.08045955002307892,0.4954483449459076,-2.612205994129181
1752068096.424077,-0.08045955002307892,0.4954483449459076,-2.612205994129181
1752068096.4274492,-0.08045955002307892,0.4954483449459076,-2.612205994129181
1752068096.4305532,-0.12819547951221466,0.47251936197280886,-2.512851667404175
1752068096.4333565,-0.12819547951221466,0.47251936197280886,-2.512851667404175
1752068096.4363427,-0.12819547951221466,0.47251936197280886,-2.512851667404175
1752068096.439593,-0.12819547951221466,0.47251936197280886,-2.512851667404175
1752068096.4417675,-0.21653123199939728,0.46758010387420657,-2.0916929662227632
1752068096.4438217,-0.21653123199939728,0.46758010387420657,-2.0916929662227632
1752068096.4459095,-0.21653123199939728,0.46758010387420657,-2.0916929662227632
1752068096.4482076,-0.23927418887615204,0.45488923192024233,-2.040097874403
1752068096.450311,-0.23927418887615204,0.45488923192024233,-2.040097874403
1752068096.4523866,-0.23927418887615204,0.45488923192024233,-2.040097874403
1752068096.4569442,-0.23927418887615204,0.45488923192024233,-2.040097874403
1752068096.460045,-0.23927418887615204,0.45488923192024233,-2.040097874403
1752068096.4620461,-0.18614482879638672,0.44212945699691775,-2.01608060002327
1752068096.4641275,-0.18614482879638672,0.44212945699691775,-2.01608060002327
1752068096.4662294,-0.18614482879638672,0.44212945699691775,-2.01608060002327
1752068096.468571,-0.1803997904062271,0.4096324682235718,-1.9157777398824691
1752068096.4713364,-0.1803997904062271,0.4096324682235718,-1.9157777398824691
1752068096.4741688,-0.1803997904062271,0.4096324682235718,-1.9157777398824691
1752068096.4778578,-0.1803997904062271,0.4096324682235718,-1.9157777398824691
1752068096.478628,-0.1803997904062271,0.4096324682235718,-1.9157777398824691
1752068096.480697,-0.171287402510643,0.4075477659702301,-1.8174835860729217
1752068096.4827807,-0.171287402510643,0.4075477659702301,-1.8174835860729217
1752068096.4848738,-0.171287402510643,0.4075477659702301,-1.8174835860729217
1752068096.4897892,-0.171287402510643,0.4075477659702301,-1.8174835860729217
1752068096.4917026,-0.171287402510643,0.4075477659702301,-1.8174835860729217
1752068096.493774,-0.17532475292682648,0.3924522638320923,-1.725508826598525
1752068096.4974716,-0.17532475292682648,0.3924522638320923,-1.725508826598525
1752068096.4982255,-0.17532475292682648,0.3924522638320923,-1.725508826598525
1752068096.5003371,-0.17227719724178314,0.4107961893081665,-1.656738293170929
1752068096.502388,-0.17227719724178314,0.4107961893081665,-1.656738293170929
1752068096.5060341,-0.17227719724178314,0.4107961893081665,-1.656738293170929
1752068096.509467,-0.17227719724178314,0.4107961893081665,-1.656738293170929
1752068096.5116372,-0.15299059450626373,0.4072693228721619,-1.5422607332468032
1752068096.513567,-0.15299059450626373,0.4072693228721619,-1.5422607332468032
1752068096.5156317,-0.15299059450626373,0.4072693228721619,-1.5422607332468032
1752068096.5180771,-0.12066547572612762,0.4301923751831055,-1.4571209967136383
1752068096.5231824,-0.12066547572612762,0.4301923751831055,-1.4571209967136383
1752068096.5242484,-0.12066547572612762,0.4301923751831055,-1.4571209967136383
1752068096.527949,-0.12066547572612762,0.4301923751831055,-1.4571209967136383
1752068096.5287285,-0.12066547572612762,0.4301923751831055,-1.4571209967136383
1752068096.5308776,-0.09732860326766968,0.48407104015350344,-1.3935531198978424
1752068096.5329633,-0.09732860326766968,0.48407104015350344,-1.3935531198978424
1752068096.5350587,-0.09732860326766968,0.48407104015350344,-1.3935531198978424
1752068096.5395591,-0.09732860326766968,0.48407104015350344,-1.3935531198978424
1752068096.5425725,-0.06788401305675507,0.5204677522182465,-1.2609049499034881
1752068096.5445986,-0.06788401305675507,0.5204677522182465,-1.2609049499034881
1752068096.5482821,-0.06788401305675507,0.5204677522182465,-1.2609049499034881
1752068096.5490422,-0.06788401305675507,0.5204677522182465,-1.2609049499034881
1752068096.5511417,-0.04348693788051605,0.5678676903247833,-1.1503833651542663
1752068096.5532517,-0.04348693788051605,0.5678676903247833,-1.1503833651542663
1752068096.5564263,-0.04348693788051605,0.5678676903247833,-1.1503833651542663
1752068096.5599515,-0.04348693788051605,0.5678676903247833,-1.1503833651542663
1752068096.5624988,-0.019893387332558632,0.5997909545898438,-1.0376393914222717
1752068096.564554,-0.019893387332558632,0.5997909545898438,-1.0376393914222717
1752068096.5666203,-0.019893387332558632,0.5997909545898438,-1.0376393914222717
1752068096.568867,0.0025328677147626877,0.5965551674365998,-0.9761128544807434
1752068096.5726018,0.0025328677147626877,0.5965551674365998,-0.9761128544807434
1752068096.5758533,0.0025328677147626877,0.5965551674365998,-0.9761128544807434
1752068096.5797462,0.0025328677147626877,0.5965551674365998,-0.9761128544807434
1752068096.5831037,0.0025328677147626877,0.5965551674365998,-0.9761128544807434
1752068096.5849757,0.010249359533190727,0.5447831392288208,-0.9512258291244506
1752068096.5870576,0.010249359533190727,0.5447831392288208,-0.9512258291244506
1752068096.5898626,0.010249359533190727,0.5447831392288208,-0.9512258291244506
1752068096.5931726,0.06993329524993896,0.6190476059913635,-1.142272961139679
1752068096.595243,0.06993329524993896,0.6190476059913635,-1.142272961139679
1752068096.5973334,0.06993329524993896,0.6190476059913635,-1.142272961139679
1752068096.5993874,0.06993329524993896,0.6190476059913635,-1.142272961139679
1752068096.6016397,0.04195652902126312,0.5427322030067444,-1.079580795764923
1752068096.6037176,0.04195652902126312,0.5427322030067444,-1.079580795764923
1752068096.606341,0.04195652902126312,0.5427322030067444,-1.079580795764923
1752068096.6108139,0.04195652902126312,0.5427322030067444,-1.079580795764923
1752068096.6116068,0.04195652902126312,0.5427322030067444,-1.079580795764923
1752068096.6136763,0.03432615101337433,0.45873370170593264,-1.0325798511505127
1752068096.6157591,0.03432615101337433,0.45873370170593264,-1.0325798511505127
1752068096.6178505,0.03432615101337433,0.45873370170593264,-1.0325798511505127
1752068096.6230319,0.04510519653558731,0.4853523910045624,-1.045834732055664
1752068096.6250565,0.04510519653558731,0.4853523910045624,-1.045834732055664
1752068096.6271675,0.04510519653558731,0.4853523910045624,-1.045834732055664
1752068096.6309028,0.04510519653558731,0.4853523910045624,-1.045834732055664
1752068096.631678,0.04510519653558731,0.4853523910045624,-1.045834732055664
1752068096.6337688,0.030901683494448662,0.4436801016330719,-1.0494804501533508
1752068096.6360846,0.030901683494448662,0.4436801016330719,-1.0494804501533508
1752068096.6380773,0.030901683494448662,0.4436801016330719,-1.0494804501533508
1752068096.6433735,0.030901683494448662,0.4436801016330719,-1.0494804501533508
1752068096.645408,0.006730487570166588,0.4473599433898926,-1.0282006978988647
1752068096.6474552,0.006730487570166588,0.4473599433898926,-1.0282006978988647
1752068096.6495054,0.006730487570166588,0.4473599433898926,-1.0282006978988647
1752068096.6519332,-0.02940787561237812,0.47297718524932864,-1.02340407371521
1752068096.654286,-0.02940787561237812,0.47297718524932864,-1.02340407371521
1752068096.6564443,-0.02940787561237812,0.47297718524932864,-1.02340407371521
1752068096.6611164,-0.02940787561237812,0.47297718524932864,-1.02340407371521
1752068096.6619027,-0.02940787561237812,0.47297718524932864,-1.02340407371521
1752068096.6639984,-0.048510096967220306,0.4640978813171387,-1.0203167915344238
1752068096.6660848,-0.048510096967220306,0.4640978813171387,-1.0203167915344238
1752068096.668183,-0.048510096967220306,0.4640978813171387,-1.0203167915344238
1752068096.6702816,-0.048510096967220306,0.4640978813171387,-1.0203167915344238
1752068096.6737952,-0.048510096967220306,0.4640978813171387,-1.0203167915344238
1752068096.6759,-0.0751371681690216,0.43943517804145815,-1.0275306224822998
1752068096.6795404,-0.0751371681690216,0.43943517804145815,-1.0275306224822998
1752068096.6803122,-0.0751371681690216,0.43943517804145815,-1.0275306224822998
1752068096.6823885,-0.07044196128845215,0.4569921433925629,-1.0315491080284118
1752068096.6844432,-0.07044196128845215,0.4569921433925629,-1.0315491080284118
1752068096.6865003,-0.07044196128845215,0.4569921433925629,-1.0315491080284118
1752068096.6899376,-0.07044196128845215,0.4569921433925629,-1.0315491080284118
1752068096.6936107,-0.06510651856660843,0.4767070055007935,-1.030984354019165
1752068096.695603,-0.06510651856660843,0.4767070055007935,-1.030984354019165
1752068096.6976888,-0.06510651856660843,0.4767070055007935,-1.030984354019165
1752068096.7001987,-0.07549642026424408,0.4812058448791504,-1.0339937329292297
1752068096.7022872,-0.07549642026424408,0.4812058448791504,-1.0339937329292297
1752068096.7053971,-0.07549642026424408,0.4812058448791504,-1.0339937329292297
1752068096.7100182,-0.07549642026424408,0.4812058448791504,-1.0339937329292297
1752068096.7108076,-0.07549642026424408,0.4812058448791504,-1.0339937329292297
1752068096.7129009,-0.0638774037361145,0.5102015674114228,-1.0242905735969543
1752068096.714987,-0.0638774037361145,0.5102015674114228,-1.0242905735969543
1752068096.7170782,-0.0638774037361145,0.5102015674114228,-1.0242905735969543
1752068096.7195392,-0.06676183640956879,0.4788945555686951,-1.0264607787132263
1752068096.7227106,-0.06676183640956879,0.4788945555686951,-1.0264607787132263
1752068096.724737,-0.06676183640956879,0.4788945555686951,-1.0264607787132263
1752068096.728521,-0.06676183640956879,0.4788945555686951,-1.0264607787132263
1752068096.7292938,-0.06676183640956879,0.4788945555686951,-1.0264607787132263
1752068096.7313719,-0.06026899814605713,0.4368159115314484,-1.0659874200820922
1752068096.7333894,-0.06026899814605713,0.4368159115314484,-1.0659874200820922
1752068096.7354512,-0.06026899814605713,0.4368159115314484,-1.0659874200820922
1752068096.7415679,-0.06026899814605713,0.4368159115314484,-1.0659874200820922
1752068096.7424219,-0.06026899814605713,0.4368159115314484,-1.0659874200820922
1752068096.7444856,-0.08429856598377228,0.4813425183296204,-1.0721134066581726
1752068096.7480958,-0.08429856598377228,0.4813425183296204,-1.0721134066581726
1752068096.7488627,-0.08429856598377228,0.4813425183296204,-1.0721134066581726
1752068096.7509623,-0.0853731706738472,0.5538370847702027,-1.069453489780426
1752068096.7530239,-0.0853731706738472,0.5538370847702027,-1.069453489780426
1752068096.7561154,-0.0853731706738472,0.5538370847702027,-1.069453489780426
1752068096.7604983,-0.0853731706738472,0.5538370847702027,-1.069453489780426
1752068096.7625368,-0.0719190314412117,0.5186776161193848,-1.0800132870674133
1752068096.7645729,-0.0719190314412117,0.5186776161193848,-1.0800132870674133
1752068096.76664,-0.0719190314412117,0.5186776161193848,-1.0800132870674133
1752068096.768826,-0.04346178472042084,0.5369083523750305,-1.1009748101234436
1752068096.7714033,-0.04346178472042084,0.5369083523750305,-1.1009748101234436
1752068096.7758121,-0.04346178472042084,0.5369083523750305,-1.1009748101234436
1752068096.7794952,-0.04346178472042084,0.5369083523750305,-1.1009748101234436
1752068096.780254,-0.04346178472042084,0.5369083523750305,-1.1009748101234436
1752068096.7823687,-0.02080582268536091,0.5099037528038025,-1.1134414196014404
1752068096.7843883,-0.02080582268536091,0.5099037528038025,-1.1134414196014404
1752068096.7864652,-0.02080582268536091,0.5099037528038025,-1.1134414196014404
1752068096.7899806,-0.02080582268536091,0.5099037528038025,-1.1134414196014404
1752068096.7937267,-0.02080582268536091,0.5099037528038025,-1.1134414196014404
1752068096.795736,-0.025712767615914345,0.5528547406196594,-1.1058182835578918
1752068096.7994118,-0.025712767615914345,0.5528547406196594,-1.1058182835578918
1752068096.800172,-0.025712767615914345,0.5528547406196594,-1.1058182835578918
1752068096.8022742,-0.017080755904316902,0.5456014811992645,-1.1163920879364013
1752068096.8043933,-0.017080755904316902,0.5456014811992645,-1.1163920879364013
1752068096.8077552,-0.017080755904316902,0.5456014811992645,-1.1163920879364013
1752068096.811528,-0.017080755904316902,0.5456014811992645,-1.1163920879364013
1752068096.8135586,-0.04440732300281525,0.5560712456703186,-1.1128864407539367
1752068096.8156137,-0.04440732300281525,0.5560712456703186,-1.1128864407539367
1752068096.8176825,-0.04440732300281525,0.5560712456703186,-1.1128864407539367
1752068096.8206108,-0.04052804410457611,0.5936692893505097,-1.130920124053955
1752068096.8251402,-0.04052804410457611,0.5936692893505097,-1.130920124053955
1752068096.8271224,-0.04052804410457611,0.5936692893505097,-1.130920124053955
1752068096.8308544,-0.04052804410457611,0.5936692893505097,-1.130920124053955
1752068096.8316283,-0.04052804410457611,0.5936692893505097,-1.130920124053955
1752068096.8336985,-0.02037833072245121,0.6135779857635498,-1.1022009372711181
1752068096.8361144,-0.02037833072245121,0.6135779857635498,-1.1022009372711181
1752068096.838111,-0.02037833072245121,0.6135779857635498,-1.1022009372711181
1752068096.8438864,-0.02037833072245121,0.6135779857635498,-1.1022009372711181
1752068096.8459065,-0.03394930064678192,0.6462389767169953,-1.1380918741226196
1752068096.847983,-0.03394930064678192,0.6462389767169953,-1.1380918741226196
1752068096.8500812,-0.03394930064678192,0.6462389767169953,-1.1380918741226196
1752068096.8527505,-0.04862342029809952,0.6397479712963104,-1.1081196188926696
1752068096.8546898,-0.04862342029809952,0.6397479712963104,-1.1081196188926696
1752068096.859277,-0.04862342029809952,0.6397479712963104,-1.1081196188926696
1752068096.8629358,-0.04862342029809952,0.6397479712963104,-1.1081196188926696
1752068096.8637142,-0.04862342029809952,0.6397479712963104,-1.1081196188926696
1752068096.8658087,-0.07631262391805649,0.6992032021284104,-1.23753724694252
1752068096.8678944,-0.07631262391805649,0.6992032021284104,-1.23753724694252
1752068096.8700342,-0.07631262391805649,0.6992032021284104,-1.23753724694252
1752068096.8751388,-0.07631262391805649,0.6992032021284104,-1.23753724694252
1752068096.8775206,-0.061849310994148254,0.6543882429599762,-1.3642076075077056
1752068096.8795497,-0.061849310994148254,0.6543882429599762,-1.3642076075077056
1752068096.8832173,-0.061849310994148254,0.6543882429599762,-1.3642076075077056
1752068096.883981,-0.061849310994148254,0.6543882429599762,-1.3642076075077056
1752068096.886265,0.01145264320075512,0.6131118178367615,-1.651157420873642
1752068096.8892035,0.01145264320075512,0.6131118178367615,-1.651157420873642
1752068096.891799,0.01145264320075512,0.6131118178367615,-1.651157420873642
1752068096.89443,-0.01009787805378437,0.6438072562217713,-1.6386910945177078
1752068096.8964684,-0.01009787805378437,0.6438072562217713,-1.6386910945177078
1752068096.8985102,-0.01009787805378437,0.6438072562217713,-1.6386910945177078
1752068096.901938,-0.01009787805378437,0.6438072562217713,-1.6386910945177078
1752068096.9027088,-0.01009787805378437,0.6438072562217713,-1.6386910945177078
1752068096.9070997,-0.01009787805378437,0.6438072562217713,-1.6386910945177078
1752068096.9092379,0.03720477223396301,0.7186105191707611,-1.806927067041397
1752068096.9128668,0.03720477223396301,0.7186105191707611,-1.806927067041397
1752068096.9136364,0.03720477223396301,0.7186105191707611,-1.806927067041397
1752068096.9157057,0.03571178764104843,0.7276427835226059,-1.809083592891693
1752068096.9177861,0.03571178764104843,0.7276427835226059,-1.809083592891693
1752068096.9198873,0.03571178764104843,0.7276427835226059,-1.809083592891693
1752068096.9239872,0.03571178764104843,0.7276427835226059,-1.809083592891693
1752068096.9276552,0.07702767848968506,0.7260132223367691,-2.015843611955643
1752068096.9297214,0.07702767848968506,0.7260132223367691,-2.015843611955643
1752068096.9318116,0.07702767848968506,0.7260132223367691,-2.015843611955643
1752068096.934023,0.09529351443052292,0.7158976435661316,-2.0473618626594545
1752068096.936121,0.09529351443052292,0.7158976435661316,-2.0473618626594545
1752068096.9388463,0.09529351443052292,0.7158976435661316,-2.0473618626594545
1752068096.94407,0.09529351443052292,0.7158976435661316,-2.0473618626594545
1752068096.9448388,0.09529351443052292,0.7158976435661316,-2.0473618626594545
1752068096.9469328,0.06315170228481293,0.6602513879537583,-2.2211613774299623
1752068096.949021,0.06315170228481293,0.6602513879537583,-2.2211613774299623
1752068096.951115,0.06315170228481293,0.6602513879537583,-2.2211613774299623
1752068096.9549775,0.06315170228481293,0.6602513879537583,-2.2211613774299623
1752068096.958521,0.054624661803245544,0.6002890706062317,-2.264203202724457
1752068096.9605296,0.054624661803245544,0.6002890706062317,-2.264203202724457
1752068096.9642243,0.054624661803245544,0.6002890706062317,-2.264203202724457
1752068096.9649897,0.054624661803245544,0.6002890706062317,-2.264203202724457
1752068096.9670885,0.035229429602622986,0.5336101293563843,-2.3894835829734804
1752068096.9695346,0.035229429602622986,0.5336101293563843,-2.3894835829734804
1752068096.972015,0.035229429602622986,0.5336101293563843,-2.3894835829734804
1752068096.9766793,0.035229429602622986,0.5336101293563843,-2.3894835829734804
1752068096.977456,0.035229429602622986,0.5336101293563843,-2.3894835829734804
1752068096.9795103,0.0007377546280622482,0.47678455114364626,-2.4572028636932375
1752068096.9815772,0.0007377546280622482,0.47678455114364626,-2.4572028636932375
1752068096.9837558,-0.019819112494587898,0.4534927248954773,-2.5335222601890566
1752068096.9860384,-0.019819112494587898,0.4534927248954773,-2.5335222601890566
1752068096.988113,-0.019819112494587898,0.4534927248954773,-2.5335222601890566
1752068096.9933872,-0.019819112494587898,0.4534927248954773,-2.5335222601890566
1752068096.9941568,-0.019819112494587898,0.4534927248954773,-2.5335222601890566
1752068096.9962652,-0.04765684902667999,0.4530136823654175,-2.590868961811066
1752068096.9983623,-0.04765684902667999,0.4530136823654175,-2.590868961811066
1752068097.0003953,-0.04765684902667999,0.4530136823654175,-2.590868961811066
1752068097.0027788,-0.08763894438743591,0.4559511780738831,-2.5449233770370485
1752068097.0063794,-0.08763894438743591,0.4559511780738831,-2.5449233770370485
1752068097.0081863,-0.08763894438743591,0.4559511780738831,-2.5449233770370485
1752068097.0115104,-0.08763894438743591,0.4559511780738831,-2.5449233770370485
1752068097.0122688,-0.08763894438743591,0.4559511780738831,-2.5449233770370485
1752068097.0143511,-0.13314853608608246,0.45684638023376467,-2.29163373708725
1752068097.016392,-0.13314853608608246,0.45684638023376467,-2.29163373708725
1752068097.0184555,-0.13314853608608246,0.45684638023376467,-2.29163373708725
1752068097.0220098,-0.13314853608608246,0.45684638023376467,-2.29163373708725
1752068097.0256982,-0.17600573599338531,0.4955694913864136,-2.133621108531952
1752068097.0277128,-0.17600573599338531,0.4955694913864136,-2.133621108531952
1752068097.0314267,-0.17600573599338531,0.4955694913864136,-2.133621108531952
1752068097.0321846,-0.17600573599338531,0.4955694913864136,-2.133621108531952
1752068097.0342867,-0.21116863191127777,0.4492326617240906,-2.0504161536693575
1752068097.036364,-0.21116863191127777,0.4492326617240906,-2.0504161536693575
1752068097.0386872,-0.21116863191127777,0.4492326617240906,-2.0504161536693575
1752068097.0434604,-0.21116863191127777,0.4492326617240906,-2.0504161536693575
1752068097.0454721,-0.1945517212152481,0.4165468454360962,-1.9908354699611663
1752068097.0475163,-0.1945517212152481,0.4165468454360962,-1.9908354699611663
1752068097.0495837,-0.1945517212152481,0.4165468454360962,-1.9908354699611663
1752068097.0518074,-0.14599497616291046,0.42911174297332766,-1.9039188891649246
1752068097.055516,-0.14599497616291046,0.42911174297332766,-1.9039188891649246
1752068097.0575063,-0.14599497616291046,0.42911174297332766,-1.9039188891649246
1752068097.0613794,-0.14599497616291046,0.42911174297332766,-1.9039188891649246
1752068097.0621696,-0.14599497616291046,0.42911174297332766,-1.9039188891649246
1752068097.0642614,-0.16196000576019287,0.38367226123809817,-1.789904136955738
1752068097.0663579,-0.16196000576019287,0.38367226123809817,-1.789904136955738
1752068097.0684233,-0.16196000576019287,0.38367226123809817,-1.789904136955738
1752068097.07489,-0.16196000576019287,0.38367226123809817,-1.789904136955738
1752068097.077566,-0.16196000576019287,0.38367226123809817,-1.789904136955738
1752068097.0795724,-0.17120994627475739,0.3864463210105896,-1.7241015087813139
1752068097.083181,-0.17120994627475739,0.3864463210105896,-1.7241015087813139
1752068097.083945,-0.17120994627475739,0.3864463210105896,-1.7241015087813139
1752068097.0862155,-0.17034828662872314,0.37786867618560793,-1.6077157974243164
1752068097.088502,-0.17034828662872314,0.37786867618560793,-1.6077157974243164
1752068097.0906403,-0.17034828662872314,0.37786867618560793,-1.6077157974243164
1752068097.0931227,-0.17034828662872314,0.37786867618560793,-1.6077157974243164
1752068097.0952,-0.15197902917861938,0.39782806634902956,-1.5205158710479736
1752068097.0972838,-0.15197902917861938,0.39782806634902956,-1.5205158710479736
1752068097.0993764,-0.15197902917861938,0.39782806634902956,-1.5205158710479736
1752068097.1027713,-0.12164664268493652,0.43866618871688845,-1.4511667013168335
1752068097.1050642,-0.12164664268493652,0.43866618871688845,-1.4511667013168335
1752068097.107017,-0.12164664268493652,0.43866618871688845,-1.4511667013168335
1752068097.1099155,-0.12164664268493652,0.43866618871688845,-1.4511667013168335
1752068097.1133704,-0.12164664268493652,0.43866618871688845,-1.4511667013168335
1752068097.1157384,-0.09157100319862366,0.4704735517501831,-1.353374969959259
1752068097.117819,-0.09157100319862366,0.4704735517501831,-1.353374969959259
1752068097.1199186,-0.09157100319862366,0.4704735517501831,-1.353374969959259
1752068097.125302,-0.09157100319862366,0.4704735517501831,-1.353374969959259
1752068097.12732,-0.06552352756261826,0.5207791268825531,-1.25096435546875
1752068097.1293893,-0.06552352756261826,0.5207791268825531,-1.25096435546875
1752068097.131445,-0.06552352756261826,0.5207791268825531,-1.25096435546875
1752068097.1338334,-0.038514912128448486,0.5715492606163025,-1.1216496348381042
1752068097.1359265,-0.038514912128448486,0.5715492606163025,-1.1216496348381042
1752068097.1393564,-0.038514912128448486,0.5715492606163025,-1.1216496348381042
1752068097.14346,-0.038514912128448486,0.5715492606163025,-1.1216496348381042
1752068097.144234,-0.038514912128448486,0.5715492606163025,-1.1216496348381042
1752068097.1463363,-0.014201300218701363,0.5897507607936859,-1.0037492632865905
1752068097.1483777,-0.014201300218701363,0.5897507607936859,-1.0037492632865905
1752068097.150444,-0.014201300218701363,0.5897507607936859,-1.0037492632865905
1752068097.1529012,0.022777458652853966,0.5789945960044861,-0.9832282185554504
1752068097.155256,0.022777458652853966,0.5789945960044861,-0.9832282185554504
1752068097.15811,0.022777458652853966,0.5789945960044861,-0.9832282185554504
1752068097.1617901,0.022777458652853966,0.5789945960044861,-0.9832282185554504
1752068097.1627517,0.022777458652853966,0.5789945960044861,-0.9832282185554504
1752068097.164853,0.021269915625452995,0.534690523147583,-0.9550160884857177
1752068097.1669414,0.021269915625452995,0.534690523147583,-0.9550160884857177
1752068097.1690361,0.021269915625452995,0.534690523147583,-0.9550160884857177
1752068097.1729932,0.021269915625452995,0.534690523147583,-0.9550160884857177
1752068097.1751642,0.04999426007270813,0.5890156269073487,-1.0775144219398498
1752068097.1771195,0.04999426007270813,0.5890156269073487,-1.0775144219398498
1752068097.1792188,0.04999426007270813,0.5890156269073487,-1.0775144219398498
1752068097.1816468,0.037631213665008545,0.5054425239562989,-1.0626781702041626
1752068097.1837366,0.037631213665008545,0.5054425239562989,-1.0626781702041626
1752068097.1858232,0.037631213665008545,0.5054425239562989,-1.0626781702041626
1752068097.1912012,0.037631213665008545,0.5054425239562989,-1.0626781702041626
1752068097.1920414,0.037631213665008545,0.5054425239562989,-1.0626781702041626
1752068097.1948977,0.037479110062122345,0.45858787894248965,-1.0181433081626892
1752068097.19698,0.037479110062122345,0.45858787894248965,-1.0181433081626892
1752068097.1990836,0.037479110062122345,0.45858787894248965,-1.0181433081626892
1752068097.201555,0.04367844760417938,0.4383383333683014,-1.0460328578948974
1752068097.2039118,0.04367844760417938,0.4383383333683014,-1.0460328578948974
1752068097.2066796,0.04367844760417938,0.4383383333683014,-1.0460328578948974
1752068097.211266,0.04367844760417938,0.4383383333683014,-1.0460328578948974
1752068097.2120335,0.04367844760417938,0.4383383333683014,-1.0460328578948974
1752068097.2153263,0.05466604232788086,0.444639527797699,-1.0452909588813781
1752068097.217378,0.05466604232788086,0.444639527797699,-1.0452909588813781
1752068097.219561,0.05466604232788086,0.444639527797699,-1.0452909588813781
1752068097.2232835,0.05466604232788086,0.444639527797699,-1.0452909588813781
1752068097.2255626,0.008131017908453941,0.4350387692451477,-1.0210143446922302
1752068097.2275937,0.008131017908453941,0.4350387692451477,-1.0210143446922302
1752068097.2312503,0.008131017908453941,0.4350387692451477,-1.0210143446922302
1752068097.2321467,0.008131017908453941,0.4350387692451477,-1.0210143446922302
1752068097.2342522,-0.01756151206791401,0.4563876330852509,-1.0143486380577087
1752068097.2363105,-0.01756151206791401,0.4563876330852509,-1.0143486380577087
1752068097.2386327,-0.01756151206791401,0.4563876330852509,-1.0143486380577087
1752068097.2415602,-0.01756151206791401,0.4563876330852509,-1.0143486380577087
1752068097.2435892,-0.05418863892555237,0.45109584331512453,-1.0118970990180969
1752068097.245674,-0.05418863892555237,0.45109584331512453,-1.0118970990180969
1752068097.247764,-0.05418863892555237,0.45109584331512453,-1.0118970990180969
1752068097.2499337,-0.0536220520734787,0.43861415386199953,-1.0262105584144592
1752068097.2520416,-0.0536220520734787,0.43861415386199953,-1.0262105584144592
1752068097.2545104,-0.0536220520734787,0.43861415386199953,-1.0262105584144592
1752068097.2586842,-0.0536220520734787,0.43861415386199953,-1.0262105584144592
1752068097.259487,-0.0536220520734787,0.43861415386199953,-1.0262105584144592
1752068097.261549,-0.06323819607496262,0.4523072481155396,-1.0215960264205932
1752068097.2636368,-0.06323819607496262,0.4523072481155396,-1.0215960264205932
1752068097.2657316,-0.06323819607496262,0.4523072481155396,-1.0215960264205932
1752068097.2679894,-0.05290661007165909,0.4663256049156189,-1.0229506611824035
1752068097.2700725,-0.05290661007165909,0.4663256049156189,-1.0229506611824035
1752068097.2748866,-0.05290661007165909,0.4663256049156189,-1.0229506611824035
1752068097.278375,-0.05290661007165909,0.4663256049156189,-1.0229506611824035
1752068097.2791293,-0.05290661007165909,0.4663256049156189,-1.0229506611824035
1752068097.2812395,-0.06498812139034271,0.4446041226387024,-1.0300710916519165
1752068097.2833247,-0.06498812139034271,0.4446041226387024,-1.0300710916519165
1752068097.2853901,-0.06498812139034271,0.4446041226387024,-1.0300710916519165
1752068097.2914543,-0.06498812139034271,0.4446041226387024,-1.0300710916519165
1752068097.2941864,-0.0614515095949173,0.48724367618560793,-1.0272467255592346
1752068097.2962568,-0.0614515095949173,0.48724367618560793,-1.0272467255592346
1752068097.2998958,-0.0614515095949173,0.48724367618560793,-1.0272467255592346
1752068097.3006546,-0.0614515095949173,0.48724367618560793,-1.0272467255592346
1752068097.3028736,-0.06573200225830078,0.47625681161880495,-1.032581639289856
1752068097.3058262,-0.06573200225830078,0.47625681161880495,-1.032581639289856
1752068097.3092895,-0.06573200225830078,0.47625681161880495,-1.032581639289856
1752068097.3113837,-0.06573200225830078,0.47625681161880495,-1.032581639289856
1752068097.3134394,-0.05348598212003708,0.44931512475013735,-1.0569433689117431
1752068097.315502,-0.05348598212003708,0.44931512475013735,-1.0569433689117431
1752068097.31759,-0.05348598212003708,0.44931512475013735,-1.0569433689117431
1752068097.320416,-0.08865516632795334,0.46402555108070376,-1.0760077357292175
1752068097.32265,-0.08865516632795334,0.46402555108070376,-1.0760077357292175
1752068097.3259819,-0.08865516632795334,0.46402555108070376,-1.0760077357292175
1752068097.3296626,-0.08865516632795334,0.46402555108070376,-1.0760077357292175
1752068097.3304157,-0.08865516632795334,0.46402555108070376,-1.0760077357292175
1752068097.3324904,-0.09131661802530289,0.537220561504364,-1.0570255041122436
1752068097.3345454,-0.09131661802530289,0.537220561504364,-1.0570255041122436
1752068097.336643,-0.09131661802530289,0.537220561504364,-1.0570255041122436
1752068097.342556,-0.09131661802530289,0.537220561504364,-1.0570255041122436
1752068097.3433466,-0.09131661802530289,0.537220561504364,-1.0570255041122436
1752068097.3454106,-0.06898240745067596,0.54867103099823,-1.0821768164634704
1752068097.347473,-0.06898240745067596,0.54867103099823,-1.0821768164634704
1752068097.3509943,-0.050250060856342316,0.5393802762031555,-1.0994439244270324
1752068097.3530593,-0.050250060856342316,0.5393802762031555,-1.0994439244270324
1752068097.3569155,-0.050250060856342316,0.5393802762031555,-1.0994439244270324
1752068097.3590417,-0.050250060856342316,0.5393802762031555,-1.0994439244270324
1752068097.3615751,-0.013267019763588905,0.5358213424682617,-1.1040941596031189
1752068097.3636336,-0.013267019763588905,0.5358213424682617,-1.1040941596031189
1752068097.3657243,-0.013267019763588905,0.5358213424682617,-1.1040941596031189
1752068097.369143,-0.013267019763588905,0.5358213424682617,-1.1040941596031189
1752068097.369918,-0.013267019763588905,0.5358213424682617,-1.1040941596031189
1752068097.3744144,-0.005605252459645271,0.5443777978420258,-1.0948559165000915
1752068097.3764005,-0.005605252459645271,0.5443777978420258,-1.0948559165000915
1752068097.3789837,-0.005605252459645271,0.5443777978420258,-1.0948559165000915
1752068097.3811834,-0.023814896121621132,0.5464940309524536,-1.097137701511383
1752068097.3832765,-0.023814896121621132,0.5464940309524536,-1.097137701511383
1752068097.385355,-0.023814896121621132,0.5464940309524536,-1.097137701511383
1752068097.3910608,-0.023814896121621132,0.5464940309524536,-1.097137701511383
1752068097.3918636,-0.023814896121621132,0.5464940309524536,-1.097137701511383
1752068097.3939545,-0.01825341023504734,0.5480657458305359,-1.1079466462135314
1752068097.3960404,-0.01825341023504734,0.5480657458305359,-1.1079466462135314
1752068097.3981378,-0.01825341023504734,0.5480657458305359,-1.1079466462135314
1752068097.4004395,-0.006749959662556648,0.5690860688686371,-1.105589461326599
1752068097.4026089,-0.006749959662556648,0.5690860688686371,-1.105589461326599
1752068097.4050272,-0.006749959662556648,0.5690860688686371,-1.105589461326599
1752068097.4093466,-0.006749959662556648,0.5690860688686371,-1.105589461326599
1752068097.4102528,-0.006749959662556648,0.5690860688686371,-1.105589461326599
1752068097.4123554,-0.009856129065155983,0.589056545495987,-1.101340901851654
1752068097.414377,-0.009856129065155983,0.589056545495987,-1.101340901851654
1752068097.4164429,-0.009856129065155983,0.589056545495987,-1.101340901851654
1752068097.4188445,-0.013232620432972908,0.6086823284626007,-1.1034079909324646
1752068097.4220846,-0.013232620432972908,0.6086823284626007,-1.1034079909324646
1752068097.424427,-0.013232620432972908,0.6086823284626007,-1.1034079909324646
1752068097.4282103,-0.013232620432972908,0.6086823284626007,-1.1034079909324646
1752068097.4289708,-0.013232620432972908,0.6086823284626007,-1.1034079909324646
1752068097.431073,-0.02773434855043888,0.6235591113567353,-1.1149662852287292
1752068097.433131,-0.02773434855043888,0.6235591113567353,-1.1149662852287292
1752068097.4352283,-0.02773434855043888,0.6235591113567353,-1.1149662852287292
1752068097.4413025,-0.02773434855043888,0.6235591113567353,-1.1149662852287292
1752068097.4435222,-0.0511140450835228,0.6498034536838532,-1.1066776633262634
1752068097.4455464,-0.0511140450835228,0.6498034536838532,-1.1066776633262634
1752068097.4486158,-0.0511140450835228,0.6498034536838532,-1.1066776633262634
1752068097.4502723,-0.0511140450835228,0.6498034536838532,-1.1066776633262634
1752068097.4523597,-0.06011533737182617,0.6655146420001984,-1.3859202682971954
1752068097.455917,-0.06011533737182617,0.6655146420001984,-1.3859202682971954
1752068097.4580984,-0.06011533737182617,0.6655146420001984,-1.3859202682971954
1752068097.4606824,-0.015215309336781502,0.6166215181350708,-1.580759760737419
1752068097.4627678,-0.015215309336781502,0.6166215181350708,-1.580759760737419
1752068097.4648588,-0.015215309336781502,0.6166215181350708,-1.580759760737419
1752068097.4683208,-0.015215309336781502,0.6166215181350708,-1.580759760737419
1752068097.4694688,-0.015215309336781502,0.6166215181350708,-1.580759760737419
1752068097.4715855,0.017628086730837822,0.6549432218074799,-1.7098649729043245
1752068097.4746723,0.017628086730837822,0.6549432218074799,-1.7098649729043245
1752068097.4783762,0.017628086730837822,0.6549432218074799,-1.7098649729043245
1752068097.4792643,0.017628086730837822,0.6549432218074799,-1.7098649729043245
1752068097.4813607,-0.015013249590992928,0.6502056658267975,-1.6137223213911056
1752068097.4833758,-0.015013249590992928,0.6502056658267975,-1.6137223213911056
1752068097.4854438,-0.015013249590992928,0.6502056658267975,-1.6137223213911056
1752068097.490604,-0.015013249590992928,0.6502056658267975,-1.6137223213911056
1752068097.4926388,0.024089930579066277,0.7148108124732971,-1.8408715844154357
1752068097.4947023,0.024089930579066277,0.7148108124732971,-1.8408715844154357
1752068097.4983742,0.024089930579066277,0.7148108124732971,-1.8408715844154357
1752068097.4991348,0.024089930579066277,0.7148108124732971,-1.8408715844154357
1752068097.501249,0.06793926656246185,0.6774063497781754,-1.7624128133058548
1752068097.5033333,0.06793926656246185,0.6774063497781754,-1.7624128133058548
1752068097.5061607,0.06793926656246185,0.6774063497781754,-1.7624128133058548
1752068097.5089998,0.06793926656246185,0.6774063497781754,-1.7624128133058548
1752068097.5109167,0.06869010627269745,0.7248506784439087,-2.0453384935855867
1752068097.512996,0.06869010627269745,0.7248506784439087,-2.0453384935855867
1752068097.51509,0.06869010627269745,0.7248506784439087,-2.0453384935855867
1752068097.5176015,0.08988979458808899,0.7039868175983429,-2.013586950302124
1752068097.519471,0.08988979458808899,0.7039868175983429,-2.013586950302124
1752068097.5216188,0.08988979458808899,0.7039868175983429,-2.013586950302124
1752068097.5236676,0.08988979458808899,0.7039868175983429,-2.013586950302124
1752068097.526113,0.08988979458808899,0.7039868175983429,-2.013586950302124
1752068097.5281966,0.07053649425506592,0.6613659203052521,-2.213732194900513
1752068097.530284,0.07053649425506592,0.6613659203052521,-2.213732194900513
1752068097.5323763,0.07053649425506592,0.6613659203052521,-2.213732194900513
1752068097.5357957,0.08422453701496124,0.6410409152507782,-2.2128929018974306
1752068097.5398436,0.08422453701496124,0.6410409152507782,-2.2128929018974306
1752068097.5418832,0.08422453701496124,0.6410409152507782,-2.2128929018974306
1752068097.543904,0.08422453701496124,0.6410409152507782,-2.2128929018974306
1752068097.5464253,0.03811752796173096,0.5299362182617188,-2.3407833695411684
1752068097.5486493,0.03811752796173096,0.5299362182617188,-2.3407833695411684
1752068097.5507298,0.03811752796173096,0.5299362182617188,-2.3407833695411684
1752068097.554499,0.03811752796173096,0.5299362182617188,-2.3407833695411684
1752068097.5553029,0.03811752796173096,0.5299362182617188,-2.3407833695411684
1752068097.5589159,0.04538425803184509,0.5534444391727448,-2.433397662639618
1752068097.560947,0.04538425803184509,0.5534444391727448,-2.433397662639618
1752068097.5640337,0.04538425803184509,0.5534444391727448,-2.433397662639618
1752068097.565693,0.04538425803184509,0.5534444391727448,-2.433397662639618
1752068097.567779,0.010780377313494682,0.4974920988082886,-2.538902771472931
1752068097.5698707,0.010780377313494682,0.4974920988082886,-2.538902771472931
1752068097.5719967,0.010780377313494682,0.4974920988082886,-2.538902771472931
1752068097.5746615,0.010780377313494682,0.4974920988082886,-2.538902771472931
1752068097.5782034,0.010780377313494682,0.4974920988082886,-2.538902771472931
1752068097.5801415,-0.020558374002575874,0.4910570621490479,-2.5994814157485964
1752068097.5822382,-0.020558374002575874,0.4910570621490479,-2.5994814157485964
1752068097.5846276,-0.06667616963386536,0.4663341283798218,-2.6016532301902773
1752068097.5868413,-0.06667616963386536,0.4663341283798218,-2.6016532301902773
1752068097.5888503,-0.06667616963386536,0.4663341283798218,-2.6016532301902773
1752068097.593151,-0.06667616963386536,0.4663341283798218,-2.6016532301902773
1752068097.5939195,-0.06667616963386536,0.4663341283798218,-2.6016532301902773
1752068097.5960214,-0.12047421932220459,0.4512501895427704,-2.501539182662964
1752068097.5981092,-0.12047421932220459,0.4512501895427704,-2.501539182662964
1752068097.6002078,-0.12047421932220459,0.4512501895427704,-2.501539182662964
1752068097.6027234,-0.16262118518352509,0.4560441613197327,-2.261894476413727
1752068097.6047378,-0.16262118518352509,0.4560441613197327,-2.261894476413727
1752068097.6077769,-0.16262118518352509,0.4560441613197327,-2.261894476413727
1752068097.6106217,-0.16262118518352509,0.4560441613197327,-2.261894476413727
1752068097.6124187,-0.16262118518352509,0.4560441613197327,-2.261894476413727
1752068097.6144817,-0.23494961857795715,0.46913703680038454,-2.0604458272457125
1752068097.6165555,-0.23494961857795715,0.46913703680038454,-2.0604458272457125
1752068097.61863,-0.23494961857795715,0.46913703680038454,-2.0604458272457125
1752068097.621085,-0.23494961857795715,0.46913703680038454,-2.0604458272457125
1752068097.624978,-0.23156286776065826,0.4327174961566925,-2.0429687917232515
1752068097.6270025,-0.23156286776065826,0.4327174961566925,-2.0429687917232515
1752068097.6307387,-0.23156286776065826,0.4327174961566925,-2.0429687917232515
1752068097.6314936,-0.23156286776065826,0.4327174961566925,-2.0429687917232515
1752068097.6335812,-0.18074344098567963,0.4243969559669495,-1.9562046647071838
1752068097.6356628,-0.18074344098567963,0.4243969559669495,-1.9562046647071838
1752068097.6389573,-0.18074344098567963,0.4243969559669495,-1.9562046647071838
1752068097.642128,-0.18074344098567963,0.4243969559669495,-1.9562046647071838
1752068097.6441472,-0.1732245534658432,0.40242465734481814,-1.8329838931560516
1752068097.646234,-0.1732245534658432,0.40242465734481814,-1.8329838931560516
1752068097.6483417,-0.1732245534658432,0.40242465734481814,-1.8329838931560516
1752068097.6517682,-0.17165802419185638,0.3913529753684998,-1.7632400661706924
1752068097.653942,-0.17165802419185638,0.3913529753684998,-1.7632400661706924
1752068097.6575272,-0.17165802419185638,0.3913529753684998,-1.7632400661706924
1752068097.658904,-0.17165802419185638,0.3913529753684998,-1.7632400661706924
1752068097.6613886,-0.16938787698745728,0.3930161833763123,-1.671803581342101
1752068097.6634498,-0.16938787698745728,0.3930161833763123,-1.671803581342101
1752068097.6655152,-0.16938787698745728,0.3930161833763123,-1.671803581342101
1752068097.6689417,-0.16938787698745728,0.3930161833763123,-1.671803581342101
1752068097.669698,-0.16938787698745728,0.3930161833763123,-1.671803581342101
1752068097.672748,-0.15158912539482117,0.4093655586242676,-1.6053798913955688
1752068097.6750338,-0.15158912539482117,0.4093655586242676,-1.6053798913955688
1752068097.6787145,-0.15158912539482117,0.4093655586242676,-1.6053798913955688
1752068097.6794708,-0.15158912539482117,0.4093655586242676,-1.6053798913955688
1752068097.6816807,-0.1319180577993393,0.4119331181049347,-1.4848376780748367
1752068097.6837673,-0.1319180577993393,0.4119331181049347,-1.4848376780748367
1752068097.687398,-0.1319180577993393,0.4119331181049347,-1.4848376780748367
1752068097.6881738,-0.1319180577993393,0.4119331181049347,-1.4848376780748367
1752068097.6909065,-0.1319180577993393,0.4119331181049347,-1.4848376780748367
1752068097.6928835,-0.10948078334331512,0.4506272912025452,-1.423915159702301
1752068097.69496,-0.10948078334331512,0.4506272912025452,-1.423915159702301
1752068097.6973395,-0.08894006907939911,0.4912303626537323,-1.288914155960083
1752068097.6993814,-0.08894006907939911,0.4912303626537323,-1.288914155960083
1752068097.7014413,-0.08894006907939911,0.4912303626537323,-1.288914155960083
1752068097.7051497,-0.08894006907939911,0.4912303626537323,-1.288914155960083
1752068097.7060628,-0.08894006907939911,0.4912303626537323,-1.288914155960083
1752068097.708589,-0.07692595571279526,0.5348556876182556,-1.2118578374385833
1752068097.7106307,-0.07692595571279526,0.5348556876182556,-1.2118578374385833
1752068097.7142954,-0.07692595571279526,0.5348556876182556,-1.2118578374385833
1752068097.7150512,-0.07692595571279526,0.5348556876182556,-1.2118578374385833
1752068097.717249,-0.04018091410398483,0.579811954498291,-1.0909386992454528
1752068097.7192476,-0.04018091410398483,0.579811954498291,-1.0909386992454528
1752068097.7213993,-0.04018091410398483,0.579811954498291,-1.0909386992454528
1752068097.725637,-0.018170246854424477,0.5907869577407837,-1.0162896037101745
1752068097.7276082,-0.018170246854424477,0.5907869577407837,-1.0162896037101745
1752068097.7296896,-0.018170246854424477,0.5907869577407837,-1.0162896037101745
1752068097.7317884,-0.018170246854424477,0.5907869577407837,-1.0162896037101745
1752068097.734275,-0.018170246854424477,0.5907869577407837,-1.0162896037101745
1752068097.7363336,0.00568678043782711,0.5649633646011353,-0.9737424969673156
1752068097.7384217,0.00568678043782711,0.5649633646011353,-0.9737424969673156
1752068097.7417903,0.00568678043782711,0.5649633646011353,-0.9737424969673156
1752068097.7443545,0.01109444908797741,0.5219746172428131,-0.9706831097602844
1752068097.7463775,0.01109444908797741,0.5219746172428131,-0.9706831097602844
1752068097.748437,0.01109444908797741,0.5219746172428131,-0.9706831097602844
1752068097.751844,0.01109444908797741,0.5219746172428131,-0.9706831097602844
1752068097.752606,0.01109444908797741,0.5219746172428131,-0.9706831097602844
1752068097.756386,0.05932259559631348,0.5912903785705567,-1.1450660347938537
1752068097.7584074,0.05932259559631348,0.5912903785705567,-1.1450660347938537
1752068097.7603946,0.05932259559631348,0.5912903785705567,-1.1450660347938537
1752068097.762889,0.03268859535455704,0.5196791529655457,-1.091903281211853
1752068097.764979,0.03268859535455704,0.5196791529655457,-1.091903281211853
1752068097.7670634,0.03268859535455704,0.5196791529655457,-1.091903281211853
1752068097.7709875,0.03268859535455704,0.5196791529655457,-1.091903281211853
1752068097.7719011,0.03268859535455704,0.5196791529655457,-1.091903281211853
1752068097.7770686,0.004432914778590202,0.4917032063007355,-1.0282495737075805
1752068097.779274,0.004432914778590202,0.4917032063007355,-1.0282495737075805
1752068097.782915,0.004432914778590202,0.4917032063007355,-1.0282495737075805
1752068097.7836785,0.004432914778590202,0.4917032063007355,-1.0282495737075805
1752068097.7857761,0.024513913318514824,0.46136426329612734,-1.044401717185974
1752068097.788098,0.024513913318514824,0.46136426329612734,-1.044401717185974
1752068097.7903502,0.024513913318514824,0.46136426329612734,-1.044401717185974
1752068097.7928169,0.024513913318514824,0.46136426329612734,-1.044401717185974
1752068097.7948694,0.03554421663284302,0.44797697067260744,-1.0448882102966308
1752068097.7969582,0.03554421663284302,0.44797697067260744,-1.0448882102966308
1752068097.799059,0.03554421663284302,0.44797697067260744,-1.0448882102966308
1752068097.801264,0.024330517277121544,0.47448631525039675,-1.027474594116211
1752068097.8063223,0.024330517277121544,0.47448631525039675,-1.027474594116211
1752068097.8083348,0.024330517277121544,0.47448631525039675,-1.027474594116211
1752068097.8120224,0.024330517277121544,0.47448631525039675,-1.027474594116211
1752068097.8127856,0.024330517277121544,0.47448631525039675,-1.027474594116211
1752068097.8148887,-0.028533222153782845,0.4618146657943726,-1.0185747265815734
1752068097.8169472,-0.028533222153782845,0.4618146657943726,-1.0185747265815734
1752068097.819043,-0.028533222153782845,0.4618146657943726,-1.0185747265815734
1752068097.8217819,-0.028533222153782845,0.4618146657943726,-1.0185747265815734
1752068097.8250248,-0.04109452664852142,0.4408652722835541,-1.0132839798927307
1752068097.8270147,-0.04109452664852142,0.4408652722835541,-1.0132839798927307
1752068097.830736,-0.04109452664852142,0.4408652722835541,-1.0132839798927307
1752068097.8314998,-0.04109452664852142,0.4408652722835541,-1.0132839798927307
1752068097.8335931,-0.06038875877857208,0.4593838691711426,-1.0327271342277526
1752068097.8356776,-0.06038875877857208,0.4593838691711426,-1.0327271342277526
1752068097.8378122,-0.06038875877857208,0.4593838691711426,-1.0327271342277526
1752068097.8423285,-0.06038875877857208,0.4593838691711426,-1.0327271342277526
1752068097.8443768,-0.07012505829334259,0.4452377200126648,-1.0521338701248169
1752068097.8464315,-0.07012505829334259,0.4452377200126648,-1.0521338701248169
1752068097.8484986,-0.07012505829334259,0.4452377200126648,-1.0521338701248169
1752068097.8507607,-0.06506180018186569,0.4701139569282532,-1.0332191109657287
1752068097.8528464,-0.06506180018186569,0.4701139569282532,-1.0332191109657287
1752068097.8560674,-0.06506180018186569,0.4701139569282532,-1.0332191109657287
1752068097.8597724,-0.06506180018186569,0.4701139569282532,-1.0332191109657287
1752068097.8605466,-0.06506180018186569,0.4701139569282532,-1.0332191109657287
1752068097.8626404,-0.07394479960203171,0.47134979963302615,-1.038899791240692
1752068097.8647294,-0.07394479960203171,0.47134979963302615,-1.038899791240692
1752068097.8668237,-0.07394479960203171,0.47134979963302615,-1.038899791240692
1752068097.8690012,-0.06911404430866241,0.489248925447464,-1.023589265346527
1752068097.8730419,-0.06911404430866241,0.489248925447464,-1.023589265346527
1752068097.8750806,-0.06911404430866241,0.489248925447464,-1.023589265346527
1752068097.8785615,-0.06911404430866241,0.489248925447464,-1.023589265346527
1752068097.87932,-0.06911404430866241,0.489248925447464,-1.023589265346527
1752068097.881377,-0.06378988921642303,0.46514602899551394,-1.0246091604232788
1752068097.8834345,-0.06378988921642303,0.46514602899551394,-1.0246091604232788
1752068097.8855004,-0.06378988921642303,0.46514602899551394,-1.0246091604232788
1752068097.8909028,-0.06378988921642303,0.46514602899551394,-1.0246091604232788
1752068097.89288,-0.0542670413851738,0.45056977272033694,-1.0576682209968566
1752068097.8949578,-0.0542670413851738,0.45056977272033694,-1.0576682209968566
1752068097.8970556,-0.0542670413851738,0.45056977272033694,-1.0576682209968566
1752068097.89944,-0.08367637544870377,0.4366465449333191,-1.0775134682655334
1752068097.9015396,-0.08367637544870377,0.4366465449333191,-1.0775134682655334
1752068097.9036417,-0.08367637544870377,0.4366465449333191,-1.0775134682655334
1752068097.905772,-0.08367637544870377,0.4366465449333191,-1.0775134682655334
1752068097.907864,-0.08367637544870377,0.4366465449333191,-1.0775134682655334
1752068097.9102108,-0.08367637544870377,0.4366465449333191,-1.0775134682655334
1752068097.9122918,-0.08123370260000229,0.5544624269008637,-1.0688254952430725
1752068097.9143906,-0.08123370260000229,0.5544624269008637,-1.0688254952430725
1752068097.9166694,-0.08915512263774872,0.5631466150283814,-1.069999587535858
1752068097.9187527,-0.08915512263774872,0.5631466150283814,-1.069999587535858
1752068097.9208424,-0.08915512263774872,0.5631466150283814,-1.069999587535858
1752068097.926447,-0.08915512263774872,0.5631466150283814,-1.069999587535858
1752068097.927224,-0.08915512263774872,0.5631466150283814,-1.069999587535858
1752068097.929322,-0.041492760181427,0.5223623156547547,-1.0913981318473815
1752068097.9313772,-0.041492760181427,0.5223623156547547,-1.0913981318473815
1752068097.9334424,-0.041492760181427,0.5223623156547547,-1.0913981318473815
1752068097.9356549,-0.013635242357850075,0.5324513852596283,-1.1097909331321716
1752068097.938163,-0.013635242357850075,0.5324513852596283,-1.1097909331321716
1752068097.9414191,-0.013635242357850075,0.5324513852596283,-1.1097909331321716
1752068097.9450405,-0.013635242357850075,0.5324513852596283,-1.1097909331321716
1752068097.945805,-0.013635242357850075,0.5324513852596283,-1.1097909331321716
1752068097.948144,-0.008768180385231972,0.5367272734642029,-1.1022462368011474
1752068097.9502327,-0.008768180385231972,0.5367272734642029,-1.1022462368011474
1752068097.952338,-0.008768180385231972,0.5367272734642029,-1.1022462368011474
1752068097.9563065,-0.008768180385231972,0.5367272734642029,-1.1022462368011474
1752068097.9588976,-0.008768180385231972,0.5367272734642029,-1.1022462368011474
1752068097.960987,-0.02164904959499836,0.5241759359836579,-1.0987218737602233
1752068097.9630718,-0.02164904959499836,0.5241759359836579,-1.0987218737602233
1752068097.966709,-0.020495006814599037,0.5473836898803711,-1.1151530861854553
1752068097.9687946,-0.020495006814599037,0.5473836898803711,-1.1151530861854553
1752068097.9725642,-0.020495006814599037,0.5473836898803711,-1.1151530861854553
1752068097.9734185,-0.020495006814599037,0.5473836898803711,-1.1151530861854553
1752068097.977564,-0.022201085463166237,0.5539505124092102,-1.1199023842811584
1752068097.979618,-0.022201085463166237,0.5539505124092102,-1.1199023842811584
1752068097.9817054,-0.022201085463166237,0.5539505124092102,-1.1199023842811584
1752068097.9852486,-0.022201085463166237,0.5539505124092102,-1.1199023842811584
1752068097.9859989,-0.022201085463166237,0.5539505124092102,-1.1199023842811584
1752068097.989132,-0.022201085463166237,0.5539505124092102,-1.1199023842811584
1752068097.9918346,-0.010977664962410927,0.5719217300415039,-1.1127886295318603
1752068097.9944208,-0.010977664962410927,0.5719217300415039,-1.1127886295318603
1752068097.9965355,-0.010977664962410927,0.5719217300415039,-1.1127886295318603
1752068097.9986234,-0.009182730689644814,0.6221569120883942,-1.114225697517395
1752068098.0007129,-0.009182730689644814,0.6221569120883942,-1.114225697517395
1752068098.002776,-0.009182730689644814,0.6221569120883942,-1.114225697517395
1752068098.0077138,-0.009182730689644814,0.6221569120883942,-1.114225697517395
1752068098.0101418,-0.022439146414399147,0.6370249629020691,-1.118434202671051
1752068098.0121028,-0.022439146414399147,0.6370249629020691,-1.118434202671051
1752068098.014212,-0.022439146414399147,0.6370249629020691,-1.118434202671051
1752068098.0166764,-0.04214060306549072,0.6352420091629029,-1.118539822101593
1752068098.0187633,-0.04214060306549072,0.6352420091629029,-1.118539822101593
1752068098.021471,-0.04214060306549072,0.6352420091629029,-1.118539822101593
1752068098.0262647,-0.04214060306549072,0.6352420091629029,-1.118539822101593
1752068098.0270398,-0.04214060306549072,0.6352420091629029,-1.118539822101593
1752068098.029139,-0.06868955492973328,0.6748211026191712,-1.2719986855983734
1752068098.0312288,-0.06868955492973328,0.6748211026191712,-1.2719986855983734
1752068098.0347426,-0.06868955492973328,0.6748211026191712,-1.2719986855983734
1752068098.0354981,-0.06868955492973328,0.6748211026191712,-1.2719986855983734
1752068098.0394328,-0.03829486668109894,0.6375271022319794,-1.4603745460510253
1752068098.0414152,-0.03829486668109894,0.6375271022319794,-1.4603745460510253
1752068098.0434785,-0.03829486668109894,0.6375271022319794,-1.4603745460510253
1752068098.045997,0.03448506444692612,0.6224060893058777,-1.7049060601741075
1752068098.0480883,0.03448506444692612,0.6224060893058777,-1.7049060601741075
1752068098.0501697,0.03448506444692612,0.6224060893058777,-1.7049060601741075
1752068098.0536227,0.03448506444692612,0.6224060893058777,-1.7049060601741075
1752068098.0543756,0.03448506444692612,0.6224060893058777,-1.7049060601741075
1752068098.0583806,-0.004826033487915993,0.6584087699651718,-1.66952092833817
1752068098.0603638,-0.004826033487915993,0.6584087699651718,-1.66952092833817
1752068098.0642574,-0.004826033487915993,0.6584087699651718,-1.66952092833817
1752068098.0650096,-0.004826033487915993,0.6584087699651718,-1.66952092833817
1752068098.0671113,0.025037048384547234,0.7217640817165375,-1.857058596611023
1752068098.0694237,0.025037048384547234,0.7217640817165375,-1.857058596611023
1752068098.071706,0.025037048384547234,0.7217640817165375,-1.857058596611023
1752068098.0746155,0.025037048384547234,0.7217640817165375,-1.857058596611023
1752068098.0774763,0.025037048384547234,0.7217640817165375,-1.857058596611023
1752068098.08,0.058676958084106445,0.7121599853038788,-1.8494527459144592
1752068098.082064,0.058676958084106445,0.7121599853038788,-1.8494527459144592
1752068098.0844743,0.05996394157409668,0.7550515323877335,-2.095223766565323
1752068098.086557,0.05996394157409668,0.7550515323877335,-2.095223766565323
1752068098.0892556,0.05996394157409668,0.7550515323877335,-2.095223766565323
1752068098.0933332,0.05996394157409668,0.7550515323877335,-2.095223766565323
1752068098.094085,0.05996394157409668,0.7550515323877335,-2.095223766565323
1752068098.0962036,0.06223369389772415,0.7180055320262909,-2.0809897601604463
1752068098.0982883,0.06223369389772415,0.7180055320262909,-2.0809897601604463
1752068098.100391,0.06223369389772415,0.7180055320262909,-2.0809897601604463
1752068098.1030061,0.043754011392593384,0.6804483324289322,-2.2762017369270326
1752068098.1048746,0.043754011392593384,0.6804483324289322,-2.2762017369270326
1752068098.1070118,0.043754011392593384,0.6804483324289322,-2.2762017369270326
1752068098.1103218,0.043754011392593384,0.6804483324289322,-2.2762017369270326
1752068098.1112614,0.043754011392593384,0.6804483324289322,-2.2762017369270326
1752068098.1133542,0.042966678738594055,0.6293904423713684,-2.3199048161506655
1752068098.1153774,0.042966678738594055,0.6293904423713684,-2.3199048161506655
1752068098.1174493,0.042966678738594055,0.6293904423713684,-2.3199048161506655
1752068098.12112,0.01759733073413372,0.5787893176078797,-2.4574679255485536
1752068098.1224568,0.01759733073413372,0.5787893176078797,-2.4574679255485536
1752068098.1243844,0.01759733073413372,0.5787893176078797,-2.4574679255485536
1752068098.1272454,0.01759733073413372,0.5787893176078797,-2.4574679255485536
1752068098.1296775,0.01759733073413372,0.5787893176078797,-2.4574679255485536
1752068098.1317654,0.0070656221359968185,0.5202913522720337,-2.4940710783004763
1752068098.1340454,0.0070656221359968185,0.5202913522720337,-2.4940710783004763
1752068098.1360555,0.0070656221359968185,0.5202913522720337,-2.4940710783004763
1752068098.140077,0.0070656221359968185,0.5202913522720337,-2.4940710783004763
1752068098.142756,-0.030743198469281197,0.4888926386833191,-2.5756343722343447
1752068098.144837,-0.030743198469281197,0.4888926386833191,-2.5756343722343447
1752068098.146933,-0.030743198469281197,0.4888926386833191,-2.5756343722343447
1752068098.1492667,-0.07763566076755524,0.4947140753269196,-2.6216833114624025
1752068098.1513546,-0.07763566076755524,0.4947140753269196,-2.6216833114624025
1752068098.1533868,-0.07763566076755524,0.4947140753269196,-2.6216833114624025
1752068098.156571,-0.07763566076755524,0.4947140753269196,-2.6216833114624025
1752068098.1611652,-0.12384305894374847,0.47527926564216616,-2.5329620957374575
1752068098.1632357,-0.12384305894374847,0.47527926564216616,-2.5329620957374575
1752068098.1652808,-0.12384305894374847,0.47527926564216616,-2.5329620957374575
1752068098.1673741,-0.12384305894374847,0.47527926564216616,-2.5329620957374575
1752068098.1699874,-0.16490358114242554,0.4941552519798279,-2.2862702131271364
1752068098.173389,-0.16490358114242554,0.4941552519798279,-2.2862702131271364
1752068098.175714,-0.16490358114242554,0.4941552519798279,-2.2862702131271364
1752068098.1794233,-0.16490358114242554,0.4941552519798279,-2.2862702131271364
1752068098.1803203,-0.16490358114242554,0.4941552519798279,-2.2862702131271364
1752068098.182289,-0.23781614005565643,0.47445722818374636,-2.0563190996646883
1752068098.1843722,-0.23781614005565643,0.47445722818374636,-2.0563190996646883
1752068098.1864579,-0.23781614005565643,0.47445722818374636,-2.0563190996646883
1752068098.1913593,-0.23781614005565643,0.47445722818374636,-2.0563190996646883
1752068098.1945086,-0.22081100940704346,0.4378849506378174,-2.0528044521808626
1752068098.196538,-0.22081100940704346,0.4378849506378174,-2.0528044521808626
1752068098.1986284,-0.22081100940704346,0.4378849506378174,-2.0528044521808626
1752068098.2008657,-0.16795898973941803,0.42875229716300967,-1.9487113177776336
1752068098.2029538,-0.16795898973941803,0.42875229716300967,-1.9487113177776336
1752068098.2067614,-0.16795898973941803,0.42875229716300967,-1.9487113177776336
1752068098.2105258,-0.16795898973941803,0.42875229716300967,-1.9487113177776336
1752068098.2115204,-0.16795898973941803,0.42875229716300967,-1.9487113177776336
1752068098.213382,-0.164780393242836,0.39391698837280276,-1.8435724198818206
1752068098.2154408,-0.164780393242836,0.39391698837280276,-1.8435724198818206
1752068098.2175078,-0.164780393242836,0.39391698837280276,-1.8435724198818206
1752068098.220112,-0.164780393242836,0.39391698837280276,-1.8435724198818206
1752068098.2241154,-0.164780393242836,0.39391698837280276,-1.8435724198818206
1752068098.2258945,-0.17079845070838928,0.3915852546691895,-1.7527135729789733
1752068098.227961,-0.17079845070838928,0.3915852546691895,-1.7527135729789733
1752068098.2316551,-0.16831821203231812,0.40351816415786745,-1.6834619536995887
1752068098.2337306,-0.16831821203231812,0.40351816415786745,-1.6834619536995887
1752068098.2360392,-0.16831821203231812,0.40351816415786745,-1.6834619536995887
1752068098.2382843,-0.16831821203231812,0.40351816415786745,-1.6834619536995887
1752068098.2417681,-0.16831821203231812,0.40351816415786745,-1.6834619536995887
1752068098.2438264,-0.15836043655872345,0.3968222975730896,-1.5732789754867553
1752068098.2459068,-0.15836043655872345,0.3968222975730896,-1.5732789754867553
1752068098.2480023,-0.15836043655872345,0.3968222975730896,-1.5732789754867553
1752068098.2504804,-0.13803552091121674,0.42853900194168093,-1.5053665608167648
1752068098.2527168,-0.13803552091121674,0.42853900194168093,-1.5053665608167648
1752068098.2555716,-0.13803552091121674,0.42853900194168093,-1.5053665608167648
1752068098.2578619,-0.13803552091121674,0.42853900194168093,-1.5053665608167648
1752068098.260934,-0.12445234507322311,0.4633230209350586,-1.3897072494029998
1752068098.2630148,-0.12445234507322311,0.4633230209350586,-1.3897072494029998
1752068098.2650795,-0.12445234507322311,0.4633230209350586,-1.3897072494029998
1752068098.2685251,-0.12445234507322311,0.4633230209350586,-1.3897072494029998
1752068098.2692795,-0.12445234507322311,0.4633230209350586,-1.3897072494029998
1752068098.2737484,-0.09536606818437576,0.505891078710556,-1.3107385158538818
1752068098.2757616,-0.09536606818437576,0.505891078710556,-1.3107385158538818
1752068098.2778394,-0.09536606818437576,0.505891078710556,-1.3107385158538818
1752068098.2815168,-0.07246218621730804,0.5654288172721863,-1.1753502011299133
1752068098.2836018,-0.07246218621730804,0.5654288172721863,-1.1753502011299133
1752068098.2859213,-0.07246218621730804,0.5654288172721863,-1.1753502011299133
1752068098.287954,-0.07246218621730804,0.5654288172721863,-1.1753502011299133
1752068098.292704,-0.07246218621730804,0.5654288172721863,-1.1753502011299133
1752068098.2947562,-0.03987053036689758,0.5897822916507721,-1.0663867712020874
1752068098.296836,-0.03987053036689758,0.5897822916507721,-1.0663867712020874
1752068098.2989328,-0.03987053036689758,0.5897822916507721,-1.0663867712020874
1752068098.301282,-0.03987053036689758,0.5897822916507721,-1.0663867712020874
1752068098.304495,-0.014696912840008736,0.602841579914093,-0.9866402864456176
1752068098.3064327,-0.014696912840008736,0.602841579914093,-0.9866402864456176
1752068098.3085756,-0.014696912840008736,0.602841579914093,-0.9866402864456176
1752068098.3113985,0.0050026606768369675,0.5732897758483887,-0.9616006135940551
1752068098.3134587,0.0050026606768369675,0.5732897758483887,-0.9616006135940551
1752068098.3155172,0.0050026606768369675,0.5732897758483887,-0.9616006135940551
1752068098.318896,0.0050026606768369675,0.5732897758483887,-0.9616006135940551
1752068098.3196464,0.0050026606768369675,0.5732897758483887,-0.9616006135940551
1752068098.324023,-0.008636577054858208,0.5251910328865051,-1.0089752793312072
1752068098.3260763,-0.008636577054858208,0.5251910328865051,-1.0089752793312072
1752068098.3293202,-0.008636577054858208,0.5251910328865051,-1.0089752793312072
1752068098.330111,-0.008636577054858208,0.5251910328865051,-1.0089752793312072
1752068098.3322244,0.04914289712905884,0.6126169800758362,-1.1439368844032287
1752068098.334298,0.04914289712905884,0.6126169800758362,-1.1439368844032287
1752068098.3363974,0.04914289712905884,0.6126169800758362,-1.1439368844032287
1752068098.3397996,0.04914289712905884,0.6126169800758362,-1.1439368844032287
1752068098.3441274,0.04914289712905884,0.6126169800758362,-1.1439368844032287
1752068098.346185,0.040064357221126556,0.5107689738273621,-1.0514264225959777
1752068098.3482807,0.040064357221126556,0.5107689738273621,-1.0514264225959777
1752068098.3508294,0.05325637012720108,0.4821122527122498,-1.0203351497650146
1752068098.3528929,0.05325637012720108,0.4821122527122498,-1.0203351497650146
1752068098.3552487,0.05325637012720108,0.4821122527122498,-1.0203351497650146
1752068098.3594172,0.05325637012720108,0.4821122527122498,-1.0203351497650146
1752068098.3601918,0.05325637012720108,0.4821122527122498,-1.0203351497650146
1752068098.3623903,0.05325637012720108,0.4821122527122498,-1.0203351497650146
1752068098.364443,0.03406345099210739,0.466355437040329,-1.0468921780586242
1752068098.366509,0.03406345099210739,0.466355437040329,-1.0468921780586242
1752068098.3687298,0.031214183196425438,0.46670430302619936,-1.0430115580558776
1752068098.3712952,0.031214183196425438,0.46670430302619936,-1.0430115580558776
1752068098.3744426,0.031214183196425438,0.46670430302619936,-1.0430115580558776
1752068098.378027,0.031214183196425438,0.46670430302619936,-1.0430115580558776
1752068098.3787994,0.031214183196425438,0.46670430302619936,-1.0430115580558776
1752068098.380898,-0.006322326138615608,0.4691982209682465,-1.018477690219879
1752068098.3829849,-0.006322326138615608,0.4691982209682465,-1.018477690219879
1752068098.3850796,-0.006322326138615608,0.4691982209682465,-1.018477690219879
1752068098.3875508,-0.04078233987092972,0.4647477507591248,-1.0182376623153686
1752068098.3906314,-0.04078233987092972,0.4647477507591248,-1.0182376623153686
1752068098.3925378,-0.04078233987092972,0.4647477507591248,-1.0182376623153686
1752068098.3962696,-0.04078233987092972,0.4647477507591248,-1.0182376623153686
1752068098.3970234,-0.04078233987092972,0.4647477507591248,-1.0182376623153686
1752068098.3991287,-0.06825573742389679,0.46021454930305483,-1.0207115530967712
1752068098.4012215,-0.06825573742389679,0.46021454930305483,-1.0207115530967712
1752068098.4034133,-0.06825573742389679,0.46021454930305483,-1.0207115530967712
1752068098.4079146,-0.06825573742389679,0.46021454930305483,-1.0207115530967712
1752068098.4099433,-0.08830814063549042,0.4665453374385834,-1.0198339343070983
1752068098.4120264,-0.08830814063549042,0.4665453374385834,-1.0198339343070983
1752068098.4141276,-0.08830814063549042,0.4665453374385834,-1.0198339343070983
1752068098.4165425,-0.09472806751728058,0.4534201264381409,-1.0526893854141235
1752068098.4186327,-0.09472806751728058,0.4534201264381409,-1.0526893854141235
1752068098.420719,-0.09472806751728058,0.4534201264381409,-1.0526893854141235
1752068098.426428,-0.09472806751728058,0.4534201264381409,-1.0526893854141235
1752068098.427206,-0.09472806751728058,0.4534201264381409,-1.0526893854141235
1752068098.4293063,-0.06740471720695496,0.48573418855667116,-1.0388155102729797
1752068098.4313824,-0.06740471720695496,0.48573418855667116,-1.0388155102729797
1752068098.433443,-0.06740471720695496,0.48573418855667116,-1.0388155102729797
1752068098.4356039,-0.054736241698265076,0.49364822506904604,-1.0340522050857544
1752068098.439331,-0.054736241698265076,0.49364822506904604,-1.0340522050857544
1752068098.4413772,-0.054736241698265076,0.49364822506904604,-1.0340522050857544
1752068098.4450185,-0.054736241698265076,0.49364822506904604,-1.0340522050857544
1752068098.445786,-0.054736241698265076,0.49364822506904604,-1.0340522050857544
1752068098.447885,-0.07289311289787292,0.4806340575218201,-1.0219818472862243
1752068098.4499702,-0.07289311289787292,0.4806340575218201,-1.0219818472862243
1752068098.4520671,-0.07289311289787292,0.4806340575218201,-1.0219818472862243
1752068098.4559944,-0.07289311289787292,0.4806340575218201,-1.0219818472862243
1752068098.4568577,-0.07289311289787292,0.4806340575218201,-1.0219818472862243
1752068098.459991,-0.05480775237083435,0.449774169921875,-1.040079665184021
1752068098.462044,-0.05480775237083435,0.449774169921875,-1.040079665184021
1752068098.4644988,-0.07472749799489975,0.45162888765335085,-1.066584062576294
1752068098.4665825,-0.07472749799489975,0.45162888765335085,-1.066584062576294
1752068098.4686682,-0.07472749799489975,0.45162888765335085,-1.066584062576294
1752068098.4724033,-0.07472749799489975,0.45162888765335085,-1.066584062576294
1752068098.4732022,-0.07472749799489975,0.45162888765335085,-1.066584062576294
1752068098.4772146,-0.09562373161315918,0.5289656758308411,-1.0625703454017639
1752068098.4792807,-0.09562373161315918,0.5289656758308411,-1.0625703454017639
1752068098.4828033,-0.09562373161315918,0.5289656758308411,-1.0625703454017639
1752068098.4835646,-0.09562373161315918,0.5289656758308411,-1.0625703454017639
1752068098.4860096,-0.09431903064250946,0.5612576842308045,-1.056915295124054
1752068098.4894774,-0.09431903064250946,0.5612576842308045,-1.056915295124054
1752068098.4919872,-0.09431903064250946,0.5612576842308045,-1.056915295124054
1752068098.4956849,-0.05709458142518997,0.5351299285888672,-1.088430893421173
1752068098.4977639,-0.05709458142518997,0.5351299285888672,-1.088430893421173
1752068098.499848,-0.05709458142518997,0.5351299285888672,-1.088430893421173
1752068098.501946,-0.05709458142518997,0.5351299285888672,-1.088430893421173
1752068098.5053933,-0.05709458142518997,0.5351299285888672,-1.088430893421173
1752068098.508875,-0.05709458142518997,0.5351299285888672,-1.088430893421173
1752068098.5110197,-0.028632434085011482,0.5272535026073456,-1.104657781124115
1752068098.5146053,-0.028632434085011482,0.5272535026073456,-1.104657781124115
1752068098.5153692,-0.028632434085011482,0.5272535026073456,-1.104657781124115
1752068098.51745,-0.02139749564230442,0.5414763033390045,-1.1071844220161438
1752068098.5195324,-0.02139749564230442,0.5414763033390045,-1.1071844220161438
1752068098.524428,-0.02139749564230442,0.5414763033390045,-1.1071844220161438
1752068098.5269268,-0.02139749564230442,0.5414763033390045,-1.1071844220161438
1752068098.5290167,-0.027204984799027443,0.5547300219535828,-1.0952705264091491
1752068098.531103,-0.027204984799027443,0.5547300219535828,-1.0952705264091491
1752068098.5332034,-0.027204984799027443,0.5547300219535828,-1.0952705264091491
1752068098.5354795,-0.02656196989119053,0.5680387854576111,-1.104530107975006
1752068098.539486,-0.02656196989119053,0.5680387854576111,-1.104530107975006
1752068098.5419962,-0.02656196989119053,0.5680387854576111,-1.104530107975006
1752068098.545703,-0.02656196989119053,0.5680387854576111,-1.104530107975006
1752068098.5464625,-0.02656196989119053,0.5680387854576111,-1.104530107975006
1752068098.5485342,-0.030520835891366005,0.5793922185897827,-1.1115855693817138
1752068098.5506005,-0.030520835891366005,0.5793922185897827,-1.1115855693817138
1752068098.552677,-0.030520835891366005,0.5793922185897827,-1.1115855693817138
1752068098.557423,-0.030520835891366005,0.5793922185897827,-1.1115855693817138
1752068098.5594635,-0.018207760527729988,0.5853183805942536,-1.1104148149490356
1752068098.561378,-0.018207760527729988,0.5853183805942536,-1.1104148149490356
1752068098.5650105,-0.018207760527729988,0.5853183805942536,-1.1104148149490356
1752068098.565786,-0.018207760527729988,0.5853183805942536,-1.1104148149490356
1752068098.5679283,-0.016995498910546303,0.6008607089519501,-1.1184514880180358
1752068098.570077,-0.016995498910546303,0.6008607089519501,-1.1184514880180358
1752068098.573907,-0.016995498910546303,0.6008607089519501,-1.1184514880180358
1752068098.5790336,-0.016995498910546303,0.6008607089519501,-1.1184514880180358
1752068098.5810657,-0.030084455385804176,0.6313121259212494,-1.1176223278045654
1752068098.5831594,-0.030084455385804176,0.6313121259212494,-1.1176223278045654
1752068098.586103,-0.030084455385804176,0.6313121259212494,-1.1176223278045654
1752068098.5880094,-0.030084455385804176,0.6313121259212494,-1.1176223278045654
1752068098.5919683,-0.04496797174215317,0.6198702692985535,-1.1347994923591613
1752068098.5939872,-0.04496797174215317,0.6198702692985535,-1.1347994923591613
1752068098.5969121,-0.04496797174215317,0.6198702692985535,-1.1347994923591613
1752068098.5986679,-0.04496797174215317,0.6198702692985535,-1.1347994923591613
1752068098.6007586,-0.08118318766355515,0.6798775136470795,-1.2868294537067413
1752068098.602818,-0.08118318766355515,0.6798775136470795,-1.2868294537067413
1752068098.6064825,-0.08118318766355515,0.6798775136470795,-1.2868294537067413
1752068098.6094317,-0.08118318766355515,0.6798775136470795,-1.2868294537067413
1752068098.611484,-0.010555373504757881,0.6195467352867127,-1.5348096311092376
1752068098.61354,-0.010555373504757881,0.6195467352867127,-1.5348096311092376
1752068098.6156437,-0.010555373504757881,0.6195467352867127,-1.5348096311092376
1752068098.6178567,0.01853667013347149,0.6176079750061035,-1.6460181817412376
1752068098.6200037,0.01853667013347149,0.6176079750061035,-1.6460181817412376
1752068098.623689,0.01853667013347149,0.6176079750061035,-1.6460181817412376
1752068098.626396,0.01853667013347149,0.6176079750061035,-1.6460181817412376
1752068098.6282778,-0.0031960774213075638,0.6570980787277222,-1.683868258073926
1752068098.6303728,-0.0031960774213075638,0.6570980787277222,-1.683868258073926
1752068098.632377,-0.0031960774213075638,0.6570980787277222,-1.683868258073926
1752068098.6354144,-0.0031960774213075638,0.6570980787277222,-1.683868258073926
1752068098.6371408,-0.0031960774213075638,0.6570980787277222,-1.683868258073926
1752068098.6410098,0.03155741095542908,0.7153143227100373,-1.8357004344463348
1752068098.6425378,0.03155741095542908,0.7153143227100373,-1.8357004344463348
1752068098.6463401,0.03155741095542908,0.7153143227100373,-1.8357004344463348
1752068098.6471016,0.03155741095542908,0.7153143227100373,-1.8357004344463348
1752068098.6492066,0.05240779370069504,0.7271060883998871,-1.8691293716430664
1752068098.6512935,0.05240779370069504,0.7271060883998871,-1.8691293716430664
1752068098.6534548,0.05240779370069504,0.7271060883998871,-1.8691293716430664
1752068098.658541,0.05240779370069504,0.7271060883998871,-1.8691293716430664
1752068098.6605568,0.04707832634449005,0.7164093792438507,-1.982680571079254
1752068098.6626365,0.04707832634449005,0.7164093792438507,-1.982680571079254
1752068098.664731,0.04707832634449005,0.7164093792438507,-1.982680571079254
1752068098.6671202,0.07270266860723495,0.7139471262693405,-2.1166023433208467
1752068098.6693304,0.07270266860723495,0.7139471262693405,-2.1166023433208467
1752068098.6714368,0.07270266860723495,0.7139471262693405,-2.1166023433208467
1752068098.6762981,0.07270266860723495,0.7139471262693405,-2.1166023433208467
1752068098.6770651,0.07270266860723495,0.7139471262693405,-2.1166023433208467
1752068098.6791682,0.04894606024026871,0.658578360080719,-2.2000764131546022
1752068098.6813047,0.04894606024026871,0.658578360080719,-2.2000764131546022
1752068098.6833534,0.04894606024026871,0.658578360080719,-2.2000764131546022
1752068098.6855354,0.04184149205684662,0.6167609333992005,-2.3132378578186037
1752068098.6877718,0.04184149205684662,0.6167609333992005,-2.3132378578186037
1752068098.6902952,0.04184149205684662,0.6167609333992005,-2.3132378578186037
1752068098.6941893,0.04184149205684662,0.6167609333992005,-2.3132378578186037
1752068098.6949625,0.04184149205684662,0.6167609333992005,-2.3132378578186037
1752068098.6970346,0.0254670362919569,0.5631436944007874,-2.4095511555671694
1752068098.6991236,0.0254670362919569,0.5631436944007874,-2.4095511555671694
1752068098.7012234,0.0254670362919569,0.5631436944007874,-2.4095511555671694
1752068098.706715,0.02263563685119152,0.5468016803264618,-2.5034083247184755
1752068098.708766,0.02263563685119152,0.5468016803264618,-2.5034083247184755
1752068098.7108228,0.02263563685119152,0.5468016803264618,-2.5034083247184755
1752068098.7145524,0.02263563685119152,0.5468016803264618,-2.5034083247184755
1752068098.7153103,0.02263563685119152,0.5468016803264618,-2.5034083247184755
1752068098.7173831,-0.021435977891087532,0.5052382588386536,-2.587751638889313
1752068098.7194853,-0.021435977891087532,0.5052382588386536,-2.587751638889313
1752068098.7216258,-0.021435977891087532,0.5052382588386536,-2.587751638889313
1752068098.725399,-0.021435977891087532,0.5052382588386536,-2.587751638889313
1752068098.7273843,-0.07173308730125427,0.47980754971504214,-2.59192795753479
1752068098.7294362,-0.07173308730125427,0.47980754971504214,-2.59192795753479
1752068098.731505,-0.07173308730125427,0.47980754971504214,-2.59192795753479
1752068098.733875,-0.11532793939113617,0.4497204065322876,-2.5177403807640077
1752068098.7360613,-0.11532793939113617,0.4497204065322876,-2.5177403807640077
1752068098.7382174,-0.11532793939113617,0.4497204065322876,-2.5177403807640077
1752068098.743405,-0.11532793939113617,0.4497204065322876,-2.5177403807640077
1752068098.7441854,-0.11532793939113617,0.4497204065322876,-2.5177403807640077
1752068098.7462935,-0.16401420533657074,0.4747156143188477,-2.3256930828094484
1752068098.7483785,-0.16401420533657074,0.4747156143188477,-2.3256930828094484
1752068098.7504451,-0.16401420533657074,0.4747156143188477,-2.3256930828094484
1752068098.7542386,-0.21569256484508514,0.4930319130420685,-2.1048469960689546
1752068098.7578447,-0.21569256484508514,0.4930319130420685,-2.1048469960689546
1752068098.75982,-0.21569256484508514,0.4930319130420685,-2.1048469960689546
1752068098.7619236,-0.21569256484508514,0.4930319130420685,-2.1048469960689546
1752068098.7644017,-0.244780495762825,0.4392515063285828,-2.043445211648941
1752068098.7664626,-0.244780495762825,0.4392515063285828,-2.043445211648941
1752068098.7685206,-0.244780495762825,0.4392515063285828,-2.043445211648941
1752068098.7713473,-0.244780495762825,0.4392515063285828,-2.043445211648941
1752068098.7764623,-0.244780495762825,0.4392515063285828,-2.043445211648941
1752068098.7784567,-0.19627557694911957,0.4261754393577576,-1.9745108604431152
1752068098.7805045,-0.19627557694911957,0.4261754393577576,-1.9745108604431152
1752068098.7825956,-0.19627557694911957,0.4261754393577576,-1.9745108604431152
1752068098.784978,-0.16319088637828827,0.4109757781028748,-1.8353913843631744
1752068098.7881224,-0.16319088637828827,0.4109757781028748,-1.8353913843631744
1752068098.791849,-0.16319088637828827,0.4109757781028748,-1.8353913843631744
1752068098.7955034,-0.16319088637828827,0.4109757781028748,-1.8353913843631744
1752068098.7962687,-0.16319088637828827,0.4109757781028748,-1.8353913843631744
1752068098.7983785,-0.18702606856822968,0.3720243811607361,-1.7447117015719413
1752068098.8004358,-0.18702606856822968,0.3720243811607361,-1.7447117015719413
1752068098.8026607,-0.18702606856822968,0.3720243811607361,-1.7447117015719413
1752068098.8071113,-0.18702606856822968,0.3720243811607361,-1.7447117015719413
1752068098.810039,-0.17789818346500397,0.3949147701263428,-1.663836446404457
1752068098.8121526,-0.17789818346500397,0.3949147701263428,-1.663836446404457
1752068098.8141916,-0.17789818346500397,0.3949147701263428,-1.663836446404457
1752068098.816615,-0.16576509177684784,0.3923636913299561,-1.55904860496521
1752068098.8187022,-0.16576509177684784,0.3923636913299561,-1.55904860496521
1752068098.8212268,-0.16576509177684784,0.3923636913299561,-1.55904860496521
1752068098.8260744,-0.16576509177684784,0.3923636913299561,-1.55904860496521
1752068098.8283544,-0.16576509177684784,0.3923636913299561,-1.55904860496521
1752068098.8303816,-0.14556238055229187,0.4169479846954346,-1.4642138004302978
1752068098.832437,-0.14556238055229187,0.4169479846954346,-1.4642138004302978
1752068098.8345132,-0.14556238055229187,0.4169479846954346,-1.4642138004302978
1752068098.8372602,-0.1180950403213501,0.45323421955108645,-1.3756320595741272
1752068098.8393052,-0.1180950403213501,0.45323421955108645,-1.3756320595741272
1752068098.8413882,-0.1180950403213501,0.45323421955108645,-1.3756320595741272
1752068098.8434992,-0.1180950403213501,0.45323421955108645,-1.3756320595741272
1752068098.8455281,-0.1180950403213501,0.45323421955108645,-1.3756320595741272
1752068098.847622,-0.09130080044269562,0.5000660061836243,-1.266637486219406
1752068098.8497057,-0.09130080044269562,0.5000660061836243,-1.266637486219406
1752068098.8518033,-0.09130080044269562,0.5000660061836243,-1.266637486219406
1752068098.8568635,-0.09130080044269562,0.5000660061836243,-1.266637486219406
1752068098.8589444,-0.09130080044269562,0.5000660061836243,-1.266637486219406
1752068098.8612227,-0.06981781125068665,0.5517786383628845,-1.1656741619110107
1752068098.8648417,-0.06981781125068665,0.5517786383628845,-1.1656741619110107
1752068098.8656096,-0.06981781125068665,0.5517786383628845,-1.1656741619110107
1752068098.8677998,-0.029337892308831215,0.5890786290168762,-1.051677119731903
1752068098.869895,-0.029337892308831215,0.5890786290168762,-1.051677119731903
1752068098.8720143,-0.029337892308831215,0.5890786290168762,-1.051677119731903
1752068098.8756914,-0.029337892308831215,0.5890786290168762,-1.051677119731903
1752068098.8777363,-0.010148303583264351,0.6005618214607239,-1.0169434666633606
1752068098.8798199,-0.010148303583264351,0.6005618214607239,-1.0169434666633606
1752068098.8819366,-0.010148303583264351,0.6005618214607239,-1.0169434666633606
1752068098.8842485,0.001803359016776085,0.5574671566486359,-0.9730852365493774
1752068098.8863437,0.001803359016776085,0.5574671566486359,-0.9730852365493774
1752068098.889967,0.001803359016776085,0.5574671566486359,-0.9730852365493774
1752068098.893325,0.001803359016776085,0.5574671566486359,-0.9730852365493774
1752068098.8941312,0.001803359016776085,0.5574671566486359,-0.9730852365493774
1752068098.896237,-0.01874195970594883,0.5145729720592499,-0.9964775562286377
1752068098.8983216,-0.01874195970594883,0.5145729720592499,-0.9964775562286377
1752068098.9003847,-0.01874195970594883,0.5145729720592499,-0.9964775562286377
1752068098.9027786,0.030389433726668358,0.5788355112075806,-1.1219500422477722
1752068098.9051025,0.030389433726668358,0.5788355112075806,-1.1219500422477722
1752068098.908757,0.030389433726668358,0.5788355112075806,-1.1219500422477722
1752068098.9124787,0.030389433726668358,0.5788355112075806,-1.1219500422477722
1752068098.9132469,0.030389433726668358,0.5788355112075806,-1.1219500422477722
1752068098.915346,-0.0022764597088098526,0.5212883591651917,-1.0478935956954956
1752068098.9173753,-0.0022764597088098526,0.5212883591651917,-1.0478935956954956
1752068098.919443,-0.0022764597088098526,0.5212883591651917,-1.0478935956954956
1752068098.9219995,-0.0022764597088098526,0.5212883591651917,-1.0478935956954956
1752068098.9241006,-0.0022764597088098526,0.5212883591651917,-1.0478935956954956
1752068098.9273446,0.020827045664191246,0.46984180212020876,-1.035688054561615
1752068098.930831,0.020827045664191246,0.46984180212020876,-1.035688054561615
1752068098.9315953,0.020827045664191246,0.46984180212020876,-1.035688054561615
1752068098.9337027,0.019760390743613243,0.44765599966049197,-1.0500601053237915
1752068098.9360006,0.019760390743613243,0.44765599966049197,-1.0500601053237915
1752068098.9389956,0.019760390743613243,0.44765599966049197,-1.0500601053237915
1752068098.9424005,0.019760390743613243,0.44765599966049197,-1.0500601053237915
1752068098.9445963,0.0168911125510931,0.4766018629074097,-1.040715229511261
1752068098.9465046,0.0168911125510931,0.4766018629074097,-1.040715229511261
1752068098.9486024,0.0168911125510931,0.4766018629074097,-1.040715229511261
1752068098.951115,-0.02983640320599079,0.47681989669799807,-1.0301129341125488
1752068098.9563856,-0.02983640320599079,0.47681989669799807,-1.0301129341125488
1752068098.9575088,-0.02983640320599079,0.47681989669799807,-1.0301129341125488
1752068098.960944,-0.02983640320599079,0.47681989669799807,-1.0301129341125488
1752068098.961708,-0.02983640320599079,0.47681989669799807,-1.0301129341125488
1752068098.963811,-0.04247644543647766,0.4714780986309052,-1.0158625364303588
1752068098.9658694,-0.04247644543647766,0.4714780986309052,-1.0158625364303588
1752068098.9679656,-0.04247644543647766,0.4714780986309052,-1.0158625364303588
1752068098.9704654,-0.06876819580793381,0.4658653974533081,-1.0178390264511108
1752068098.9756331,-0.06876819580793381,0.4658653974533081,-1.0178390264511108
1752068098.9776747,-0.06876819580793381,0.4658653974533081,-1.0178390264511108
1752068098.9814007,-0.06876819580793381,0.4658653974533081,-1.0178390264511108
1752068098.9821947,-0.06876819580793381,0.4658653974533081,-1.0178390264511108
1752068098.984296,-0.08501367270946503,0.44814460873603823,-1.03652263879776
1752068098.9863887,-0.08501367270946503,0.44814460873603823,-1.03652263879776
1752068098.9902468,-0.08501367270946503,0.44814460873603823,-1.03652263879776
1752068098.9938216,-0.08501367270946503,0.44814460873603823,-1.03652263879776
1752068098.99589,-0.07658371329307556,0.46349486112594607,-1.0322276473045349
1752068098.997938,-0.07658371329307556,0.46349486112594607,-1.0322276473045349
1752068099.0000346,-0.07658371329307556,0.46349486112594607,-1.0322276473045349
1752068099.002674,-0.06535343825817108,0.49261274337768557,-1.0411774039268493
1752068099.0055394,-0.06535343825817108,0.49261274337768557,-1.0411774039268493
1752068099.0082102,-0.06535343825817108,0.49261274337768557,-1.0411774039268493
1752068099.0119183,-0.06535343825817108,0.49261274337768557,-1.0411774039268493
1752068099.0127265,-0.06535343825817108,0.49261274337768557,-1.0411774039268493
1752068099.014816,-0.07165607810020447,0.49538733959198,-1.0237086534500122
1752068099.0169032,-0.07165607810020447,0.49538733959198,-1.0237086534500122
1752068099.0193934,-0.07165607810020447,0.49538733959198,-1.0237086534500122
1752068099.0219593,-0.07165607810020447,0.49538733959198,-1.0237086534500122
1752068099.0253112,-0.07165607810020447,0.49538733959198,-1.0237086534500122
1752068099.0260673,-0.07165607810020447,0.49538733959198,-1.0237086534500122
1752068099.028187,-0.06935393810272217,0.4512678623199463,-1.0319599032402038
1752068099.0303488,-0.07182792574167252,0.4524559020996094,-1.0519889712333679
1752068099.0323772,-0.07182792574167252,0.4524559020996094,-1.0519889712333679
1752068099.0344348,-0.07182792574167252,0.4524559020996094,-1.0519889712333679
1752068099.0395358,-0.07182792574167252,0.4524559020996094,-1.0519889712333679
1752068099.0403662,-0.07182792574167252,0.4524559020996094,-1.0519889712333679
1752068099.0424495,-0.09544501453638077,0.4944613516330719,-1.0882845044136047
1752068099.0444658,-0.09544501453638077,0.4944613516330719,-1.0882845044136047
1752068099.0465336,-0.09544501453638077,0.4944613516330719,-1.0882845044136047
1752068099.0489104,-0.10233592242002487,0.5338844299316406,-1.0710483908653259
1752068099.050973,-0.10233592242002487,0.5338844299316406,-1.0710483908653259
1752068099.0530732,-0.10233592242002487,0.5338844299316406,-1.0710483908653259
1752068099.056398,-0.10233592242002487,0.5338844299316406,-1.0710483908653259
1752068099.057224,-0.10233592242002487,0.5338844299316406,-1.0710483908653259
1752068099.060094,-0.07433134317398071,0.5221003234386444,-1.0850387930870056
1752068099.0621808,-0.07433134317398071,0.5221003234386444,-1.0850387930870056
1752068099.0656052,-0.07433134317398071,0.5221003234386444,-1.0850387930870056
1752068099.066383,-0.07433134317398071,0.5221003234386444,-1.0850387930870056
1752068099.0684564,-0.08025646209716797,0.5395552754402161,-1.0991963267326355
1752068099.071054,-0.08025646209716797,0.5395552754402161,-1.0991963267326355
1752068099.0743835,-0.08025646209716797,0.5395552754402161,-1.0991963267326355
1752068099.0781722,-0.08025646209716797,0.5395552754402161,-1.0991963267326355
1752068099.0802732,-0.04174574464559555,0.552166485786438,-1.1080033898353576
1752068099.082362,-0.04174574464559555,0.552166485786438,-1.1080033898353576
1752068099.0843885,-0.04174574464559555,0.552166485786438,-1.1080033898353576
1752068099.0877092,-0.04174574464559555,0.552166485786438,-1.1080033898353576
1752068099.0910556,-0.04174574464559555,0.552166485786438,-1.1080033898353576
1752068099.092924,-0.014407837763428688,0.5544705033302307,-1.1191368222236633
1752068099.0950115,-0.014407837763428688,0.5544705033302307,-1.1191368222236633
1752068099.097486,-0.022235596552491188,0.5420908272266388,-1.1010806083679199
1752068099.0995505,-0.022235596552491188,0.5420908272266388,-1.1010806083679199
1752068099.101641,-0.022235596552491188,0.5420908272266388,-1.1010806083679199
1752068099.1055417,-0.022235596552491188,0.5420908272266388,-1.1010806083679199
1752068099.1063342,-0.022235596552491188,0.5420908272266388,-1.1010806083679199
1752068099.1092057,-0.018276521936058998,0.5388977468013764,-1.108469259738922
1752068099.1112635,-0.018276521936058998,0.5388977468013764,-1.108469259738922
1752068099.113354,-0.018276521936058998,0.5388977468013764,-1.108469259738922
1752068099.1156888,-0.025304848328232765,0.5720097064971924,-1.1066233038902282
1752068099.1177826,-0.025304848328232765,0.5720097064971924,-1.1066233038902282
1752068099.1198702,-0.025304848328232765,0.5720097064971924,-1.1066233038902282
1752068099.123277,-0.025304848328232765,0.5720097064971924,-1.1066233038902282
1752068099.126315,-0.025304848328232765,0.5720097064971924,-1.1066233038902282
1752068099.1279156,-0.023193234577775,0.5819257736206055,-1.104628574848175
1752068099.129996,-0.023193234577775,0.5819257736206055,-1.104628574848175
1752068099.1321015,-0.023193234577775,0.5819257736206055,-1.104628574848175
1752068099.134312,-0.028859512880444527,0.610737943649292,-1.0912454843521118
1752068099.1363666,-0.028859512880444527,0.610737943649292,-1.0912454843521118
1752068099.138516,-0.028859512880444527,0.610737943649292,-1.0912454843521118
1752068099.1427975,-0.028859512880444527,0.610737943649292,-1.0912454843521118
1752068099.1435695,-0.028859512880444527,0.610737943649292,-1.0912454843521118
1752068099.1457791,-0.040623798966407776,0.6277469038963318,-1.113525402545929
1752068099.1478715,-0.040623798966407776,0.6277469038963318,-1.113525402545929
1752068099.1513035,-0.040623798966407776,0.6277469038963318,-1.113525402545929
1752068099.152052,-0.040623798966407776,0.6277469038963318,-1.113525402545929
1752068099.1565595,-0.06032291054725647,0.6530340254306793,-1.105990719795227
1752068099.1579947,-0.06032291054725647,0.6530340254306793,-1.105990719795227
1752068099.1600657,-0.06032291054725647,0.6530340254306793,-1.105990719795227
1752068099.162589,-0.07048336416482925,0.6731815874576569,-1.2835560262203216
1752068099.1646729,-0.07048336416482925,0.6731815874576569,-1.2835560262203216
1752068099.1667585,-0.07048336416482925,0.6731815874576569,-1.2835560262203216
1752068099.169352,-0.07048336416482925,0.6731815874576569,-1.2835560262203216
1752068099.1720023,-0.07048336416482925,0.6731815874576569,-1.2835560262203216
1752068099.1756237,-0.07048336416482925,0.6731815874576569,-1.2835560262203216
1752068099.177616,-0.002961384132504463,0.6115654945373535,-1.5766894191503524
1752068099.1797097,-0.002961384132504463,0.6115654945373535,-1.5766894191503524
1752068099.1818929,0.017807750031352043,0.6151612341403961,-1.645039264857769
1752068099.1839821,0.017807750031352043,0.6151612341403961,-1.645039264857769
1752068099.1860564,0.017807750031352043,0.6151612341403961,-1.645039264857769
1752068099.1917057,0.017807750031352043,0.6151612341403961,-1.645039264857769
1752068099.1925025,0.017807750031352043,0.6151612341403961,-1.645039264857769
1752068099.194588,0.019414490088820457,0.6357485592365265,-1.6754678476601839
1752068099.1966703,0.019414490088820457,0.6357485592365265,-1.6754678476601839
1752068099.198778,0.019414490088820457,0.6357485592365265,-1.6754678476601839
1752068099.2011328,0.03912835568189621,0.7042297661304474,-1.8199114620685577
1752068099.2032619,0.03912835568189621,0.7042297661304474,-1.8199114620685577
1752068099.20593,0.03912835568189621,0.7042297661304474,-1.8199114620685577
1752068099.210321,0.03912835568189621,0.7042297661304474,-1.8199114620685577
1752068099.2110882,0.03912835568189621,0.7042297661304474,-1.8199114620685577
1752068099.213199,0.04844803363084793,0.680202329158783,-1.8210452616214752
1752068099.215298,0.04844803363084793,0.680202329158783,-1.8210452616214752
1752068099.2173831,0.04844803363084793,0.680202329158783,-1.8210452616214752
1752068099.219688,0.08323748409748077,0.7512003719806671,-2.0422296047210695
1752068099.2224956,0.08323748409748077,0.7512003719806671,-2.0422296047210695
1752068099.225713,0.08323748409748077,0.7512003719806671,-2.0422296047210695
1752068099.2291603,0.08323748409748077,0.7512003719806671,-2.0422296047210695
1752068099.2299256,0.08323748409748077,0.7512003719806671,-2.0422296047210695
1752068099.232026,0.0756583958864212,0.730857589840889,-2.078415107727051
1752068099.2341108,0.0756583958864212,0.730857589840889,-2.078415107727051
1752068099.2361948,0.0756583958864212,0.730857589840889,-2.078415107727051
1752068099.2419233,0.0756583958864212,0.730857589840889,-2.078415107727051
1752068099.2439704,0.05645781755447388,0.6619540989398957,-2.201912355422974
1752068099.2460532,0.05645781755447388,0.6619540989398957,-2.201912355422974
1752068099.248157,0.05645781755447388,0.6619540989398957,-2.201912355422974
1752068099.2504973,0.054036229848861694,0.6341797351837158,-2.3001228094100954
1752068099.2525923,0.054036229848861694,0.6341797351837158,-2.3001228094100954
1752068099.25638,0.054036229848861694,0.6341797351837158,-2.3001228094100954
1752068099.260162,0.054036229848861694,0.6341797351837158,-2.3001228094100954
1752068099.2609336,0.054036229848861694,0.6341797351837158,-2.3001228094100954
1752068099.263048,0.015590367838740349,0.5397600769996643,-2.393437397480011
1752068099.265131,0.015590367838740349,0.5397600769996643,-2.393437397480011
1752068099.2672331,0.015590367838740349,0.5397600769996643,-2.393437397480011
1752068099.2706583,0.0026845987886190414,0.528393441438675,-2.4937483191490175
1752068099.2742712,0.0026845987886190414,0.528393441438675,-2.4937483191490175
1752068099.2762723,0.0026845987886190414,0.528393441438675,-2.4937483191490175
1752068099.278335,0.0026845987886190414,0.528393441438675,-2.4937483191490175
1752068099.280811,-0.02573712356388569,0.47605725526809695,-2.5242308497428896
1752068099.2829328,-0.02573712356388569,0.47605725526809695,-2.5242308497428896
1752068099.2849813,-0.02573712356388569,0.47605725526809695,-2.5242308497428896
1752068099.2874563,-0.02573712356388569,0.47605725526809695,-2.5242308497428896
1752068099.293705,-0.02573712356388569,0.47605725526809695,-2.5242308497428896
1752068099.2957153,-0.06501832604408264,0.4740587711334229,-2.590208661556244
1752068099.2977974,-0.06501832604408264,0.4740587711334229,-2.590208661556244
1752068099.299905,-0.06501832604408264,0.4740587711334229,-2.590208661556244
1752068099.3022785,-0.1309683620929718,0.45341616272926333,-2.380805563926697
1752068099.304411,-0.1309683620929718,0.45341616272926333,-2.380805563926697
1752068099.3085222,-0.1309683620929718,0.45341616272926333,-2.380805563926697
1752068099.3121917,-0.1309683620929718,0.45341616272926333,-2.380805563926697
1752068099.3129478,-0.1309683620929718,0.45341616272926333,-2.380805563926697
1752068099.3150535,-0.16848015785217285,0.4808895826339722,-2.198530834913254
1752068099.3171515,-0.16848015785217285,0.4808895826339722,-2.198530834913254
1752068099.319331,-0.16848015785217285,0.4808895826339722,-2.198530834913254
1752068099.326463,-0.16848015785217285,0.4808895826339722,-2.198530834913254
1752068099.3283935,-0.22282107174396515,0.46131947040557864,-2.0067165017127992
1752068099.3304403,-0.22282107174396515,0.46131947040557864,-2.0067165017127992
1752068099.3325076,-0.22282107174396515,0.46131947040557864,-2.0067165017127992
1752068099.3348403,-0.22578926384449005,0.4068931877613068,-2.0044494688510897
1752068099.3370156,-0.22578926384449005,0.4068931877613068,-2.0044494688510897
1752068099.341459,-0.22578926384449005,0.4068931877613068,-2.0044494688510897
1752068099.3446891,-0.22578926384449005,0.4068931877613068,-2.0044494688510897
1752068099.3454514,-0.22578926384449005,0.4068931877613068,-2.0044494688510897
1752068099.3475351,-0.17363451421260834,0.4247302055358887,-1.883392196893692
1752068099.3496127,-0.17363451421260834,0.4247302055358887,-1.883392196893692
1752068099.3517034,-0.17363451421260834,0.4247302055358887,-1.883392196893692
1752068099.3558314,-0.17363451421260834,0.4247302055358887,-1.883392196893692
1752068099.3579059,-0.17363451421260834,0.4247302055358887,-1.883392196893692
1752068099.360401,-0.17363451421260834,0.4247302055358887,-1.883392196893692
1752068099.3634808,-0.1725800484418869,0.3916275143623352,-1.8035514771938324
1752068099.3642507,-0.1725800484418869,0.3916275143623352,-1.8035514771938324
1752068099.3663461,-0.16978852450847626,0.40374966859817507,-1.7125154089182615
1752068099.3683789,-0.16978852450847626,0.40374966859817507,-1.7125154089182615
1752068099.3713217,-0.16978852450847626,0.40374966859817507,-1.7125154089182615
1752068099.3770611,-0.16978852450847626,0.40374966859817507,-1.7125154089182615
1752068099.3791258,-0.1562904417514801,0.43794807195663454,-1.648142372071743
1752068099.3812072,-0.1562904417514801,0.43794807195663454,-1.648142372071743
1752068099.3833036,-0.1562904417514801,0.43794807195663454,-1.648142372071743
1752068099.3854804,-0.1413787454366684,0.4144076943397522,-1.5450472950935363
1752068099.3877413,-0.1413787454366684,0.4144076943397522,-1.5450472950935363
1752068099.3916204,-0.1413787454366684,0.4144076943397522,-1.5450472950935363
1752068099.3952827,-0.1413787454366684,0.4144076943397522,-1.5450472950935363
1752068099.3960314,-0.1413787454366684,0.4144076943397522,-1.5450472950935363
1752068099.3981664,-0.12000918388366699,0.41637426018714907,-1.4580537796020507
1752068099.400254,-0.12000918388366699,0.41637426018714907,-1.4580537796020507
1752068099.4026456,-0.12000918388366699,0.41637426018714907,-1.4580537796020507
1752068099.4046032,-0.12000918388366699,0.41637426018714907,-1.4580537796020507
1752068099.4094443,-0.12000918388366699,0.41637426018714907,-1.4580537796020507
1752068099.4114032,-0.10027134418487549,0.466284716129303,-1.3344025433063507
1752068099.41429,-0.10027134418487549,0.466284716129303,-1.3344025433063507
1752068099.4158788,-0.10027134418487549,0.466284716129303,-1.3344025433063507
1752068099.417957,-0.07128508388996124,0.5103152632713318,-1.2434744358062744
1752068099.420105,-0.07128508388996124,0.5103152632713318,-1.2434744358062744
1752068099.4234855,-0.07128508388996124,0.5103152632713318,-1.2434744358062744
1752068099.4279392,-0.07128508388996124,0.5103152632713318,-1.2434744358062744
1752068099.4301198,-0.04888123273849487,0.5734190583229065,-1.1218258261680603
1752068099.432208,-0.04888123273849487,0.5734190583229065,-1.1218258261680603
1752068099.4360492,-0.04888123273849487,0.5734190583229065,-1.1218258261680603
1752068099.4372475,-0.04888123273849487,0.5734190583229065,-1.1218258261680603
1752068099.4414127,-0.014952452853322029,0.6016088366508484,-1.0246371746063232
1752068099.4434037,-0.014952452853322029,0.6016088366508484,-1.0246371746063232
1752068099.4470596,-0.014952452853322029,0.6016088366508484,-1.0246371746063232
1752068099.4478197,-0.014952452853322029,0.6016088366508484,-1.0246371746063232
1752068099.4499323,0.0053591858595609665,0.586469852924347,-0.9700240015983581
1752068099.4519777,0.0053591858595609665,0.586469852924347,-0.9700240015983581
1752068099.454853,0.0053591858595609665,0.586469852924347,-0.9700240015983581
1752068099.4599113,0.0053591858595609665,0.586469852924347,-0.9700240015983581
1752068099.461966,0.005805684253573418,0.5493978500366211,-0.9614508271217346
1752068099.4640326,0.005805684253573418,0.5493978500366211,-0.9614508271217346
1752068099.4661145,0.005805684253573418,0.5493978500366211,-0.9614508271217346
1752068099.4686294,0.04324910044670105,0.6296281456947327,-1.1582113027572631
1752068099.4723108,0.04324910044670105,0.6296281456947327,-1.1582113027572631
1752068099.4753666,0.04324910044670105,0.6296281456947327,-1.1582113027572631
1752068099.4790676,0.04324910044670105,0.6296281456947327,-1.1582113027572631
1752068099.4798377,0.04324910044670105,0.6296281456947327,-1.1582113027572631
1752068099.4819467,0.020431572571396828,0.5221277713775635,-1.044555675983429
1752068099.4840264,0.020431572571396828,0.5221277713775635,-1.044555675983429
1752068099.4861627,0.020431572571396828,0.5221277713775635,-1.044555675983429
1752068099.4918704,0.020431572571396828,0.5221277713775635,-1.044555675983429
1752068099.4939167,0.020431572571396828,0.5221277713775635,-1.044555675983429
1752068099.4959962,0.032844774425029755,0.4861414670944214,-1.0241408467292785
1752068099.4980545,0.032844774425029755,0.4861414670944214,-1.0241408467292785
1752068099.5001428,0.032844774425029755,0.4861414670944214,-1.0241408467292785
1752068099.5022264,0.044312484562397,0.46933248043060305,-1.0632941842079162
1752068099.504872,0.044312484562397,0.46933248043060305,-1.0632941842079162
1752068099.508243,0.044312484562397,0.46933248043060305,-1.0632941842079162
1752068099.5107727,0.04908069223165512,0.46487715244293215,-1.0368313908576965
1752068099.512866,0.04908069223165512,0.46487715244293215,-1.0368313908576965
1752068099.5149453,0.04908069223165512,0.46487715244293215,-1.0368313908576965
1752068099.518388,0.04908069223165512,0.46487715244293215,-1.0368313908576965
1752068099.519147,0.04908069223165512,0.46487715244293215,-1.0368313908576965
1752068099.5239193,0.015011070296168327,0.4746960043907166,-1.01121027469635
1752068099.526084,0.015011070296168327,0.4746960043907166,-1.01121027469635
1752068099.5280428,0.015011070296168327,0.4746960043907166,-1.01121027469635
1752068099.5315905,-0.02367359586060047,0.45859807133674624,-1.0168774843215942
1752068099.533663,-0.02367359586060047,0.45859807133674624,-1.0168774843215942
1752068099.5357513,-0.02367359586060047,0.45859807133674624,-1.0168774843215942
1752068099.5383394,-0.02367359586060047,0.45859807133674624,-1.0168774843215942
1752068099.543,-0.02367359586060047,0.45859807133674624,-1.0168774843215942
1752068099.545055,-0.04955756664276123,0.4540749728679657,-1.0081012964248657
1752068099.5471327,-0.04955756664276123,0.4540749728679657,-1.0081012964248657
1752068099.549242,-0.04955756664276123,0.4540749728679657,-1.0081012964248657
1752068099.551591,-0.07625629752874374,0.4665138065814972,-1.0083396553993225
1752068099.5537107,-0.07625629752874374,0.4665138065814972,-1.0083396553993225
1752068099.556965,-0.07625629752874374,0.4665138065814972,-1.0083396553993225
1752068099.5616682,-0.07625629752874374,0.4665138065814972,-1.0083396553993225
1752068099.5624378,-0.07625629752874374,0.4665138065814972,-1.0083396553993225
1752068099.5645216,-0.07532335817813873,0.46328567862510683,-1.0400648832321167
1752068099.5665965,-0.07532335817813873,0.46328567862510683,-1.0400648832321167
1752068099.5686893,-0.07532335817813873,0.46328567862510683,-1.0400648832321167
1752068099.5732834,-0.07532335817813873,0.46328567862510683,-1.0400648832321167
1752068099.5759053,-0.07532335817813873,0.46328567862510683,-1.0400648832321167
1752068099.5779498,-0.07532335817813873,0.46328567862510683,-1.0400648832321167
1752068099.581518,-0.07532335817813873,0.46328567862510683,-1.0400648832321167
1752068099.5836704,-0.0777948722243309,0.4787607729434967,-1.0398426175117492
1752068099.5861173,-0.06388440728187561,0.48640801906585696,-1.0281129002571106
1752068099.587982,-0.06388440728187561,0.48640801906585696,-1.0281129002571106
1752068099.5907884,-0.06388440728187561,0.48640801906585696,-1.0281129002571106
1752068099.594437,-0.06394544243812561,0.4769586563110352,-1.021800708770752
1752068099.59647,-0.06394544243812561,0.4769586563110352,-1.021800708770752
1752068099.598549,-0.06394544243812561,0.4769586563110352,-1.021800708770752
1752068099.6006057,-0.06394544243812561,0.4769586563110352,-1.021800708770752
1752068099.6039608,-0.06156414747238159,0.4428632497787476,-1.0357691168785095
1752068099.6073475,-0.06156414747238159,0.4428632497787476,-1.0357691168785095
1752068099.609256,-0.06156414747238159,0.4428632497787476,-1.0357691168785095
1752068099.6129832,-0.06156414747238159,0.4428632497787476,-1.0357691168785095
1752068099.6137567,-0.06156414747238159,0.4428632497787476,-1.0357691168785095
1752068099.6158483,-0.06299663335084915,0.44749038815498354,-1.0684657216072082
1752068099.617934,-0.06299663335084915,0.44749038815498354,-1.0684657216072082
1752068099.6200979,-0.06299663335084915,0.44749038815498354,-1.0684657216072082
1752068099.6235485,-0.06299663335084915,0.44749038815498354,-1.0684657216072082
1752068099.6277351,-0.06299663335084915,0.44749038815498354,-1.0684657216072082
1752068099.6299706,-0.09713277965784073,0.48332160115242007,-1.0622987270355224
1752068099.6335142,-0.09713277965784073,0.48332160115242007,-1.0622987270355224
1752068099.6342738,-0.09713277965784073,0.48332160115242007,-1.0622987270355224
1752068099.6363916,-0.07375688850879669,0.5098816394805908,-1.068320643901825
1752068099.6385527,-0.07375688850879669,0.5098816394805908,-1.068320643901825
1752068099.6416,-0.07375688850879669,0.5098816394805908,-1.068320643901825
1752068099.6441069,-0.06419534236192703,0.5145063042640686,-1.0932851552963256
1752068099.6462061,-0.06419534236192703,0.5145063042640686,-1.0932851552963256
1752068099.6482882,-0.06419534236192703,0.5145063042640686,-1.0932851552963256
1752068099.6517045,-0.06419534236192703,0.5145063042640686,-1.0932851552963256
1752068099.6524625,-0.06419534236192703,0.5145063042640686,-1.0932851552963256
1752068099.6573741,-0.03510311245918274,0.5263201236724854,-1.1149370789527893
1752068099.6593423,-0.03510311245918274,0.5263201236724854,-1.1149370789527893
1752068099.6613903,-0.03510311245918274,0.5263201236724854,-1.1149370789527893
1752068099.6638763,-0.008804867044091225,0.5576831638813019,-1.1222940802574157
1752068099.6659598,-0.008804867044091225,0.5576831638813019,-1.1222940802574157
1752068099.6680486,-0.008804867044091225,0.5576831638813019,-1.1222940802574157
1752068099.674173,-0.008804867044091225,0.5576831638813019,-1.1222940802574157
1752068099.6758296,-0.008804867044091225,0.5576831638813019,-1.1222940802574157
1752068099.677137,-0.008804867044091225,0.5576831638813019,-1.1222940802574157
1752068099.679221,-0.016348781064152718,0.5503401100635529,-1.1185215830802917
1752068099.6813169,-0.016348781064152718,0.5503401100635529,-1.1185215830802917
1752068099.6833959,-0.016348781064152718,0.5503401100635529,-1.1185215830802917
1752068099.6854398,-0.020107397809624672,0.555386358499527,-1.1211053848266601
1752068099.6878324,-0.020107397809624672,0.555386358499527,-1.1211053848266601
1752068099.6920125,-0.020107397809624672,0.555386358499527,-1.1211053848266601
1752068099.6946719,-0.020087191835045815,0.5667373776435852,-1.1201295375823974
1752068099.6967568,-0.020087191835045815,0.5667373776435852,-1.1201295375823974
1752068099.6988504,-0.020087191835045815,0.5667373776435852,-1.1201295375823974
1752068099.7022665,-0.020087191835045815,0.5667373776435852,-1.1201295375823974
1752068099.7030184,-0.020087191835045815,0.5667373776435852,-1.1201295375823974
1752068099.7079465,-0.010371888056397438,0.6035125195980072,-1.1056491255760192
1752068099.7098806,-0.010371888056397438,0.6035125195980072,-1.1056491255760192
1752068099.7136266,-0.010371888056397438,0.6035125195980072,-1.1056491255760192
1752068099.7143874,-0.010371888056397438,0.6035125195980072,-1.1056491255760192
1752068099.716458,-0.023020172491669655,0.6226920127868653,-1.1396202564239502
1752068099.7185144,-0.023020172491669655,0.6226920127868653,-1.1396202564239502
1752068099.72124,-0.023020172491669655,0.6226920127868653,-1.1396202564239502
1752068099.724787,-0.023020172491669655,0.6226920127868653,-1.1396202564239502
1752068099.727419,-0.04122644662857056,0.6118352055549622,-1.1019110798835754
1752068099.7294762,-0.04122644662857056,0.6118352055549622,-1.1019110798835754
1752068099.7328768,-0.04122644662857056,0.6118352055549622,-1.1019110798835754
1752068099.7336462,-0.04122644662857056,0.6118352055549622,-1.1019110798835754
1752068099.7360966,-0.044890858232975006,0.6331615090370178,-1.1518582224845886
1752068099.737973,-0.044890858232975006,0.6331615090370178,-1.1518582224845886
1752068099.7417824,-0.044890858232975006,0.6331615090370178,-1.1518582224845886
1752068099.7445238,-0.07724624872207642,0.6634025812149048,-1.3571013629436492
1752068099.746607,-0.07724624872207642,0.6634025812149048,-1.3571013629436492
1752068099.7486794,-0.07724624872207642,0.6634025812149048,-1.3571013629436492
1752068099.7521126,-0.07724624872207642,0.6634025812149048,-1.3571013629436492
1752068099.7528691,-0.07724624872207642,0.6634025812149048,-1.3571013629436492
1752068099.757408,0.00023430399596691132,0.6190899848937989,-1.6160777404904365
1752068099.7593865,0.00023430399596691132,0.6190899848937989,-1.6160777404904365
1752068099.7630339,0.00023430399596691132,0.6190899848937989,-1.6160777404904365
1752068099.7637916,0.00023430399596691132,0.6190899848937989,-1.6160777404904365
1752068099.7658954,0.00700007937848568,0.6230514585971832,-1.6831185843795538
1752068099.767951,0.00700007937848568,0.6230514585971832,-1.6831185843795538
1752068099.7700741,0.00700007937848568,0.6230514585971832,-1.6831185843795538
1752068099.7757266,0.00700007937848568,0.6230514585971832,-1.6831185843795538
1752068099.7777565,0.013346029445528984,0.6693016827106476,-1.7237460751086473
1752068099.7798438,0.013346029445528984,0.6693016827106476,-1.7237460751086473
1752068099.781945,0.013346029445528984,0.6693016827106476,-1.7237460751086473
1752068099.7842743,0.035098135471343994,0.6928601652383805,-1.7983343720436096
1752068099.7863653,0.035098135471343994,0.6928601652383805,-1.7983343720436096
1752068099.7895703,0.035098135471343994,0.6928601652383805,-1.7983343720436096
1752068099.793381,0.035098135471343994,0.6928601652383805,-1.7983343720436096
1752068099.794142,0.035098135471343994,0.6928601652383805,-1.7983343720436096
1752068099.7962556,0.049916401505470276,0.7242845237255097,-1.9442815601825714
1752068099.7983348,0.049916401505470276,0.7242845237255097,-1.9442815601825714
1752068099.8003848,0.049916401505470276,0.7242845237255097,-1.9442815601825714
1752068099.8027525,0.07635697722434998,0.7226749897003174,-2.032504451274872
1752068099.804949,0.07635697722434998,0.7226749897003174,-2.032504451274872
1752068099.8074799,0.07635697722434998,0.7226749897003174,-2.032504451274872
1752068099.8110385,0.07635697722434998,0.7226749897003174,-2.032504451274872
1752068099.8118093,0.07635697722434998,0.7226749897003174,-2.032504451274872
1752068099.8139067,0.06822176277637482,0.6885788828134537,-2.1260994493961336
1752068099.8159935,0.06822176277637482,0.6885788828134537,-2.1260994493961336
1752068099.8180876,0.06822176277637482,0.6885788828134537,-2.1260994493961336
1752068099.8238235,0.06822176277637482,0.6885788828134537,-2.1260994493961336
1752068099.8258832,0.07321761548519135,0.6576186507940293,-2.1979765713214876
1752068099.8279707,0.07321761548519135,0.6576186507940293,-2.1979765713214876
1752068099.8300455,0.07321761548519135,0.6576186507940293,-2.1979765713214876
1752068099.8323448,0.030214322730898857,0.5565859615802765,-2.3217900514602663
1752068099.8343778,0.030214322730898857,0.5565859615802765,-2.3217900514602663
1752068099.836455,0.030214322730898857,0.5565859615802765,-2.3217900514602663
1752068099.8420682,0.030214322730898857,0.5565859615802765,-2.3217900514602663
1752068099.842853,0.030214322730898857,0.5565859615802765,-2.3217900514602663
1752068099.8449957,0.00790981762111187,0.5159560680389405,-2.405889105796814
1752068099.8470418,0.00790981762111187,0.5159560680389405,-2.405889105796814
1752068099.8491416,0.00790981762111187,0.5159560680389405,-2.405889105796814
1752068099.8513336,0.0030570458620786667,0.4962725877761841,-2.5068225979804994
1752068099.8534524,0.0030570458620786667,0.4962725877761841,-2.5068225979804994
1752068099.857196,0.0030570458620786667,0.4962725877761841,-2.5068225979804994
1752068099.8603923,0.0030570458620786667,0.4962725877761841,-2.5068225979804994
1752068099.8611526,0.0030570458620786667,0.4962725877761841,-2.5068225979804994
1752068099.8632631,-0.044644176959991455,0.45937090516090395,-2.536483657360077
1752068099.8653448,-0.044644176959991455,0.45937090516090395,-2.536483657360077
1752068099.8673856,-0.044644176959991455,0.45937090516090395,-2.536483657360077
1752068099.8697798,-0.06453974545001984,0.48372128009796145,-2.6163193702697756
1752068099.8724773,-0.06453974545001984,0.48372128009796145,-2.6163193702697756
1752068099.8748548,-0.06453974545001984,0.48372128009796145,-2.6163193702697756
1752068099.877322,-0.06453974545001984,0.48372128009796145,-2.6163193702697756
1752068099.8794136,-0.12095001339912415,0.4735325813293457,-2.495380473136902
1752068099.8814626,-0.12095001339912415,0.4735325813293457,-2.495380473136902
1752068099.8835697,-0.12095001339912415,0.4735325813293457,-2.495380473136902
1752068099.886036,-0.12095001339912415,0.4735325813293457,-2.495380473136902
1752068099.8890038,-0.12095001339912415,0.4735325813293457,-2.495380473136902
1752068099.8922937,-0.12095001339912415,0.4735325813293457,-2.495380473136902
1752068099.894394,-0.18098017573356628,0.4796768069267273,-2.189578515291214
1752068099.8964024,-0.18098017573356628,0.4796768069267273,-2.189578515291214
1752068099.8987942,-0.247262641787529,0.4504829287528992,-2.0336011171340944
1752068099.9008846,-0.247262641787529,0.4504829287528992,-2.0336011171340944
1752068099.9029698,-0.247262641787529,0.4504829287528992,-2.0336011171340944
1752068099.908973,-0.247262641787529,0.4504829287528992,-2.0336011171340944
1752068099.9097786,-0.247262641787529,0.4504829287528992,-2.0336011171340944
1752068099.9118562,-0.2208389788866043,0.42808138728141787,-2.032012474536896
1752068099.9139454,-0.2208389788866043,0.42808138728141787,-2.032012474536896
1752068099.9160407,-0.2208389788866043,0.42808138728141787,-2.032012474536896
1752068099.9182634,-0.18588407337665558,0.4135377943515778,-1.922700923681259
1752068099.9227042,-0.18588407337665558,0.4135377943515778,-1.922700923681259
1752068099.9248903,-0.18588407337665558,0.4135377943515778,-1.922700923681259
1752068099.9284792,-0.18588407337665558,0.4135377943515778,-1.922700923681259
1752068099.929248,-0.18588407337665558,0.4135377943515778,-1.922700923681259
1752068099.9313784,-0.19086654484272003,0.39273043870925906,-1.8227375715970993
1752068099.9334366,-0.19086654484272003,0.39273043870925906,-1.8227375715970993
1752068099.9370253,-0.19086654484272003,0.39273043870925906,-1.8227375715970993
1752068099.938004,-0.19086654484272003,0.39273043870925906,-1.8227375715970993
1752068099.9426994,-0.19377195835113525,0.3926192164421082,-1.7304621253162622
1752068099.944734,-0.19377195835113525,0.3926192164421082,-1.7304621253162622
1752068099.9483998,-0.19377195835113525,0.3926192164421082,-1.7304621253162622
1752068099.949151,-0.19377195835113525,0.3926192164421082,-1.7304621253162622
1752068099.9512591,-0.19919615983963013,0.39219393730163576,-1.6421632960438728
1752068099.9534128,-0.19919615983963013,0.39219393730163576,-1.6421632960438728
1752068099.9574778,-0.19919615983963013,0.39219393730163576,-1.6421632960438728
1752068099.9603102,-0.19919615983963013,0.39219393730163576,-1.6421632960438728
1752068099.9623783,-0.17335809767246246,0.4071486234664917,-1.5514926880598068
1752068099.9644358,-0.17335809767246246,0.4071486234664917,-1.5514926880598068
1752068099.9678671,-0.17335809767246246,0.4071486234664917,-1.5514926880598068
1752068099.9686275,-0.17335809767246246,0.4071486234664917,-1.5514926880598068
1752068099.9718459,-0.1400754451751709,0.4159938931465149,-1.4590424418449401
1752068099.9738564,-0.1400754451751709,0.4159938931465149,-1.4590424418449401
1752068099.9759781,-0.1400754451751709,0.4159938931465149,-1.4590424418449401
1752068099.9785075,-0.11119534820318222,0.4533343255519867,-1.3693675518035888
1752068099.980595,-0.11119534820318222,0.4533343255519867,-1.3693675518035888
1752068099.982672,-0.11119534820318222,0.4533343255519867,-1.3693675518035888
1752068099.9861023,-0.11119534820318222,0.4533343255519867,-1.3693675518035888
1752068099.9868608,-0.11119534820318222,0.4533343255519867,-1.3693675518035888
1752068099.99136,-0.11119534820318222,0.4533343255519867,-1.3693675518035888
1752068099.9932506,-0.080111064016819,0.5074658632278443,-1.2820100605487823
1752068099.9965165,-0.080111064016819,0.5074658632278443,-1.2820100605487823
1752068099.9973545,-0.080111064016819,0.5074658632278443,-1.2820100605487823
1752068099.9999278,-0.061450935900211334,0.5570815443992615,-1.1527649283409118
1752068100.0020146,-0.061450935900211334,0.5570815443992615,-1.1527649283409118
1752068100.0053518,-0.061450935900211334,0.5570815443992615,-1.1527649283409118
1752068100.0091023,-0.061450935900211334,0.5570815443992615,-1.1527649283409118
1752068100.0111673,-0.028544070199131966,0.5859906613826752,-1.0618037104606628
1752068100.0132294,-0.028544070199131966,0.5859906613826752,-1.0618037104606628
1752068100.015324,-0.028544070199131966,0.5859906613826752,-1.0618037104606628
1752068100.0178719,-0.011651517823338509,0.5891089379787445,-0.981643271446228
1752068100.0217295,-0.011651517823338509,0.5891089379787445,-0.981643271446228
1752068100.0238752,-0.011651517823338509,0.5891089379787445,-0.981643271446228
1752068100.0276926,-0.011651517823338509,0.5891089379787445,-0.981643271446228
1752068100.0284739,-0.011651517823338509,0.5891089379787445,-0.981643271446228
1752068100.0305421,-0.0039026979357004166,0.5456503868103028,-0.9610687017440795
1752068100.032625,-0.0039026979357004166,0.5456503868103028,-0.9610687017440795
1752068100.034719,-0.0039026979357004166,0.5456503868103028,-0.9610687017440795
1752068100.037253,-0.0002733413130044937,0.5392199695110321,-1.028708827495575
1752068100.0404673,-0.0002733413130044937,0.5392199695110321,-1.028708827495575
1752068100.0425088,-0.0002733413130044937,0.5392199695110321,-1.028708827495575
1752068100.0453684,-0.0002733413130044937,0.5392199695110321,-1.028708827495575
1752068100.047242,-0.0002733413130044937,0.5392199695110321,-1.028708827495575
1752068100.0493212,0.041462622582912445,0.549365246295929,-1.1345479607582092
1752068100.0513778,0.041462622582912445,0.549365246295929,-1.1345479607582092
1752068100.0534658,0.041462622582912445,0.549365246295929,-1.1345479607582092
1752068100.0576153,0.041462622582912445,0.549365246295929,-1.1345479607582092
1752068100.0590162,0.011776870116591454,0.4844279229640961,-1.0606550097465515
1752068100.0610657,0.011776870116591454,0.4844279229640961,-1.0606550097465515
1752068100.0631557,0.011776870116591454,0.4844279229640961,-1.0606550097465515
1752068100.0667927,0.032581597566604614,0.463034325838089,-1.0442858457565307
1752068100.068873,0.032581597566604614,0.463034325838089,-1.0442858457565307
1752068100.0711007,0.032581597566604614,0.463034325838089,-1.0442858457565307
1752068100.0755012,0.032581597566604614,0.463034325838089,-1.0442858457565307
1752068100.0790446,0.025374477729201317,0.46909686326980593,-1.0557724952697753
1752068100.0811088,0.025374477729201317,0.46909686326980593,-1.0557724952697753
1752068100.0832016,0.025374477729201317,0.46909686326980593,-1.0557724952697753
1752068100.085298,0.025374477729201317,0.46909686326980593,-1.0557724952697753
1752068100.089275,0.025374477729201317,0.46909686326980593,-1.0557724952697753
1752068100.0914056,0.025374477729201317,0.46909686326980593,-1.0557724952697753
1752068100.0933976,-0.006467776373028755,0.4732226669788361,-1.0395718932151794
1752068100.0954497,-0.006467776373028755,0.4732226669788361,-1.0395718932151794
1752068100.0978541,-0.04163798689842224,0.45017691850662234,-1.0264038562774658
1752068100.099947,-0.04163798689842224,0.45017691850662234,-1.0264038562774658
1752068100.1020362,-0.04163798689842224,0.45017691850662234,-1.0264038562774658
1752068100.1064317,-0.04163798689842224,0.45017691850662234,-1.0264038562774658
1752068100.107279,-0.04163798689842224,0.45017691850662234,-1.0264038562774658
1752068100.1093638,-0.05881340056657791,0.46508475542068484,-1.0040843605995178
1752068100.111378,-0.05881340056657791,0.46508475542068484,-1.0040843605995178
1752068100.113447,-0.05881340056657791,0.46508475542068484,-1.0040843605995178
1752068100.1157248,-0.07394838333129883,0.4585753917694092,-1.0215957880020141
1752068100.1178174,-0.07394838333129883,0.4585753917694092,-1.0215957880020141
1752068100.119911,-0.07394838333129883,0.4585753917694092,-1.0215957880020141
1752068100.1258726,-0.07394838333129883,0.4585753917694092,-1.0215957880020141
1752068100.1266468,-0.07394838333129883,0.4585753917694092,-1.0215957880020141
1752068100.1291246,-0.07416552305221558,0.4361871719360352,-1.0199887871742248
1752068100.1312213,-0.07416552305221558,0.4361871719360352,-1.0199887871742248
1752068100.1333184,-0.07416552305221558,0.4361871719360352,-1.0199887871742248
1752068100.1355417,-0.06836512684822083,0.4551608800888062,-1.0402285575866699
1752068100.1376774,-0.06836512684822083,0.4551608800888062,-1.0402285575866699
1752068100.140573,-0.06836512684822083,0.4551608800888062,-1.0402285575866699
1752068100.1442285,-0.06836512684822083,0.4551608800888062,-1.0402285575866699
1752068100.1449869,-0.06836512684822083,0.4551608800888062,-1.0402285575866699
1752068100.147095,-0.050869762897491455,0.4601651668548584,-1.0379284739494323
1752068100.1491868,-0.050869762897491455,0.4601651668548584,-1.0379284739494323
1752068100.1512792,-0.050869762897491455,0.4601651668548584,-1.0379284739494323
1752068100.1536949,-0.04489924758672714,0.4701760053634644,-1.02587993144989
1752068100.1563945,-0.04489924758672714,0.4701760053634644,-1.02587993144989
1752068100.1584132,-0.04489924758672714,0.4701760053634644,-1.02587993144989
1752068100.1620977,-0.04489924758672714,0.4701760053634644,-1.02587993144989
1752068100.162855,-0.04489924758672714,0.4701760053634644,-1.02587993144989
1752068100.1649585,-0.05284704267978668,0.4686861574649811,-1.0240483403205871
1752068100.167046,-0.05284704267978668,0.4686861574649811,-1.0240483403205871
1752068100.169141,-0.05284704267978668,0.4686861574649811,-1.0240483403205871
1752068100.175146,-0.05284704267978668,0.4686861574649811,-1.0240483403205871
1752068100.1771562,-0.056130439043045044,0.41791545748710635,-1.0365497589111328
1752068100.1792474,-0.056130439043045044,0.41791545748710635,-1.0365497589111328
1752068100.1813412,-0.056130439043045044,0.41791545748710635,-1.0365497589111328
1752068100.183732,-0.08358479291200638,0.4359292030334473,-1.0701374530792236
1752068100.1858273,-0.08358479291200638,0.4359292030334473,-1.0701374530792236
1752068100.1895652,-0.08358479291200638,0.4359292030334473,-1.0701374530792236
1752068100.1931512,-0.08358479291200638,0.4359292030334473,-1.0701374530792236
1752068100.1939185,-0.08358479291200638,0.4359292030334473,-1.0701374530792236
1752068100.196016,-0.1018201932311058,0.5229366958141327,-1.062607181072235
1752068100.1981058,-0.1018201932311058,0.5229366958141327,-1.062607181072235
1752068100.2002056,-0.1018201932311058,0.5229366958141327,-1.062607181072235
1752068100.2023869,-0.08678968250751495,0.5536655426025391,-1.0685371279716491
1752068100.2059233,-0.08678968250751495,0.5536655426025391,-1.0685371279716491
1752068100.2079668,-0.08678968250751495,0.5536655426025391,-1.0685371279716491
1752068100.2116847,-0.08678968250751495,0.5536655426025391,-1.0685371279716491
1752068100.212444,-0.08678968250751495,0.5536655426025391,-1.0685371279716491
1752068100.2145202,-0.041633814573287964,0.521106892824173,-1.099342119693756
1752068100.2166038,-0.041633814573287964,0.521106892824173,-1.099342119693756
1752068100.2187154,-0.041633814573287964,0.521106892824173,-1.099342119693756
1752068100.224226,-0.041633814573287964,0.521106892824173,-1.099342119693756
1752068100.2261147,-0.025868559256196022,0.5279581785202027,-1.1102279543876648
1752068100.2282047,-0.025868559256196022,0.5279581785202027,-1.1102279543876648
1752068100.2303069,-0.025868559256196022,0.5279581785202027,-1.1102279543876648
1752068100.23318,-0.012174943462014198,0.5316094398498535,-1.101898205280304
1752068100.2352753,-0.012174943462014198,0.5316094398498535,-1.101898205280304
1752068100.2375493,-0.012174943462014198,0.5316094398498535,-1.101898205280304
1752068100.24275,-0.012174943462014198,0.5316094398498535,-1.101898205280304
1752068100.2437155,-0.012174943462014198,0.5316094398498535,-1.101898205280304
1752068100.2458274,-0.02573874033987522,0.5339257657527924,-1.101596426963806
1752068100.247914,-0.02573874033987522,0.5339257657527924,-1.101596426963806
1752068100.2500162,-0.02573874033987522,0.5339257657527924,-1.101596426963806
1752068100.2528846,-0.018914999440312386,0.5658791601657868,-1.107409131526947
1752068100.256923,-0.018914999440312386,0.5658791601657868,-1.107409131526947
1752068100.2589629,-0.018914999440312386,0.5658791601657868,-1.107409131526947
1752068100.2630403,-0.018914999440312386,0.5658791601657868,-1.107409131526947
1752068100.2639883,-0.018914999440312386,0.5658791601657868,-1.107409131526947
1752068100.2660923,-0.022040115669369698,0.5616713404655457,-1.1232866168022155
1752068100.2681851,-0.022040115669369698,0.5616713404655457,-1.1232866168022155
1752068100.2703898,-0.022040115669369698,0.5616713404655457,-1.1232866168022155
1752068100.275865,-0.022040115669369698,0.5616713404655457,-1.1232866168022155
1752068100.2778864,-0.02120806835591793,0.5908946037292481,-1.1114579558372497
1752068100.279973,-0.02120806835591793,0.5908946037292481,-1.1114579558372497
1752068100.2820723,-0.02120806835591793,0.5908946037292481,-1.1114579558372497
1752068100.2849734,-0.014075243845582008,0.6158918976783753,-1.094580066204071
1752068100.2871013,-0.014075243845582008,0.6158918976783753,-1.094580066204071
1752068100.2912238,-0.014075243845582008,0.6158918976783753,-1.094580066204071
1752068100.2951496,-0.014075243845582008,0.6158918976783753,-1.094580066204071
1752068100.2961013,-0.014075243845582008,0.6158918976783753,-1.094580066204071
1752068100.2982137,-0.04177346080541611,0.6347214221954346,-1.102642786502838
1752068100.300302,-0.04177346080541611,0.6347214221954346,-1.102642786502838
1752068100.3023975,-0.04177346080541611,0.6347214221954346,-1.102642786502838
1752068100.308219,-0.04177346080541611,0.6347214221954346,-1.102642786502838
1752068100.3102298,-0.052297741174697876,0.6543439120054245,-1.1176064133644104
1752068100.3123167,-0.052297741174697876,0.6543439120054245,-1.1176064133644104
1752068100.314419,-0.052297741174697876,0.6543439120054245,-1.1176064133644104
1752068100.3172886,-0.07579682767391205,0.682516747713089,-1.309338343143463
1752068100.3193774,-0.07579682767391205,0.682516747713089,-1.309338343143463
1752068100.3234363,-0.07579682767391205,0.682516747713089,-1.309338343143463
1752068100.3274148,-0.07579682767391205,0.682516747713089,-1.309338343143463
1752068100.3283691,-0.07579682767391205,0.682516747713089,-1.309338343143463
1752068100.3304257,0.003937197849154472,0.6115016281604767,-1.5722223341464996
1752068100.3324864,0.003937197849154472,0.6115016281604767,-1.5722223341464996
1752068100.3345468,0.003937197849154472,0.6115016281604767,-1.5722223341464996
1752068100.3374887,0.003937197849154472,0.6115016281604767,-1.5722223341464996
1752068100.3411207,0.01566707156598568,0.6165240645408631,-1.6769319538027048
1752068100.343151,0.01566707156598568,0.6165240645408631,-1.6769319538027048
1752068100.3472342,0.01566707156598568,0.6165240645408631,-1.6769319538027048
1752068100.3481843,0.01566707156598568,0.6165240645408631,-1.6769319538027048
1752068100.3502915,0.005864610895514488,0.6498270273208618,-1.6577142670750618
1752068100.3523278,0.005864610895514488,0.6498270273208618,-1.6577142670750618
1752068100.3544736,0.005864610895514488,0.6498270273208618,-1.6577142670750618
1752068100.3591163,0.005864610895514488,0.6498270273208618,-1.6577142670750618
1752068100.3611531,0.037521615624427795,0.7189940750598908,-1.8352096647024154
1752068100.3632498,0.037521615624427795,0.7189940750598908,-1.8352096647024154
1752068100.3653386,0.037521615624427795,0.7189940750598908,-1.8352096647024154
1752068100.3681405,0.06543644517660141,0.7049287497997284,-1.8474566012620925
1752068100.370256,0.06543644517660141,0.7049287497997284,-1.8474566012620925
1752068100.3736346,0.06543644517660141,0.7049287497997284,-1.8474566012620925
1752068100.377638,0.06543644517660141,0.7049287497997284,-1.8474566012620925
1752068100.3785954,0.06543644517660141,0.7049287497997284,-1.8474566012620925
1752068100.380701,0.08067195117473602,0.7289311826229096,-2.0564600944519045
1752068100.3827999,0.08067195117473602,0.7289311826229096,-2.0564600944519045
1752068100.3848803,0.08067195117473602,0.7289311826229096,-2.0564600944519045
1752068100.3878717,0.08067195117473602,0.7289311826229096,-2.0564600944519045
1752068100.391439,0.09039328247308731,0.7274723291397095,-2.098096114397049
1752068100.3934317,0.09039328247308731,0.7274723291397095,-2.098096114397049
1752068100.3974626,0.09039328247308731,0.7274723291397095,-2.098096114397049
1752068100.3984072,0.09039328247308731,0.7274723291397095,-2.098096114397049
1752068100.4004872,0.06836210191249847,0.6695555984973908,-2.255445730686188
1752068100.4025466,0.06836210191249847,0.6695555984973908,-2.255445730686188
1752068100.404707,0.06836210191249847,0.6695555984973908,-2.255445730686188
1752068100.4094372,0.06836210191249847,0.6695555984973908,-2.255445730686188
1752068100.4114258,0.04941004514694214,0.5920363605022431,-2.2988258719444277
1752068100.413486,0.04941004514694214,0.5920363605022431,-2.2988258719444277
1752068100.4155564,0.04941004514694214,0.5920363605022431,-2.2988258719444277
1752068100.4184127,0.040601298213005066,0.5431312561035156,-2.427515518665314
1752068100.4205225,0.040601298213005066,0.5431312561035156,-2.427515518665314
1752068100.4250665,0.040601298213005066,0.5431312561035156,-2.427515518665314
1752068100.4290354,0.040601298213005066,0.5431312561035156,-2.427515518665314
1752068100.429989,0.040601298213005066,0.5431312561035156,-2.427515518665314
1752068100.4320986,0.026597706601023674,0.5304126977920532,-2.522357475757599
1752068100.434188,0.026597706601023674,0.5304126977920532,-2.522357475757599
1752068100.4362936,0.026597706601023674,0.5304126977920532,-2.522357475757599
1752068100.439781,0.026597706601023674,0.5304126977920532,-2.522357475757599
1752068100.4415646,0.026597706601023674,0.5304126977920532,-2.522357475757599
1752068100.444222,-0.022946322336792946,0.4710783898830414,-2.5566387295722963
1752068100.4482343,-0.022946322336792946,0.4710783898830414,-2.5566387295722963
1752068100.4491582,-0.022946322336792946,0.4710783898830414,-2.5566387295722963
1752068100.4512792,-0.059846460819244385,0.46978681683540346,-2.623929333686829
1752068100.453376,-0.059846460819244385,0.46978681683540346,-2.623929333686829
1752068100.4571042,-0.059846460819244385,0.46978681683540346,-2.623929333686829
1752068100.4615371,-0.12262766063213348,0.44387059807777407,-2.465784502029419
1752068100.46337,-0.12262766063213348,0.44387059807777407,-2.465784502029419
1752068100.465429,-0.12262766063213348,0.44387059807777407,-2.465784502029419
1752068100.4674873,-0.12262766063213348,0.44387059807777407,-2.465784502029419
1752068100.4717221,-0.12262766063213348,0.44387059807777407,-2.465784502029419
1752068100.4756901,-0.14900825917720795,0.47720580697059634,-2.343989384174347
1752068100.4776995,-0.14900825917720795,0.47720580697059634,-2.343989384174347
1752068100.4816575,-0.14900825917720795,0.47720580697059634,-2.343989384174347
1752068100.4825807,-0.14900825917720795,0.47720580697059634,-2.343989384174347
1752068100.484687,-0.25086408853530884,0.4483900010585785,-2.0237795531749727
1752068100.4867764,-0.25086408853530884,0.4483900010585785,-2.0237795531749727
1752068100.4893503,-0.25086408853530884,0.4483900010585785,-2.0237795531749727
1752068100.4943352,-0.25086408853530884,0.4483900010585785,-2.0237795531749727
1752068100.4963899,-0.2532690763473511,0.3988268613815308,-2.0480554521083834
1752068100.498432,-0.2532690763473511,0.3988268613815308,-2.0480554521083834
1752068100.5004847,-0.2532690763473511,0.3988268613815308,-2.0480554521083834
1752068100.5035067,-0.2532690763473511,0.3988268613815308,-2.0480554521083834
1752068100.5061479,-0.18429073691368103,0.438223534822464,-1.9579389214515686
1752068100.50913,-0.18429073691368103,0.438223534822464,-1.9579389214515686
1752068100.513183,-0.18429073691368103,0.438223534822464,-1.9579389214515686
1752068100.5141354,-0.18429073691368103,0.438223534822464,-1.9579389214515686
1752068100.5163643,-0.18439099192619324,0.38903274536132815,-1.8344285309314727
1752068100.5184152,-0.18439099192619324,0.38903274536132815,-1.8344285309314727
1752068100.520855,-0.18439099192619324,0.38903274536132815,-1.8344285309314727
1752068100.5254261,-0.18439099192619324,0.38903274536132815,-1.8344285309314727
1752068100.5281963,-0.18439099192619324,0.38903274536132815,-1.8344285309314727
1752068100.5302231,-0.18687045574188232,0.3954417943954468,-1.7606255829334259
1752068100.5323172,-0.18687045574188232,0.3954417943954468,-1.7606255829334259
1752068100.5351667,-0.18056954443454742,0.39525547027587893,-1.6644426330924034
1752068100.5383096,-0.18056954443454742,0.39525547027587893,-1.6644426330924034
1752068100.5408425,-0.18056954443454742,0.39525547027587893,-1.6644426330924034
1752068100.5443494,-0.18056954443454742,0.39525547027587893,-1.6644426330924034
1752068100.5453148,-0.18056954443454742,0.39525547027587893,-1.6644426330924034
1752068100.5474205,-0.1680600494146347,0.3903194308280945,-1.577214878797531
1752068100.5494792,-0.1680600494146347,0.3903194308280945,-1.577214878797531
1752068100.5515413,-0.1680600494146347,0.3903194308280945,-1.577214878797531
1752068100.557431,-0.1680600494146347,0.3903194308280945,-1.577214878797531
1752068100.5601246,-0.13672026991844177,0.41105725765228274,-1.4975375354290008
1752068100.5621853,-0.13672026991844177,0.41105725765228274,-1.4975375354290008
1752068100.5642824,-0.13672026991844177,0.41105725765228274,-1.4975375354290008
1752068100.5670226,-0.13672026991844177,0.41105725765228274,-1.4975375354290008
1752068100.569112,-0.10092929005622864,0.45123460292816164,-1.3872576177120208
1752068100.5712552,-0.10092929005622864,0.45123460292816164,-1.3872576177120208
1752068100.573388,-0.10092929005622864,0.45123460292816164,-1.3872576177120208
1752068100.5774758,-0.10092929005622864,0.45123460292816164,-1.3872576177120208
1752068100.579511,-0.08695932477712631,0.503401929140091,-1.286567610502243
1752068100.5815616,-0.08695932477712631,0.503401929140091,-1.286567610502243
1752068100.5836473,-0.08695932477712631,0.503401929140091,-1.286567610502243
1752068100.58657,-0.04843543469905853,0.5539528667926789,-1.1775985479354858
1752068100.588681,-0.04843543469905853,0.5539528667926789,-1.1775985479354858
1752068100.5914598,-0.04843543469905853,0.5539528667926789,-1.1775985479354858
1752068100.5954235,-0.04843543469905853,0.5539528667926789,-1.1775985479354858
1752068100.5963707,-0.04843543469905853,0.5539528667926789,-1.1775985479354858
1752068100.5984302,-0.025750281289219856,0.5963267922401428,-1.0907654881477356
1752068100.600474,-0.025750281289219856,0.5963267922401428,-1.0907654881477356
1752068100.6026583,-0.025750281289219856,0.5963267922401428,-1.0907654881477356
1752068100.6068792,-0.025750281289219856,0.5963267922401428,-1.0907654881477356
1752068100.6105945,-0.017783844843506813,0.5974377036094666,-0.9814226746559143
1752068100.612516,-0.017783844843506813,0.5974377036094666,-0.9814226746559143
1752068100.6162934,-0.017783844843506813,0.5974377036094666,-0.9814226746559143
1752068100.6172397,-0.017783844843506813,0.5974377036094666,-0.9814226746559143
1752068100.6193163,0.0034069325774908066,0.5548397541046143,-0.9560794353485107
1752068100.6225383,0.0034069325774908066,0.5548397541046143,-0.9560794353485107
1752068100.6258197,0.0034069325774908066,0.5548397541046143,-0.9560794353485107
1752068100.628809,0.0034069325774908066,0.5548397541046143,-0.9560794353485107
1752068100.6309996,0.0620918795466423,0.6218543887138367,-1.1211671352386474
1752068100.6330853,0.0620918795466423,0.6218543887138367,-1.1211671352386474
1752068100.636046,0.0620918795466423,0.6218543887138367,-1.1211671352386474
1752068100.642339,0.0620918795466423,0.6218543887138367,-1.1211671352386474
1752068100.6433504,0.0620918795466423,0.6218543887138367,-1.1211671352386474
1752068100.645432,0.03174617141485214,0.5393216252326966,-1.0945369124412536
1752068100.6474965,0.03174617141485214,0.5393216252326966,-1.0945369124412536
1752068100.6503742,0.01964770443737507,0.47578527927398684,-1.0274928331375122
1752068100.6526833,0.01964770443737507,0.47578527927398684,-1.0274928331375122
1752068100.6550558,0.01964770443737507,0.47578527927398684,-1.0274928331375122
1752068100.660539,0.01964770443737507,0.47578527927398684,-1.0274928331375122
1752068100.6615267,0.01964770443737507,0.47578527927398684,-1.0274928331375122
1752068100.6636405,0.016579775139689445,0.47170167565345766,-1.046683382987976
1752068100.665704,0.016579775139689445,0.47170167565345766,-1.046683382987976
1752068100.6678076,0.016579775139689445,0.47170167565345766,-1.046683382987976
1752068100.6716602,0.016579775139689445,0.47170167565345766,-1.046683382987976
1752068100.675777,0.016579775139689445,0.47170167565345766,-1.046683382987976
1752068100.6778486,0.01085188053548336,0.46273508071899416,-1.036607575416565
1752068100.6799324,0.01085188053548336,0.46273508071899416,-1.036607575416565
1752068100.6826513,0.007393455132842064,0.4700206756591797,-1.0262895941734314
1752068100.684749,0.007393455132842064,0.4700206756591797,-1.0262895941734314
1752068100.6873643,0.007393455132842064,0.4700206756591797,-1.0262895941734314
1752068100.6898158,0.007393455132842064,0.4700206756591797,-1.0262895941734314
1752068100.692755,0.007393455132842064,0.4700206756591797,-1.0262895941734314
1752068100.6960201,0.007393455132842064,0.4700206756591797,-1.0262895941734314
1752068100.6980968,-0.024812282994389534,0.43129673004150393,-1.030021321773529
1752068100.700195,-0.024812282994389534,0.43129673004150393,-1.030021321773529
1752068100.7064054,-0.03288266807794571,0.4281020998954773,-1.0216921091079711
1752068100.7079382,-0.03288266807794571,0.4281020998954773,-1.0216921091079711
1752068100.709986,-0.03288266807794571,0.4281020998954773,-1.0216921091079711
1752068100.7140343,-0.03288266807794571,0.4281020998954773,-1.0216921091079711
1752068100.7149835,-0.03288266807794571,0.4281020998954773,-1.0216921091079711
1752068100.7170966,-0.05708110332489014,0.4326291620731354,-1.0540036678314209
1752068100.7193332,-0.05708110332489014,0.4326291620731354,-1.0540036678314209
1752068100.7221138,-0.05708110332489014,0.4326291620731354,-1.0540036678314209
1752068100.7265666,-0.05708110332489014,0.4326291620731354,-1.0540036678314209
1752068100.7286248,-0.06290823221206665,0.44121807217597964,-1.041160476207733
1752068100.7306728,-0.06290823221206665,0.44121807217597964,-1.041160476207733
1752068100.7327688,-0.06290823221206665,0.44121807217597964,-1.041160476207733
1752068100.7359393,-0.06131933629512787,0.44866844415664675,-1.047367763519287
1752068100.740629,-0.06131933629512787,0.44866844415664675,-1.047367763519287
1752068100.7418387,-0.06131933629512787,0.44866844415664675,-1.047367763519287
1752068100.7447557,-0.06131933629512787,0.44866844415664675,-1.047367763519287
1752068100.7469168,-0.06131933629512787,0.44866844415664675,-1.047367763519287
1752068100.7490134,-0.0589384064078331,0.48074894547462466,-1.0311527371406555
1752068100.7510927,-0.0589384064078331,0.48074894547462466,-1.0311527371406555
1752068100.7532558,-0.0589384064078331,0.48074894547462466,-1.0311527371406555
1752068100.757278,-0.0589384064078331,0.48074894547462466,-1.0311527371406555
1752068100.7631686,-0.0589384064078331,0.48074894547462466,-1.0311527371406555
1752068100.7651973,-0.05916754901409149,0.4755484402179718,-1.0298733234405517
1752068100.7681637,-0.05916754901409149,0.4755484402179718,-1.0298733234405517
1752068100.7714498,-0.05916754901409149,0.4755484402179718,-1.0298733234405517
1752068100.773709,-0.04940629005432129,0.42970519661903384,-1.0671699166297912
1752068100.7762265,-0.04940629005432129,0.42970519661903384,-1.0671699166297912
1752068100.780273,-0.04940629005432129,0.42970519661903384,-1.0671699166297912
1752068100.7812257,-0.04940629005432129,0.42970519661903384,-1.0671699166297912
1752068100.7833617,-0.05949340760707855,0.4439499020576477,-1.0715737462043762
1752068100.7854083,-0.05949340760707855,0.4439499020576477,-1.0715737462043762
1752068100.790005,-0.05949340760707855,0.4439499020576477,-1.0715737462043762
1752068100.7926352,-0.05949340760707855,0.4439499020576477,-1.0715737462043762
1752068100.7960582,-0.08847109973430634,0.5450302004814148,-1.0606507778167724
1752068100.7981675,-0.08847109973430634,0.5450302004814148,-1.0606507778167724
1752068100.8018413,-0.08847109973430634,0.5450302004814148,-1.0606507778167724
1752068100.802762,-0.08847109973430634,0.5450302004814148,-1.0606507778167724
1752068100.8069062,-0.06988516449928284,0.5084492206573487,-1.0656416535377502
1752068100.8094692,-0.06988516449928284,0.5084492206573487,-1.0656416535377502
1752068100.8134656,-0.06988516449928284,0.5084492206573487,-1.0656416535377502
1752068100.81441,-0.06988516449928284,0.5084492206573487,-1.0656416535377502
1752068100.8164845,-0.02861695922911167,0.5147320866584778,-1.0937538266181945
1752068100.8185437,-0.02861695922911167,0.5147320866584778,-1.0937538266181945
1752068100.8214548,-0.02861695922911167,0.5147320866584778,-1.0937538266181945
1752068100.8264537,-0.02861695922911167,0.5147320866584778,-1.0937538266181945
1752068100.8284936,-0.02861695922911167,0.5147320866584778,-1.0937538266181945
1752068100.8306663,-0.023890601471066475,0.5300346851348877,-1.1112903475761413
1752068100.8334296,-0.023890601471066475,0.5300346851348877,-1.1112903475761413
1752068100.835853,-0.008733818307518959,0.5432628035545349,-1.122246515750885
1752068100.8398194,-0.008733818307518959,0.5432628035545349,-1.122246515750885
1752068100.8418546,-0.008733818307518959,0.5432628035545349,-1.122246515750885
1752068100.843992,-0.008733818307518959,0.5432628035545349,-1.122246515750885
1752068100.8469722,-0.008733818307518959,0.5432628035545349,-1.122246515750885
1752068100.8490608,-0.00512542761862278,0.5253654956817627,-1.124076497554779
1752068100.8511503,-0.00512542761862278,0.5253654956817627,-1.124076497554779
1752068100.8532789,-0.00512542761862278,0.5253654956817627,-1.124076497554779
1752068100.860245,-0.00512542761862278,0.5253654956817627,-1.124076497554779
1752068100.8612335,-0.00512542761862278,0.5253654956817627,-1.124076497554779
1752068100.8633177,-0.00494193471968174,0.5485799551010132,-1.1163091778755188
1752068100.8654115,-0.00494193471968174,0.5485799551010132,-1.1163091778755188
1752068100.868115,-0.012375393882393837,0.5545628011226654,-1.1256305694580078
1752068100.870225,-0.012375393882393837,0.5545628011226654,-1.1256305694580078
1752068100.8725204,-0.012375393882393837,0.5545628011226654,-1.1256305694580078
1752068100.8753707,-0.012375393882393837,0.5545628011226654,-1.1256305694580078
1752068100.8778577,-0.012375393882393837,0.5545628011226654,-1.1256305694580078
1752068100.8799489,-0.003480607643723488,0.6016150057315827,-1.116863977909088
1752068100.8820314,-0.003480607643723488,0.6016150057315827,-1.116863977909088
1752068100.884129,-0.003480607643723488,0.6016150057315827,-1.116863977909088
1752068100.888147,-0.003480607643723488,0.6016150057315827,-1.116863977909088
1752068100.891732,-0.00641624815762043,0.6043092846870423,-1.1227960109710693
1752068100.8937721,-0.00641624815762043,0.6043092846870423,-1.1227960109710693
1752068100.895866,-0.00641624815762043,0.6043092846870423,-1.1227960109710693
1752068100.8987358,-0.03381669521331787,0.6227445840835572,-1.137173843383789
1752068100.9008331,-0.03381669521331787,0.6227445840835572,-1.137173843383789
1752068100.9028995,-0.03381669521331787,0.6227445840835572,-1.137173843383789
1752068100.9062119,-0.03381669521331787,0.6227445840835572,-1.137173843383789
1752068100.9103076,-0.03381669521331787,0.6227445840835572,-1.137173843383789
1752068100.9123745,-0.04632487893104553,0.6545726895332337,-1.1194738864898681
1752068100.9144833,-0.04632487893104553,0.6545726895332337,-1.1194738864898681
1752068100.916498,-0.04632487893104553,0.6545726895332337,-1.1194738864898681
1752068100.9212146,-0.04632487893104553,0.6545726895332337,-1.1194738864898681
1752068100.9257298,-0.04632487893104553,0.6545726895332337,-1.1194738864898681
1752068100.9267156,-0.06213867664337158,0.685530298948288,-1.379038256406784
1752068100.9308627,-0.06213867664337158,0.685530298948288,-1.379038256406784
1752068100.9317796,-0.06213867664337158,0.685530298948288,-1.379038256406784
1752068100.9338918,0.005513770505785942,0.618766450881958,-1.5729204833507537
1752068100.9359543,0.005513770505785942,0.618766450881958,-1.5729204833507537
1752068100.9383457,0.005513770505785942,0.618766450881958,-1.5729204833507537
1752068100.9442801,0.005513770505785942,0.618766450881958,-1.5729204833507537
1752068100.9469552,0.02784745953977108,0.659223997592926,-1.7335509404540062
1752068100.949027,0.02784745953977108,0.659223997592926,-1.7335509404540062
1752068100.9511302,0.02784745953977108,0.659223997592926,-1.7335509404540062
1752068100.9555612,0.02784745953977108,0.659223997592926,-1.7335509404540062
1752068100.9594529,-0.020323121920228004,0.6504138052463532,-1.600990828871727
1752068100.9614446,-0.020323121920228004,0.6504138052463532,-1.600990828871727
1752068100.9654446,-0.020323121920228004,0.6504138052463532,-1.600990828871727
1752068100.9664638,-0.020323121920228004,0.6504138052463532,-1.600990828871727
1752068100.9685385,0.029479635879397392,0.706466817855835,-1.892547470331192
1752068100.9710665,0.029479635879397392,0.706466817855835,-1.892547470331192
1752068100.9738014,0.029479635879397392,0.706466817855835,-1.892547470331192
1752068100.9768598,0.029479635879397392,0.706466817855835,-1.892547470331192
1752068100.9789379,0.057111114263534546,0.6742613703012467,-1.7086714643985033
1752068100.9810297,0.057111114263534546,0.6742613703012467,-1.7086714643985033
1752068100.9830992,0.057111114263534546,0.6742613703012467,-1.7086714643985033
1752068100.9861684,0.0746946707367897,0.6940297722816468,-2.0678540885448458
1752068100.9883692,0.0746946707367897,0.6940297722816468,-2.0678540885448458
1752068100.990962,0.0746946707367897,0.6940297722816468,-2.0678540885448458
1752068100.99495,0.0746946707367897,0.6940297722816468,-2.0678540885448458
1752068100.9958973,0.0746946707367897,0.6940297722816468,-2.0678540885448458
1752068100.998021,0.11140711605548859,0.7203979134559632,-2.005032342672348
1752068101.0001087,0.11140711605548859,0.7203979134559632,-2.005032342672348
1752068101.002553,0.11140711605548859,0.7203979134559632,-2.005032342672348
1752068101.005424,0.11140711605548859,0.7203979134559632,-2.005032342672348
1752068101.0092835,0.054639384150505066,0.6017907798290253,-2.214460623264313
1752068101.011221,0.054639384150505066,0.6017907798290253,-2.214460623264313
1752068101.0133073,0.054639384150505066,0.6017907798290253,-2.214460623264313
1752068101.0173328,0.08016796410083771,0.6386618554592133,-2.31002391576767
1752068101.0194473,0.08016796410083771,0.6386618554592133,-2.31002391576767
1752068101.0217218,0.08016796410083771,0.6386618554592133,-2.31002391576767
1752068101.0239131,0.08016796410083771,0.6386618554592133,-2.31002391576767
1752068101.0271997,0.05217909812927246,0.5289604902267456,-2.372131359577179
1752068101.0293076,0.05217909812927246,0.5289604902267456,-2.372131359577179
1752068101.0313866,0.05217909812927246,0.5289604902267456,-2.372131359577179
1752068101.0350342,0.05217909812927246,0.5289604902267456,-2.372131359577179
1752068101.035955,0.05217909812927246,0.5289604902267456,-2.372131359577179
1752068101.038851,0.05029396712779999,0.5252468824386597,-2.4922160029411318
1752068101.0410728,0.05029396712779999,0.5252468824386597,-2.4922160029411318
1752068101.0455852,0.05029396712779999,0.5252468824386597,-2.4922160029411318
1752068101.0465171,0.05029396712779999,0.5252468824386597,-2.4922160029411318
1752068101.0507102,0.01745585910975933,0.49929996728897097,-2.573428225517273
1752068101.05373,0.01745585910975933,0.49929996728897097,-2.573428225517273
1752068101.056579,0.01745585910975933,0.49929996728897097,-2.573428225517273
1752068101.0594602,0.01745585910975933,0.49929996728897097,-2.573428225517273
1752068101.0615232,-0.04834975302219391,0.45633172392845156,-2.586654615402222
1752068101.0635872,-0.04834975302219391,0.45633172392845156,-2.586654615402222
1752068101.0656674,-0.04834975302219391,0.45633172392845156,-2.586654615402222
1752068101.0682642,-0.09843003749847412,0.4450912117958069,-2.4687907814979555
1752068101.0709057,-0.09843003749847412,0.4450912117958069,-2.4687907814979555
1752068101.072714,-0.09843003749847412,0.4450912117958069,-2.4687907814979555
1752068101.0794256,-0.09843003749847412,0.4450912117958069,-2.4687907814979555
1752068101.0803835,-0.09843003749847412,0.4450912117958069,-2.4687907814979555
1752068101.082419,-0.14279904961585999,0.4789839327335358,-2.2988841056823732
1752068101.0844738,-0.14279904961585999,0.4789839327335358,-2.2988841056823732
1752068101.0865486,-0.14279904961585999,0.4789839327335358,-2.2988841056823732
1752068101.09106,-0.14279904961585999,0.4789839327335358,-2.2988841056823732
1752068101.0949845,-0.14279904961585999,0.4789839327335358,-2.2988841056823732
1752068101.097023,-0.2261049449443817,0.4714211463928223,-2.050959986448288
1752068101.099138,-0.2261049449443817,0.4714211463928223,-2.050959986448288
1752068101.101989,-0.22994394600391388,0.4349948108196259,-2.046598118543625
1752068101.1047413,-0.22994394600391388,0.4349948108196259,-2.046598118543625
1752068101.107523,-0.22994394600391388,0.4349948108196259,-2.046598118543625
1752068101.1103659,-0.22994394600391388,0.4349948108196259,-2.046598118543625
1752068101.1129186,-0.22994394600391388,0.4349948108196259,-2.046598118543625
1752068101.1150165,-0.18079888820648193,0.437954717874527,-1.9496676743030548
1752068101.117093,-0.18079888820648193,0.437954717874527,-1.9496676743030548
1752068101.1192906,-0.18079888820648193,0.437954717874527,-1.9496676743030548
1752068101.1258595,-0.18079888820648193,0.437954717874527,-1.9496676743030548
1752068101.1268215,-0.18079888820648193,0.437954717874527,-1.9496676743030548
1752068101.1288996,-0.1820751279592514,0.3888095855712891,-1.8356588006019592
1752068101.130996,-0.1820751279592514,0.3888095855712891,-1.8356588006019592
1752068101.1338294,-0.1820751279592514,0.3888095855712891,-1.8356588006019592
1752068101.1359167,-0.16755501925945282,0.3933368563652039,-1.7712695121765136
1752068101.1380718,-0.16755501925945282,0.3933368563652039,-1.7712695121765136
1752068101.140288,-0.16755501925945282,0.3933368563652039,-1.7712695121765136
1752068101.1433272,-0.16755501925945282,0.3933368563652039,-1.7712695121765136
1752068101.145406,-0.15538884699344635,0.4181674361228943,-1.703110034391284
1752068101.1474128,-0.15538884699344635,0.4181674361228943,-1.703110034391284
1752068101.149483,-0.15538884699344635,0.4181674361228943,-1.703110034391284
1752068101.1522007,-0.15538884699344635,0.4181674361228943,-1.703110034391284
1752068101.154328,-0.149484321475029,0.390182101726532,-1.5970365673303604
1752068101.1574693,-0.149484321475029,0.390182101726532,-1.5970365673303604
1752068101.1594262,-0.149484321475029,0.390182101726532,-1.5970365673303604
1752068101.162438,-0.11918258666992188,0.4173383355140686,-1.515022736787796
1752068101.1644971,-0.11918258666992188,0.4173383355140686,-1.515022736787796
1752068101.1665485,-0.11918258666992188,0.4173383355140686,-1.515022736787796
1752068101.168646,-0.11918258666992188,0.4173383355140686,-1.515022736787796
1752068101.1722934,-0.11918258666992188,0.4173383355140686,-1.515022736787796
1752068101.175218,-0.0970269963145256,0.44700043797492983,-1.4051633894443512
1752068101.1772583,-0.0970269963145256,0.44700043797492983,-1.4051633894443512
1752068101.181224,-0.0970269963145256,0.44700043797492983,-1.4051633894443512
1752068101.182143,-0.0970269963145256,0.44700043797492983,-1.4051633894443512
1752068101.1842575,-0.074668288230896,0.488593065738678,-1.3115365922451019
1752068101.1863449,-0.074668288230896,0.488593065738678,-1.3115365922451019
1752068101.189481,-0.074668288230896,0.488593065738678,-1.3115365922451019
1752068101.192728,-0.074668288230896,0.488593065738678,-1.3115365922451019
1752068101.1952193,-0.06142808496952057,0.5495645344257355,-1.1857833385467529
1752068101.1979373,-0.06142808496952057,0.5495645344257355,-1.1857833385467529
1752068101.200599,-0.06142808496952057,0.5495645344257355,-1.1857833385467529
1752068101.2102516,-0.06142808496952057,0.5495645344257355,-1.1857833385467529
1752068101.2141337,-0.06142808496952057,0.5495645344257355,-1.1857833385467529
1752068101.2163887,-0.02513524331152439,0.5939637064933777,-1.0610482811927795
1752068101.221536,-0.02513524331152439,0.5939637064933777,-1.0610482811927795
1752068101.223508,-0.02513524331152439,0.5939637064933777,-1.0610482811927795
1752068101.2296104,0.00408334843814373,0.5919112205505371,-0.9727227210998535
1752068101.2315392,0.00408334843814373,0.5919112205505371,-0.9727227210998535
1752068101.2379704,0.00408334843814373,0.5919112205505371,-0.9727227210998535
1752068101.2399285,0.00408334843814373,0.5919112205505371,-0.9727227210998535
1752068101.2438786,0.00408334843814373,0.5919112205505371,-0.9727227210998535
1752068101.245529,0.03151281177997589,0.5668162345886231,-0.9924059033393859
1752068101.250621,0.03151281177997589,0.5668162345886231,-0.9924059033393859
1752068101.2521222,0.03151281177997589,0.5668162345886231,-0.9924059033393859
1752068101.2568293,0.051264792680740356,0.535968029499054,-1.080153715610504
1752068101.2585256,0.051264792680740356,0.535968029499054,-1.080153715610504
1752068101.260605,0.051264792680740356,0.535968029499054,-1.080153715610504
1752068101.2649012,0.051264792680740356,0.535968029499054,-1.080153715610504
1752068101.2670016,0.06051447242498398,0.45229911208152773,-1.0407137989997863
1752068101.2690947,0.06051447242498398,0.45229911208152773,-1.0407137989997863
1752068101.2712348,0.06051447242498398,0.45229911208152773,-1.0407137989997863
1752068101.2770271,0.06051447242498398,0.45229911208152773,-1.0407137989997863
1752068101.279073,0.05710064619779587,0.4565181374549866,-1.0349236845970153
1752068101.2811532,0.05710064619779587,0.4565181374549866,-1.0349236845970153
1752068101.2832658,0.05710064619779587,0.4565181374549866,-1.0349236845970153
1752068101.287086,0.05710064619779587,0.4565181374549866,-1.0349236845970153
1752068101.2911267,0.049601152539253235,0.4448894500732422,-1.0449479341506958
1752068101.2931736,0.049601152539253235,0.4448894500732422,-1.0449479341506958
1752068101.29758,0.049601152539253235,0.4448894500732422,-1.0449479341506958
1752068101.2987561,0.049601152539253235,0.4448894500732422,-1.0449479341506958
1752068101.3008745,-0.004403533414006233,0.4521368980407715,-1.0267911076545715
1752068101.3029656,-0.004403533414006233,0.4521368980407715,-1.0267911076545715
1752068101.305095,-0.004403533414006233,0.4521368980407715,-1.0267911076545715
1752068101.3101842,-0.004403533414006233,0.4521368980407715,-1.0267911076545715
1752068101.312232,-0.02575189806520939,0.4737375617027283,-1.0116555213928222
1752068101.3143258,-0.02575189806520939,0.4737375617027283,-1.0116555213928222
1752068101.316418,-0.02575189806520939,0.4737375617027283,-1.0116555213928222
1752068101.3196266,-0.02575189806520939,0.4737375617027283,-1.0116555213928222
1752068101.3240337,-0.02575189806520939,0.4737375617027283,-1.0116555213928222
1752068101.3256228,-0.04198676347732544,0.46120026111602785,-1.0001720905303955
1752068101.329778,-0.04198676347732544,0.46120026111602785,-1.0001720905303955
1752068101.330844,-0.04198676347732544,0.46120026111602785,-1.0001720905303955
1752068101.3329608,-0.05144780874252319,0.4423376262187958,-1.0104205131530761
1752068101.3350513,-0.05144780874252319,0.4423376262187958,-1.0104205131530761
1752068101.3377326,-0.05144780874252319,0.4423376262187958,-1.0104205131530761
1752068101.3426328,-0.05144780874252319,0.4423376262187958,-1.0104205131530761
1752068101.3446708,-0.051083505153656006,0.45120718479156496,-1.0275337815284729
1752068101.3467546,-0.051083505153656006,0.45120718479156496,-1.0275337815284729
1752068101.348857,-0.051083505153656006,0.45120718479156496,-1.0275337815284729
1752068101.351906,-0.051083505153656006,0.45120718479156496,-1.0275337815284729
1752068101.35458,-0.050676800310611725,0.4562413334846497,-1.0385575413703918
1752068101.3575127,-0.050676800310611725,0.4562413334846497,-1.0385575413703918
1752068101.3615181,-0.050676800310611725,0.4562413334846497,-1.0385575413703918
1752068101.3625264,-0.050676800310611725,0.4562413334846497,-1.0385575413703918
1752068101.3646038,-0.03721898794174194,0.4522596836090088,-1.0366149067878723
1752068101.3666883,-0.03721898794174194,0.4522596836090088,-1.0366149067878723
1752068101.3687856,-0.03721898794174194,0.4522596836090088,-1.0366149067878723
1752068101.3750308,-0.03721898794174194,0.4522596836090088,-1.0366149067878723
1752068101.3769717,-0.04268231242895126,0.4673586130142212,-1.0273754715919494
1752068101.3790421,-0.04268231242895126,0.4673586130142212,-1.0273754715919494
1752068101.3811476,-0.04268231242895126,0.4673586130142212,-1.0273754715919494
1752068101.3841264,-0.05883718281984329,0.45582728981971743,-1.0274349570274353
1752068101.3862317,-0.05883718281984329,0.45582728981971743,-1.0274349570274353
1752068101.3884299,-0.05883718281984329,0.45582728981971743,-1.0274349570274353
1752068101.390565,-0.05883718281984329,0.45582728981971743,-1.0274349570274353
1752068101.3927379,-0.05883718281984329,0.45582728981971743,-1.0274349570274353
1752068101.3949397,-0.05069231241941452,0.41264801621437075,-1.0574485778808593
1752068101.3970387,-0.05069231241941452,0.41264801621437075,-1.0574485778808593
1752068101.4008417,-0.05069231241941452,0.41264801621437075,-1.0574485778808593
1752068101.4017882,-0.05069231241941452,0.41264801621437075,-1.0574485778808593
1752068101.403925,-0.07867223024368286,0.4507633686065674,-1.0756216764450073
1752068101.407561,-0.07867223024368286,0.4507633686065674,-1.0756216764450073
1752068101.4094439,-0.07867223024368286,0.4507633686065674,-1.0756216764450073
1752068101.41246,-0.08384791016578674,0.5505693793296814,-1.0565357327461242
1752068101.4145253,-0.08384791016578674,0.5505693793296814,-1.0565357327461242
1752068101.4165866,-0.08384791016578674,0.5505693793296814,-1.0565357327461242
1752068101.4186778,-0.08384791016578674,0.5505693793296814,-1.0565357327461242
1752068101.4225936,-0.08384791016578674,0.5505693793296814,-1.0565357327461242
1752068101.4252605,-0.06923816353082657,0.5302801072597504,-1.0778733611106872
1752068101.4273124,-0.06923816353082657,0.5302801072597504,-1.0778733611106872
1752068101.4294112,-0.06923816353082657,0.5302801072597504,-1.0778733611106872
1752068101.4323633,-0.017291205003857613,0.5191655993461609,-1.1030831456184387
1752068101.4344184,-0.017291205003857613,0.5191655993461609,-1.1030831456184387
1752068101.4365041,-0.017291205003857613,0.5191655993461609,-1.1030831456184387
1752068101.4401598,-0.017291205003857613,0.5191655993461609,-1.1030831456184387
1752068101.443088,-0.017291205003857613,0.5191655993461609,-1.1030831456184387
1752068101.4451745,-0.003960328176617622,0.5356454193592072,-1.1044463634490966
1752068101.4472697,-0.003960328176617622,0.5356454193592072,-1.1044463634490966
1752068101.4493606,-0.003960328176617622,0.5356454193592072,-1.1044463634490966
1752068101.451962,0.012542461976408958,0.5215167939662934,-1.0950684070587158
1752068101.4541497,0.012542461976408958,0.5215167939662934,-1.0950684070587158
1752068101.4573865,0.012542461976408958,0.5215167939662934,-1.0950684070587158
1752068101.461239,0.012542461976408958,0.5215167939662934,-1.0950684070587158
1752068101.4621625,0.012542461976408958,0.5215167939662934,-1.0950684070587158
1752068101.4642823,0.003010263666510582,0.5301724314689636,-1.1066013693809509
1752068101.466368,0.003010263666510582,0.5301724314689636,-1.1066013693809509
1752068101.468424,0.003010263666510582,0.5301724314689636,-1.1066013693809509
1752068101.4719877,0.003010263666510582,0.5301724314689636,-1.1066013693809509
1752068101.4749029,0.007438173517584801,0.55288645029068,-1.1063133001327514
1752068101.476933,0.007438173517584801,0.55288645029068,-1.1063133001327514
1752068101.4809332,0.007438173517584801,0.55288645029068,-1.1063133001327514
1752068101.481858,0.007438173517584801,0.55288645029068,-1.1063133001327514
1752068101.4839604,-0.0019018221646547318,0.5633704602718353,-1.106556248664856
1752068101.4860942,-0.0019018221646547318,0.5633704602718353,-1.106556248664856
1752068101.489892,-0.0019018221646547318,0.5633704602718353,-1.106556248664856
1752068101.4928496,-0.0019018221646547318,0.5633704602718353,-1.106556248664856
1752068101.4949284,0.0013535600155591965,0.5676328480243683,-1.0972167372703552
1752068101.497018,0.0013535600155591965,0.5676328480243683,-1.0972167372703552
1752068101.4991157,0.0013535600155591965,0.5676328480243683,-1.0972167372703552
1752068101.5017335,-0.0019532013684511185,0.6188900113105774,-1.1107273817062377
1752068101.5038676,-0.0019532013684511185,0.6188900113105774,-1.1107273817062377
1752068101.5060217,-0.0019532013684511185,0.6188900113105774,-1.1107273817062377
1752068101.510382,-0.0019532013684511185,0.6188900113105774,-1.1107273817062377
1752068101.5113153,-0.0019532013684511185,0.6188900113105774,-1.1107273817062377
1752068101.5134177,-0.023685576394200325,0.6562746703624726,-1.1123001098632812
1752068101.5154734,-0.023685576394200325,0.6562746703624726,-1.1123001098632812
1752068101.5175455,-0.023685576394200325,0.6562746703624726,-1.1123001098632812
1752068101.520928,-0.023685576394200325,0.6562746703624726,-1.1123001098632812
1752068101.5238311,-0.033608920872211456,0.6548958063125611,-1.135197651386261
1752068101.525837,-0.033608920872211456,0.6548958063125611,-1.135197651386261
1752068101.5298524,-0.033608920872211456,0.6548958063125611,-1.135197651386261
1752068101.5307753,-0.033608920872211456,0.6548958063125611,-1.135197651386261
1752068101.53288,-0.06745877861976624,0.6919858247041702,-1.3123095452785491
1752068101.5349681,-0.06745877861976624,0.6919858247041702,-1.3123095452785491
1752068101.5371165,-0.06745877861976624,0.6919858247041702,-1.3123095452785491
1752068101.5421593,-0.06745877861976624,0.6919858247041702,-1.3123095452785491
1752068101.5442069,-0.003769548609852791,0.6331429421901703,-1.5576834201812744
1752068101.5463386,-0.003769548609852791,0.6331429421901703,-1.5576834201812744
1752068101.5483978,-0.003769548609852791,0.6331429421901703,-1.5576834201812744
1752068101.5511885,0.034036532044410706,0.6238629162311554,-1.6951864276081323
1752068101.5533636,0.034036532044410706,0.6238629162311554,-1.6951864276081323
1752068101.5569935,0.034036532044410706,0.6238629162311554,-1.6951864276081323
1752068101.5605724,0.034036532044410706,0.6238629162311554,-1.6951864276081323
1752068101.5615048,0.034036532044410706,0.6238629162311554,-1.6951864276081323
1752068101.56429,0.025917915627360344,0.677407705783844,-1.7607868507504463
1752068101.5663686,0.025917915627360344,0.677407705783844,-1.7607868507504463
1752068101.5700576,0.025917915627360344,0.677407705783844,-1.7607868507504463
1752068101.5709794,0.025917915627360344,0.677407705783844,-1.7607868507504463
1752068101.5757143,0.025917915627360344,0.677407705783844,-1.7607868507504463
1752068101.5792935,0.04017450660467148,0.7265522867441178,-1.8969084441661834
1752068101.5813518,0.04017450660467148,0.7265522867441178,-1.8969084441661834
1752068101.5842698,0.08579504489898682,0.7482705801725388,-1.994011265039444
1752068101.5863688,0.08579504489898682,0.7482705801725388,-1.994011265039444
1752068101.5895135,0.08579504489898682,0.7482705801725388,-1.994011265039444
1752068101.594584,0.08579504489898682,0.7482705801725388,-1.994011265039444
1752068101.5955167,0.08579504489898682,0.7482705801725388,-1.994011265039444
1752068101.597632,0.07419274747371674,0.7502945750951767,-2.108165454864502
1752068101.5997095,0.07419274747371674,0.7502945750951767,-2.108165454864502
1752068101.601807,0.07419274747371674,0.7502945750951767,-2.108165454864502
1752068101.607778,0.07419274747371674,0.7502945750951767,-2.108165454864502
1752068101.610004,0.06293945014476776,0.7030945956707001,-2.222404193878174
1752068101.612067,0.06293945014476776,0.7030945956707001,-2.222404193878174
1752068101.6159124,0.06293945014476776,0.7030945956707001,-2.222404193878174
1752068101.6168365,0.06293945014476776,0.7030945956707001,-2.222404193878174
1752068101.6192966,0.03961348533630371,0.6272959351539612,-2.3071391105651857
1752068101.621567,0.03961348533630371,0.6272959351539612,-2.3071391105651857
1752068101.6252694,0.03961348533630371,0.6272959351539612,-2.3071391105651857
1752068101.6281528,0.03961348533630371,0.6272959351539612,-2.3071391105651857
1752068101.6302555,0.023424355313181877,0.5737173795700073,-2.4260014414787294
1752068101.632335,0.023424355313181877,0.5737173795700073,-2.4260014414787294
1752068101.634424,0.023424355313181877,0.5737173795700073,-2.4260014414787294
1752068101.641583,0.023424355313181877,0.5737173795700073,-2.4260014414787294
1752068101.643613,-0.0023116711527109146,0.518305504322052,-2.4803000807762148
1752068101.6457028,-0.0023116711527109146,0.518305504322052,-2.4803000807762148
1752068101.6477966,-0.0023116711527109146,0.518305504322052,-2.4803000807762148
1752068101.650577,-0.034236811101436615,0.5048543751239777,-2.6022340774536135
1752068101.6526446,-0.034236811101436615,0.5048543751239777,-2.6022340774536135
1752068101.6564424,-0.034236811101436615,0.5048543751239777,-2.6022340774536135
1752068101.6608055,-0.034236811101436615,0.5048543751239777,-2.6022340774536135
1752068101.661749,-0.034236811101436615,0.5048543751239777,-2.6022340774536135
1752068101.6638622,-0.08436807245016098,0.4993069410324097,-2.587245833873749
1752068101.6659443,-0.08436807245016098,0.4993069410324097,-2.587245833873749
1752068101.6680417,-0.08436807245016098,0.4993069410324097,-2.587245833873749
1752068101.6753817,-0.08436807245016098,0.4993069410324097,-2.587245833873749
1752068101.6774006,-0.12577593326568604,0.4837363600730896,-2.534630608558655
1752068101.6794162,-0.12577593326568604,0.4837363600730896,-2.534630608558655
1752068101.68149,-0.12577593326568604,0.4837363600730896,-2.534630608558655
1752068101.6842895,-0.1924600750207901,0.5011107563972473,-2.194815140962601
1752068101.686383,-0.1924600750207901,0.5011107563972473,-2.194815140962601
1752068101.688473,-0.1924600750207901,0.5011107563972473,-2.194815140962601
1752068101.6926022,-0.1924600750207901,0.5011107563972473,-2.194815140962601
1752068101.6952288,-0.1924600750207901,0.5011107563972473,-2.194815140962601
1752068101.6973133,-0.2523280084133148,0.4588098764419556,-2.059117239713669
1752068101.6994002,-0.2523280084133148,0.4588098764419556,-2.059117239713669
1752068101.7014356,-0.2523280084133148,0.4588098764419556,-2.059117239713669
1752068101.7043169,-0.2523280084133148,0.4588098764419556,-2.059117239713669
1752068101.7070668,-0.2523280084133148,0.4588098764419556,-2.059117239713669
1752068101.7097611,-0.2012905329465866,0.4345970988273621,-2.0464560806751253
1752068101.713701,-0.2012905329465866,0.4345970988273621,-2.0464560806751253
1752068101.7146237,-0.2012905329465866,0.4345970988273621,-2.0464560806751253
1752068101.7167346,-0.16913607716560364,0.42635118365287783,-1.909839940071106
1752068101.7188234,-0.16913607716560364,0.42635118365287783,-1.909839940071106
1752068101.7218463,-0.16913607716560364,0.42635118365287783,-1.909839940071106
1752068101.7249012,-0.16913607716560364,0.42635118365287783,-1.909839940071106
1752068101.728588,-0.16985014081001282,0.3917900562286377,-1.8116424798965454
1752068101.7306488,-0.16985014081001282,0.3917900562286377,-1.8116424798965454
1752068101.7344296,-0.16985014081001282,0.3917900562286377,-1.8116424798965454
1752068101.7353494,-0.16985014081001282,0.3917900562286377,-1.8116424798965454
1752068101.7416408,-0.17680896818637848,0.40672471523284914,-1.737754252552986
1752068101.7426772,-0.17680896818637848,0.40672471523284914,-1.737754252552986
1752068101.7447472,-0.17680896818637848,0.40672471523284914,-1.737754252552986
1752068101.7476873,-0.1792520433664322,0.40136694312095644,-1.6330824241042137
1752068101.7497835,-0.1792520433664322,0.40136694312095644,-1.6330824241042137
1752068101.751869,-0.1792520433664322,0.40136694312095644,-1.6330824241042137
1752068101.7565365,-0.1792520433664322,0.40136694312095644,-1.6330824241042137
1752068101.760608,-0.1792520433664322,0.40136694312095644,-1.6330824241042137
1752068101.762677,-0.1635519415140152,0.4113271772861481,-1.551719170808792
1752068101.7647567,-0.1635519415140152,0.4113271772861481,-1.551719170808792
1752068101.7668567,-0.1635519415140152,0.4113271772861481,-1.551719170808792
1752068101.770599,-0.1635519415140152,0.4113271772861481,-1.551719170808792
1752068101.7737515,-0.1329270899295807,0.4388806462287903,-1.4371662259101867
1752068101.7758555,-0.1329270899295807,0.4388806462287903,-1.4371662259101867
1752068101.779861,-0.1329270899295807,0.4388806462287903,-1.4371662259101867
1752068101.7807875,-0.1329270899295807,0.4388806462287903,-1.4371662259101867
1752068101.782897,-0.08798390626907349,0.496863865852356,-1.3603500247001648
1752068101.7849867,-0.08798390626907349,0.496863865852356,-1.3603500247001648
1752068101.788646,-0.08798390626907349,0.496863865852356,-1.3603500247001648
1752068101.7929933,-0.08798390626907349,0.496863865852356,-1.3603500247001648
1752068101.795072,-0.0689426064491272,0.544575834274292,-1.2308632552623748
1752068101.7971938,-0.0689426064491272,0.544575834274292,-1.2308632552623748
1752068101.7992642,-0.0689426064491272,0.544575834274292,-1.2308632552623748
1752068101.8021555,-0.04025091230869293,0.5906026601791382,-1.123286497592926
1752068101.8050008,-0.04025091230869293,0.5906026601791382,-1.123286497592926
1752068101.8076339,-0.04025091230869293,0.5906026601791382,-1.123286497592926
1752068101.8117938,-0.04025091230869293,0.5906026601791382,-1.123286497592926
1752068101.8127308,-0.04025091230869293,0.5906026601791382,-1.123286497592926
1752068101.81483,-0.018528202548623085,0.6133322358131409,-1.0241868615150451
1752068101.8169198,-0.018528202548623085,0.6133322358131409,-1.0241868615150451
1752068101.8193662,-0.018528202548623085,0.6133322358131409,-1.0241868615150451
1752068101.8236394,-0.018528202548623085,0.6133322358131409,-1.0241868615150451
1752068101.8267608,-0.018528202548623085,0.6133322358131409,-1.0241868615150451
1752068101.8288345,-0.015113139525055885,0.5779085695743561,-0.9573688626289367
1752068101.8309286,-0.015113139525055885,0.5779085695743561,-0.9573688626289367
1752068101.8334851,-0.01824113167822361,0.5288628578186035,-0.9947402596473693
1752068101.8359609,-0.01824113167822361,0.5288628578186035,-0.9947402596473693
1752068101.83811,-0.01824113167822361,0.5288628578186035,-0.9947402596473693
1752068101.8414798,-0.01824113167822361,0.5288628578186035,-0.9947402596473693
1752068101.8450708,-0.01824113167822361,0.5288628578186035,-0.9947402596473693
1752068101.8471441,0.07034657895565033,0.5915658116340637,-1.1150461554527282
1752068101.849239,0.07034657895565033,0.5915658116340637,-1.1150461554527282
1752068101.85134,0.07034657895565033,0.5915658116340637,-1.1150461554527282
1752068101.8565948,0.07034657895565033,0.5915658116340637,-1.1150461554527282
1752068101.8598137,0.07034657895565033,0.5915658116340637,-1.1150461554527282
1752068101.8618567,0.024182388558983803,0.5559891998767853,-1.0691760897636413
1752068101.8639622,0.024182388558983803,0.5559891998767853,-1.0691760897636413
1752068101.8668096,0.03161025047302246,0.4804708003997803,-1.0173143863677978
1752068101.8692617,0.03161025047302246,0.4804708003997803,-1.0173143863677978
1752068101.873488,0.03161025047302246,0.4804708003997803,-1.0173143863677978
1752068101.8773725,0.03161025047302246,0.4804708003997803,-1.0173143863677978
1752068101.878313,0.03161025047302246,0.4804708003997803,-1.0173143863677978
1752068101.8804023,0.03275112062692642,0.5065521538257599,-1.0486710786819458
1752068101.8824644,0.03275112062692642,0.5065521538257599,-1.0486710786819458
1752068101.8845317,0.03275112062692642,0.5065521538257599,-1.0486710786819458
1752068101.8896122,0.03275112062692642,0.5065521538257599,-1.0486710786819458
1752068101.8933063,0.007468385621905327,0.4630665123462677,-1.0291406631469726
1752068101.8953514,0.007468385621905327,0.4630665123462677,-1.0291406631469726
1752068101.8992648,0.007468385621905327,0.4630665123462677,-1.0291406631469726
1752068101.900184,0.007468385621905327,0.4630665123462677,-1.0291406631469726
1752068101.9026551,-0.03875047713518143,0.45806136131286623,-1.0100247979164123
1752068101.9045112,-0.03875047713518143,0.45806136131286623,-1.0100247979164123
1752068101.9083185,-0.03875047713518143,0.45806136131286623,-1.0100247979164123
1752068101.9113042,-0.03699343651533127,0.47323992252349856,-1.009442937374115
1752068101.9133906,-0.03699343651533127,0.47323992252349856,-1.009442937374115
1752068101.915413,-0.03699343651533127,0.47323992252349856,-1.009442937374115
1752068101.9174814,-0.03699343651533127,0.47323992252349856,-1.009442937374115
1752068101.9204464,-0.03699343651533127,0.47323992252349856,-1.009442937374115
1752068101.9246078,-0.06150572746992111,0.46883451342582705,-1.0228453397750854
1752068101.9265664,-0.06150572746992111,0.46883451342582705,-1.0228453397750854
1752068101.930586,-0.06150572746992111,0.46883451342582705,-1.0228453397750854
1752068101.9315004,-0.06150572746992111,0.46883451342582705,-1.0228453397750854
1752068101.9335845,-0.05055961012840271,0.45221718549728396,-1.0281494379043579
1752068101.9358792,-0.05055961012840271,0.45221718549728396,-1.0281494379043579
1752068101.9384763,-0.05055961012840271,0.45221718549728396,-1.0281494379043579
1752068101.943574,-0.05055961012840271,0.45221718549728396,-1.0281494379043579
1752068101.9456446,-0.05089529603719711,0.46471195816993716,-1.0365501761436462
1752068101.9477367,-0.05089529603719711,0.46471195816993716,-1.0365501761436462
1752068101.94981,-0.05089529603719711,0.46471195816993716,-1.0365501761436462
1752068101.9527206,-0.05827032029628754,0.47051104307174685,-1.0283517360687255
1752068101.9552643,-0.05827032029628754,0.47051104307174685,-1.0283517360687255
1752068101.9584491,-0.05827032029628754,0.47051104307174685,-1.0283517360687255
1752068101.9623253,-0.05827032029628754,0.47051104307174685,-1.0283517360687255
1752068101.9632242,-0.05827032029628754,0.47051104307174685,-1.0283517360687255
1752068101.9653301,-0.0641711950302124,0.48360385894775393,-1.0227895498275756
1752068101.967378,-0.0641711950302124,0.48360385894775393,-1.0227895498275756
1752068101.9694564,-0.0641711950302124,0.48360385894775393,-1.0227895498275756
1752068101.973726,-0.0641711950302124,0.48360385894775393,-1.0227895498275756
1752068101.9770865,-0.0641711950302124,0.48360385894775393,-1.0227895498275756
1752068101.9780025,-0.0641711950302124,0.48360385894775393,-1.0227895498275756
1752068101.9801219,-0.047775767743587494,0.42503329515457156,-1.056629490852356
1752068101.9828098,-0.05890507251024246,0.44519867897033694,-1.0664722442626953
1752068101.9849086,-0.05890507251024246,0.44519867897033694,-1.0664722442626953
1752068101.9870305,-0.05890507251024246,0.44519867897033694,-1.0664722442626953
1752068101.992549,-0.05890507251024246,0.44519867897033694,-1.0664722442626953
1752068101.9935045,-0.05890507251024246,0.44519867897033694,-1.0664722442626953
1752068101.9955723,-0.08754153549671173,0.5363352239131928,-1.072254490852356
1752068101.9976547,-0.08754153549671173,0.5363352239131928,-1.072254490852356
1752068101.9997523,-0.08754153549671173,0.5363352239131928,-1.072254490852356
1752068102.0023873,-0.07856672257184982,0.5411369442939759,-1.0610105514526367
1752068102.0045242,-0.07856672257184982,0.5411369442939759,-1.0610105514526367
1752068102.0074213,-0.07856672257184982,0.5411369442939759,-1.0610105514526367
1752068102.0113323,-0.07856672257184982,0.5411369442939759,-1.0610105514526367
1752068102.0122597,-0.07856672257184982,0.5411369442939759,-1.0610105514526367
1752068102.014368,-0.0372348427772522,0.5150140166282654,-1.089868974685669
1752068102.016413,-0.0372348427772522,0.5150140166282654,-1.089868974685669
1752068102.0184822,-0.0372348427772522,0.5150140166282654,-1.089868974685669
1752068102.0237815,-0.0372348427772522,0.5150140166282654,-1.089868974685669
1752068102.0257804,-0.02810371108353138,0.5222814321517945,-1.1020136594772338
1752068102.027858,-0.02810371108353138,0.5222814321517945,-1.1020136594772338
1752068102.029962,-0.02810371108353138,0.5222814321517945,-1.1020136594772338
1752068102.0328345,-0.012142593041062355,0.5325111389160156,-1.1014477133750915
1752068102.0349238,-0.012142593041062355,0.5325111389160156,-1.1014477133750915
1752068102.037042,-0.012142593041062355,0.5325111389160156,-1.1014477133750915
1752068102.0392697,-0.012142593041062355,0.5325111389160156,-1.1014477133750915
1752068102.043348,-0.012142593041062355,0.5325111389160156,-1.1014477133750915
1752068102.045401,-0.0055849868804216385,0.5303209364414215,-1.1173470139503479
1752068102.0474148,-0.0055849868804216385,0.5303209364414215,-1.1173470139503479
1752068102.0494866,-0.0055849868804216385,0.5303209364414215,-1.1173470139503479
1752068102.0522325,-0.01657518930733204,0.5529281735420227,-1.112119209766388
1752068102.0543869,-0.01657518930733204,0.5529281735420227,-1.112119209766388
1752068102.0570407,-0.01657518930733204,0.5529281735420227,-1.112119209766388
1752068102.0609891,-0.01657518930733204,0.5529281735420227,-1.112119209766388
1752068102.0619185,-0.01657518930733204,0.5529281735420227,-1.112119209766388
1752068102.064026,-0.014952326193451881,0.5631278991699219,-1.1292072653770446
1752068102.0661135,-0.014952326193451881,0.5631278991699219,-1.1292072653770446
1752068102.0682175,-0.014952326193451881,0.5631278991699219,-1.1292072653770446
1752068102.0744574,-0.014952326193451881,0.5631278991699219,-1.1292072653770446
1752068102.077797,-0.017317237332463264,0.5947538256645203,-1.1114434719085693
1752068102.0798469,-0.017317237332463264,0.5947538256645203,-1.1114434719085693
1752068102.0838792,-0.017317237332463264,0.5947538256645203,-1.1114434719085693
1752068102.0848005,-0.008526133373379707,0.5992018818855286,-1.1299074411392211
1752068102.0869386,-0.008526133373379707,0.5992018818855286,-1.1299074411392211
1752068102.0906126,-0.008526133373379707,0.5992018818855286,-1.1299074411392211
1752068102.094452,-0.008526133373379707,0.5992018818855286,-1.1299074411392211
1752068102.0953767,-0.008526133373379707,0.5992018818855286,-1.1299074411392211
1752068102.0974133,-0.02592855878174305,0.6260209321975708,-1.1183927178382873
1752068102.0994763,-0.02592855878174305,0.6260209321975708,-1.1183927178382873
1752068102.1015413,-0.02592855878174305,0.6260209321975708,-1.1183927178382873
1752068102.106311,-0.02592855878174305,0.6260209321975708,-1.1183927178382873
1752068102.108404,-0.02592855878174305,0.6260209321975708,-1.1183927178382873
1752068102.1104147,-0.04720454663038254,0.6385743260383606,-1.1239181876182556
1752068102.1124861,-0.04720454663038254,0.6385743260383606,-1.1239181876182556
1752068102.1151986,-0.06223858892917633,0.6821337878704071,-1.2983262658119201
1752068102.1172893,-0.06223858892917633,0.6821337878704071,-1.2983262658119201
1752068102.1193783,-0.06223858892917633,0.6821337878704071,-1.2983262658119201
1752068102.1250627,-0.06223858892917633,0.6821337878704071,-1.2983262658119201
1752068102.126027,-0.06223858892917633,0.6821337878704071,-1.2983262658119201
1752068102.1281257,-0.059914663434028625,0.664578640460968,-1.3745162606239318
1752068102.13022,-0.059914663434028625,0.664578640460968,-1.3745162606239318
1752068102.13232,-0.059914663434028625,0.664578640460968,-1.3745162606239318
1752068102.1349797,0.025804689154028893,0.612205171585083,-1.6397866874933242
1752068102.13714,0.025804689154028893,0.612205171585083,-1.6397866874933242
1752068102.1405299,0.025804689154028893,0.612205171585083,-1.6397866874933242
1752068102.1444576,0.025804689154028893,0.612205171585083,-1.6397866874933242
1752068102.1453848,0.025804689154028893,0.612205171585083,-1.6397866874933242
1752068102.147466,-0.01451471634209156,0.6128672599792481,-1.6028871059417724
1752068102.149525,-0.01451471634209156,0.6128672599792481,-1.6028871059417724
1752068102.1515946,-0.01451471634209156,0.6128672599792481,-1.6028871059417724
1752068102.1544015,-0.01451471634209156,0.6128672599792481,-1.6028871059417724
1752068102.1564114,0.025509146973490715,0.6967444807291031,-1.7759983882308006
1752068102.159054,0.025509146973490715,0.6967444807291031,-1.7759983882308006
1752068102.163029,0.025509146973490715,0.6967444807291031,-1.7759983882308006
1752068102.1639686,0.025509146973490715,0.6967444807291031,-1.7759983882308006
1752068102.1660676,0.06068534404039383,0.7214793056249619,-1.7787734538316726
1752068102.1681545,0.06068534404039383,0.7214793056249619,-1.7787734538316726
1752068102.1704295,0.06068534404039383,0.7214793056249619,-1.7787734538316726
1752068102.1763008,0.06068534404039383,0.7214793056249619,-1.7787734538316726
1752068102.17838,0.07700233906507492,0.7175597488880158,-1.9793559432029724
1752068102.1803935,0.07700233906507492,0.7175597488880158,-1.9793559432029724
1752068102.182428,0.07700233906507492,0.7175597488880158,-1.9793559432029724
1752068102.185308,0.08678311109542847,0.7333597034215927,-2.0219194412231447
1752068102.1882794,0.08678311109542847,0.7333597034215927,-2.0219194412231447
1752068102.1906407,0.08678311109542847,0.7333597034215927,-2.0219194412231447
1752068102.1948164,0.08678311109542847,0.7333597034215927,-2.0219194412231447
1752068102.1957653,0.08678311109542847,0.7333597034215927,-2.0219194412231447
1752068102.197869,0.06689082086086273,0.686404013633728,-2.1764943420886995
1752068102.1999595,0.06689082086086273,0.686404013633728,-2.1764943420886995
1752068102.2020504,0.06689082086086273,0.686404013633728,-2.1764943420886995
1752068102.2085576,0.06689082086086273,0.686404013633728,-2.1764943420886995
1752068102.2105558,0.06650368869304657,0.6266528010368347,-2.2116899609565737
1752068102.212629,0.06650368869304657,0.6266528010368347,-2.2116899609565737
1752068102.2147286,0.06650368869304657,0.6266528010368347,-2.2116899609565737
1752068102.2174635,0.04462049901485443,0.5612478494644165,-2.370401215553284
1752068102.2195344,0.04462049901485443,0.5612478494644165,-2.370401215553284
1752068102.2230425,0.04462049901485443,0.5612478494644165,-2.370401215553284
1752068102.2278125,0.04462049901485443,0.5612478494644165,-2.370401215553284
1752068102.2287705,0.04462049901485443,0.5612478494644165,-2.370401215553284
1752068102.230867,0.02991860918700695,0.5409800946712494,-2.452267122268677
1752068102.232966,0.02991860918700695,0.5409800946712494,-2.452267122268677
1752068102.2364948,0.02991860918700695,0.5409800946712494,-2.452267122268677
1752068102.2374136,0.02991860918700695,0.5409800946712494,-2.452267122268677
1752068102.24385,-0.008299561217427254,0.47669010758399966,-2.515554976463318
1752068102.2457986,-0.008299561217427254,0.47669010758399966,-2.515554976463318
1752068102.2497315,-0.008299561217427254,0.47669010758399966,-2.515554976463318
1752068102.25065,-0.008299561217427254,0.47669010758399966,-2.515554976463318
1752068102.252751,-0.058206990361213684,0.495054566860199,-2.5991149067878725
1752068102.2550507,-0.058206990361213684,0.495054566860199,-2.5991149067878725
1752068102.2570858,-0.058206990361213684,0.495054566860199,-2.5991149067878725
1752068102.2622795,-0.058206990361213684,0.495054566860199,-2.5991149067878725
1752068102.2632203,-0.058206990361213684,0.495054566860199,-2.5991149067878725
1752068102.265315,-0.11158938705921173,0.4788537859916687,-2.473774564266205
1752068102.267414,-0.11158938705921173,0.4788537859916687,-2.473774564266205
1752068102.2752433,-0.11158938705921173,0.4788537859916687,-2.473774564266205
1752068102.2772708,-0.1528998166322708,0.4436016917228699,-2.295921576023102
1752068102.2793403,-0.1528998166322708,0.4436016917228699,-2.295921576023102
1752068102.281425,-0.1528998166322708,0.4436016917228699,-2.295921576023102
1752068102.2842586,-0.23804111778736115,0.45509704351425173,-2.0307200968265535
1752068102.286569,-0.23804111778736115,0.45509704351425173,-2.0307200968265535
1752068102.288557,-0.23804111778736115,0.45509704351425173,-2.0307200968265535
1752068102.2916274,-0.23804111778736115,0.45509704351425173,-2.0307200968265535
1752068102.2954066,-0.23804111778736115,0.45509704351425173,-2.0307200968265535
1752068102.2974205,-0.23815925419330597,0.42008992433547976,-2.0253806531429293
1752068102.2994857,-0.23815925419330597,0.42008992433547976,-2.0253806531429293
1752068102.3015504,-0.23815925419330597,0.42008992433547976,-2.0253806531429293
1752068102.3085618,-0.23815925419330597,0.42008992433547976,-2.0253806531429293
1752068102.3104908,-0.17692206799983978,0.4321045517921448,-1.9450890839099884
1752068102.3125436,-0.17692206799983978,0.4321045517921448,-1.9450890839099884
1752068102.3146412,-0.17692206799983978,0.4321045517921448,-1.9450890839099884
1752068102.3174121,-0.17692206799983978,0.4321045517921448,-1.9450890839099884
1752068102.3194366,-0.15935002267360687,0.412584000825882,-1.8185604333877563
1752068102.3219597,-0.15935002267360687,0.412584000825882,-1.8185604333877563
1752068102.3245897,-0.15935002267360687,0.412584000825882,-1.8185604333877563
1752068102.3275142,-0.15935002267360687,0.412584000825882,-1.8185604333877563
1752068102.3295686,-0.17190493643283844,0.3935705065727234,-1.7258293244987726
1752068102.3316157,-0.17190493643283844,0.3935705065727234,-1.7258293244987726
1752068102.3336833,-0.17190493643283844,0.3935705065727234,-1.7258293244987726
1752068102.3366084,-0.17465874552726746,0.39806427955627444,-1.6467934295535087
1752068102.3396432,-0.17465874552726746,0.39806427955627444,-1.6467934295535087
1752068102.3417115,-0.17465874552726746,0.39806427955627444,-1.6467934295535087
1752068102.3438017,-0.17465874552726746,0.39806427955627444,-1.6467934295535087
1752068102.3474352,-0.16177082061767578,0.40386595726013186,-1.5512268215417861
1752068102.3494847,-0.16177082061767578,0.40386595726013186,-1.5512268215417861
1752068102.351542,-0.16177082061767578,0.40386595726013186,-1.5512268215417861
1752068102.354511,-0.16177082061767578,0.40386595726013186,-1.5512268215417861
1752068102.3584456,-0.16177082061767578,0.40386595726013186,-1.5512268215417861
1752068102.3614523,-0.13650979101657867,0.41192042231559756,-1.4450727224349975
1752068102.36349,-0.13650979101657867,0.41192042231559756,-1.4450727224349975
1752068102.3673327,-0.13650979101657867,0.41192042231559756,-1.4450727224349975
1752068102.3682709,-0.13650979101657867,0.41192042231559756,-1.4450727224349975
1752068102.371087,-0.11140613257884979,0.45449438095092776,-1.3610624492168426
1752068102.3744042,-0.11140613257884979,0.45449438095092776,-1.3610624492168426
1752068102.376444,-0.11140613257884979,0.45449438095092776,-1.3610624492168426
1752068102.3793538,-0.11140613257884979,0.45449438095092776,-1.3610624492168426
1752068102.3814282,-0.07560763508081436,0.5334034204483032,-1.2441769659519195
1752068102.3834877,-0.07560763508081436,0.5334034204483032,-1.2441769659519195
1752068102.3857744,-0.07560763508081436,0.5334034204483032,-1.2441769659519195
1752068102.388635,-0.07560763508081436,0.5334034204483032,-1.2441769659519195
1752068102.392823,-0.04842445254325867,0.5666284203529358,-1.1416971802711486
1752068102.3947616,-0.04842445254325867,0.5666284203529358,-1.1416971802711486
1752068102.3987663,-0.04842445254325867,0.5666284203529358,-1.1416971802711486
1752068102.399706,-0.04842445254325867,0.5666284203529358,-1.1416971802711486
1752068102.4017816,-0.021537678316235542,0.6030359208583832,-1.0232715725898742
1752068102.4042566,-0.021537678316235542,0.6030359208583832,-1.0232715725898742
1752068102.4081378,-0.021537678316235542,0.6030359208583832,-1.0232715725898742
1752068102.4121156,0.005135005339980125,0.5821447014808655,-0.9664353251457214
1752068102.4142022,0.005135005339980125,0.5821447014808655,-0.9664353251457214
1752068102.416285,0.005135005339980125,0.5821447014808655,-0.9664353251457214
1752068102.4183488,0.005135005339980125,0.5821447014808655,-0.9664353251457214
1752068102.4223397,0.005135005339980125,0.5821447014808655,-0.9664353251457214
1752068102.4244926,0.003999276086688042,0.5328179836273194,-0.970616590976715
1752068102.4265387,0.003999276086688042,0.5328179836273194,-0.970616590976715
1752068102.428664,0.003999276086688042,0.5328179836273194,-0.970616590976715
1752068102.4315732,0.03930331766605377,0.611747944355011,-1.1652365446090698
1752068102.4336374,0.03930331766605377,0.611747944355011,-1.1652365446090698
1752068102.4359007,0.03930331766605377,0.611747944355011,-1.1652365446090698
1752068102.4386017,0.03930331766605377,0.611747944355011,-1.1652365446090698
1752068102.4433599,0.03930331766605377,0.611747944355011,-1.1652365446090698
1752068102.4443011,0.03930331766605377,0.611747944355011,-1.1652365446090698
1752068102.4464226,0.01566634140908718,0.5328695714473725,-1.0513643145561218
1752068102.448492,0.01566634140908718,0.5328695714473725,-1.0513643145561218
1752068102.4524066,0.04056651145219803,0.4900579392910004,-1.0318675756454467
1752068102.455851,0.04056651145219803,0.4900579392910004,-1.0318675756454467
1752068102.457851,0.04056651145219803,0.4900579392910004,-1.0318675756454467
1752068102.4598927,0.04056651145219803,0.4900579392910004,-1.0318675756454467
1752068102.4630072,0.04056651145219803,0.4900579392910004,-1.0318675756454467
1752068102.4650862,0.0479268953204155,0.45029147863388064,-1.0626559376716613
1752068102.4671445,0.0479268953204155,0.45029147863388064,-1.0626559376716613
1752068102.4692624,0.0479268953204155,0.45029147863388064,-1.0626559376716613
1752068102.4730625,0.0479268953204155,0.45029147863388064,-1.0626559376716613
1752068102.4765046,0.02689041756093502,0.4478344559669495,-1.0485084176063537
1752068102.478529,0.02689041756093502,0.4478344559669495,-1.0485084176063537
1752068102.4824884,0.02689041756093502,0.4478344559669495,-1.0485084176063537
1752068102.483428,0.02689041756093502,0.4478344559669495,-1.0485084176063537
1752068102.485755,-0.019743429496884346,0.4648630261421204,-1.0203737139701843
1752068102.4886966,-0.019743429496884346,0.4648630261421204,-1.0203737139701843
1752068102.4911175,-0.019743429496884346,0.4648630261421204,-1.0203737139701843
1752068102.4950814,-0.04770326614379883,0.46339490413665774,-1.0178959488868713
1752068102.4971597,-0.04770326614379883,0.46339490413665774,-1.0178959488868713
1752068102.499224,-0.04770326614379883,0.46339490413665774,-1.0178959488868713
1752068102.5013463,-0.04770326614379883,0.46339490413665774,-1.0178959488868713
1752068102.505042,-0.04770326614379883,0.46339490413665774,-1.0178959488868713
1752068102.5086548,-0.0620620995759964,0.4591942071914673,-1.0169860243797302
1752068102.5106552,-0.0620620995759964,0.4591942071914673,-1.0169860243797302
1752068102.5146663,-0.0620620995759964,0.4591942071914673,-1.0169860243797302
1752068102.5155997,-0.0620620995759964,0.4591942071914673,-1.0169860243797302
1752068102.5176759,-0.06095673888921738,0.454254949092865,-1.018099319934845
1752068102.5197423,-0.06095673888921738,0.454254949092865,-1.018099319934845
1752068102.5239253,-0.06095673888921738,0.454254949092865,-1.018099319934845
1752068102.527516,-0.06257003545761108,0.4525707304477692,-1.0281559348106384
1752068102.529563,-0.06257003545761108,0.4525707304477692,-1.0281559348106384
1752068102.5316324,-0.06257003545761108,0.4525707304477692,-1.0281559348106384
1752068102.5337086,-0.06257003545761108,0.4525707304477692,-1.0281559348106384
1752068102.536549,-0.06634325534105301,0.46743574142456057,-1.0199472427368164
1752068102.538655,-0.06634325534105301,0.46743574142456057,-1.0199472427368164
1752068102.5421095,-0.06634325534105301,0.46743574142456057,-1.0199472427368164
1752068102.5441518,-0.06634325534105301,0.46743574142456057,-1.0199472427368164
1752068102.5470707,-0.04741061478853226,0.46820455193519595,-1.025024664402008
1752068102.549164,-0.04741061478853226,0.46820455193519595,-1.025024664402008
1752068102.5512288,-0.04741061478853226,0.46820455193519595,-1.025024664402008
1752068102.5550988,-0.04741061478853226,0.46820455193519595,-1.025024664402008
1752068102.5596771,-0.04741061478853226,0.46820455193519595,-1.025024664402008
1752068102.561699,-0.06595087796449661,0.45888652801513674,-1.024450671672821
1752068102.5637527,-0.06595087796449661,0.45888652801513674,-1.024450671672821
1752068102.5658243,-0.06595087796449661,0.45888652801513674,-1.024450671672821
1752068102.5686588,-0.05448257923126221,0.43696951270103457,-1.0496283888816833
1752068102.5707884,-0.05448257923126221,0.43696951270103457,-1.0496283888816833
1752068102.572829,-0.05448257923126221,0.43696951270103457,-1.0496283888816833
1752068102.578581,-0.05448257923126221,0.43696951270103457,-1.0496283888816833
1752068102.5795393,-0.05448257923126221,0.43696951270103457,-1.0496283888816833
1752068102.5816286,-0.08004410564899445,0.4662627220153809,-1.0785493969917297
1752068102.5836873,-0.08004410564899445,0.4662627220153809,-1.0785493969917297
1752068102.585895,-0.08004410564899445,0.4662627220153809,-1.0785493969917297
1752068102.5896049,-0.08004410564899445,0.4662627220153809,-1.0785493969917297
1752068102.5932662,-0.08004410564899445,0.4662627220153809,-1.0785493969917297
1752068102.595085,-0.0878944844007492,0.4916629433631897,-1.0724446892738342
1752068102.597184,-0.0878944844007492,0.4916629433631897,-1.0724446892738342
1752068102.600106,-0.06320220232009888,0.5242905557155609,-1.0790366053581237
1752068102.6024349,-0.06320220232009888,0.5242905557155609,-1.0790366053581237
1752068102.6049688,-0.06320220232009888,0.5242905557155609,-1.0790366053581237
1752068102.6104553,-0.06320220232009888,0.5242905557155609,-1.0790366053581237
1752068102.6114001,-0.06320220232009888,0.5242905557155609,-1.0790366053581237
1752068102.6134892,-0.04392954707145691,0.5405753791332245,-1.1082475304603576
1752068102.6155453,-0.04392954707145691,0.5405753791332245,-1.1082475304603576
1752068102.617611,-0.04392954707145691,0.5405753791332245,-1.1082475304603576
1752068102.6205978,-0.04392954707145691,0.5405753791332245,-1.1082475304603576
1752068102.623712,-0.01742439903318882,0.5359551846981049,-1.118548822402954
1752068102.6258795,-0.01742439903318882,0.5359551846981049,-1.118548822402954
1752068102.629879,-0.01742439903318882,0.5359551846981049,-1.118548822402954
1752068102.6308215,-0.01742439903318882,0.5359551846981049,-1.118548822402954
1752068102.6329224,0.0008761417120695114,0.5556986272335053,-1.116987121105194
1752068102.6350155,0.0008761417120695114,0.5556986272335053,-1.116987121105194
1752068102.6374867,0.0008761417120695114,0.5556986272335053,-1.116987121105194
1752068102.643191,0.0008761417120695114,0.5556986272335053,-1.116987121105194
1752068102.6450558,-0.004530997946858406,0.5391392350196839,-1.106462013721466
1752068102.6470912,-0.004530997946858406,0.5391392350196839,-1.106462013721466
1752068102.6491961,-0.004530997946858406,0.5391392350196839,-1.106462013721466
1752068102.6521006,-0.021611878648400307,0.5545688211917877,-1.104569685459137
1752068102.6544774,-0.021611878648400307,0.5545688211917877,-1.104569685459137
1752068102.6589193,-0.021611878648400307,0.5545688211917877,-1.104569685459137
1752068102.662912,-0.021611878648400307,0.5545688211917877,-1.104569685459137
1752068102.6638515,-0.021611878648400307,0.5545688211917877,-1.104569685459137
1752068102.6659534,-0.01463361270725727,0.5798067390918732,-1.1191235303878784
1752068102.6680384,-0.01463361270725727,0.5798067390918732,-1.1191235303878784
1752068102.6709046,-0.01463361270725727,0.5798067390918732,-1.1191235303878784
1752068102.6765344,-0.01463361270725727,0.5798067390918732,-1.1191235303878784
1752068102.678625,-0.00861959345638752,0.6010409235954285,-1.1137147665023803
1752068102.6806881,-0.00861959345638752,0.6010409235954285,-1.1137147665023803
1752068102.6827595,-0.00861959345638752,0.6010409235954285,-1.1137147665023803
1752068102.6872382,-0.019558588042855263,0.6171616554260254,-1.113042664527893
1752068102.691982,-0.019558588042855263,0.6171616554260254,-1.113042664527893
1752068102.6939504,-0.019558588042855263,0.6171616554260254,-1.113042664527893
1752068102.6960557,-0.019558588042855263,0.6171616554260254,-1.113042664527893
1752068102.6988869,-0.019558588042855263,0.6171616554260254,-1.113042664527893
1752068102.7009752,-0.04648265242576599,0.6333140969276428,-1.0880725502967834
1752068102.7030697,-0.04648265242576599,0.6333140969276428,-1.0880725502967834
1752068102.7052066,-0.04648265242576599,0.6333140969276428,-1.0880725502967834
1752068102.7100453,-0.04648265242576599,0.6333140969276428,-1.0880725502967834
1752068102.712145,-0.07166440039873123,0.683688634634018,-1.2960642993450164
1752068102.714246,-0.07166440039873123,0.683688634634018,-1.2960642993450164
1752068102.7163334,-0.07166440039873123,0.683688634634018,-1.2960642993450164
1752068102.719399,-0.027262704446911812,0.6305051386356354,-1.4935689091682434
1752068102.7220128,-0.027262704446911812,0.6305051386356354,-1.4935689091682434
1752068102.7252326,-0.027262704446911812,0.6305051386356354,-1.4935689091682434
1752068102.729237,-0.027262704446911812,0.6305051386356354,-1.4935689091682434
1752068102.7301521,-0.027262704446911812,0.6305051386356354,-1.4935689091682434
1752068102.7322698,0.01234588585793972,0.6387788891792298,-1.6836700279265642
1752068102.7343545,0.01234588585793972,0.6387788891792298,-1.6836700279265642
1752068102.7364883,0.01234588585793972,0.6387788891792298,-1.6836700279265642
1752068102.7428582,0.01234588585793972,0.6387788891792298,-1.6836700279265642
1752068102.745034,-0.0045690033584833145,0.6522954940795899,-1.6599617198109626
1752068102.747119,-0.0045690033584833145,0.6522954940795899,-1.6599617198109626
1752068102.75101,-0.0045690033584833145,0.6522954940795899,-1.6599617198109626
1752068102.7519286,-0.0045690033584833145,0.6522954940795899,-1.6599617198109626
1752068102.7543542,0.03201541304588318,0.7140652477741242,-1.8267570853233337
1752068102.759466,0.03201541304588318,0.7140652477741242,-1.8267570853233337
1752068102.7614338,0.03201541304588318,0.7140652477741242,-1.8267570853233337
1752068102.7643807,0.05467946082353592,0.7221640288829804,-1.8311561912298202
1752068102.7664118,0.05467946082353592,0.7221640288829804,-1.8311561912298202
1752068102.7684724,0.05467946082353592,0.7221640288829804,-1.8311561912298202
1752068102.770751,0.05467946082353592,0.7221640288829804,-1.8311561912298202
1752068102.7756748,0.05467946082353592,0.7221640288829804,-1.8311561912298202
1752068102.7788758,0.08217671513557434,0.7424505144357681,-2.071510237455368
1752068102.7809148,0.08217671513557434,0.7424505144357681,-2.071510237455368
1752068102.7849061,0.08217671513557434,0.7424505144357681,-2.071510237455368
1752068102.785828,0.08217671513557434,0.7424505144357681,-2.071510237455368
1752068102.788581,0.08217671513557434,0.7424505144357681,-2.071510237455368
1752068102.794571,0.09530846029520035,0.725852170586586,-2.112726491689682
1752068102.798409,0.09530846029520035,0.725852170586586,-2.112726491689682
1752068102.799452,0.09530846029520035,0.725852170586586,-2.112726491689682
1752068102.801412,0.05715954303741455,0.6277210950851441,-2.2656190514564516
1752068102.8034875,0.05715954303741455,0.6277210950851441,-2.2656190514564516
1752068102.8077793,0.05715954303741455,0.6277210950851441,-2.2656190514564516
1752068102.8115904,0.05715954303741455,0.6277210950851441,-2.2656190514564516
1752068102.8137193,0.053439199924468994,0.5914641261100769,-2.352199447154999
1752068102.815835,0.053439199924468994,0.5914641261100769,-2.352199447154999
1752068102.8194962,0.053439199924468994,0.5914641261100769,-2.352199447154999
1752068102.822389,0.053439199924468994,0.5914641261100769,-2.352199447154999
1752068102.8234303,0.053439199924468994,0.5914641261100769,-2.352199447154999
1752068102.8259714,0.033931612968444824,0.5265704333782196,-2.44833220243454
1752068102.8299,0.033931612968444824,0.5265704333782196,-2.44833220243454
1752068102.8308432,0.023846430703997612,0.5130236685276032,-2.553263556957245
1752068102.8329499,0.023846430703997612,0.5130236685276032,-2.553263556957245
1752068102.8350358,0.023846430703997612,0.5130236685276032,-2.553263556957245
1752068102.8393629,0.023846430703997612,0.5130236685276032,-2.553263556957245
1752068102.8402884,0.023846430703997612,0.5130236685276032,-2.553263556957245
1752068102.843306,-0.021076174452900887,0.4773875713348389,-2.5910693526268007
1752068102.845317,-0.021076174452900887,0.4773875713348389,-2.5910693526268007
1752068102.8492327,-0.021076174452900887,0.4773875713348389,-2.5910693526268007
1752068102.850129,-0.021076174452900887,0.4773875713348389,-2.5910693526268007
1752068102.8526142,-0.05834313482046127,0.49144318103790285,-2.637799692153931
1752068102.8544178,-0.05834313482046127,0.49144318103790285,-2.637799692153931
1752068102.8575075,-0.05834313482046127,0.49144318103790285,-2.637799692153931
1752068102.8601685,-0.05834313482046127,0.49144318103790285,-2.637799692153931
1752068102.8622603,-0.11548884212970734,0.4614224970340729,-2.517166090011597
1752068102.8643448,-0.11548884212970734,0.4614224970340729,-2.517166090011597
1752068102.8664248,-0.11548884212970734,0.4614224970340729,-2.517166090011597
1752068102.8694718,-0.1582832932472229,0.48248019218444826,-2.2868203043937685
1752068102.8717744,-0.1582832932472229,0.48248019218444826,-2.2868203043937685
1752068102.8739522,-0.1582832932472229,0.48248019218444826,-2.2868203043937685
1752068102.8765872,-0.1582832932472229,0.48248019218444826,-2.2868203043937685
1752068102.8798037,-0.1582832932472229,0.48248019218444826,-2.2868203043937685
1752068102.8831038,-0.2490561157464981,0.4653785765171051,-2.056841117143631
1752068102.8877304,-0.2490561157464981,0.4653785765171051,-2.056841117143631
1752068102.8887482,-0.2490561157464981,0.4653785765171051,-2.056841117143631
1752068102.8928568,-0.2490561157464981,0.4653785765171051,-2.056841117143631
1752068102.8937945,-0.2490561157464981,0.4653785765171051,-2.056841117143631
1752068102.8960268,-0.23557636141777039,0.4134898126125336,-2.036605966091156
1752068102.8997357,-0.23557636141777039,0.4134898126125336,-2.036605966091156
1752068102.9006486,-0.23557636141777039,0.4134898126125336,-2.036605966091156
1752068102.9027493,-0.19452200829982758,0.4143752694129944,-1.9364774644374847
1752068102.9049265,-0.19452200829982758,0.4143752694129944,-1.9364774644374847
1752068102.907011,-0.19452200829982758,0.4143752694129944,-1.9364774644374847
1752068102.9099395,-0.19452200829982758,0.4143752694129944,-1.9364774644374847
1752068102.9121182,-0.19238795340061188,0.39764573574066164,-1.8409770995378494
1752068102.9142177,-0.19238795340061188,0.39764573574066164,-1.8409770995378494
1752068102.9178567,-0.19238795340061188,0.39764573574066164,-1.8409770995378494
1752068102.918748,-0.19238795340061188,0.39764573574066164,-1.8409770995378494
1752068102.921257,-0.18084171414375305,0.39346911907196047,-1.7561553165316581
1752068102.9235692,-0.18084171414375305,0.39346911907196047,-1.7561553165316581
1752068102.9254713,-0.18084171414375305,0.39346911907196047,-1.7561553165316581
1752068102.9283686,-0.17694535851478577,0.40575801730155947,-1.7041743237525224
1752068102.9304101,-0.17694535851478577,0.40575801730155947,-1.7041743237525224
1752068102.9324667,-0.17694535851478577,0.40575801730155947,-1.7041743237525224
1752068102.934546,-0.17694535851478577,0.40575801730155947,-1.7041743237525224
1752068102.9382517,-0.17694535851478577,0.40575801730155947,-1.7041743237525224
1752068102.942007,-0.17694535851478577,0.40575801730155947,-1.7041743237525224
1752068102.9441485,-0.1645386964082718,0.37938477993011477,-1.602548350393772
1752068102.9480853,-0.1645386964082718,0.37938477993011477,-1.602548350393772
1752068102.9489949,-0.1645386964082718,0.37938477993011477,-1.602548350393772
1752068102.952888,-0.13687166571617126,0.3933061003684998,-1.512262088060379
1752068102.9551091,-0.13687166571617126,0.3933061003684998,-1.512262088060379
1752068102.957382,-0.13687166571617126,0.3933061003684998,-1.512262088060379
1752068102.9605136,-0.13687166571617126,0.3933061003684998,-1.512262088060379
1752068102.9625616,-0.11130864918231964,0.4274406969547272,-1.408384096622467
1752068102.9646475,-0.11130864918231964,0.4274406969547272,-1.408384096622467
1752068102.9667516,-0.11130864918231964,0.4274406969547272,-1.408384096622467
1752068102.9698088,-0.07603465020656586,0.4796098113059998,-1.3148674488067627
1752068102.9719763,-0.07603465020656586,0.4796098113059998,-1.3148674488067627
1752068102.974307,-0.07603465020656586,0.4796098113059998,-1.3148674488067627
1752068102.9781964,-0.07603465020656586,0.4796098113059998,-1.3148674488067627
1752068102.979123,-0.07603465020656586,0.4796098113059998,-1.3148674488067627
1752068102.981228,-0.05297859013080597,0.5362485885620117,-1.2222012400627136
1752068102.9833133,-0.05297859013080597,0.5362485885620117,-1.2222012400627136
1752068102.9854064,-0.05297859013080597,0.5362485885620117,-1.2222012400627136
1752068102.9907005,-0.05297859013080597,0.5362485885620117,-1.2222012400627136
1752068102.993091,-0.04035220295190811,0.5748406887054444,-1.043061864376068
1752068102.9951806,-0.04035220295190811,0.5748406887054444,-1.043061864376068
1752068102.9989297,-0.04035220295190811,0.5748406887054444,-1.043061864376068
1752068102.9998486,-0.04035220295190811,0.5748406887054444,-1.043061864376068
1752068103.0019588,-0.025503413751721382,0.598447048664093,-1.002554965019226
1752068103.0044034,-0.025503413751721382,0.598447048664093,-1.002554965019226
1752068103.0065439,-0.025503413751721382,0.598447048664093,-1.002554965019226
1752068103.0102272,0.00961361639201641,0.5485446691513062,-0.9591654658317565
1752068103.0122914,0.00961361639201641,0.5485446691513062,-0.9591654658317565
1752068103.014384,0.00961361639201641,0.5485446691513062,-0.9591654658317565
1752068103.0164194,0.00961361639201641,0.5485446691513062,-0.9591654658317565
1752068103.0194046,-0.0003037992864847183,0.5364456415176392,-0.9497223019599914
1752068103.021634,-0.0003037992864847183,0.5364456415176392,-0.9497223019599914
1752068103.0237339,-0.0003037992864847183,0.5364456415176392,-0.9497223019599914
1752068103.0276134,-0.0003037992864847183,0.5364456415176392,-0.9497223019599914
1752068103.0285091,-0.0003037992864847183,0.5364456415176392,-0.9497223019599914
1752068103.0306172,0.042022064328193665,0.5792636513710022,-1.1005593061447143
1752068103.032703,0.042022064328193665,0.5792636513710022,-1.1005593061447143
1752068103.0347993,0.042022064328193665,0.5792636513710022,-1.1005593061447143
1752068103.0405433,0.042022064328193665,0.5792636513710022,-1.1005593061447143
1752068103.043257,0.016976909711956978,0.5171197295188904,-1.0535099625587463
1752068103.0452962,0.016976909711956978,0.5171197295188904,-1.0535099625587463
1752068103.0492735,0.016976909711956978,0.5171197295188904,-1.0535099625587463
1752068103.050189,0.016976909711956978,0.5171197295188904,-1.0535099625587463
1752068103.0526776,0.05328188091516495,0.472145015001297,-1.0192872405052185
1752068103.0552208,0.05328188091516495,0.472145015001297,-1.0192872405052185
1752068103.0575783,0.05328188091516495,0.472145015001297,-1.0192872405052185
1752068103.061373,0.031767502427101135,0.44835474491119387,-1.03895343542099
1752068103.0634146,0.031767502427101135,0.44835474491119387,-1.03895343542099
1752068103.0654733,0.031767502427101135,0.44835474491119387,-1.03895343542099
1752068103.0675433,0.031767502427101135,0.44835474491119387,-1.03895343542099
1752068103.071704,0.031767502427101135,0.44835474491119387,-1.03895343542099
1752068103.0749385,0.031767502427101135,0.44835474491119387,-1.03895343542099
1752068103.0767832,0.031767502427101135,0.44835474491119387,-1.03895343542099
1752068103.080644,0.03465142846107483,0.425484174489975,-1.0357413411140441
1752068103.0815647,0.03465142846107483,0.425484174489975,-1.0357413411140441
1752068103.0836687,0.0007943194359540939,0.4729746520519257,-1.0216535449028015
1752068103.0858927,0.0007943194359540939,0.4729746520519257,-1.0216535449028015
1752068103.088286,0.0007943194359540939,0.4729746520519257,-1.0216535449028015
1752068103.0921538,0.0007943194359540939,0.4729746520519257,-1.0216535449028015
1752068103.0941288,-0.030112119391560555,0.44933303594589236,-1.0046274185180664
1752068103.0962172,-0.030112119391560555,0.44933303594589236,-1.0046274185180664
1752068103.098316,-0.030112119391560555,0.44933303594589236,-1.0046274185180664
1752068103.101038,-0.039269015192985535,0.43190726041793825,-1.0070306181907653
1752068103.1033058,-0.039269015192985535,0.43190726041793825,-1.0070306181907653
1752068103.1067703,-0.039269015192985535,0.43190726041793825,-1.0070306181907653
1752068103.1078048,-0.039269015192985535,0.43190726041793825,-1.0070306181907653
1752068103.1113596,-0.06087253987789154,0.43616473078727724,-1.0081762194633483
1752068103.1134133,-0.06087253987789154,0.43616473078727724,-1.0081762194633483
1752068103.1154711,-0.06087253987789154,0.43616473078727724,-1.0081762194633483
1752068103.1175478,-0.06087253987789154,0.43616473078727724,-1.0081762194633483
1752068103.121647,-0.06087253987789154,0.43616473078727724,-1.0081762194633483
1752068103.1238601,-0.06087253987789154,0.43616473078727724,-1.0081762194633483
1752068103.1260478,-0.06164152920246124,0.4454720258712769,-1.0054845929145813
1752068103.1299577,-0.06164152920246124,0.4454720258712769,-1.0054845929145813
1752068103.1308699,-0.06164152920246124,0.4454720258712769,-1.0054845929145813
1752068103.1329777,-0.056059375405311584,0.4492112934589386,-1.0270151615142822
1752068103.1350648,-0.056059375405311584,0.4492112934589386,-1.0270151615142822
1752068103.1374042,-0.056059375405311584,0.4492112934589386,-1.0270151615142822
1752068103.1426198,-0.056059375405311584,0.4492112934589386,-1.0270151615142822
1752068103.1445909,-0.05496479570865631,0.4518267154693604,-1.016944420337677
1752068103.1466458,-0.05496479570865631,0.4518267154693604,-1.016944420337677
1752068103.1487372,-0.05496479570865631,0.4518267154693604,-1.016944420337677
1752068103.1515183,-0.056337133049964905,0.4643553137779236,-1.0174464106559753
1752068103.1537144,-0.056337133049964905,0.4643553137779236,-1.0174464106559753
1752068103.1568663,-0.056337133049964905,0.4643553137779236,-1.0174464106559753
1752068103.1588476,-0.056337133049964905,0.4643553137779236,-1.0174464106559753
1752068103.163135,-0.056337133049964905,0.4643553137779236,-1.0174464106559753
1752068103.1655598,-0.05242658406496048,0.438071483373642,-1.0359310626983642
1752068103.168504,-0.05242658406496048,0.438071483373642,-1.0359310626983642
1752068103.1713755,-0.05242658406496048,0.438071483373642,-1.0359310626983642
1752068103.1764011,-0.05242658406496048,0.438071483373642,-1.0359310626983642
1752068103.1784291,-0.06322541832923889,0.43028964996337893,-1.0656750321388244
1752068103.1804698,-0.06322541832923889,0.43028964996337893,-1.0656750321388244
1752068103.1825435,-0.06322541832923889,0.43028964996337893,-1.0656750321388244
1752068103.185272,-0.0914163812994957,0.4927953124046326,-1.0600268959999084
1752068103.1874115,-0.0914163812994957,0.4927953124046326,-1.0600268959999084
1752068103.1900656,-0.0914163812994957,0.4927953124046326,-1.0600268959999084
1752068103.1940572,-0.0914163812994957,0.4927953124046326,-1.0600268959999084
1752068103.1949863,-0.0914163812994957,0.4927953124046326,-1.0600268959999084
1752068103.197093,-0.0696539580821991,0.5193564534187317,-1.060398232936859
1752068103.1991887,-0.0696539580821991,0.5193564534187317,-1.060398232936859
1752068103.2012873,-0.0696539580821991,0.5193564534187317,-1.060398232936859
1752068103.2071743,-0.04661646485328674,0.5355635523796082,-1.0886042237281799
1752068103.2092178,-0.04661646485328674,0.5355635523796082,-1.0886042237281799
1752068103.2113035,-0.04661646485328674,0.5355635523796082,-1.0886042237281799
1752068103.213401,-0.04661646485328674,0.5355635523796082,-1.0886042237281799
1752068103.216325,-0.04661646485328674,0.5355635523796082,-1.0886042237281799
1752068103.218415,-0.006897645071148872,0.5257162392139435,-1.1019885659217834
1752068103.2206109,-0.006897645071148872,0.5257162392139435,-1.1019885659217834
1752068103.2236412,-0.006897645071148872,0.5257162392139435,-1.1019885659217834
1752068103.2265713,-0.006897645071148872,0.5257162392139435,-1.1019885659217834
1752068103.2286544,0.000806933268904686,0.5425148248672486,-1.109605622291565
1752068103.2307465,0.000806933268904686,0.5425148248672486,-1.109605622291565
1752068103.2328444,0.000806933268904686,0.5425148248672486,-1.109605622291565
1752068103.2354658,-0.0014825556427240372,0.5263230443000794,-1.0939689993858337
1752068103.2382307,-0.0014825556427240372,0.5263230443000794,-1.0939689993858337
1752068103.2408764,-0.0014825556427240372,0.5263230443000794,-1.0939689993858337
1752068103.2448645,-0.0014825556427240372,0.5263230443000794,-1.0939689993858337
1752068103.2457795,-0.0014825556427240372,0.5263230443000794,-1.0939689993858337
1752068103.2478874,-0.0029459167271852493,0.5315110325813294,-1.104569685459137
1752068103.2499824,-0.0029459167271852493,0.5315110325813294,-1.104569685459137
1752068103.2520742,-0.0029459167271852493,0.5315110325813294,-1.104569685459137
1752068103.2560632,-0.0029459167271852493,0.5315110325813294,-1.104569685459137
1752068103.260099,-0.010376932099461555,0.5622337996959687,-1.1152677655220031
1752068103.2621274,-0.010376932099461555,0.5622337996959687,-1.1152677655220031
1752068103.2661507,-0.010376932099461555,0.5622337996959687,-1.1152677655220031
1752068103.2670734,-0.010376932099461555,0.5622337996959687,-1.1152677655220031
1752068103.2691529,-0.004589425399899483,0.5715337634086609,-1.106790554523468
1752068103.2724667,-0.004589425399899483,0.5715337634086609,-1.106790554523468
1752068103.2758887,-0.004589425399899483,0.5715337634086609,-1.106790554523468
1752068103.278842,-0.004589425399899483,0.5715337634086609,-1.106790554523468
1752068103.2809322,-0.006770128384232521,0.586557412147522,-1.1126643538475036
1752068103.2830281,-0.006770128384232521,0.586557412147522,-1.1126643538475036
1752068103.2851212,-0.006770128384232521,0.586557412147522,-1.1126643538475036
1752068103.2895138,-0.006770128384232521,0.586557412147522,-1.1126643538475036
1752068103.2938116,-0.006770128384232521,0.586557412147522,-1.1126643538475036
1752068103.2958398,-0.021510178223252296,0.6216485142707825,-1.1139533638954162
1752068103.2979317,-0.021510178223252296,0.6216485142707825,-1.1139533638954162
1752068103.3007724,-0.042507968842983246,0.6453832626342774,-1.1897348880767822
1752068103.3028412,-0.042507968842983246,0.6453832626342774,-1.1897348880767822
1752068103.3049383,-0.042507968842983246,0.6453832626342774,-1.1897348880767822
1752068103.3096197,-0.042507968842983246,0.6453832626342774,-1.1897348880767822
1752068103.312203,-0.042507968842983246,0.6453832626342774,-1.1897348880767822
1752068103.3142924,-0.059816330671310425,0.6706684768199921,-1.3395483911037445
1752068103.3163857,-0.059816330671310425,0.6706684768199921,-1.3395483911037445
1752068103.3184185,-0.059816330671310425,0.6706684768199921,-1.3395483911037445
1752068103.323069,-0.059816330671310425,0.6706684768199921,-1.3395483911037445
1752068103.3269072,-0.059816330671310425,0.6706684768199921,-1.3395483911037445
1752068103.3289475,0.011986864730715752,0.622911536693573,-1.5723616003990173
1752068103.3328412,0.011986864730715752,0.622911536693573,-1.5723616003990173
1752068103.3337393,0.011986864730715752,0.622911536693573,-1.5723616003990173
1752068103.336023,-0.006492258980870247,0.605695778131485,-1.5982414454221725
1752068103.3385441,-0.006492258980870247,0.605695778131485,-1.5982414454221725
1752068103.3424044,-0.006492258980870247,0.605695778131485,-1.5982414454221725
1752068103.3453455,-0.006492258980870247,0.605695778131485,-1.5982414454221725
1752068103.3474178,0.0051320698112249374,0.6858757078647614,-1.7109763834625482
1752068103.3494742,0.0051320698112249374,0.6858757078647614,-1.7109763834625482
1752068103.3515422,0.0051320698112249374,0.6858757078647614,-1.7109763834625482
1752068103.3549588,0.0051320698112249374,0.6858757078647614,-1.7109763834625482
1752068103.357436,0.0051320698112249374,0.6858757078647614,-1.7109763834625482
1752068103.3602653,0.044111594557762146,0.7076768219470978,-1.7478579252958297
1752068103.364153,0.044111594557762146,0.7076768219470978,-1.7478579252958297
1752068103.36508,0.044111594557762146,0.7076768219470978,-1.7478579252958297
1752068103.3671997,0.0634281188249588,0.7458276093006134,-1.9306333482265472
1752068103.3692684,0.0634281188249588,0.7458276093006134,-1.9306333482265472
1752068103.3715472,0.0634281188249588,0.7458276093006134,-1.9306333482265472
1752068103.3764968,0.0634281188249588,0.7458276093006134,-1.9306333482265472
1752068103.3781555,0.08165799081325531,0.7606215715408325,-2.00790588259697
1752068103.3802483,0.08165799081325531,0.7606215715408325,-2.00790588259697
1752068103.3841307,0.08165799081325531,0.7606215715408325,-2.00790588259697
1752068103.3850532,0.08165799081325531,0.7606215715408325,-2.00790588259697
1752068103.388727,0.07744340598583221,0.7242856860160828,-2.1170354902744295
1752068103.3907943,0.07744340598583221,0.7242856860160828,-2.1170354902744295
1752068103.392926,0.07744340598583221,0.7242856860160828,-2.1170354902744295
1752068103.395853,0.07744340598583221,0.7242856860160828,-2.1170354902744295
1752068103.3979416,0.08504776656627655,0.6850083559751511,-2.240856420993805
1752068103.4000359,0.08504776656627655,0.6850083559751511,-2.240856420993805
1752068103.402254,0.08504776656627655,0.6850083559751511,-2.240856420993805
1752068103.4050686,0.08504776656627655,0.6850083559751511,-2.240856420993805
1752068103.4102354,0.07237286865711212,0.6282550632953644,-2.2873760581016542
1752068103.4122837,0.07237286865711212,0.6282550632953644,-2.2873760581016542
1752068103.4162135,0.07237286865711212,0.6282550632953644,-2.2873760581016542
1752068103.4171276,0.07237286865711212,0.6282550632953644,-2.2873760581016542
1752068103.4193132,0.04477281868457794,0.5483946740627289,-2.418078970909119
1752068103.4214253,0.04477281868457794,0.5483946740627289,-2.418078970909119
1752068103.423541,0.04477281868457794,0.5483946740627289,-2.418078970909119
1752068103.4255,0.04477281868457794,0.5483946740627289,-2.418078970909119
1752068103.4282157,0.04477281868457794,0.5483946740627289,-2.418078970909119
1752068103.4303005,0.012000007554888725,0.5195966005325318,-2.470527243614197
1752068103.4323912,0.012000007554888725,0.5195966005325318,-2.470527243614197
1752068103.435112,0.0017387550324201584,0.5084963381290436,-2.5846213817596437
1752068103.4376256,0.0017387550324201584,0.5084963381290436,-2.5846213817596437
1752068103.4411578,0.0017387550324201584,0.5084963381290436,-2.5846213817596437
1752068103.445034,0.0017387550324201584,0.5084963381290436,-2.5846213817596437
1752068103.4459622,0.0017387550324201584,0.5084963381290436,-2.5846213817596437
1752068103.448083,-0.05736377835273743,0.4709010660648346,-2.5887243866920473
1752068103.4501686,-0.05736377835273743,0.4709010660648346,-2.5887243866920473
1752068103.452274,-0.05736377835273743,0.4709010660648346,-2.5887243866920473
1752068103.4549103,-0.05736377835273743,0.4709010660648346,-2.5887243866920473
1752068103.458731,-0.05736377835273743,0.4709010660648346,-2.5887243866920473
1752068103.4606245,-0.1077132523059845,0.4615225434303284,-2.5137654066085817
1752068103.4627059,-0.1077132523059845,0.4615225434303284,-2.5137654066085817
1752068103.465682,-0.14853836596012115,0.4732599198818207,-2.3283254623413088
1752068103.4676595,-0.14853836596012115,0.4732599198818207,-2.3283254623413088
1752068103.4698153,-0.14853836596012115,0.4732599198818207,-2.3283254623413088
1752068103.4718702,-0.14853836596012115,0.4732599198818207,-2.3283254623413088
1752068103.4759657,-0.14853836596012115,0.4732599198818207,-2.3283254623413088
1752068103.478022,-0.20181630551815033,0.49187069535255434,-2.1223458468914034
1752068103.4801035,-0.20181630551815033,0.49187069535255434,-2.1223458468914034
1752068103.4822154,-0.20181630551815033,0.49187069535255434,-2.1223458468914034
1752068103.4849958,-0.2433333843946457,0.44317647218704226,-2.0438542485237123
1752068103.4873426,-0.2433333843946457,0.44317647218704226,-2.0438542485237123
1752068103.4911485,-0.2433333843946457,0.44317647218704226,-2.0438542485237123
1752068103.4951391,-0.2433333843946457,0.44317647218704226,-2.0438542485237123
1752068103.4960623,-0.2433333843946457,0.44317647218704226,-2.0438542485237123
1752068103.498171,-0.19323204457759857,0.4266162157058716,-1.9835839092731475
1752068103.5002742,-0.19323204457759857,0.4266162157058716,-1.9835839092731475
1752068103.5023637,-0.19323204457759857,0.4266162157058716,-1.9835839092731475
1752068103.5064437,-0.19323204457759857,0.4266162157058716,-1.9835839092731475
1752068103.5091012,-0.19323204457759857,0.4266162157058716,-1.9835839092731475
1752068103.5110672,-0.17606790363788605,0.4050422549247742,-1.8524201929569244
1752068103.5131657,-0.17606790363788605,0.4050422549247742,-1.8524201929569244
1752068103.5159578,-0.18819211423397064,0.3926647543907166,-1.769974660873413
1752068103.518049,-0.18819211423397064,0.3926647543907166,-1.769974660873413
1752068103.520169,-0.18819211423397064,0.3926647543907166,-1.769974660873413
1752068103.5223465,-0.18819211423397064,0.3926647543907166,-1.769974660873413
1752068103.5266707,-0.18819211423397064,0.3926647543907166,-1.769974660873413
1752068103.5285523,-0.1786501407623291,0.40720328092575075,-1.6886533860117197
1752068103.5305953,-0.1786501407623291,0.40720328092575075,-1.6886533860117197
1752068103.532693,-0.1786501407623291,0.40720328092575075,-1.6886533860117197
1752068103.5354924,-0.1722538024187088,0.3957401752471924,-1.5959212824702262
1752068103.5378404,-0.1722538024187088,0.3957401752471924,-1.5959212824702262
1752068103.5413857,-0.1722538024187088,0.3957401752471924,-1.5959212824702262
1752068103.5434234,-0.1722538024187088,0.3957401752471924,-1.5959212824702262
1752068103.5463881,-0.14417973160743713,0.42212417125701907,-1.5222724497318267
1752068103.5484152,-0.14417973160743713,0.42212417125701907,-1.5222724497318267
1752068103.5504842,-0.14417973160743713,0.42212417125701907,-1.5222724497318267
1752068103.5525763,-0.14417973160743713,0.42212417125701907,-1.5222724497318267
1752068103.5563116,-0.14417973160743713,0.42212417125701907,-1.5222724497318267
1752068103.5594654,-0.1223725825548172,0.44113137722015383,-1.4079376578330993
1752068103.5614226,-0.1223725825548172,0.44113137722015383,-1.4079376578330993
1752068103.5634878,-0.1223725825548172,0.44113137722015383,-1.4079376578330993
1752068103.5663512,-0.09130546450614929,0.4910604298114777,-1.3096971333026886
1752068103.5684178,-0.09130546450614929,0.4910604298114777,-1.3096971333026886
1752068103.5705693,-0.09130546450614929,0.4910604298114777,-1.3096971333026886
1752068103.5757816,-0.09130546450614929,0.4910604298114777,-1.3096971333026886
1752068103.580466,-0.09130546450614929,0.4910604298114777,-1.3096971333026886
1752068103.582481,-0.06732989847660065,0.5474068760871887,-1.1649879932403564
1752068103.5845387,-0.06732989847660065,0.5474068760871887,-1.1649879932403564
1752068103.5870855,-0.06732989847660065,0.5474068760871887,-1.1649879932403564
1752068103.5921297,-0.06732989847660065,0.5474068760871887,-1.1649879932403564
1752068103.5939748,-0.025192851200699806,0.5943901181221009,-1.0716177940368652
1752068103.5960565,-0.025192851200699806,0.5943901181221009,-1.0716177940368652
1752068103.598158,-0.025192851200699806,0.5943901181221009,-1.0716177940368652
1752068103.6009872,-0.006784597411751747,0.5928330063819885,-0.9798147797584533
1752068103.6030853,-0.006784597411751747,0.5928330063819885,-0.9798147797584533
1752068103.605272,-0.006784597411751747,0.5928330063819885,-0.9798147797584533
1752068103.6094823,-0.006784597411751747,0.5928330063819885,-0.9798147797584533
1752068103.6104224,-0.006784597411751747,0.5928330063819885,-0.9798147797584533
1752068103.6135924,0.005364490672945976,0.5575971841812134,-0.9701965570449829
1752068103.6156993,0.005364490672945976,0.5575971841812134,-0.9701965570449829
1752068103.6178005,0.005364490672945976,0.5575971841812134,-0.9701965570449829
1752068103.6216958,0.005364490672945976,0.5575971841812134,-0.9701965570449829
1752068103.623921,0.011503806337714195,0.5403088569641114,-1.0554325699806213
1752068103.6255746,0.011503806337714195,0.5403088569641114,-1.0554325699806213
1752068103.6295223,0.011503806337714195,0.5403088569641114,-1.0554325699806213
1752068103.6304154,0.011503806337714195,0.5403088569641114,-1.0554325699806213
1752068103.632497,0.033940620720386505,0.5261351108551026,-1.0934075832366943
1752068103.6345553,0.033940620720386505,0.5261351108551026,-1.0934075832366943
1752068103.636777,0.033940620720386505,0.5261351108551026,-1.0934075832366943
1752068103.6413407,0.033940620720386505,0.5261351108551026,-1.0934075832366943
1752068103.6423082,0.033940620720386505,0.5261351108551026,-1.0934075832366943
1752068103.6457965,0.026584191247820854,0.4715095102787018,-1.0286588191986084
1752068103.6495435,0.026584191247820854,0.4715095102787018,-1.0286588191986084
1752068103.650465,0.026584191247820854,0.4715095102787018,-1.0286588191986084
1752068103.6525486,0.019495075568556786,0.4816893577575684,-1.0324930667877197
1752068103.6548207,0.019495075568556786,0.4816893577575684,-1.0324930667877197
1752068103.657916,0.019495075568556786,0.4816893577575684,-1.0324930667877197
1752068103.6612742,0.019495075568556786,0.4816893577575684,-1.0324930667877197
1752068103.6633346,0.033402204513549805,0.4574781894683838,-1.0468989729881286
1752068103.6654127,0.033402204513549805,0.4574781894683838,-1.0468989729881286
1752068103.667485,0.033402204513549805,0.4574781894683838,-1.0468989729881286
1752068103.671936,0.033402204513549805,0.4574781894683838,-1.0468989729881286
1752068103.6756313,-0.009655611589550972,0.45260282754898074,-1.0232695460319519
1752068103.6776702,-0.009655611589550972,0.45260282754898074,-1.0232695460319519
1752068103.6816463,-0.009655611589550972,0.45260282754898074,-1.0232695460319519
1752068103.6825607,-0.009655611589550972,0.45260282754898074,-1.0232695460319519
1752068103.6846676,-0.04748772084712982,0.45826038122177126,-1.012353253364563
1752068103.6869624,-0.04748772084712982,0.45826038122177126,-1.012353253364563
1752068103.6908736,-0.04748772084712982,0.45826038122177126,-1.012353253364563
1752068103.693485,-0.04748772084712982,0.45826038122177126,-1.012353253364563
1752068103.69554,-0.053716130554676056,0.46050074100494387,-1.0045124411582946
1752068103.6976168,-0.053716130554676056,0.46050074100494387,-1.0045124411582946
1752068103.6997116,-0.053716130554676056,0.46050074100494387,-1.0045124411582946
1752068103.702646,-0.0761108249425888,0.446110212802887,-1.0096221089363098
1752068103.7055092,-0.0761108249425888,0.446110212802887,-1.0096221089363098
1752068103.7090206,-0.0761108249425888,0.446110212802887,-1.0096221089363098
1752068103.712968,-0.0761108249425888,0.446110212802887,-1.0096221089363098
1752068103.7138996,-0.0761108249425888,0.446110212802887,-1.0096221089363098
1752068103.715998,-0.06585878133773804,0.42787047624588015,-1.041230571269989
1752068103.7180922,-0.06585878133773804,0.42787047624588015,-1.041230571269989
1752068103.7206674,-0.06585878133773804,0.42787047624588015,-1.041230571269989
1752068103.7257028,-0.06585878133773804,0.42787047624588015,-1.041230571269989
1752068103.7277968,-0.05957835167646408,0.4552864968776703,-1.0201754093170166
1752068103.7298682,-0.05957835167646408,0.4552864968776703,-1.0201754093170166
1752068103.7337923,-0.05957835167646408,0.4552864968776703,-1.0201754093170166
1752068103.7347083,-0.05957835167646408,0.4552864968776703,-1.0201754093170166
1752068103.7382977,-0.03733815997838974,0.4772320330142975,-1.023401689529419
1752068103.7407901,-0.03733815997838974,0.4772320330142975,-1.023401689529419
1752068103.744762,-0.03733815997838974,0.4772320330142975,-1.023401689529419
1752068103.7456884,-0.03733815997838974,0.4772320330142975,-1.023401689529419
1752068103.7477846,-0.058354511857032776,0.4366238653659821,-1.0199156522750854
1752068103.7498739,-0.058354511857032776,0.4366238653659821,-1.0199156522750854
1752068103.751966,-0.058354511857032776,0.4366238653659821,-1.0199156522750854
1752068103.7577307,-0.058354511857032776,0.4366238653659821,-1.0199156522750854
1752068103.7597444,-0.04989456385374069,0.42372351288795473,-1.0400402665138244
1752068103.76182,-0.04989456385374069,0.42372351288795473,-1.0400402665138244
1752068103.7639186,-0.04989456385374069,0.42372351288795473,-1.0400402665138244
1752068103.7665727,-0.07482947409152985,0.4374378859996796,-1.0699525594711303
1752068103.768663,-0.07482947409152985,0.4374378859996796,-1.0699525594711303
1752068103.7707994,-0.07482947409152985,0.4374378859996796,-1.0699525594711303
1752068103.77451,-0.07482947409152985,0.4374378859996796,-1.0699525594711303
1752068103.7778327,-0.07482947409152985,0.4374378859996796,-1.0699525594711303
1752068103.7799206,-0.09873970597982407,0.5045078039169312,-1.056799066066742
1752068103.7819984,-0.09873970597982407,0.5045078039169312,-1.056799066066742
1752068103.784097,-0.09873970597982407,0.5045078039169312,-1.056799066066742
1752068103.7899768,-0.09873970597982407,0.5045078039169312,-1.056799066066742
1752068103.792489,-0.08258669078350067,0.5567633152008057,-1.0702539801597595
1752068103.7944732,-0.08258669078350067,0.5567633152008057,-1.0702539801597595
1752068103.796541,-0.08258669078350067,0.5567633152008057,-1.0702539801597595
1752068103.7993078,-0.044144026935100555,0.5552022099494934,-1.1004178047180175
1752068103.8013978,-0.044144026935100555,0.5552022099494934,-1.1004178047180175
1752068103.8034396,-0.044144026935100555,0.5552022099494934,-1.1004178047180175
1752068103.8060093,-0.044144026935100555,0.5552022099494934,-1.1004178047180175
1752068103.8110223,-0.044144026935100555,0.5552022099494934,-1.1004178047180175
1752068103.8129694,-0.02048332430422306,0.5347436904907227,-1.0966538906097412
1752068103.8150978,-0.02048332430422306,0.5347436904907227,-1.0966538906097412
1752068103.817157,-0.02048332430422306,0.5347436904907227,-1.0966538906097412
1752068103.8225226,-0.02048332430422306,0.5347436904907227,-1.0966538906097412
1752068103.824535,-0.012014077976346016,0.542477810382843,-1.102052104473114
1752068103.826543,-0.012014077976346016,0.542477810382843,-1.102052104473114
1752068103.8304887,-0.012014077976346016,0.542477810382843,-1.102052104473114
1752068103.8314044,-0.012014077976346016,0.542477810382843,-1.102052104473114
1752068103.8334837,-0.017935695126652718,0.5529824137687683,-1.1015794396400451
1752068103.8355432,-0.017935695126652718,0.5529824137687683,-1.1015794396400451
1752068103.840443,-0.017935695126652718,0.5529824137687683,-1.1015794396400451
1752068103.8439202,-0.017935695126652718,0.5529824137687683,-1.1015794396400451
1752068103.845978,-0.015337863937020302,0.5490624845027924,-1.1040257334709167
1752068103.848068,-0.015337863937020302,0.5490624845027924,-1.1040257334709167
1752068103.850166,-0.015337863937020302,0.5490624845027924,-1.1040257334709167
1752068103.85305,-0.01532798446714878,0.5776122152805329,-1.107674789428711
1752068103.8573997,-0.01532798446714878,0.5776122152805329,-1.107674789428711
1752068103.8592234,-0.01532798446714878,0.5776122152805329,-1.107674789428711
1752068103.863146,-0.01532798446714878,0.5776122152805329,-1.107674789428711
1752068103.8640358,-0.01532798446714878,0.5776122152805329,-1.107674789428711
1752068103.8661435,-0.011734293773770332,0.5860880255699158,-1.0976681232452392
1752068103.8682384,-0.011734293773770332,0.5860880255699158,-1.0976681232452392
1752068103.8704693,-0.011734293773770332,0.5860880255699158,-1.0976681232452392
1752068103.876296,-0.011734293773770332,0.5860880255699158,-1.0976681232452392
1752068103.8782897,-0.023652000352740288,0.6376108765602112,-1.1149662256240844
1752068103.8803692,-0.023652000352740288,0.6376108765602112,-1.1149662256240844
1752068103.8824234,-0.023652000352740288,0.6376108765602112,-1.1149662256240844
1752068103.8852472,-0.037925951182842255,0.6348175346851349,-1.1204750657081604
1752068103.8895638,-0.037925951182842255,0.6348175346851349,-1.1204750657081604
1752068103.8920467,-0.037925951182842255,0.6348175346851349,-1.1204750657081604
1752068103.8959358,-0.037925951182842255,0.6348175346851349,-1.1204750657081604
1752068103.8968558,-0.037925951182842255,0.6348175346851349,-1.1204750657081604
1752068103.8989606,-0.06297508627176285,0.6767415493726731,-1.2328882932662963
1752068103.90105,-0.06297508627176285,0.6767415493726731,-1.2328882932662963
1752068103.9032264,-0.06297508627176285,0.6767415493726731,-1.2328882932662963
1752068103.9069,-0.06297508627176285,0.6767415493726731,-1.2328882932662963
1752068103.9088578,-0.06297508627176285,0.6767415493726731,-1.2328882932662963
1752068103.9129095,-0.018301548436284065,0.623633885383606,-1.53207967877388
1752068103.9149904,-0.018301548436284065,0.623633885383606,-1.53207967877388
1752068103.9175868,0.018439507111907005,0.6105263471603394,-1.6719921704381704
1752068103.9197166,0.018439507111907005,0.6105263471603394,-1.6719921704381704
1752068103.923081,0.018439507111907005,0.6105263471603394,-1.6719921704381704
1752068103.9274747,0.018439507111907005,0.6105263471603394,-1.6719921704381704
1752068103.9284112,0.018439507111907005,0.6105263471603394,-1.6719921704381704
1752068103.9306386,0.0047118645161390305,0.6518775910139084,-1.671416862681508
1752068103.9327292,0.0047118645161390305,0.6518775910139084,-1.671416862681508
1752068103.935936,0.0047118645161390305,0.6518775910139084,-1.671416862681508
1752068103.9368846,0.0047118645161390305,0.6518775910139084,-1.671416862681508
1752068103.9405107,0.0047118645161390305,0.6518775910139084,-1.671416862681508
1752068103.9441566,0.0047118645161390305,0.6518775910139084,-1.671416862681508
1752068103.945277,0.0047118645161390305,0.6518775910139084,-1.671416862681508
1752068103.947891,0.048107296228408813,0.7355575948953629,-1.8664176732301712
1752068103.9499888,0.027963755652308464,0.7261208236217499,-1.8603817343711853
1752068103.9524755,0.027963755652308464,0.7261208236217499,-1.8603817343711853
1752068103.9543762,0.027963755652308464,0.7261208236217499,-1.8603817343711853
1752068103.959776,0.027963755652308464,0.7261208236217499,-1.8603817343711853
1752068103.9618142,0.05827592313289642,0.6672442197799683,-1.9462731897830963
1752068103.9638968,0.05827592313289642,0.6672442197799683,-1.9462731897830963
1752068103.965998,0.05827592313289642,0.6672442197799683,-1.9462731897830963
1752068103.9691892,0.0767407938838005,0.6991049587726593,-2.0273274004459383
1752068103.9711518,0.0767407938838005,0.6991049587726593,-2.0273274004459383
1752068103.974596,0.0767407938838005,0.6991049587726593,-2.0273274004459383
1752068103.9785447,0.0767407938838005,0.6991049587726593,-2.0273274004459383
1752068103.9794798,0.0767407938838005,0.6991049587726593,-2.0273274004459383
1752068103.9815555,0.06945046037435532,0.6999653518199921,-2.2139153599739076
1752068103.9836395,0.06945046037435532,0.6999653518199921,-2.2139153599739076
1752068103.9858081,0.06945046037435532,0.6999653518199921,-2.2139153599739076
1752068103.989923,0.06945046037435532,0.6999653518199921,-2.2139153599739076
1752068103.9946477,0.06945046037435532,0.6999653518199921,-2.2139153599739076
1752068103.9967926,0.05098468065261841,0.5929963529109955,-2.2508100390434267
1752068104.000591,0.05098468065261841,0.5929963529109955,-2.2508100390434267
1752068104.0014868,0.05098468065261841,0.5929963529109955,-2.2508100390434267
1752068104.0037706,0.04300899803638458,0.5707506775856018,-2.4158274650573732
1752068104.007318,0.04300899803638458,0.5707506775856018,-2.4158274650573732
1752068104.0113413,0.04300899803638458,0.5707506775856018,-2.4158274650573732
1752068104.012274,0.04300899803638458,0.5707506775856018,-2.4158274650573732
1752068104.0143666,0.01760770194232464,0.5437541246414185,-2.480983865261078
1752068104.016422,0.01760770194232464,0.5437541246414185,-2.480983865261078
1752068104.0184803,0.01760770194232464,0.5437541246414185,-2.480983865261078
1752068104.0228999,0.01760770194232464,0.5437541246414185,-2.480983865261078
1752068104.0276093,0.01760770194232464,0.5437541246414185,-2.480983865261078
1752068104.0296311,0.01003137044608593,0.5306200623512268,-2.5719037771224977
1752068104.0317323,0.01003137044608593,0.5306200623512268,-2.5719037771224977
1752068104.0345669,-0.05711802840232849,0.4994323194026947,-2.606951725482941
1752068104.0374458,-0.05711802840232849,0.4994323194026947,-2.606951725482941
1752068104.041669,-0.05711802840232849,0.4994323194026947,-2.606951725482941
1752068104.0455809,-0.05711802840232849,0.4994323194026947,-2.606951725482941
1752068104.0464997,-0.05711802840232849,0.4994323194026947,-2.606951725482941
1752068104.048577,-0.10198262333869934,0.49635189175605776,-2.560561788082123
1752068104.0506687,-0.10198262333869934,0.49635189175605776,-2.560561788082123
1752068104.0527382,-0.10198262333869934,0.49635189175605776,-2.560561788082123
1752068104.0588694,-0.10198262333869934,0.49635189175605776,-2.560561788082123
1752068104.0612323,-0.15659256279468536,0.4781192183494568,-2.311872494220734
1752068104.0633094,-0.15659256279468536,0.4781192183494568,-2.311872494220734
1752068104.0672529,-0.15659256279468536,0.4781192183494568,-2.311872494220734
1752068104.068213,-0.15659256279468536,0.4781192183494568,-2.311872494220734
1752068104.0738087,-0.2363763153553009,0.4732961893081665,-2.061855298280716
1752068104.075797,-0.2363763153553009,0.4732961893081665,-2.061855298280716
1752068104.0798318,-0.2363763153553009,0.4732961893081665,-2.061855298280716
1752068104.0807462,-0.2363763153553009,0.4732961893081665,-2.061855298280716
1752068104.0828657,-0.22842904925346375,0.4335536301136017,-2.0720252215862276
1752068104.0849435,-0.22842904925346375,0.4335536301136017,-2.0720252215862276
1752068104.0875504,-0.22842904925346375,0.4335536301136017,-2.0720252215862276
1752068104.0916014,-0.22842904925346375,0.4335536301136017,-2.0720252215862276
1752068104.0943816,-0.181203231215477,0.4377342998981476,-1.9653819620609283
1752068104.0964124,-0.181203231215477,0.4377342998981476,-1.9653819620609283
1752068104.0991788,-0.181203231215477,0.4377342998981476,-1.9653819620609283
1752068104.1011558,-0.181203231215477,0.4377342998981476,-1.9653819620609283
1752068104.1043448,-0.17195767164230347,0.4134742856025696,-1.87650505900383
1752068104.1069224,-0.17195767164230347,0.4134742856025696,-1.87650505900383
1752068104.1087866,-0.17195767164230347,0.4134742856025696,-1.87650505900383
1752068104.1117184,-0.1793406754732132,0.39707603454589846,-1.76494103372097
1752068104.1137984,-0.1793406754732132,0.39707603454589846,-1.76494103372097
1752068104.115886,-0.1793406754732132,0.39707603454589846,-1.76494103372097
1752068104.1179895,-0.1793406754732132,0.39707603454589846,-1.76494103372097
1752068104.1253285,-0.1793406754732132,0.39707603454589846,-1.76494103372097
1752068104.1273255,-0.178773432970047,0.3997328519821167,-1.6979217126965522
1752068104.1293962,-0.178773432970047,0.3997328519821167,-1.6979217126965522
1752068104.1314325,-0.178773432970047,0.3997328519821167,-1.6979217126965522
1752068104.1341722,-0.17887504398822784,0.38864567279815676,-1.570854690670967
1752068104.1363013,-0.17887504398822784,0.38864567279815676,-1.570854690670967
1752068104.140091,-0.17887504398822784,0.38864567279815676,-1.570854690670967
1752068104.1435049,-0.17887504398822784,0.38864567279815676,-1.570854690670967
1752068104.1461034,-0.17887504398822784,0.38864567279815676,-1.570854690670967
1752068104.1482024,-0.14251819252967834,0.41700964570045473,-1.4733995169401168
1752068104.1502843,-0.14251819252967834,0.41700964570045473,-1.4733995169401168
1752068104.152454,-0.14251819252967834,0.41700964570045473,-1.4733995169401168
1752068104.1593728,-0.14251819252967834,0.41700964570045473,-1.4733995169401168
1752068104.1603196,-0.14251819252967834,0.41700964570045473,-1.4733995169401168
1752068104.162413,-0.09383081644773483,0.48158671855926516,-1.3509015262126922
1752068104.1644895,-0.09383081644773483,0.48158671855926516,-1.3509015262126922
1752068104.1670966,-0.0702754333615303,0.5251263916492462,-1.2639357566833496
1752068104.1692169,-0.0702754333615303,0.5251263916492462,-1.2639357566833496
1752068104.1724608,-0.0702754333615303,0.5251263916492462,-1.2639357566833496
1752068104.176455,-0.0702754333615303,0.5251263916492462,-1.2639357566833496
1752068104.1773932,-0.0702754333615303,0.5251263916492462,-1.2639357566833496
1752068104.179473,-0.04106700420379639,0.5851780414581299,-1.1351356625556945
1752068104.1815252,-0.04106700420379639,0.5851780414581299,-1.1351356625556945
1752068104.1835935,-0.04106700420379639,0.5851780414581299,-1.1351356625556945
1752068104.1872864,-0.022595161572098732,0.6090317606925965,-1.0661273717880249
1752068104.1902118,-0.022595161572098732,0.6090317606925965,-1.0661273717880249
1752068104.1922033,-0.022595161572098732,0.6090317606925965,-1.0661273717880249
1752068104.1942618,-0.022595161572098732,0.6090317606925965,-1.0661273717880249
1752068104.197123,-0.01992029882967472,0.5898828744888306,-0.9824097275733947
1752068104.1992176,-0.01992029882967472,0.5898828744888306,-0.9824097275733947
1752068104.2013035,-0.01992029882967472,0.5898828744888306,-0.9824097275733947
1752068104.2053652,-0.01992029882967472,0.5898828744888306,-0.9824097275733947
1752068104.206365,-0.01992029882967472,0.5898828744888306,-0.9824097275733947
1752068104.2095766,-0.014457302168011665,0.5449461281299591,-0.9732619643211364
1752068104.2116442,-0.014457302168011665,0.5449461281299591,-0.9732619643211364
1752068104.2154434,-0.014457302168011665,0.5449461281299591,-0.9732619643211364
1752068104.2163649,-0.014457302168011665,0.5449461281299591,-0.9732619643211364
1752068104.2184124,0.0341792032122612,0.5829056739807129,-1.111447823047638
1752068104.2227976,0.0341792032122612,0.5829056739807129,-1.111447823047638
1752068104.2248192,0.0341792032122612,0.5829056739807129,-1.111447823047638
1752068104.2278037,0.019424980506300926,0.5514466404914856,-1.080343735218048
1752068104.2298932,0.019424980506300926,0.5514466404914856,-1.080343735218048
1752068104.2319798,0.019424980506300926,0.5514466404914856,-1.080343735218048
1752068104.234077,0.019424980506300926,0.5514466404914856,-1.080343735218048
1752068104.2407346,0.019424980506300926,0.5514466404914856,-1.080343735218048
1752068104.2427263,0.008220160380005836,0.4775360465049744,-1.0278797268867492
1752068104.2448034,0.008220160380005836,0.4775360465049744,-1.0278797268867492
1752068104.248774,0.008220160380005836,0.4775360465049744,-1.0278797268867492
1752068104.2496965,0.008220160380005836,0.4775360465049744,-1.0278797268867492
1752068104.251805,0.015751099213957787,0.4709115564823151,-1.042810571193695
1752068104.2561028,0.015751099213957787,0.4709115564823151,-1.042810571193695
1752068104.2582047,0.015751099213957787,0.4709115564823151,-1.042810571193695
1752068104.261186,0.012548653408885002,0.4629920065402985,-1.0409165740013122
1752068104.2632825,0.012548653408885002,0.4629920065402985,-1.0409165740013122
1752068104.265363,0.012548653408885002,0.4629920065402985,-1.0409165740013122
1752068104.267421,0.012548653408885002,0.4629920065402985,-1.0409165740013122
1752068104.2739966,0.012548653408885002,0.4629920065402985,-1.0409165740013122
1752068104.2761567,-0.016689004376530647,0.46462693214416506,-1.0167685866355896
1752068104.278233,-0.016689004376530647,0.46462693214416506,-1.0167685866355896
1752068104.282167,-0.016689004376530647,0.46462693214416506,-1.0167685866355896
1752068104.2830834,-0.016689004376530647,0.46462693214416506,-1.0167685866355896
1752068104.285199,-0.052848443388938904,0.478232616186142,-1.0067485690116882
1752068104.2894905,-0.052848443388938904,0.478232616186142,-1.0067485690116882
1752068104.2920291,-0.052848443388938904,0.478232616186142,-1.0067485690116882
1752068104.2950253,-0.05991256237030029,0.45704358220100405,-1.0065537810325622
1752068104.2971203,-0.05991256237030029,0.45704358220100405,-1.0065537810325622
1752068104.299207,-0.05991256237030029,0.45704358220100405,-1.0065537810325622
1752068104.301299,-0.05991256237030029,0.45704358220100405,-1.0065537810325622
1752068104.3083212,-0.05991256237030029,0.45704358220100405,-1.0065537810325622
1752068104.3102143,-0.07237157225608826,0.45274087190628054,-1.0229824304580688
1752068104.3122945,-0.07237157225608826,0.45274087190628054,-1.0229824304580688
1752068104.3143904,-0.07237157225608826,0.45274087190628054,-1.0229824304580688
1752068104.3171747,-0.08095204085111618,0.46580305099487307,-1.026409101486206
1752068104.3192546,-0.08095204085111618,0.46580305099487307,-1.026409101486206
1752068104.324485,-0.08095204085111618,0.46580305099487307,-1.026409101486206
1752068104.3283565,-0.08095204085111618,0.46580305099487307,-1.026409101486206
1752068104.3292775,-0.08095204085111618,0.46580305099487307,-1.026409101486206
1752068104.3314207,-0.06523021310567856,0.476935350894928,-1.0239986896514892
1752068104.3334098,-0.06523021310567856,0.476935350894928,-1.0239986896514892
1752068104.3358731,-0.06523021310567856,0.476935350894928,-1.0239986896514892
1752068104.3421967,-0.06523021310567856,0.476935350894928,-1.0239986896514892
1752068104.3442643,-0.06963039934635162,0.47441198825836184,-1.0210033178329467
1752068104.34634,-0.06963039934635162,0.47441198825836184,-1.0210033178329467
1752068104.3484228,-0.06963039934635162,0.47441198825836184,-1.0210033178329467
1752068104.3511565,-0.07015086710453033,0.4448391437530518,-1.0270968794822692
1752068104.353283,-0.07015086710453033,0.4448391437530518,-1.0270968794822692
1752068104.355441,-0.07015086710453033,0.4448391437530518,-1.0270968794822692
1752068104.3594532,-0.07015086710453033,0.4448391437530518,-1.0270968794822692
1752068104.3603876,-0.07015086710453033,0.4448391437530518,-1.0270968794822692
1752068104.3624396,-0.05726836621761322,0.43785437345504763,-1.0613044023513794
1752068104.3645031,-0.05726836621761322,0.43785437345504763,-1.0613044023513794
1752068104.366571,-0.05726836621761322,0.43785437345504763,-1.0613044023513794
1752068104.3696666,-0.10335996747016907,0.5023741066455841,-1.0718339204788208
1752068104.3718708,-0.10335996747016907,0.5023741066455841,-1.0718339204788208
1752068104.3738563,-0.10335996747016907,0.5023741066455841,-1.0718339204788208
1752068104.376387,-0.10335996747016907,0.5023741066455841,-1.0718339204788208
1752068104.3789556,-0.10335996747016907,0.5023741066455841,-1.0718339204788208
1752068104.3810406,-0.09359827637672424,0.5190202534198761,-1.0608463406562805
1752068104.3831291,-0.09359827637672424,0.5190202534198761,-1.0608463406562805
1752068104.3852339,-0.09359827637672424,0.5190202534198761,-1.0608463406562805
1752068104.3893538,-0.09359827637672424,0.5190202534198761,-1.0608463406562805
1752068104.3920174,-0.09359827637672424,0.5190202534198761,-1.0608463406562805
1752068104.3940136,-0.06675197184085846,0.5443679034709931,-1.0833934664726257
1752068104.3961058,-0.06675197184085846,0.5443679034709931,-1.0833934664726257
1752068104.3989577,-0.020970294252038002,0.5246732473373413,-1.1064223170280456
1752068104.4010553,-0.020970294252038002,0.5246732473373413,-1.1064223170280456
1752068104.4044282,-0.020970294252038002,0.5246732473373413,-1.1064223170280456
1752068104.4073992,-0.020970294252038002,0.5246732473373413,-1.1064223170280456
1752068104.4099157,-0.020970294252038002,0.5246732473373413,-1.1064223170280456
1752068104.4119956,-0.0072437915951013565,0.5446462571620941,-1.1129844903945922
1752068104.4140844,-0.0072437915951013565,0.5446462571620941,-1.1129844903945922
1752068104.4161859,-0.0072437915951013565,0.5446462571620941,-1.1129844903945922
1752068104.4213312,-0.014891626313328743,0.5451833248138428,-1.0999156951904296
1752068104.4233603,-0.014891626313328743,0.5451833248138428,-1.0999156951904296
1752068104.4253325,-0.014891626313328743,0.5451833248138428,-1.0999156951904296
1752068104.4274154,-0.014891626313328743,0.5451833248138428,-1.0999156951904296
1752068104.430288,-0.014891626313328743,0.5451833248138428,-1.0999156951904296
1752068104.4323776,-0.030782008543610573,0.5309238374233246,-1.1010928273200988
1752068104.4344141,-0.030782008543610573,0.5309238374233246,-1.1010928273200988
1752068104.436495,-0.030782008543610573,0.5309238374233246,-1.1010928273200988
1752068104.442104,-0.030782008543610573,0.5309238374233246,-1.1010928273200988
1752068104.4430697,-0.030782008543610573,0.5309238374233246,-1.1010928273200988
1752068104.445156,-0.02631417103111744,0.5506528854370117,-1.1065511226654052
1752068104.4472678,-0.02631417103111744,0.5506528854370117,-1.1065511226654052
1752068104.4499483,-0.02089596726000309,0.5894581317901612,-1.1238083958625793
1752068104.4524558,-0.02089596726000309,0.5894581317901612,-1.1238083958625793
1752068104.4546385,-0.02089596726000309,0.5894581317901612,-1.1238083958625793
1752068104.4585435,-0.02089596726000309,0.5894581317901612,-1.1238083958625793
1752068104.4594634,-0.02089596726000309,0.5894581317901612,-1.1238083958625793
1752068104.4621377,-0.017954902723431587,0.5954877972602844,-1.1190880060195922
1752068104.4642258,-0.017954902723431587,0.5954877972602844,-1.1190880060195922
1752068104.4663277,-0.017954902723431587,0.5954877972602844,-1.1190880060195922
1752068104.4699948,-0.023504311218857765,0.638540381193161,-1.1317217469215393
1752068104.4726038,-0.023504311218857765,0.638540381193161,-1.1317217469215393
1752068104.4746795,-0.023504311218857765,0.638540381193161,-1.1317217469215393
1752068104.4766107,-0.023504311218857765,0.638540381193161,-1.1317217469215393
1752068104.4795344,-0.04688219726085663,0.6491461038589478,-1.096458625793457
1752068104.4816365,-0.04688219726085663,0.6491461038589478,-1.096458625793457
1752068104.483714,-0.04688219726085663,0.6491461038589478,-1.096458625793457
1752068104.4857957,-0.04688219726085663,0.6491461038589478,-1.096458625793457
1752068104.491198,-0.04688219726085663,0.6491461038589478,-1.096458625793457
1752068104.4931667,-0.06676897406578064,0.6866577208042145,-1.2519597828388214
1752068104.4952648,-0.06676897406578064,0.6866577208042145,-1.2519597828388214
1752068104.4991217,-0.06676897406578064,0.6866577208042145,-1.2519597828388214
1752068104.5000377,-0.06676897406578064,0.6866577208042145,-1.2519597828388214
1752068104.502399,-0.051485851407051086,0.653725677728653,-1.4157489955425262
1752068104.5047731,-0.051485851407051086,0.653725677728653,-1.4157489955425262
1752068104.5068908,-0.051485851407051086,0.653725677728653,-1.4157489955425262
1752068104.5098484,-0.051485851407051086,0.653725677728653,-1.4157489955425262
1752068104.5119221,0.027507899329066277,0.6262035608291626,-1.6964344836771488
1752068104.5140097,0.027507899329066277,0.6262035608291626,-1.6964344836771488
1752068104.5161085,0.027507899329066277,0.6262035608291626,-1.6964344836771488
1752068104.5186388,0.027507899329066277,0.6262035608291626,-1.6964344836771488
1752068104.5220585,-0.0007490608841180801,0.6318931519985199,-1.644435752928257
1752068104.5241652,-0.0007490608841180801,0.6318931519985199,-1.644435752928257
1752068104.5280674,-0.0007490608841180801,0.6318931519985199,-1.644435752928257
1752068104.5289958,-0.0007490608841180801,0.6318931519985199,-1.644435752928257
1752068104.531099,-0.0020174626260995865,0.7276652097702027,-1.8374870240688324
1752068104.5331957,-0.0020174626260995865,0.7276652097702027,-1.8374870240688324
1752068104.5352967,-0.0020174626260995865,0.7276652097702027,-1.8374870240688324
1752068104.5395305,-0.0020174626260995865,0.7276652097702027,-1.8374870240688324
1752068104.5418146,-0.0020174626260995865,0.7276652097702027,-1.8374870240688324
1752068104.5438297,0.03629980981349945,0.7325706124305725,-1.840388861298561
1752068104.5459206,0.03629980981349945,0.7325706124305725,-1.840388861298561
1752068104.548756,0.07119961827993393,0.7308327794075012,-2.0343137204647066
1752068104.5508442,0.07119961827993393,0.7308327794075012,-2.0343137204647066
1752068104.5529647,0.07119961827993393,0.7308327794075012,-2.0343137204647066
1752068104.55745,0.07119961827993393,0.7308327794075012,-2.0343137204647066
1752068104.5584154,0.07119961827993393,0.7308327794075012,-2.0343137204647066
1752068104.560615,0.07119961827993393,0.7308327794075012,-2.0343137204647066
1752068104.5627015,0.09325703978538513,0.7317544609308243,-2.054363173246384
1752068104.5648003,0.09325703978538513,0.7317544609308243,-2.054363173246384
1752068104.567586,0.06352110207080841,0.7152298927307129,-2.2896432399749758
1752068104.5697527,0.06352110207080841,0.7152298927307129,-2.2896432399749758
1752068104.5721066,0.06352110207080841,0.7152298927307129,-2.2896432399749758
1752068104.5747337,0.06352110207080841,0.7152298927307129,-2.2896432399749758
1752068104.5772839,0.06352110207080841,0.7152298927307129,-2.2896432399749758
1752068104.5793467,0.03869377076625824,0.6335328757762909,-2.308093798160553
1752068104.5814652,0.03869377076625824,0.6335328757762909,-2.308093798160553
1752068104.5835097,0.03869377076625824,0.6335328757762909,-2.308093798160553
1752068104.586826,0.03869377076625824,0.6335328757762909,-2.308093798160553
1752068104.5906215,0.035190850496292114,0.59108647108078,-2.452380430698395
1752068104.5925019,0.035190850496292114,0.59108647108078,-2.452380430698395
1752068104.5965211,0.035190850496292114,0.59108647108078,-2.452380430698395
1752068104.5974607,0.035190850496292114,0.59108647108078,-2.452380430698395
1752068104.5995376,0.0077956002205610275,0.5384973227977753,-2.520299565792084
1752068104.6015935,0.0077956002205610275,0.5384973227977753,-2.520299565792084
1752068104.6038148,0.0077956002205610275,0.5384973227977753,-2.520299565792084
1752068104.608618,0.0077956002205610275,0.5384973227977753,-2.520299565792084
1752068104.6106331,-0.02210867591202259,0.5008577048778534,-2.589481782913208
1752068104.612659,-0.02210867591202259,0.5008577048778534,-2.589481782913208
1752068104.6147432,-0.02210867591202259,0.5008577048778534,-2.589481782913208
1752068104.6175642,-0.0764802023768425,0.49492099285125735,-2.623753917217255
1752068104.6199284,-0.0764802023768425,0.49492099285125735,-2.623753917217255
1752068104.6235886,-0.0764802023768425,0.49492099285125735,-2.623753917217255
1752068104.6276062,-0.0764802023768425,0.49492099285125735,-2.623753917217255
1752068104.6285396,-0.0764802023768425,0.49492099285125735,-2.623753917217255
1752068104.6306434,-0.11333721876144409,0.4852113962173462,-2.5737109899520876
1752068104.6327033,-0.11333721876144409,0.4852113962173462,-2.5737109899520876
1752068104.6347802,-0.11333721876144409,0.4852113962173462,-2.5737109899520876
1752068104.6376152,-0.11333721876144409,0.4852113962173462,-2.5737109899520876
1752068104.6414292,-0.15604422986507416,0.46513029336929324,-2.300409030914307
1752068104.6433868,-0.15604422986507416,0.46513029336929324,-2.300409030914307
1752068104.6473815,-0.15604422986507416,0.46513029336929324,-2.300409030914307
1752068104.648318,-0.15604422986507416,0.46513029336929324,-2.300409030914307
1752068104.6504462,-0.22929304838180542,0.478197717666626,-2.082887572050095
1752068104.6524873,-0.22929304838180542,0.478197717666626,-2.082887572050095
1752068104.654634,-0.22929304838180542,0.478197717666626,-2.082887572050095
1752068104.659577,-0.22929304838180542,0.478197717666626,-2.082887572050095
1752068104.6616406,-0.2382018119096756,0.4484925508499146,-2.0646329641342165
1752068104.6637006,-0.2382018119096756,0.4484925508499146,-2.0646329641342165
1752068104.6657698,-0.2382018119096756,0.4484925508499146,-2.0646329641342165
1752068104.6683443,-0.1793764978647232,0.41634305715560915,-1.9745297849178314
1752068104.670452,-0.1793764978647232,0.41634305715560915,-1.9745297849178314
1752068104.6737545,-0.1793764978647232,0.41634305715560915,-1.9745297849178314
1752068104.6776285,-0.1793764978647232,0.41634305715560915,-1.9745297849178314
1752068104.678564,-0.1793764978647232,0.41634305715560915,-1.9745297849178314
1752068104.6806457,-0.1626988798379898,0.4109185576438904,-1.883832898736
1752068104.6827054,-0.1626988798379898,0.4109185576438904,-1.883832898736
1752068104.6847742,-0.1626988798379898,0.4109185576438904,-1.883832898736
1752068104.688713,-0.1626988798379898,0.4109185576438904,-1.883832898736
1752068104.6916223,-0.1702946275472641,0.38609262704849245,-1.775906217098236
1752068104.6936517,-0.1702946275472641,0.38609262704849245,-1.775906217098236
1752068104.6976233,-0.1702946275472641,0.38609262704849245,-1.775906217098236
1752068104.698552,-0.1702946275472641,0.38609262704849245,-1.775906217098236
1752068104.7006452,-0.1674042046070099,0.39394142627716067,-1.703134625032544
1752068104.702705,-0.1674042046070099,0.39394142627716067,-1.703134625032544
1752068104.7059338,-0.1674042046070099,0.39394142627716067,-1.703134625032544
1752068104.709144,-0.1674042046070099,0.39394142627716067,-1.703134625032544
1752068104.7111742,-0.17309971153736115,0.38732274770736697,-1.5911201357841491
1752068104.713276,-0.17309971153736115,0.38732274770736697,-1.5911201357841491
1752068104.715368,-0.17309971153736115,0.38732274770736697,-1.5911201357841491
1752068104.7179985,-0.14974261820316315,0.40500163435935976,-1.5237523138523101
1752068104.7201192,-0.14974261820316315,0.40500163435935976,-1.5237523138523101
1752068104.7237346,-0.14974261820316315,0.40500163435935976,-1.5237523138523101
1752068104.7276921,-0.14974261820316315,0.40500163435935976,-1.5237523138523101
1752068104.7286305,-0.14974261820316315,0.40500163435935976,-1.5237523138523101
1752068104.7307022,-0.1246582418680191,0.4485602915287018,-1.4245028018951416
1752068104.7327607,-0.1246582418680191,0.4485602915287018,-1.4245028018951416
1752068104.7348413,-0.1246582418680191,0.4485602915287018,-1.4245028018951416
1752068104.7407203,-0.1246582418680191,0.4485602915287018,-1.4245028018951416
1752068104.7425828,-0.10600948333740234,0.4790815353393555,-1.3108209192752838
1752068104.744667,-0.10600948333740234,0.4790815353393555,-1.3108209192752838
1752068104.7467372,-0.10600948333740234,0.4790815353393555,-1.3108209192752838
1752068104.7496135,-0.08257590979337692,0.5495512127876282,-1.1935739636421203
1752068104.7516904,-0.08257590979337692,0.5495512127876282,-1.1935739636421203
1752068104.7538993,-0.08257590979337692,0.5495512127876282,-1.1935739636421203
1752068104.7559977,-0.08257590979337692,0.5495512127876282,-1.1935739636421203
1752068104.7602355,-0.08257590979337692,0.5495512127876282,-1.1935739636421203
1752068104.7622912,-0.04832405596971512,0.5909319162368775,-1.091577422618866
1752068104.7643747,-0.04832405596971512,0.5909319162368775,-1.091577422618866
1752068104.7664402,-0.04832405596971512,0.5909319162368775,-1.091577422618866
1752068104.7692392,-0.018106574192643166,0.5981636285781861,-1.011788022518158
1752068104.7721176,-0.018106574192643166,0.5981636285781861,-1.011788022518158
1752068104.774486,-0.018106574192643166,0.5981636285781861,-1.011788022518158
1752068104.778479,-0.018106574192643166,0.5981636285781861,-1.011788022518158
1752068104.7794187,-0.018106574192643166,0.5981636285781861,-1.011788022518158
1752068104.781499,0.006280733272433281,0.575056278705597,-0.9750695347785949
1752068104.7835705,0.006280733272433281,0.575056278705597,-0.9750695347785949
1752068104.7856526,0.006280733272433281,0.575056278705597,-0.9750695347785949
1752068104.7896583,0.006280733272433281,0.575056278705597,-0.9750695347785949
1752068104.7924936,0.006280733272433281,0.575056278705597,-0.9750695347785949
1752068104.7945375,-0.001156618818640709,0.5224823594093323,-0.9908026576042175
1752068104.7966275,-0.001156618818640709,0.5224823594093323,-0.9908026576042175
1752068104.7992208,0.04393124580383301,0.610808664560318,-1.1678466320037841
1752068104.8013163,0.04393124580383301,0.610808664560318,-1.1678466320037841
1752068104.8038266,0.04393124580383301,0.610808664560318,-1.1678466320037841
1752068104.8091524,0.04393124580383301,0.610808664560318,-1.1678466320037841
1752068104.8101337,0.04393124580383301,0.610808664560318,-1.1678466320037841
1752068104.812219,0.02393503300845623,0.49935206174850466,-1.0475657105445861
1752068104.8143084,0.02393503300845623,0.49935206174850466,-1.0475657105445861
1752068104.8164062,0.02393503300845623,0.49935206174850466,-1.0475657105445861
1752068104.819378,0.029406188055872917,0.4684399008750916,-1.0260173201560974
1752068104.8236659,0.029406188055872917,0.4684399008750916,-1.0260173201560974
1752068104.8256037,0.029406188055872917,0.4684399008750916,-1.0260173201560974
1752068104.827675,0.029406188055872917,0.4684399008750916,-1.0260173201560974
1752068104.8306448,0.02246309630572796,0.46752398610115053,-1.0608078360557556
1752068104.83271,0.02246309630572796,0.46752398610115053,-1.0608078360557556
1752068104.8347747,0.02246309630572796,0.46752398610115053,-1.0608078360557556
1752068104.8371973,0.02246309630572796,0.46752398610115053,-1.0608078360557556
1752068104.8425171,0.02246309630572796,0.46752398610115053,-1.0608078360557556
1752068104.8445349,0.022394737228751183,0.45829989910125735,-1.0448467254638671
1752068104.846581,0.022394737228751183,0.45829989910125735,-1.0448467254638671
1752068104.8486733,0.022394737228751183,0.45829989910125735,-1.0448467254638671
1752068104.8515482,-0.031110862269997597,0.47263129949569704,-1.0148022294044494
1752068104.85429,-0.031110862269997597,0.47263129949569704,-1.0148022294044494
1752068104.8561902,-0.031110862269997597,0.47263129949569704,-1.0148022294044494
1752068104.860562,-0.031110862269997597,0.47263129949569704,-1.0148022294044494
1752068104.8615115,-0.031110862269997597,0.47263129949569704,-1.0148022294044494
1752068104.8635843,-0.04812629520893097,0.4637568831443787,-1.0087980151176452
1752068104.865658,-0.04812629520893097,0.4637568831443787,-1.0087980151176452
1752068104.8677304,-0.04812629520893097,0.4637568831443787,-1.0087980151176452
1752068104.8733845,-0.04812629520893097,0.4637568831443787,-1.0087980151176452
1752068104.8757436,-0.06173250079154968,0.45935639142990115,-1.0192817568778991
1752068104.8777905,-0.06173250079154968,0.45935639142990115,-1.0192817568778991
1752068104.8817375,-0.06173250079154968,0.45935639142990115,-1.0192817568778991
1752068104.8826723,-0.06173250079154968,0.45935639142990115,-1.0192817568778991
1752068104.8847497,-0.06631913036108017,0.44305082559585574,-1.0286439180374145
1752068104.8869915,-0.06631913036108017,0.44305082559585574,-1.0286439180374145
1752068104.8914378,-0.06631913036108017,0.44305082559585574,-1.0286439180374145
1752068104.8943715,-0.06631913036108017,0.44305082559585574,-1.0286439180374145
1752068104.8964305,-0.0737062394618988,0.45497202277183535,-1.0284347653388977
1752068104.8984902,-0.0737062394618988,0.45497202277183535,-1.0284347653388977
1752068104.900558,-0.0737062394618988,0.45497202277183535,-1.0284347653388977
1752068104.9034696,-0.0737062394618988,0.45497202277183535,-1.0284347653388977
1752068104.9063532,-0.04892010986804962,0.48858567476272585,-1.0334376215934753
1752068104.9086337,-0.04892010986804962,0.48858567476272585,-1.0334376215934753
1752068104.9126282,-0.04892010986804962,0.48858567476272585,-1.0334376215934753
1752068104.9135644,-0.04892010986804962,0.48858567476272585,-1.0334376215934753
1752068104.9156547,-0.06687989085912704,0.4715800225734711,-1.021192979812622
1752068104.9177139,-0.06687989085912704,0.4715800225734711,-1.021192979812622
1752068104.919801,-0.06687989085912704,0.4715800225734711,-1.021192979812622
1752068104.9249744,-0.06687989085912704,0.4715800225734711,-1.021192979812622
1752068104.9269924,-0.09239738434553146,0.4778669118881226,-1.0176584243774414
1752068104.9290662,-0.09239738434553146,0.4778669118881226,-1.0176584243774414
1752068104.931139,-0.09239738434553146,0.4778669118881226,-1.0176584243774414
1752068104.9339607,-0.0572848916053772,0.4578580498695374,-1.058308732509613
1752068104.9360695,-0.0572848916053772,0.4578580498695374,-1.058308732509613
1752068104.938289,-0.0572848916053772,0.4578580498695374,-1.058308732509613
1752068104.9416087,-0.0572848916053772,0.4578580498695374,-1.058308732509613
1752068104.9425335,-0.0572848916053772,0.4578580498695374,-1.058308732509613
1752068104.945121,-0.0932525172829628,0.4829499959945679,-1.080212128162384
1752068104.9472146,-0.0932525172829628,0.4829499959945679,-1.080212128162384
1752068104.9508796,-0.0932525172829628,0.4829499959945679,-1.080212128162384
1752068104.9517844,-0.0932525172829628,0.4829499959945679,-1.080212128162384
1752068104.9543164,-0.09602610766887665,0.5282901763916016,-1.0685774207115173
1752068104.9578226,-0.09602610766887665,0.5282901763916016,-1.0685774207115173
1752068104.961356,-0.09602610766887665,0.5282901763916016,-1.0685774207115173
1752068104.9622927,-0.09602610766887665,0.5282901763916016,-1.0685774207115173
1752068104.9643905,-0.06365223973989487,0.5516005694866181,-1.0859596848487854
1752068104.9664261,-0.06365223973989487,0.5516005694866181,-1.0859596848487854
1752068104.9684956,-0.06365223973989487,0.5516005694866181,-1.0859596848487854
1752068104.9715648,-0.06365223973989487,0.5516005694866181,-1.0859596848487854
1752068104.9761245,-0.06365223973989487,0.5516005694866181,-1.0859596848487854
1752068104.9788666,-0.049520283937454224,0.5345742046833039,-1.0988463282585144
1752068104.9828389,-0.049520283937454224,0.5345742046833039,-1.0988463282585144
1752068104.983769,-0.049520283937454224,0.5345742046833039,-1.0988463282585144
1752068104.9858608,-0.014441685751080513,0.5340405941009522,-1.104838740825653
1752068104.987994,-0.014441685751080513,0.5340405941009522,-1.104838740825653
1752068104.990056,-0.014441685751080513,0.5340405941009522,-1.104838740825653
1752068104.9938865,-0.014441685751080513,0.5340405941009522,-1.104838740825653
1752068104.9959548,-0.01281757839024067,0.5551013886928559,-1.1177196025848388
1752068104.9980385,-0.01281757839024067,0.5551013886928559,-1.1177196025848388
1752068105.000134,-0.01281757839024067,0.5551013886928559,-1.1177196025848388
1752068105.0031404,-0.025716038420796394,0.5469149291515351,-1.110699188709259
1752068105.0060544,-0.025716038420796394,0.5469149291515351,-1.110699188709259
1752068105.0085773,-0.025716038420796394,0.5469149291515351,-1.110699188709259
1752068105.0126114,-0.025716038420796394,0.5469149291515351,-1.110699188709259
1752068105.0135477,-0.025716038420796394,0.5469149291515351,-1.110699188709259
1752068105.015651,-0.0286505538970232,0.571929806470871,-1.1126946926116943
1752068105.0177093,-0.0286505538970232,0.571929806470871,-1.1126946926116943
1752068105.0198722,-0.0286505538970232,0.571929806470871,-1.1126946926116943
1752068105.0252147,-0.0286505538970232,0.571929806470871,-1.1126946926116943
1752068105.0272274,-0.024022633209824562,0.5892451345920563,-1.1242847561836242
1752068105.029323,-0.024022633209824562,0.5892451345920563,-1.1242847561836242
1752068105.0314236,-0.024022633209824562,0.5892451345920563,-1.1242847561836242
1752068105.03429,-0.023256706073880196,0.6045034766197205,-1.1079139828681945
1752068105.0363863,-0.023256706073880196,0.6045034766197205,-1.1079139828681945
1752068105.0397186,-0.023256706073880196,0.6045034766197205,-1.1079139828681945
1752068105.0437841,-0.023256706073880196,0.6045034766197205,-1.1079139828681945
1752068105.0447223,-0.023256706073880196,0.6045034766197205,-1.1079139828681945
1752068105.0468035,-0.01712466962635517,0.6177807092666626,-1.1072644114494323
1752068105.048854,-0.01712466962635517,0.6177807092666626,-1.1072644114494323
1752068105.050965,-0.01712466962635517,0.6177807092666626,-1.1072644114494323
1752068105.0539005,-0.01712466962635517,0.6177807092666626,-1.1072644114494323
1752068105.0565965,-0.03424571454524994,0.642119312286377,-1.090486478805542
1752068105.0587564,-0.03424571454524994,0.642119312286377,-1.090486478805542
1752068105.060807,-0.03424571454524994,0.642119312286377,-1.090486478805542
1752068105.063727,-0.03424571454524994,0.642119312286377,-1.090486478805542
1752068105.0657923,-0.04864983260631561,0.6223063409328461,-1.166094136238098
1752068105.0678778,-0.04864983260631561,0.6223063409328461,-1.166094136238098
1752068105.070518,-0.04864983260631561,0.6223063409328461,-1.166094136238098
1752068105.0752296,-0.04864983260631561,0.6223063409328461,-1.166094136238098
1752068105.0772877,-0.07635483890771866,0.6698322683572769,-1.3183655858039856
1752068105.0793543,-0.07635483890771866,0.6698322683572769,-1.3183655858039856
1752068105.0814393,-0.07635483890771866,0.6698322683572769,-1.3183655858039856
1752068105.0843003,0.006284935399889946,0.6185770273208618,-1.6158277735114097
1752068105.0897486,0.006284935399889946,0.6185770273208618,-1.6158277735114097
1752068105.0907507,0.006284935399889946,0.6185770273208618,-1.6158277735114097
1752068105.0963576,0.006284935399889946,0.6185770273208618,-1.6158277735114097
1752068105.0973122,0.006284935399889946,0.6185770273208618,-1.6158277735114097
1752068105.0994065,0.005205897614359856,0.6392291724681854,-1.647738692164421
1752068105.1014817,0.005205897614359856,0.6392291724681854,-1.647738692164421
1752068105.1037555,0.005205897614359856,0.6392291724681854,-1.647738692164421
1752068105.1086867,0.005205897614359856,0.6392291724681854,-1.647738692164421
1752068105.1106896,0.0013239141553640366,0.6702506631612778,-1.6614652916789054
1752068105.112725,0.0013239141553640366,0.6702506631612778,-1.6614652916789054
1752068105.114805,0.0013239141553640366,0.6702506631612778,-1.6614652916789054
1752068105.1176717,0.032810285687446594,0.7227567970752716,-1.837627363204956
1752068105.1227129,0.032810285687446594,0.7227567970752716,-1.837627363204956
1752068105.123708,0.032810285687446594,0.7227567970752716,-1.837627363204956
1752068105.1277697,0.032810285687446594,0.7227567970752716,-1.837627363204956
1752068105.1287048,0.032810285687446594,0.7227567970752716,-1.837627363204956
1752068105.130786,0.07648618519306183,0.7368388712406159,-1.9250989377498626
1752068105.1328633,0.07648618519306183,0.7368388712406159,-1.9250989377498626
1752068105.134961,0.07648618519306183,0.7368388712406159,-1.9250989377498626
1752068105.1382213,0.07648618519306183,0.7368388712406159,-1.9250989377498626
1752068105.1425595,0.0831419825553894,0.7208970278501511,-2.0544293940067293
1752068105.144542,0.0831419825553894,0.7208970278501511,-2.0544293940067293
1752068105.1484616,0.0831419825553894,0.7208970278501511,-2.0544293940067293
1752068105.1493568,0.0831419825553894,0.7208970278501511,-2.0544293940067293
1752068105.1514208,0.08291630446910858,0.696519547700882,-2.1657030999660494
1752068105.1539338,0.08291630446910858,0.696519547700882,-2.1657030999660494
1752068105.1566343,0.08291630446910858,0.696519547700882,-2.1657030999660494
1752068105.160768,0.08291630446910858,0.696519547700882,-2.1657030999660494
1752068105.162806,0.06718441843986511,0.6219829261302948,-2.243333947658539
1752068105.164877,0.06718441843986511,0.6219829261302948,-2.243333947658539
1752068105.166971,0.06718441843986511,0.6219829261302948,-2.243333947658539
1752068105.1737807,0.06718441843986511,0.6219829261302948,-2.243333947658539
1752068105.1757321,0.05096568167209625,0.5762344539165497,-2.3681884527206423
1752068105.177766,0.05096568167209625,0.5762344539165497,-2.3681884527206423
1752068105.1798358,0.05096568167209625,0.5762344539165497,-2.3681884527206423
1752068105.1827118,0.029992787167429924,0.5138876080513001,-2.439268779754639
1752068105.184775,0.029992787167429924,0.5138876080513001,-2.439268779754639
1752068105.187027,0.029992787167429924,0.5138876080513001,-2.439268779754639
1752068105.1931193,0.029992787167429924,0.5138876080513001,-2.439268779754639
1752068105.194068,0.029992787167429924,0.5138876080513001,-2.439268779754639
1752068105.196166,0.0009768437594175339,0.4962380170822144,-2.5498412966728212
1752068105.1982641,0.0009768437594175339,0.4962380170822144,-2.5498412966728212
1752068105.200361,0.0009768437594175339,0.4962380170822144,-2.5498412966728212
1752068105.2033591,-0.042447373270988464,0.47080653309822085,-2.5903189301490785
1752068105.2059863,-0.042447373270988464,0.47080653309822085,-2.5903189301490785
1752068105.208997,-0.042447373270988464,0.47080653309822085,-2.5903189301490785
1752068105.2129605,-0.042447373270988464,0.47080653309822085,-2.5903189301490785
1752068105.2138972,-0.042447373270988464,0.47080653309822085,-2.5903189301490785
1752068105.2159984,-0.0918739065527916,0.46509608030319216,-2.575985860824585
1752068105.2180853,-0.0918739065527916,0.46509608030319216,-2.575985860824585
1752068105.2220972,-0.0918739065527916,0.46509608030319216,-2.575985860824585
1752068105.2263927,-0.0918739065527916,0.46509608030319216,-2.575985860824585
1752068105.2284153,-0.14283189177513123,0.4630728602409363,-2.405103635787964
1752068105.2304895,-0.14283189177513123,0.4630728602409363,-2.405103635787964
1752068105.2325585,-0.14283189177513123,0.4630728602409363,-2.405103635787964
1752068105.2351797,-0.14283189177513123,0.4630728602409363,-2.405103635787964
1752068105.237384,-0.14283189177513123,0.4630728602409363,-2.405103635787964
1752068105.2399166,-0.21843570470809937,0.460242772102356,-2.086102765798569
1752068105.2443542,-0.21843570470809937,0.460242772102356,-2.086102765798569
1752068105.2453523,-0.21843570470809937,0.460242772102356,-2.086102765798569
1752068105.2474163,-0.24833156168460846,0.44214176535606386,-2.046414238214493
1752068105.249491,-0.24833156168460846,0.44214176535606386,-2.046414238214493
1752068105.2515624,-0.24833156168460846,0.44214176535606386,-2.046414238214493
1752068105.25865,-0.24833156168460846,0.44214176535606386,-2.046414238214493
1752068105.2606544,-0.1846182942390442,0.44002690315246584,-2.0131933212280275
1752068105.2626922,-0.1846182942390442,0.44002690315246584,-2.0131933212280275
1752068105.2647789,-0.1846182942390442,0.44002690315246584,-2.0131933212280275
1752068105.2676604,-0.18479497730731964,0.4004597306251526,-1.8575110107660293
1752068105.2699075,-0.18479497730731964,0.4004597306251526,-1.8575110107660293
1752068105.2718914,-0.18479497730731964,0.4004597306251526,-1.8575110107660293
1752068105.2771559,-0.18479497730731964,0.4004597306251526,-1.8575110107660293
1752068105.2781115,-0.18479497730731964,0.4004597306251526,-1.8575110107660293
1752068105.280171,-0.17849020659923553,0.38463374376297,-1.7944249033927917
1752068105.282274,-0.17849020659923553,0.38463374376297,-1.7944249033927917
1752068105.2843702,-0.17849020659923553,0.38463374376297,-1.7944249033927917
1752068105.2895076,-0.17849020659923553,0.38463374376297,-1.7944249033927917
1752068105.2929454,-0.18689316511154175,0.39393254518508913,-1.700365974381566
1752068105.2949345,-0.18689316511154175,0.39393254518508913,-1.700365974381566
1752068105.298894,-0.18689316511154175,0.39393254518508913,-1.700365974381566
1752068105.299834,-0.18689316511154175,0.39393254518508913,-1.700365974381566
1752068105.3019338,-0.17809242010116577,0.3802435040473938,-1.5879087343811988
1752068105.3059196,-0.17809242010116577,0.3802435040473938,-1.5879087343811988
1752068105.308951,-0.17809242010116577,0.3802435040473938,-1.5879087343811988
1752068105.3118927,-0.17809242010116577,0.3802435040473938,-1.5879087343811988
1752068105.3139758,-0.15243658423423767,0.4053083896636963,-1.4872649729251861
1752068105.3160613,-0.15243658423423767,0.4053083896636963,-1.4872649729251861
1752068105.3181512,-0.15243658423423767,0.4053083896636963,-1.4872649729251861
1752068105.321024,-0.15243658423423767,0.4053083896636963,-1.4872649729251861
1752068105.3233883,-0.15243658423423767,0.4053083896636963,-1.4872649729251861
1752068105.3262403,-0.10611919313669205,0.43712627291679385,-1.4016436755657196
1752068105.3301485,-0.10611919313669205,0.43712627291679385,-1.4016436755657196
1752068105.3310657,-0.10611919313669205,0.43712627291679385,-1.4016436755657196
1752068105.333166,-0.07731524854898453,0.48784672617912295,-1.306944054365158
1752068105.3352573,-0.07731524854898453,0.48784672617912295,-1.306944054365158
1752068105.33925,-0.07731524854898453,0.48784672617912295,-1.306944054365158
1752068105.3438766,-0.07731524854898453,0.48784672617912295,-1.306944054365158
1752068105.345939,-0.061493560671806335,0.5580810248851776,-1.21479634642601
1752068105.3480008,-0.061493560671806335,0.5580810248851776,-1.21479634642601
1752068105.350097,-0.061493560671806335,0.5580810248851776,-1.21479634642601
1752068105.3547564,-0.061493560671806335,0.5580810248851776,-1.21479634642601
1752068105.3583655,-0.061493560671806335,0.5580810248851776,-1.21479634642601
1752068105.359324,-0.061493560671806335,0.5580810248851776,-1.21479634642601
1752068105.3633204,-0.02960428036749363,0.5837390661239624,-1.078462016582489
1752068105.3642628,-0.02960428036749363,0.5837390661239624,-1.078462016582489
1752068105.366365,-0.012324908748269081,0.5925022602081299,-0.9977616786956787
1752068105.3684142,-0.012324908748269081,0.5925022602081299,-0.9977616786956787
1752068105.3725734,-0.012324908748269081,0.5925022602081299,-0.9977616786956787
1752068105.377975,-0.012324908748269081,0.5925022602081299,-0.9977616786956787
1752068105.3800333,0.002329183742403984,0.5558176279067993,-0.9750272154808044
1752068105.3821204,0.002329183742403984,0.5558176279067993,-0.9750272154808044
1752068105.3842242,0.002329183742403984,0.5558176279067993,-0.9750272154808044
1752068105.3886943,0.002329183742403984,0.5558176279067993,-0.9750272154808044
1752068105.3915532,0.002329183742403984,0.5558176279067993,-0.9750272154808044
1752068105.394043,-0.008106222376227379,0.5192476451396942,-0.9810325026512146
1752068105.398022,-0.008106222376227379,0.5192476451396942,-0.9810325026512146
1752068105.3989604,-0.008106222376227379,0.5192476451396942,-0.9810325026512146
1752068105.401068,0.03843683749437332,0.5349541544914246,-1.1109801650047302
1752068105.4031389,0.03843683749437332,0.5349541544914246,-1.1109801650047302
1752068105.407852,0.03843683749437332,0.5349541544914246,-1.1109801650047302
1752068105.411451,0.03843683749437332,0.5349541544914246,-1.1109801650047302
1752068105.4135063,0.030283672735095024,0.46579703092575075,-1.0421345353126525
1752068105.4155648,0.030283672735095024,0.46579703092575075,-1.0421345353126525
1752068105.4176626,0.030283672735095024,0.46579703092575075,-1.0421345353126525
1752068105.423003,0.030283672735095024,0.46579703092575075,-1.0421345353126525
1752068105.4264452,0.04151761531829834,0.4856618881225586,-1.0346425890922546
1752068105.4284341,0.04151761531829834,0.4856618881225586,-1.0346425890922546
1752068105.432396,0.04151761531829834,0.4856618881225586,-1.0346425890922546
1752068105.4333236,0.04151761531829834,0.4856618881225586,-1.0346425890922546
1752068105.435825,0.026848522946238518,0.45459228157997134,-1.05072261095047
1752068105.4400806,0.026848522946238518,0.45459228157997134,-1.05072261095047
1752068105.4428344,0.026848522946238518,0.45459228157997134,-1.05072261095047
1752068105.4457648,0.026848522946238518,0.45459228157997134,-1.05072261095047
1752068105.4478257,-0.02800084836781025,0.43954970836639407,-1.0140007853507995
1752068105.4499125,-0.02800084836781025,0.43954970836639407,-1.0140007853507995
1752068105.45238,-0.02800084836781025,0.43954970836639407,-1.0140007853507995
1752068105.4542196,-0.02800084836781025,0.43954970836639407,-1.0140007853507995
1752068105.4586327,-0.02800084836781025,0.43954970836639407,-1.0140007853507995
1752068105.4613242,-0.06971114873886108,0.4870652794837952,-1.0145925402641296
1752068105.4651606,-0.06971114873886108,0.4870652794837952,-1.0145925402641296
1752068105.4661412,-0.0619308203458786,0.4545826852321625,-1.0147867321968078
1752068105.4682186,-0.0619308203458786,0.4545826852321625,-1.0147867321968078
1752068105.4712174,-0.0619308203458786,0.4545826852321625,-1.0147867321968078
1752068105.4753544,-0.0619308203458786,0.4545826852321625,-1.0147867321968078
1752068105.4778259,-0.0619308203458786,0.4545826852321625,-1.0147867321968078
1752068105.479913,-0.0716484785079956,0.4410352349281311,-1.011077892780304
1752068105.4819665,-0.0716484785079956,0.4410352349281311,-1.011077892780304
1752068105.4840636,-0.0716484785079956,0.4410352349281311,-1.011077892780304
1752068105.4877636,-0.0716484785079956,0.4410352349281311,-1.011077892780304
1752068105.4915998,-0.07546759396791458,0.43482389450073244,-1.0406330347061157
1752068105.493621,-0.07546759396791458,0.43482389450073244,-1.0406330347061157
1752068105.4956956,-0.07546759396791458,0.43482389450073244,-1.0406330347061157
1752068105.4985807,-0.07546759396791458,0.43482389450073244,-1.0406330347061157
1752068105.5006733,-0.05942609906196594,0.46876718997955324,-1.0309775590896606
1752068105.5027437,-0.05942609906196594,0.46876718997955324,-1.0309775590896606
1752068105.5050302,-0.05942609906196594,0.46876718997955324,-1.0309775590896606
1752068105.507163,-0.05942609906196594,0.46876718997955324,-1.0309775590896606
1752068105.5116236,-0.05942609906196594,0.46876718997955324,-1.0309775590896606
1752068105.513668,-0.058904483914375305,0.4718420147895813,-1.0198986649513244
1752068105.5157251,-0.058904483914375305,0.4718420147895813,-1.0198986649513244
1752068105.5184748,-0.06587107479572296,0.46906193494796755,-1.0198248147964477
1752068105.5205734,-0.06587107479572296,0.46906193494796755,-1.0198248147964477
1752068105.5254955,-0.06587107479572296,0.46906193494796755,-1.0198248147964477
1752068105.5279994,-0.06587107479572296,0.46906193494796755,-1.0198248147964477
1752068105.5304937,-0.06587107479572296,0.46906193494796755,-1.0198248147964477
1752068105.5325572,-0.056210607290267944,0.4375602245330811,-1.0490718603134155
1752068105.53464,-0.056210607290267944,0.4375602245330811,-1.0490718603134155
1752068105.5367436,-0.056210607290267944,0.4375602245330811,-1.0490718603134155
1752068105.5428455,-0.056210607290267944,0.4375602245330811,-1.0490718603134155
1752068105.5448472,-0.07121589034795761,0.439337158203125,-1.0680362105369567
1752068105.5469403,-0.07121589034795761,0.439337158203125,-1.0680362105369567
1752068105.5490353,-0.07121589034795761,0.439337158203125,-1.0680362105369567
1752068105.5517962,-0.11028316617012024,0.5178505420684815,-1.0537198901176452
1752068105.5560942,-0.11028316617012024,0.5178505420684815,-1.0537198901176452
1752068105.558209,-0.11028316617012024,0.5178505420684815,-1.0537198901176452
1752068105.5615816,-0.11028316617012024,0.5178505420684815,-1.0537198901176452
1752068105.5625107,-0.11028316617012024,0.5178505420684815,-1.0537198901176452
1752068105.5645802,-0.08788534253835678,0.5394981443881989,-1.063918364048004
1752068105.5666585,-0.08788534253835678,0.5394981443881989,-1.063918364048004
1752068105.5687194,-0.08788534253835678,0.5394981443881989,-1.063918364048004
1752068105.5764573,-0.04620017856359482,0.541501784324646,-1.1031996726989746
1752068105.5794492,-0.04620017856359482,0.541501784324646,-1.1031996726989746
1752068105.5814264,-0.04620017856359482,0.541501784324646,-1.1031996726989746
1752068105.5835025,-0.04620017856359482,0.541501784324646,-1.1031996726989746
1752068105.5876617,-0.04620017856359482,0.541501784324646,-1.1031996726989746
1752068105.591408,-0.01855936087667942,0.5442457437515259,-1.1131213426589965
1752068105.5934293,-0.01855936087667942,0.5442457437515259,-1.1131213426589965
1752068105.5970707,-0.01855936087667942,0.5442457437515259,-1.1131213426589965
1752068105.5979977,-0.01855936087667942,0.5442457437515259,-1.1131213426589965
1752068105.6000998,-0.017916740849614143,0.546669864654541,-1.1033772945404052
1752068105.6021926,-0.017916740849614143,0.546669864654541,-1.1033772945404052
1752068105.6048772,-0.017916740849614143,0.546669864654541,-1.1033772945404052
1752068105.6098158,-0.017916740849614143,0.546669864654541,-1.1033772945404052
1752068105.6107402,-0.017916740849614143,0.546669864654541,-1.1033772945404052
1752068105.6128032,-0.005937265232205391,0.5299059092998505,-1.1034369587898254
1752068105.6149027,-0.005937265232205391,0.5299059092998505,-1.1034369587898254
1752068105.6174765,-0.02084987796843052,0.5525907814502716,-1.1137027859687805
1752068105.6195514,-0.02084987796843052,0.5525907814502716,-1.1137027859687805
1752068105.6227622,-0.02084987796843052,0.5525907814502716,-1.1137027859687805
1752068105.6269062,-0.02084987796843052,0.5525907814502716,-1.1137027859687805
1752068105.6278505,-0.02084987796843052,0.5525907814502716,-1.1137027859687805
1752068105.6299222,-0.021521257236599922,0.5700997948646546,-1.1182063341140747
1752068105.6320052,-0.021521257236599922,0.5700997948646546,-1.1182063341140747
1752068105.6341014,-0.021521257236599922,0.5700997948646546,-1.1182063341140747
1752068105.6369781,-0.021521257236599922,0.5700997948646546,-1.1182063341140747
1752068105.6414735,-0.01574849523603916,0.6034364640712738,-1.0961617350578308
1752068105.643457,-0.01574849523603916,0.6034364640712738,-1.0961617350578308
1752068105.6474714,-0.01574849523603916,0.6034364640712738,-1.0961617350578308
1752068105.648392,-0.01574849523603916,0.6034364640712738,-1.0961617350578308
1752068105.6504831,-0.0367184579372406,0.6525214403867722,-1.09417964220047
1752068105.652575,-0.0367184579372406,0.6525214403867722,-1.09417964220047
1752068105.6558022,-0.0367184579372406,0.6525214403867722,-1.09417964220047
1752068105.6599813,-0.0367184579372406,0.6525214403867722,-1.09417964220047
1752068105.6620471,-0.04715002328157425,0.637829715013504,-1.1109036326408386
1752068105.6641629,-0.04715002328157425,0.637829715013504,-1.1109036326408386
1752068105.6662502,-0.04715002328157425,0.637829715013504,-1.1109036326408386
1752068105.6727314,-0.04715002328157425,0.637829715013504,-1.1109036326408386
1752068105.6751428,-0.07633636891841888,0.6912936806678772,-1.2406075716018676
1752068105.6771157,-0.07633636891841888,0.6912936806678772,-1.2406075716018676
1752068105.6810942,-0.07633636891841888,0.6912936806678772,-1.2406075716018676
1752068105.6820247,-0.07633636891841888,0.6912936806678772,-1.2406075716018676
1752068105.6842642,-0.017208563163876534,0.6407528162002564,-1.4929861843585968
1752068105.6864235,-0.017208563163876534,0.6407528162002564,-1.4929861843585968
1752068105.6914744,-0.017208563163876534,0.6407528162002564,-1.4929861843585968
1752068105.6941712,-0.017208563163876534,0.6407528162002564,-1.4929861843585968
1752068105.696255,0.02540949545800686,0.6314553856849671,-1.6549589529633522
1752068105.6983702,0.02540949545800686,0.6314553856849671,-1.6549589529633522
1752068105.7004175,0.02540949545800686,0.6314553856849671,-1.6549589529633522
1752068105.7046947,0.02540949545800686,0.6314553856849671,-1.6549589529633522
1752068105.7080047,0.02540949545800686,0.6314553856849671,-1.6549589529633522
1752068105.710186,0.015571294352412224,0.6335878610610962,-1.6100032299757003
1752068105.713725,0.015571294352412224,0.6335878610610962,-1.6100032299757003
1752068105.7146554,0.015571294352412224,0.6335878610610962,-1.6100032299757003
1752068105.7167253,0.031336650252342224,0.7078086376190186,-1.7989506840705871
1752068105.719171,0.031336650252342224,0.7078086376190186,-1.7989506840705871
1752068105.723644,0.031336650252342224,0.7078086376190186,-1.7989506840705871
1752068105.7276127,0.031336650252342224,0.7078086376190186,-1.7989506840705871
1752068105.7296853,0.06577175855636597,0.6986917793750763,-1.7724463909864425
1752068105.7317307,0.06577175855636597,0.6986917793750763,-1.7724463909864425
1752068105.7337966,0.06577175855636597,0.6986917793750763,-1.7724463909864425
1752068105.7383294,0.06577175855636597,0.6986917793750763,-1.7724463909864425
1752068105.7415168,0.06577175855636597,0.6986917793750763,-1.7724463909864425
1752068105.7433076,0.09581663459539413,0.7396167159080506,-2.043248933553696
1752068105.7472637,0.09581663459539413,0.7396167159080506,-2.043248933553696
1752068105.7481647,0.09581663459539413,0.7396167159080506,-2.043248933553696
1752068105.7502706,0.10140573233366013,0.7274356722831726,-2.0414668142795565
1752068105.7523732,0.10140573233366013,0.7274356722831726,-2.0414668142795565
1752068105.7553856,0.10140573233366013,0.7274356722831726,-2.0414668142795565
1752068105.7608838,0.10140573233366013,0.7274356722831726,-2.0414668142795565
1752068105.762934,0.06506799161434174,0.608344042301178,-2.1799961149692537
1752068105.7650154,0.06506799161434174,0.608344042301178,-2.1799961149692537
1752068105.7670858,0.06506799161434174,0.608344042301178,-2.1799961149692537
1752068105.7713065,0.06506799161434174,0.608344042301178,-2.1799961149692537
1752068105.7746062,0.07745029032230377,0.6097226977348328,-2.2698599219322206
1752068105.7770133,0.07745029032230377,0.6097226977348328,-2.2698599219322206
1752068105.7809598,0.07745029032230377,0.6097226977348328,-2.2698599219322206
1752068105.7818897,0.07745029032230377,0.6097226977348328,-2.2698599219322206
1752068105.7839906,0.06125710904598236,0.5371959745883942,-2.398688566684723
1752068105.7860618,0.06125710904598236,0.5371959745883942,-2.398688566684723
1752068105.7906349,0.06125710904598236,0.5371959745883942,-2.398688566684723
1752068105.7938192,0.06125710904598236,0.5371959745883942,-2.398688566684723
1752068105.7958715,0.041255101561546326,0.5160205602645874,-2.5033967018127443
1752068105.7979527,0.041255101561546326,0.5160205602645874,-2.5033967018127443
1752068105.800048,0.041255101561546326,0.5160205602645874,-2.5033967018127443
1752068105.8043673,0.01378454826772213,0.5044514179229737,-2.559620034694672
1752068105.808499,0.01378454826772213,0.5044514179229737,-2.559620034694672
1752068105.8094604,0.01378454826772213,0.5044514179229737,-2.559620034694672
1752068105.8134918,0.01378454826772213,0.5044514179229737,-2.559620034694672
1752068105.8144073,0.01378454826772213,0.5044514179229737,-2.559620034694672
1752068105.8164976,-0.056481361389160156,0.4441449284553528,-2.5730034828186037
1752068105.8185592,-0.056481361389160156,0.4441449284553528,-2.5730034828186037
1752068105.8209195,-0.056481361389160156,0.4441449284553528,-2.5730034828186037
1752068105.8265047,-0.056481361389160156,0.4441449284553528,-2.5730034828186037
1752068105.827456,-0.056481361389160156,0.4441449284553528,-2.5730034828186037
1752068105.8295352,-0.11694224178791046,0.473132336139679,-2.4406126856803896
1752068105.8316033,-0.11694224178791046,0.473132336139679,-2.4406126856803896
1752068105.834219,-0.15430964529514313,0.45587935447692873,-2.238151562213898
1752068105.8362887,-0.15430964529514313,0.45587935447692873,-2.238151562213898
1752068105.839257,-0.15430964529514313,0.45587935447692873,-2.238151562213898
1752068105.8443587,-0.15430964529514313,0.45587935447692873,-2.238151562213898
1752068105.8453033,-0.15430964529514313,0.45587935447692873,-2.238151562213898
1752068105.8474014,-0.23172563314437866,0.441781097650528,-2.018856328725815
1752068105.849463,-0.23172563314437866,0.441781097650528,-2.018856328725815
1752068105.8515527,-0.23172563314437866,0.441781097650528,-2.018856328725815
1752068105.85452,-0.23172563314437866,0.441781097650528,-2.018856328725815
1752068105.8566265,-0.2269027978181839,0.43102493286132815,-2.0287147879600527
1752068105.8586895,-0.2269027978181839,0.43102493286132815,-2.0287147879600527
1752068105.8607476,-0.2269027978181839,0.43102493286132815,-2.0287147879600527
1752068105.863134,-0.2269027978181839,0.43102493286132815,-2.0287147879600527
1752068105.8652277,-0.18183523416519165,0.4191939771175385,-1.9107550799846649
1752068105.8673131,-0.18183523416519165,0.4191939771175385,-1.9107550799846649
1752068105.8694146,-0.18183523416519165,0.4191939771175385,-1.9107550799846649
1752068105.872488,-0.18183523416519165,0.4191939771175385,-1.9107550799846649
1752068105.8746147,-0.17000369727611542,0.4060076713562012,-1.842774373292923
1752068105.8766298,-0.17000369727611542,0.4060076713562012,-1.842774373292923
1752068105.879645,-0.17000369727611542,0.4060076713562012,-1.842774373292923
1752068105.8833425,-0.15915058553218842,0.4122078061103821,-1.7545937716960907
1752068105.8854043,-0.15915058553218842,0.4122078061103821,-1.7545937716960907
1752068105.8886714,-0.15915058553218842,0.4122078061103821,-1.7545937716960907
1752068105.8914847,-0.15915058553218842,0.4122078061103821,-1.7545937716960907
1752068105.894624,-0.15915058553218842,0.4122078061103821,-1.7545937716960907
1752068105.89667,-0.167242631316185,0.39310785531997683,-1.658894446492195
1752068105.898753,-0.167242631316185,0.39310785531997683,-1.658894446492195
1752068105.900814,-0.167242631316185,0.39310785531997683,-1.658894446492195
1752068105.9076765,-0.167242631316185,0.39310785531997683,-1.658894446492195
1752068105.9097126,-0.1482091099023819,0.3961788058280945,-1.5531007021665573
1752068105.9117692,-0.1482091099023819,0.3961788058280945,-1.5531007021665573
1752068105.915618,-0.1482091099023819,0.3961788058280945,-1.5531007021665573
1752068105.9165564,-0.1482091099023819,0.3961788058280945,-1.5531007021665573
1752068105.9190087,-0.1094028428196907,0.41943475008010866,-1.4394457757472991
1752068105.9209757,-0.1094028428196907,0.41943475008010866,-1.4394457757472991
1752068105.9255855,-0.1094028428196907,0.41943475008010866,-1.4394457757472991
1752068105.9285154,-0.1094028428196907,0.41943475008010866,-1.4394457757472991
1752068105.9307034,-0.08325649797916412,0.46747981905937197,-1.3540188491344451
1752068105.9327536,-0.08325649797916412,0.46747981905937197,-1.3540188491344451
1752068105.9364567,-0.08325649797916412,0.46747981905937197,-1.3540188491344451
1752068105.9373806,-0.08325649797916412,0.46747981905937197,-1.3540188491344451
1752068105.9421403,-0.06656736135482788,0.5282740831375122,-1.2209477841854095
1752068105.9446793,-0.06656736135482788,0.5282740831375122,-1.2209477841854095
1752068105.948359,-0.06656736135482788,0.5282740831375122,-1.2209477841854095
1752068105.9492872,-0.06656736135482788,0.5282740831375122,-1.2209477841854095
1752068105.9513912,-0.04818335175514221,0.5787738800048828,-1.11636323928833
1752068105.9535642,-0.04818335175514221,0.5787738800048828,-1.11636323928833
1752068105.957668,-0.04818335175514221,0.5787738800048828,-1.11636323928833
1752068105.9606159,-0.04818335175514221,0.5787738800048828,-1.11636323928833
1752068105.9626627,-0.014494696632027626,0.6027840316295624,-1.0140478134155273
1752068105.96472,-0.014494696632027626,0.6027840316295624,-1.0140478134155273
1752068105.9667983,-0.014494696632027626,0.6027840316295624,-1.0140478134155273
1752068105.9705653,0.01384325884282589,0.5659628450870514,-0.979124915599823
1752068105.9741807,0.01384325884282589,0.5659628450870514,-0.979124915599823
1752068105.9761288,0.01384325884282589,0.5659628450870514,-0.979124915599823
1752068105.9782357,0.01384325884282589,0.5659628450870514,-0.979124915599823
1752068105.9812124,0.019385291263461113,0.5199944317340851,-0.9657311558723449
1752068105.983303,0.019385291263461113,0.5199944317340851,-0.9657311558723449
1752068105.985403,0.019385291263461113,0.5199944317340851,-0.9657311558723449
1752068105.9875314,0.019385291263461113,0.5199944317340851,-0.9657311558723449
1752068105.9926789,0.019385291263461113,0.5199944317340851,-0.9657311558723449
1752068105.994714,0.06137177348136902,0.60435830950737,-1.148718249797821
1752068105.9967582,0.06137177348136902,0.60435830950737,-1.148718249797821
1752068105.9988358,0.06137177348136902,0.60435830950737,-1.148718249797821
1752068106.001621,0.04304083436727524,0.47895863056182864,-1.0322659730911254
1752068106.003915,0.04304083436727524,0.47895863056182864,-1.0322659730911254
1752068106.0071883,0.04304083436727524,0.47895863056182864,-1.0322659730911254
1752068106.0110607,0.04304083436727524,0.47895863056182864,-1.0322659730911254
1752068106.0119941,0.04304083436727524,0.47895863056182864,-1.0322659730911254
1752068106.0140905,0.05362248420715332,0.4740015506744385,-1.0188712000846862
1752068106.0161872,0.05362248420715332,0.4740015506744385,-1.0188712000846862
1752068106.0183465,0.05362248420715332,0.4740015506744385,-1.0188712000846862
1752068106.0224583,0.05362248420715332,0.4740015506744385,-1.0188712000846862
1752068106.0255115,0.05866318941116333,0.43136307001113894,-1.0438275456428527
1752068106.027531,0.05866318941116333,0.43136307001113894,-1.0438275456428527
1752068106.0314558,0.05866318941116333,0.43136307001113894,-1.0438275456428527
1752068106.0323718,0.05866318941116333,0.43136307001113894,-1.0438275456428527
1752068106.0344098,0.05424502491950989,0.43097984194755556,-1.041683268547058
1752068106.0365584,0.05424502491950989,0.43097984194755556,-1.041683268547058
1752068106.0408425,0.05424502491950989,0.43097984194755556,-1.041683268547058
1752068106.0437727,0.05424502491950989,0.43097984194755556,-1.041683268547058
1752068106.0459886,0.006430773064494133,0.44429453611373904,-1.004691731929779
1752068106.048076,0.006430773064494133,0.44429453611373904,-1.004691731929779
1752068106.0518293,0.006430773064494133,0.44429453611373904,-1.004691731929779
1752068106.052774,0.006430773064494133,0.44429453611373904,-1.004691731929779
1752068106.0565748,-0.01613868959248066,0.42788302302360537,-1.0075580596923828
1752068106.05857,-0.01613868959248066,0.42788302302360537,-1.0075580596923828
1752068106.0625613,-0.01613868959248066,0.42788302302360537,-1.0075580596923828
1752068106.0634985,-0.01613868959248066,0.42788302302360537,-1.0075580596923828
1752068106.0655744,-0.03213004022836685,0.42324777841567995,-1.0060322999954223
1752068106.0676618,-0.03213004022836685,0.42324777841567995,-1.0060322999954223
1752068106.0727918,-0.03213004022836685,0.42324777841567995,-1.0060322999954223
1752068106.0738273,-0.03213004022836685,0.42324777841567995,-1.0060322999954223
1752068106.0767796,-0.03213004022836685,0.42324777841567995,-1.0060322999954223
1752068106.078848,-0.056777969002723694,0.4285722315311432,-1.0224743008613586
1752068106.0809333,-0.056777969002723694,0.4285722315311432,-1.0224743008613586
1752068106.0836334,-0.055844374001026154,0.42486228942871096,-1.0256937861442565
1752068106.085685,-0.055844374001026154,0.42486228942871096,-1.0256937861442565
1752068106.089866,-0.055844374001026154,0.42486228942871096,-1.0256937861442565
1752068106.0956802,-0.055844374001026154,0.42486228942871096,-1.0256937861442565
1752068106.0966532,-0.055844374001026154,0.42486228942871096,-1.0256937861442565
1752068106.0987084,-0.04555507004261017,0.4367114543914795,-1.034740161895752
1752068106.100756,-0.04555507004261017,0.4367114543914795,-1.034740161895752
1752068106.1028388,-0.04555507004261017,0.4367114543914795,-1.034740161895752
1752068106.1065881,-0.04555507004261017,0.4367114543914795,-1.034740161895752
1752068106.1091974,-0.05963227152824402,0.46784927845001223,-1.0248923420906066
1752068106.1112504,-0.05963227152824402,0.46784927845001223,-1.0248923420906066
1752068106.114124,-0.05963227152824402,0.46784927845001223,-1.0248923420906066
1752068106.1162214,-0.05963227152824402,0.46784927845001223,-1.0248923420906066
1752068106.1183138,-0.0548788458108902,0.453071141242981,-1.025828194618225
1752068106.120513,-0.0548788458108902,0.453071141242981,-1.025828194618225
1752068106.1236508,-0.0548788458108902,0.453071141242981,-1.025828194618225
1752068106.1265757,-0.0548788458108902,0.453071141242981,-1.025828194618225
1752068106.1286352,-0.04414387792348862,0.4435125827789307,-1.047619891166687
1752068106.1306877,-0.04414387792348862,0.4435125827789307,-1.047619891166687
1752068106.1327467,-0.04414387792348862,0.4435125827789307,-1.047619891166687
1752068106.1353593,-0.04594412446022034,0.44116407036781313,-1.072384250164032
1752068106.1375227,-0.04594412446022034,0.44116407036781313,-1.072384250164032
1752068106.1406777,-0.04594412446022034,0.44116407036781313,-1.072384250164032
1752068106.144482,-0.04594412446022034,0.44116407036781313,-1.072384250164032
1752068106.145379,-0.04594412446022034,0.44116407036781313,-1.072384250164032
1752068106.1474066,-0.08021032065153122,0.48648163080215456,-1.0614437580108642
1752068106.1494837,-0.08021032065153122,0.48648163080215456,-1.0614437580108642
1752068106.1515517,-0.08021032065153122,0.48648163080215456,-1.0614437580108642
1752068106.1556787,-0.060379981994628906,0.5255364418029785,-1.057196033000946
1752068106.1583097,-0.060379981994628906,0.5255364418029785,-1.057196033000946
1752068106.1603575,-0.060379981994628906,0.5255364418029785,-1.057196033000946
1752068106.1624258,-0.060379981994628906,0.5255364418029785,-1.057196033000946
1752068106.165394,-0.03286059945821762,0.5298569440841675,-1.0868139386177063
1752068106.167482,-0.03286059945821762,0.5298569440841675,-1.0868139386177063
1752068106.1695654,-0.03286059945821762,0.5298569440841675,-1.0868139386177063
1752068106.1736054,-0.03286059945821762,0.5298569440841675,-1.0868139386177063
1752068106.1766415,-0.03286059945821762,0.5298569440841675,-1.0868139386177063
1752068106.1786911,-0.009264791384339333,0.5154696941375733,-1.107924711704254
1752068106.1807537,-0.009264791384339333,0.5154696941375733,-1.107924711704254
1752068106.182835,-0.009264791384339333,0.5154696941375733,-1.107924711704254
1752068106.1854763,3.459863364696503e-05,0.5269105672836304,-1.1027437567710876
1752068106.1876163,3.459863364696503e-05,0.5269105672836304,-1.1027437567710876
1752068106.1901975,3.459863364696503e-05,0.5269105672836304,-1.1027437567710876
1752068106.194182,3.459863364696503e-05,0.5269105672836304,-1.1027437567710876
1752068106.195117,3.459863364696503e-05,0.5269105672836304,-1.1027437567710876
1752068106.197222,0.018504364416003227,0.5345086395740509,-1.108341348171234
1752068106.199308,0.018504364416003227,0.5345086395740509,-1.108341348171234
1752068106.2014005,0.018504364416003227,0.5345086395740509,-1.108341348171234
1752068106.207026,0.018504364416003227,0.5345086395740509,-1.108341348171234
1752068106.20903,0.015099911019206047,0.5479741930961609,-1.1051209092140197
1752068106.2110891,0.015099911019206047,0.5479741930961609,-1.1051209092140197
1752068106.2131588,0.015099911019206047,0.5479741930961609,-1.1051209092140197
1752068106.215993,0.016720643267035484,0.5543964743614197,-1.104897153377533
1752068106.2180889,0.016720643267035484,0.5543964743614197,-1.104897153377533
1752068106.220532,0.016720643267035484,0.5543964743614197,-1.104897153377533
1752068106.225833,0.016720643267035484,0.5543964743614197,-1.104897153377533
1752068106.2267966,0.016720643267035484,0.5543964743614197,-1.104897153377533
1752068106.228858,0.00646313838660717,0.5901037096977234,-1.1106540083885192
1752068106.2309268,0.00646313838660717,0.5901037096977234,-1.1106540083885192
1752068106.2330234,0.00646313838660717,0.5901037096977234,-1.1106540083885192
1752068106.2359009,0.021076751872897148,0.5961390376091004,-1.1066967368125915
1752068106.2390258,0.021076751872897148,0.5961390376091004,-1.1066967368125915
1752068106.2411497,0.021076751872897148,0.5961390376091004,-1.1066967368125915
1752068106.243835,0.021076751872897148,0.5961390376091004,-1.1066967368125915
1752068106.2462022,0.021076751872897148,0.5961390376091004,-1.1066967368125915
1752068106.2482927,-0.0026644114404916763,0.6199310958385468,-1.110461962223053
1752068106.2503755,-0.0026644114404916763,0.6199310958385468,-1.110461962223053
1752068106.2524476,-0.0026644114404916763,0.6199310958385468,-1.110461962223053
1752068106.2580013,-0.0026644114404916763,0.6199310958385468,-1.110461962223053
1752068106.2600613,-0.029885852709412575,0.6326173484325409,-1.1049490690231323
1752068106.2621472,-0.029885852709412575,0.6326173484325409,-1.1049490690231323
1752068106.2642512,-0.029885852709412575,0.6326173484325409,-1.1049490690231323
1752068106.2670622,-0.07490166276693344,0.7171026706695557,-1.299179983139038
1752068106.2691276,-0.07490166276693344,0.7171026706695557,-1.299179983139038
1752068106.2713232,-0.07490166276693344,0.7171026706695557,-1.299179983139038
1752068106.274118,-0.07490166276693344,0.7171026706695557,-1.299179983139038
1752068106.276707,-0.07490166276693344,0.7171026706695557,-1.299179983139038
1752068106.278774,-0.05978524684906006,0.6738039493560791,-1.3633706092834472
1752068106.2808268,-0.05978524684906006,0.6738039493560791,-1.3633706092834472
1752068106.2829134,-0.05978524684906006,0.6738039493560791,-1.3633706092834472
1752068106.2858021,0.047726571559906006,0.6137727737426758,-1.680456629768014
1752068106.2892823,0.047726571559906006,0.6137727737426758,-1.680456629768014
1752068106.291147,0.047726571559906006,0.6137727737426758,-1.680456629768014
1752068106.2951639,0.047726571559906006,0.6137727737426758,-1.680456629768014
1752068106.2961006,0.047726571559906006,0.6137727737426758,-1.680456629768014
1752068106.2982104,-0.0002951938658952713,0.6525668144226074,-1.6184729307889938
1752068106.300297,-0.0002951938658952713,0.6525668144226074,-1.6184729307889938
1752068106.3023884,-0.0002951938658952713,0.6525668144226074,-1.6184729307889938
1752068106.3082857,-0.0002951938658952713,0.6525668144226074,-1.6184729307889938
1752068106.3103244,0.023160194978117943,0.7035402595996857,-1.804318380355835
1752068106.3123808,0.023160194978117943,0.7035402595996857,-1.804318380355835
1752068106.3144178,0.023160194978117943,0.7035402595996857,-1.804318380355835
1752068106.317206,0.06064583361148834,0.724329286813736,-1.8284347027540206
1752068106.3193023,0.06064583361148834,0.724329286813736,-1.8284347027540206
1752068106.3219357,0.06064583361148834,0.724329286813736,-1.8284347027540206
1752068106.3268914,0.06064583361148834,0.724329286813736,-1.8284347027540206
1752068106.3278456,0.06064583361148834,0.724329286813736,-1.8284347027540206
1752068106.3299453,0.08364905416965485,0.7210900723934174,-2.0328045904636385
1752068106.3320305,0.08364905416965485,0.7210900723934174,-2.0328045904636385
1752068106.334127,0.08364905416965485,0.7210900723934174,-2.0328045904636385
1752068106.3398414,0.08364905416965485,0.7210900723934174,-2.0328045904636385
1752068106.341861,0.09497154504060745,0.7547236919403076,-2.102611404657364
1752068106.3438814,0.09497154504060745,0.7547236919403076,-2.102611404657364
1752068106.3459783,0.09497154504060745,0.7547236919403076,-2.102611404657364
1752068106.3488991,0.06755730509757996,0.6645775675773621,-2.232677710056305
1752068106.3509655,0.06755730509757996,0.6645775675773621,-2.232677710056305
1752068106.353128,0.06755730509757996,0.6645775675773621,-2.232677710056305
1752068106.3556466,0.06755730509757996,0.6645775675773621,-2.232677710056305
1752068106.3604054,0.06755730509757996,0.6645775675773621,-2.232677710056305
1752068106.3624146,0.057312190532684326,0.5914182901382447,-2.279043447971344
1752068106.36449,0.057312190532684326,0.5914182901382447,-2.279043447971344
1752068106.3666008,0.057312190532684326,0.5914182901382447,-2.279043447971344
1752068106.3695042,0.016298940405249596,0.5164259910583496,-2.4086607813835146
1752068106.3738637,0.016298940405249596,0.5164259910583496,-2.4086607813835146
1752068106.375779,0.016298940405249596,0.5164259910583496,-2.4086607813835146
1752068106.3798041,0.016298940405249596,0.5164259910583496,-2.4086607813835146
1752068106.380739,0.016298940405249596,0.5164259910583496,-2.4086607813835146
1752068106.3828213,0.0067089032381772995,0.5048323810100556,-2.511289370059967
1752068106.3848996,0.0067089032381772995,0.5048323810100556,-2.511289370059967
1752068106.3873453,0.0067089032381772995,0.5048323810100556,-2.511289370059967
1752068106.3936315,0.0067089032381772995,0.5048323810100556,-2.511289370059967
1752068106.3956432,-0.02155490405857563,0.48262041211128237,-2.5758246898651125
1752068106.3976922,-0.02155490405857563,0.48262041211128237,-2.5758246898651125
1752068106.3997607,-0.02155490405857563,0.48262041211128237,-2.5758246898651125
1752068106.4026184,-0.08853839337825775,0.4566932559013367,-2.5467947840690615
1752068106.4052067,-0.08853839337825775,0.4566932559013367,-2.5467947840690615
1752068106.4084141,-0.08853839337825775,0.4566932559013367,-2.5467947840690615
1752068106.4123795,-0.08853839337825775,0.4566932559013367,-2.5467947840690615
1752068106.4133136,-0.08853839337825775,0.4566932559013367,-2.5467947840690615
1752068106.415413,-0.12873589992523193,0.48005866408348086,-2.433610212802887
1752068106.417488,-0.12873589992523193,0.48005866408348086,-2.433610212802887
1752068106.419605,-0.12873589992523193,0.48005866408348086,-2.433610212802887
1752068106.424372,-0.12873589992523193,0.48005866408348086,-2.433610212802887
1752068106.4256842,-0.12873589992523193,0.48005866408348086,-2.433610212802887
1752068106.429026,-0.22377930581569672,0.4524353682994843,-2.026007753610611
1752068106.4310958,-0.22377930581569672,0.4524353682994843,-2.026007753610611
1752068106.4338083,-0.23423606157302856,0.4446993708610535,-2.0251688778400423
1752068106.4358976,-0.23423606157302856,0.4446993708610535,-2.0251688778400423
1752068106.4382463,-0.23423606157302856,0.4446993708610535,-2.0251688778400423
1752068106.4423869,-0.23423606157302856,0.4446993708610535,-2.0251688778400423
1752068106.4446816,-0.23423606157302856,0.4446993708610535,-2.0251688778400423
1752068106.4467506,-0.15885718166828156,0.443150931596756,-1.9914565205574035
1752068106.4488015,-0.15885718166828156,0.443150931596756,-1.9914565205574035
1752068106.450871,-0.15885718166828156,0.443150931596756,-1.9914565205574035
1752068106.454757,-0.15885718166828156,0.443150931596756,-1.9914565205574035
1752068106.4569843,-0.15885718166828156,0.443150931596756,-1.9914565205574035
1752068106.4600458,-0.15885718166828156,0.443150931596756,-1.9914565205574035
1752068106.463229,-0.16185112297534943,0.41782533526420595,-1.8899567991495132
1752068106.464126,-0.16185112297534943,0.41782533526420595,-1.8899567991495132
1752068106.4662352,-0.1599704474210739,0.3962241053581238,-1.7795204788446426
1752068106.4683244,-0.1599704474210739,0.3962241053581238,-1.7795204788446426
1752068106.4708228,-0.1599704474210739,0.3962241053581238,-1.7795204788446426
1752068106.4767756,-0.1599704474210739,0.3962241053581238,-1.7795204788446426
1752068106.4787889,-0.15903426706790924,0.4165791511535645,-1.7262383613735437
1752068106.4808347,-0.15903426706790924,0.4165791511535645,-1.7262383613735437
1752068106.482909,-0.15903426706790924,0.4165791511535645,-1.7262383613735437
1752068106.4858944,-0.18409475684165955,0.3903643131256104,-1.5981722444295883
1752068106.488591,-0.18409475684165955,0.3903643131256104,-1.5981722444295883
1752068106.4921834,-0.18409475684165955,0.3903643131256104,-1.5981722444295883
1752068106.4961884,-0.18409475684165955,0.3903643131256104,-1.5981722444295883
1752068106.4971259,-0.18409475684165955,0.3903643131256104,-1.5981722444295883
1752068106.4992049,-0.1690846085548401,0.3868400096893311,-1.4982554733753204
1752068106.5012963,-0.1690846085548401,0.3868400096893311,-1.4982554733753204
1752068106.50363,-0.1690846085548401,0.3868400096893311,-1.4982554733753204
1752068106.5103662,-0.1690846085548401,0.3868400096893311,-1.4982554733753204
1752068106.5123851,-0.13557381927967072,0.4457858145236969,-1.4147413194179534
1752068106.514413,-0.13557381927967072,0.4457858145236969,-1.4147413194179534
1752068106.5165017,-0.13557381927967072,0.4457858145236969,-1.4147413194179534
1752068106.5204897,-0.13557381927967072,0.4457858145236969,-1.4147413194179534
1752068106.524925,-0.09739945828914642,0.4949397087097168,-1.2844415724277496
1752068106.5269182,-0.09739945828914642,0.4949397087097168,-1.2844415724277496
1752068106.5309734,-0.09739945828914642,0.4949397087097168,-1.2844415724277496
1752068106.5319085,-0.09739945828914642,0.4949397087097168,-1.2844415724277496
1752068106.5340073,-0.0646756961941719,0.5597004532814026,-1.1799942970275878
1752068106.5361135,-0.0646756961941719,0.5597004532814026,-1.1799942970275878
1752068106.5402637,-0.0646756961941719,0.5597004532814026,-1.1799942970275878
1752068106.5441813,-0.03209009766578674,0.5987675726413727,-1.0469870090484619
1752068106.5462542,-0.03209009766578674,0.5987675726413727,-1.0469870090484619
1752068106.5483072,-0.03209009766578674,0.5987675726413727,-1.0469870090484619
1752068106.5520651,-0.03209009766578674,0.5987675726413727,-1.0469870090484619
1752068106.5531456,-0.03209009766578674,0.5987675726413727,-1.0469870090484619
1752068106.556618,-0.006182076409459114,0.5961743235588074,-0.9944290041923523
1752068106.5591164,-0.006182076409459114,0.5961743235588074,-0.9944290041923523
1752068106.5631354,-0.006182076409459114,0.5961743235588074,-0.9944290041923523
1752068106.5640745,-0.006182076409459114,0.5961743235588074,-0.9944290041923523
1752068106.5661817,0.015147188678383827,0.5387710869312287,-0.9718831300735473
1752068106.5682716,0.015147188678383827,0.5387710869312287,-0.9718831300735473
1752068106.5725834,0.015147188678383827,0.5387710869312287,-0.9718831300735473
1752068106.5751503,0.015147188678383827,0.5387710869312287,-0.9718831300735473
1752068106.5774946,0.05130137503147125,0.6420629262924195,-1.2330148935317993
1752068106.5795882,0.05130137503147125,0.6420629262924195,-1.2330148935317993
1752068106.5832453,0.05130137503147125,0.6420629262924195,-1.2330148935317993
1752068106.5841544,0.05130137503147125,0.6420629262924195,-1.2330148935317993
1752068106.5863566,0.029004471376538277,0.5034731864929199,-1.0726941347122192
1752068106.5910203,0.029004471376538277,0.5034731864929199,-1.0726941347122192
1752068106.5945487,0.029004471376538277,0.5034731864929199,-1.0726941347122192
1752068106.597507,0.029004471376538277,0.5034731864929199,-1.0726941347122192
1752068106.5995693,0.024148443713784218,0.5060830950737,-1.0554876446723938
1752068106.6016488,0.024148443713784218,0.5060830950737,-1.0554876446723938
1752068106.6037853,0.024148443713784218,0.5060830950737,-1.0554876446723938
1752068106.6086047,0.024148443713784218,0.5060830950737,-1.0554876446723938
1752068106.6106036,0.029497599229216576,0.44104632139205935,-1.049476933479309
1752068106.6126726,0.029497599229216576,0.44104632139205935,-1.049476933479309
1752068106.6147518,0.029497599229216576,0.44104632139205935,-1.049476933479309
1752068106.6176136,0.03201844543218613,0.4471193790435791,-1.0669885993003845
1752068106.6197612,0.03201844543218613,0.4471193790435791,-1.0669885993003845
1752068106.6236463,0.03201844543218613,0.4471193790435791,-1.0669885993003845
1752068106.6276534,0.03201844543218613,0.4471193790435791,-1.0669885993003845
1752068106.6285875,0.03201844543218613,0.4471193790435791,-1.0669885993003845
1752068106.63068,-0.0015895161777734756,0.470071816444397,-1.0361758589744567
1752068106.6327157,-0.0015895161777734756,0.470071816444397,-1.0361758589744567
1752068106.634806,-0.0015895161777734756,0.470071816444397,-1.0361758589744567
1752068106.6378064,-0.0015895161777734756,0.470071816444397,-1.0361758589744567
1752068106.6414454,-0.03918810188770294,0.4563756823539734,-1.0191074728965759
1752068106.6434546,-0.03918810188770294,0.4563756823539734,-1.0191074728965759
1752068106.6474674,-0.03918810188770294,0.4563756823539734,-1.0191074728965759
1752068106.6483889,-0.03918810188770294,0.4563756823539734,-1.0191074728965759
1752068106.6504796,-0.04117467999458313,0.44942414164543154,-1.0234019875526428
1752068106.652542,-0.04117467999458313,0.44942414164543154,-1.0234019875526428
1752068106.6564882,-0.04117467999458313,0.44942414164543154,-1.0234019875526428
1752068106.6594188,-0.04117467999458313,0.44942414164543154,-1.0234019875526428
1752068106.6614945,-0.05454342067241669,0.45097344517707827,-1.033604633808136
1752068106.6635573,-0.05454342067241669,0.45097344517707827,-1.033604633808136
1752068106.6656463,-0.05454342067241669,0.45097344517707827,-1.033604633808136
1752068106.668275,-0.042134471237659454,0.4484084188938141,-1.0341583013534545
1752068106.6703808,-0.042134471237659454,0.4484084188938141,-1.0341583013534545
1752068106.6737907,-0.042134471237659454,0.4484084188938141,-1.0341583013534545
1752068106.677614,-0.042134471237659454,0.4484084188938141,-1.0341583013534545
1752068106.6785483,-0.042134471237659454,0.4484084188938141,-1.0341583013534545
1752068106.680625,-0.04777523875236511,0.4473785400390625,-1.0560864329338073
1752068106.6826787,-0.04777523875236511,0.4473785400390625,-1.0560864329338073
1752068106.6847227,-0.04777523875236511,0.4473785400390625,-1.0560864329338073
1752068106.6887522,-0.04777523875236511,0.4473785400390625,-1.0560864329338073
1752068106.6916196,-0.048383183777332306,0.44930877685546877,-1.035774302482605
1752068106.6936657,-0.048383183777332306,0.44930877685546877,-1.035774302482605
1752068106.6976113,-0.048383183777332306,0.44930877685546877,-1.035774302482605
1752068106.698544,-0.048383183777332306,0.44930877685546877,-1.035774302482605
1752068106.7006173,-0.03313605487346649,0.4527728796005249,-1.031903040409088
1752068106.7026818,-0.03313605487346649,0.4527728796005249,-1.031903040409088
1752068106.70568,-0.03313605487346649,0.4527728796005249,-1.031903040409088
1752068106.7110033,-0.03313605487346649,0.4527728796005249,-1.031903040409088
1752068106.7129629,-0.0367865189909935,0.4295245945453644,-1.0484047055244445
1752068106.7150195,-0.0367865189909935,0.4295245945453644,-1.0484047055244445
1752068106.7171223,-0.0367865189909935,0.4295245945453644,-1.0484047055244445
1752068106.7215583,-0.0367865189909935,0.4295245945453644,-1.0484047055244445
1752068106.7247598,-0.0367865189909935,0.4295245945453644,-1.0484047055244445
1752068106.7265935,-0.04631173610687256,0.42589049935340884,-1.0778559565544128
1752068106.7286782,-0.04631173610687256,0.42589049935340884,-1.0778559565544128
1752068106.7315507,-0.07877905666828156,0.476185017824173,-1.0773465752601623
1752068106.7336476,-0.07877905666828156,0.476185017824173,-1.0773465752601623
1752068106.7357118,-0.07877905666828156,0.476185017824173,-1.0773465752601623
1752068106.7379682,-0.07877905666828156,0.476185017824173,-1.0773465752601623
1752068106.7437568,-0.07877905666828156,0.476185017824173,-1.0773465752601623
1752068106.7446997,-0.07877905666828156,0.476185017824173,-1.0773465752601623
1752068106.7467847,-0.07949627190828323,0.5504586637020111,-1.0724974989891052
1752068106.7488468,-0.07949627190828323,0.5504586637020111,-1.0724974989891052
1752068106.7514975,-0.05404875427484512,0.5490419209003449,-1.092850935459137
1752068106.7536776,-0.05404875427484512,0.5490419209003449,-1.092850935459137
1752068106.7575142,-0.05404875427484512,0.5490419209003449,-1.092850935459137
1752068106.7613945,-0.05404875427484512,0.5490419209003449,-1.092850935459137
1752068106.7623348,-0.05404875427484512,0.5490419209003449,-1.092850935459137
1752068106.7644184,-0.002246471121907234,0.536020690202713,-1.114523959159851
1752068106.7664957,-0.002246471121907234,0.536020690202713,-1.114523959159851
1752068106.7685568,-0.002246471121907234,0.536020690202713,-1.114523959159851
1752068106.7762246,-0.002246471121907234,0.536020690202713,-1.114523959159851
1752068106.7782743,0.01917373202741146,0.5548018753528595,-1.1208082556724548
1752068106.780331,0.01917373202741146,0.5548018753528595,-1.1208082556724548
1752068106.782419,0.01917373202741146,0.5548018753528595,-1.1208082556724548
1752068106.7852366,0.0034682955592870712,0.5344274282455445,-1.1116638898849487
1752068106.788218,0.0034682955592870712,0.5344274282455445,-1.1116638898849487
1752068106.7916224,0.0034682955592870712,0.5344274282455445,-1.1116638898849487
1752068106.7956462,0.0034682955592870712,0.5344274282455445,-1.1116638898849487
1752068106.7965813,0.0034682955592870712,0.5344274282455445,-1.1116638898849487
1752068106.7986925,0.0010224487632513046,0.5332427561283112,-1.107237410545349
1752068106.8007426,0.0010224487632513046,0.5332427561283112,-1.107237410545349
1752068106.802855,0.0010224487632513046,0.5332427561283112,-1.107237410545349
1752068106.8069558,0.0010224487632513046,0.5332427561283112,-1.107237410545349
1752068106.8116522,0.0010224487632513046,0.5332427561283112,-1.107237410545349
1752068106.8126044,0.0010224487632513046,0.5332427561283112,-1.107237410545349
1752068106.816503,-0.01241091825067997,0.5658148765563965,-1.1138423204421997
1752068106.8174202,-0.01241091825067997,0.5658148765563965,-1.1138423204421997
1752068106.81957,-0.012791136279702187,0.5848708987236023,-1.1285575747489929
1752068106.8239694,-0.012791136279702187,0.5848708987236023,-1.1285575747489929
1752068106.8259842,-0.012791136279702187,0.5848708987236023,-1.1285575747489929
1752068106.8294637,-0.008576096966862679,0.63249351978302,-1.1516754746437072
1752068106.8315232,-0.008576096966862679,0.63249351978302,-1.1516754746437072
1752068106.8335826,-0.008576096966862679,0.63249351978302,-1.1516754746437072
1752068106.8356643,-0.008576096966862679,0.63249351978302,-1.1516754746437072
1752068106.839911,-0.008576096966862679,0.63249351978302,-1.1516754746437072
1752068106.844407,-0.008576096966862679,0.63249351978302,-1.1516754746437072
1752068106.8465638,-0.006458835676312447,0.6345771789550781,-1.10106600522995
1752068106.8503265,-0.006458835676312447,0.6345771789550781,-1.10106600522995
1752068106.851269,-0.006458835676312447,0.6345771789550781,-1.10106600522995
1752068106.8550467,-0.012933434918522835,0.6557829022407532,-1.1540910124778747
1752068106.8572528,-0.012933434918522835,0.6557829022407532,-1.1540910124778747
1752068106.8612683,-0.012933434918522835,0.6557829022407532,-1.1540910124778747
1752068106.8622105,-0.012933434918522835,0.6557829022407532,-1.1540910124778747
1752068106.8643098,-0.06058812141418457,0.6978651076555252,-1.2901848375797271
1752068106.8664012,-0.06058812141418457,0.6978651076555252,-1.2901848375797271
1752068106.8684874,-0.06058812141418457,0.6978651076555252,-1.2901848375797271
1752068106.8745964,-0.06058812141418457,0.6978651076555252,-1.2901848375797271
1752068106.8766615,-0.05364096164703369,0.6934103012084961,-1.3751045882701873
1752068106.8786902,-0.05364096164703369,0.6934103012084961,-1.3751045882701873
1752068106.8807526,-0.05364096164703369,0.6934103012084961,-1.3751045882701873
1752068106.883644,0.03749486804008484,0.6210520803928375,-1.6617963656783103
1752068106.8857112,0.03749486804008484,0.6210520803928375,-1.6617963656783103
1752068106.887844,0.03749486804008484,0.6210520803928375,-1.6617963656783103
1752068106.8913574,0.03749486804008484,0.6210520803928375,-1.6617963656783103
1752068106.8943088,0.03749486804008484,0.6210520803928375,-1.6617963656783103
1752068106.8963888,0.01501460187137127,0.6650049924850464,-1.6875769931823015
1752068106.8984103,0.01501460187137127,0.6650049924850464,-1.6875769931823015
1752068106.9004903,0.01501460187137127,0.6650049924850464,-1.6875769931823015
1752068106.9049816,0.0409940630197525,0.7068856298923493,-1.8192457675933837
1752068106.9059517,0.0409940630197525,0.7068856298923493,-1.8192457675933837
1752068106.9089217,0.0409940630197525,0.7068856298923493,-1.8192457675933837
1752068106.9128406,0.0409940630197525,0.7068856298923493,-1.8192457675933837
1752068106.9137516,0.0409940630197525,0.7068856298923493,-1.8192457675933837
1752068106.9158263,0.08774366229772568,0.7358937501907349,-1.883182418346405
1752068106.9179113,0.08774366229772568,0.7358937501907349,-1.883182418346405
1752068106.9201913,0.08774366229772568,0.7358937501907349,-1.883182418346405
1752068106.9260755,0.08774366229772568,0.7358937501907349,-1.883182418346405
1752068106.9281108,0.09040345251560211,0.7354037404060364,-2.05303071141243
1752068106.9301727,0.09040345251560211,0.7354037404060364,-2.05303071141243
1752068106.9322793,0.09040345251560211,0.7354037404060364,-2.05303071141243
1752068106.9351408,0.08494503796100616,0.7390198349952698,-2.1413935840129854
1752068106.9372673,0.08494503796100616,0.7390198349952698,-2.1413935840129854
1752068106.9409184,0.08494503796100616,0.7390198349952698,-2.1413935840129854
1752068106.9450562,0.08494503796100616,0.7390198349952698,-2.1413935840129854
1752068106.9460151,0.08494503796100616,0.7390198349952698,-2.1413935840129854
1752068106.9481037,0.06554079055786133,0.6622065246105194,-2.2325375199317934
1752068106.9501996,0.06554079055786133,0.6622065246105194,-2.2325375199317934
1752068106.9523785,0.06554079055786133,0.6622065246105194,-2.2325375199317934
1752068106.9586577,0.06554079055786133,0.6622065246105194,-2.2325375199317934
1752068106.9606502,0.04529513418674469,0.6119165062904358,-2.3243076324462892
1752068106.9627175,0.04529513418674469,0.6119165062904358,-2.3243076324462892
1752068106.9647813,0.04529513418674469,0.6119165062904358,-2.3243076324462892
1752068106.9676359,0.02377295307815075,0.5491924822330475,-2.4628108859062197
1752068106.9697137,0.02377295307815075,0.5491924822330475,-2.4628108859062197
1752068106.972126,0.02377295307815075,0.5491924822330475,-2.4628108859062197
1752068106.9763632,0.02377295307815075,0.5491924822330475,-2.4628108859062197
1752068106.977309,0.02377295307815075,0.5491924822330475,-2.4628108859062197
1752068106.9794006,0.0017881523817777634,0.5280694305896759,-2.5248236775398256
1752068106.9814858,0.0017881523817777634,0.5280694305896759,-2.5248236775398256
1752068106.983555,0.0017881523817777634,0.5280694305896759,-2.5248236775398256
1752068106.986495,-0.019436853006482124,0.5018568277359009,-2.622325909137726
1752068106.991363,-0.019436853006482124,0.5018568277359009,-2.622325909137726
1752068106.9933927,-0.019436853006482124,0.5018568277359009,-2.622325909137726
1752068106.995428,-0.019436853006482124,0.5018568277359009,-2.622325909137726
1752068106.9984128,-0.019436853006482124,0.5018568277359009,-2.622325909137726
1752068107.0004146,-0.08876892924308777,0.47849481701850893,-2.620455813407898
1752068107.0024905,-0.08876892924308777,0.47849481701850893,-2.620455813407898
1752068107.0046496,-0.08876892924308777,0.47849481701850893,-2.620455813407898
1752068107.0099852,-0.08876892924308777,0.47849481701850893,-2.620455813407898
1752068107.0120356,-0.1348060667514801,0.4596670508384705,-2.4972248792648317
1752068107.0141094,-0.1348060667514801,0.4596670508384705,-2.4972248792648317
1752068107.0162127,-0.1348060667514801,0.4596670508384705,-2.4972248792648317
1752068107.0192475,-0.20489811897277832,0.4115593671798706,-2.1730938374996187
1752068107.0217054,-0.20489811897277832,0.4115593671798706,-2.1730938374996187
1752068107.0237813,-0.20489811897277832,0.4115593671798706,-2.1730938374996187
1752068107.0273352,-0.20489811897277832,0.4115593671798706,-2.1730938374996187
1752068107.028238,-0.20489811897277832,0.4115593671798706,-2.1730938374996187
1752068107.0303488,-0.21297916769981384,0.42118086814880373,-2.0314213156700136
1752068107.0324047,-0.21297916769981384,0.42118086814880373,-2.0314213156700136
1752068107.0344913,-0.21297916769981384,0.42118086814880373,-2.0314213156700136
1752068107.0388765,-0.21297916769981384,0.42118086814880373,-2.0314213156700136
1752068107.0417573,-0.1866690069437027,0.408636087179184,-2.0192709386348726
1752068107.0437965,-0.1866690069437027,0.408636087179184,-2.0192709386348726
1752068107.0458624,-0.1866690069437027,0.408636087179184,-2.0192709386348726
1752068107.0486436,-0.11720003187656403,0.37807979583740237,-1.9306233644485473
1752068107.0507188,-0.11720003187656403,0.37807979583740237,-1.9306233644485473
1752068107.0527997,-0.11720003187656403,0.37807979583740237,-1.9306233644485473
1752068107.0550334,-0.11720003187656403,0.37807979583740237,-1.9306233644485473
1752068107.0588555,-0.11720003187656403,0.37807979583740237,-1.9306233644485473
1752068107.0608745,-0.08418990671634674,0.3924430251121521,-1.8390560269355773
1752068107.0629323,-0.08418990671634674,0.3924430251121521,-1.8390560269355773
1752068107.0650287,-0.08418990671634674,0.3924430251121521,-1.8390560269355773
1752068107.0677872,-0.09829670190811157,0.3871204495429993,-1.733075101673603
1752068107.0698795,-0.09829670190811157,0.3871204495429993,-1.733075101673603
1752068107.0748334,-0.09829670190811157,0.3871204495429993,-1.733075101673603
1752068107.0790865,-0.09829670190811157,0.3871204495429993,-1.733075101673603
1752068107.0800426,-0.09829670190811157,0.3871204495429993,-1.733075101673603
1752068107.082133,-0.15029603242874146,0.387174391746521,-1.6095217809081077
1752068107.0842266,-0.15029603242874146,0.387174391746521,-1.6095217809081077
1752068107.0863326,-0.15029603242874146,0.387174391746521,-1.6095217809081077
1752068107.09055,-0.15029603242874146,0.387174391746521,-1.6095217809081077
1752068107.0927675,-0.15029603242874146,0.387174391746521,-1.6095217809081077
1752068107.0947537,-0.17645815014839172,0.4094382464885712,-1.4913616001605987
1752068107.0968072,-0.17645815014839172,0.4094382464885712,-1.4913616001605987
1752068107.0996969,-0.17703735828399658,0.4475884079933167,-1.3730112135410308
1752068107.1017632,-0.17703735828399658,0.4475884079933167,-1.3730112135410308
1752068107.1040123,-0.17703735828399658,0.4475884079933167,-1.3730112135410308
1752068107.107531,-0.17703735828399658,0.4475884079933167,-1.3730112135410308
1752068107.1113946,-0.17703735828399658,0.4475884079933167,-1.3730112135410308
1752068107.1134126,-0.1823851615190506,0.5100306510925293,-1.230878096818924
1752068107.115489,-0.1823851615190506,0.5100306510925293,-1.230878096818924
1752068107.1175606,-0.1823851615190506,0.5100306510925293,-1.230878096818924
1752068107.122446,-0.1823851615190506,0.5100306510925293,-1.230878096818924
1752068107.1257434,-0.12655581533908844,0.5316983997821808,-1.0934265375137329
1752068107.1277587,-0.12655581533908844,0.5316983997821808,-1.0934265375137329
1752068107.1316903,-0.12655581533908844,0.5316983997821808,-1.0934265375137329
1752068107.1326199,-0.12655581533908844,0.5316983997821808,-1.0934265375137329
1752068107.1346931,-0.06459518522024155,0.5649351119995117,-1.0191746473312377
1752068107.1379414,-0.06459518522024155,0.5649351119995117,-1.0191746473312377
1752068107.1389678,-0.06459518522024155,0.5649351119995117,-1.0191746473312377
1752068107.1436892,-0.06459518522024155,0.5649351119995117,-1.0191746473312377
1752068107.145611,-0.0070709604769945145,0.5647903919219971,-1.024893295764923
1752068107.1476827,-0.0070709604769945145,0.5647903919219971,-1.024893295764923
1752068107.1497488,-0.0070709604769945145,0.5647903919219971,-1.024893295764923
1752068107.1525989,0.03091212548315525,0.5096516251564026,-1.037589144706726
1752068107.1550527,0.03091212548315525,0.5096516251564026,-1.037589144706726
1752068107.1582718,0.03091212548315525,0.5096516251564026,-1.037589144706726
1752068107.162259,0.03091212548315525,0.5096516251564026,-1.037589144706726
1752068107.1631944,0.03091212548315525,0.5096516251564026,-1.037589144706726
1752068107.1652997,0.02898329682648182,0.5820217967033386,-1.1366776943206787
1752068107.1673846,0.02898329682648182,0.5820217967033386,-1.1366776943206787
1752068107.1694384,0.02898329682648182,0.5820217967033386,-1.1366776943206787
1752068107.1756747,0.02898329682648182,0.5820217967033386,-1.1366776943206787
1752068107.1776822,0.01177971251308918,0.5044825911521912,-1.1682478308677673
1752068107.1797452,0.01177971251308918,0.5044825911521912,-1.1682478308677673
1752068107.1818168,0.01177971251308918,0.5044825911521912,-1.1682478308677673
1752068107.1846144,0.0029081087559461594,0.4500515997409821,-1.060588252544403
1752068107.1867158,0.0029081087559461594,0.4500515997409821,-1.060588252544403
1752068107.1890929,0.0029081087559461594,0.4500515997409821,-1.060588252544403
1752068107.193919,0.0029081087559461594,0.4500515997409821,-1.060588252544403
1752068107.1948786,0.0029081087559461594,0.4500515997409821,-1.060588252544403
1752068107.1969757,-0.014180304482579231,0.5212854385375977,-1.0711665272712707
1752068107.1990352,-0.014180304482579231,0.5212854385375977,-1.0711665272712707
1752068107.2011325,-0.014180304482579231,0.5212854385375977,-1.0711665272712707
1752068107.2072296,-0.014180304482579231,0.5212854385375977,-1.0711665272712707
1752068107.2092931,-0.0018313247710466385,0.4259399712085724,-1.0563082814216613
1752068107.2113383,-0.0018313247710466385,0.4259399712085724,-1.0563082814216613
1752068107.2153704,-0.0018313247710466385,0.4259399712085724,-1.0563082814216613
1752068107.2163024,-0.0018313247710466385,0.4259399712085724,-1.0563082814216613
1752068107.2184002,-0.040354207158088684,0.44502308368682864,-1.0407516479492187
1752068107.2205536,-0.040354207158088684,0.44502308368682864,-1.0407516479492187
1752068107.2246141,-0.040354207158088684,0.44502308368682864,-1.0407516479492187
1752068107.2271905,-0.040354207158088684,0.44502308368682864,-1.0407516479492187
1752068107.2292838,-0.041163958609104156,0.45514788627624514,-1.0328692317008972
1752068107.2313664,-0.041163958609104156,0.45514788627624514,-1.0328692317008972
1752068107.233419,-0.041163958609104156,0.45514788627624514,-1.0328692317008972
1752068107.2370932,-0.041163958609104156,0.45514788627624514,-1.0328692317008972
1752068107.2387805,-0.041163958609104156,0.45514788627624514,-1.0328692317008972
1752068107.2416253,-0.041163958609104156,0.45514788627624514,-1.0328692317008972
1752068107.2449763,-0.049865394830703735,0.4476389825344086,-1.0328617811203002
1752068107.2459157,-0.049865394830703735,0.4476389825344086,-1.0328617811203002
1752068107.2480159,-0.04892168939113617,0.4514464378356934,-1.0374362587928772
1752068107.2500994,-0.04892168939113617,0.4514464378356934,-1.0374362587928772
1752068107.2523036,-0.04892168939113617,0.4514464378356934,-1.0374362587928772
1752068107.2576175,-0.04892168939113617,0.4514464378356934,-1.0374362587928772
1752068107.259596,-0.058577507734298706,0.43944686055183413,-1.0358380794525146
1752068107.2616706,-0.058577507734298706,0.43944686055183413,-1.0358380794525146
1752068107.2637408,-0.058577507734298706,0.43944686055183413,-1.0358380794525146
1752068107.266551,-0.05998788774013519,0.45037796497344973,-1.0467750549316406
1752068107.2688458,-0.05998788774013519,0.45037796497344973,-1.0467750549316406
1752068107.271369,-0.05998788774013519,0.45037796497344973,-1.0467750549316406
1752068107.2763517,-0.05998788774013519,0.45037796497344973,-1.0467750549316406
1752068107.2773008,-0.05998788774013519,0.45037796497344973,-1.0467750549316406
1752068107.279402,-0.0441422313451767,0.4805759727954865,-1.0311871290206909
1752068107.2814775,-0.0441422313451767,0.4805759727954865,-1.0311871290206909
1752068107.283548,-0.0441422313451767,0.4805759727954865,-1.0311871290206909
1752068107.286372,-0.0441422313451767,0.4805759727954865,-1.0311871290206909
1752068107.2889702,-0.04558330029249191,0.47394933700561526,-1.0376075625419616
1752068107.2919624,-0.04558330029249191,0.47394933700561526,-1.0376075625419616
1752068107.2959778,-0.04558330029249191,0.47394933700561526,-1.0376075625419616
1752068107.2969196,-0.04558330029249191,0.47394933700561526,-1.0376075625419616
1752068107.2989929,-0.06058467924594879,0.4479409992694855,-1.0497143387794494
1752068107.3010762,-0.06058467924594879,0.4479409992694855,-1.0497143387794494
1752068107.3032215,-0.06058467924594879,0.4479409992694855,-1.0497143387794494
1752068107.3082573,-0.06058467924594879,0.4479409992694855,-1.0497143387794494
1752068107.3113859,-0.06001393496990204,0.4423274338245392,-1.081710112094879
1752068107.3134115,-0.06001393496990204,0.4423274338245392,-1.081710112094879
