1751989227.976973,-0.19777741772532464,1.115653841381073,-2.7356067100524903
1751989227.97966,-0.19769827510118484,1.1154875133132933,-2.735112269592285
1751989227.9821873,-0.19761913247704507,1.1153211852455138,-2.73461782913208
1751989227.9849558,-0.19753998985290527,1.1151548571777343,-2.734123388671875
1751989227.987415,-0.19746084722876547,1.1149885291099548,-2.73362894821167
1751989227.989856,-0.1973817046046257,1.1148222010421753,-2.733134507751465
1751989227.9926481,-0.1973025619804859,1.1146558729743956,-2.7326400672912596
1751989227.9954412,-0.19722341935634613,1.1144895449066163,-2.7321456268310547
1751989227.9982214,-0.19714427673220633,1.1143232168388366,-2.7316511863708492
1751989228.0006948,-0.19706513410806656,1.1141568887710571,-2.7311567459106443
1751989228.0031273,-0.1969859914839268,1.1139905607032776,-2.7306623054504398
1751989228.0057697,-0.196906848859787,1.1138242326354981,-2.7301678649902343
1751989228.0077624,-0.19682770623564722,1.1136579045677186,-2.7296734245300294
1751989228.009899,-0.19674856361150742,1.113491576499939,-2.729178984069824
1751989228.0118706,-0.19666942098736762,1.1133252484321594,-2.728684543609619
1751989228.0139883,-0.19659027836322784,1.11315892036438,-2.728190103149414
1751989228.016114,-0.19651113573908804,1.1129925922966004,-2.727695662689209
1751989228.018196,-0.19643199311494827,1.1128262642288207,-2.727201222229004
1751989228.0203652,-0.19635285049080847,1.1126599361610412,-2.7267067817687987
1751989228.0223973,-0.1962737078666687,1.1124936080932617,-2.7262123413085937
1751989228.0245392,-0.19619456524252893,1.1123272800254824,-2.7257179008483887
1751989228.0268464,-0.19611542261838913,1.1121609519577025,-2.7252234603881833
1751989228.0288591,-0.19603627999424936,1.1119946238899232,-2.7247290199279783
1751989228.030893,-0.19595713737010956,1.1118282958221435,-2.7242345794677734
1751989228.0330281,-0.19587799474596976,1.111661967754364,-2.7237401390075684
1751989228.0351648,-0.19579885212182999,1.1114956396865845,-2.7232456985473634
1751989228.037313,-0.1957197094976902,1.111329311618805,-2.722751258087158
1751989228.0393999,-0.19564056687355041,1.1111629835510255,-2.722256817626953
1751989228.0415254,-0.19556142424941061,1.1109966554832458,-2.7217623771667476
1751989228.0437894,-0.19548228162527084,1.1108303274154663,-2.7212679367065427
1751989228.0457082,-0.19540313900113107,1.1106639993476868,-2.720773496246338
1751989228.0477736,-0.19532399637699127,1.1104976712799073,-2.7202790557861327
1751989228.049917,-0.1952448537528515,1.1103313432121276,-2.7197846153259277
1751989228.0520535,-0.1951657111287117,1.1101650151443483,-2.7192901748657228
1751989228.0541987,-0.1950865685045719,1.1099986870765686,-2.7187957344055174
1751989228.0563326,-0.19500742588043213,1.1098323590087893,-2.7183012939453124
1751989228.058457,-0.19492828325629233,1.1096660309410094,-2.7178068534851074
1751989228.0605335,-0.19484914063215256,1.10949970287323,-2.7173124130249025
1751989228.062664,-0.19476999800801278,1.1093333748054506,-2.7168179725646975
1751989228.0646195,-0.19469085538387298,1.109167046737671,-2.716323532104492
1751989228.0668132,-0.1946117127597332,1.1090007186698914,-2.715829091644287
1751989228.0688121,-0.1945325701355934,1.1088343906021119,-2.7153346511840817
1751989228.070905,-0.19445342751145364,1.1086680625343324,-2.7148402107238767
1751989228.073038,-0.19437428488731384,1.1085017344665529,-2.714345770263672
1751989228.075221,-0.19429514226317404,1.1083354063987731,-2.7138513298034668
1751989228.0773335,-0.19421599963903427,1.1081690783309937,-2.713356889343262
1751989228.079361,-0.19413685701489447,1.1080027502632142,-2.7128624488830564
1751989228.0814376,-0.1940577143907547,1.1078364221954344,-2.7123680084228514
1751989228.0835247,-0.19397857176661493,1.107670094127655,-2.7118735679626464
1751989228.0855887,-0.19389942914247513,1.1075037660598754,-2.711379127502441
1751989228.08765,-0.19382028651833536,1.107337437992096,-2.7108846870422365
1751989228.0898457,-0.19374114389419556,1.1071711099243162,-2.710390246582031
1751989228.0919313,-0.19366200127005578,1.1070047818565367,-2.709895806121826
1751989228.0940962,-0.19358285864591598,1.1068384537887574,-2.709401365661621
1751989228.0962095,-0.19350371602177618,1.106672125720978,-2.7089069252014157
1751989228.0982175,-0.1934245733976364,1.1065057976531982,-2.7084124847412108
1751989228.1003737,-0.1933454307734966,1.1063394695854187,-2.7079180442810054
1751989228.1025047,-0.19326628814935684,1.1061731415176392,-2.707423603820801
1751989228.1045692,-0.19318714552521707,1.1060068134498597,-2.706929163360596
1751989228.1066308,-0.19310800290107727,1.10584048538208,-2.7064347229003904
1751989228.108755,-0.1930288602769375,1.1056741573143005,-2.7059402824401855
1751989228.110992,-0.1929497176527977,1.105507829246521,-2.70544584197998
1751989228.1129858,-0.19287057502865793,1.1053415011787415,-2.704951401519775
1751989228.1151006,-0.19279143240451813,1.1051751731109618,-2.7044569610595706
1751989228.1172523,-0.19271228978037833,1.1050088450431823,-2.703962520599365
1751989228.1193705,-0.19263314715623855,1.1048425169754028,-2.70346808013916
1751989228.1214595,-0.19255400453209875,1.1046761889076233,-2.7029736396789548
1751989228.1234844,-0.19247486190795898,1.1045098608398436,-2.70247919921875
1751989228.1255884,-0.1923957192838192,1.1043435327720643,-2.701984758758545
1751989228.127678,-0.1923165766596794,1.1041772047042846,-2.7014903182983394
1751989228.1297505,-0.19223743403553964,1.104010876636505,-2.700995877838135
1751989228.1317997,-0.19215829141139984,1.1038445485687254,-2.7005014373779295
1751989228.133941,-0.19207914878726007,1.103678220500946,-2.7000069969177245
1751989228.1362,-0.19200000616312027,1.1035118924331666,-2.6995125564575195
1751989228.138221,-0.19192086353898047,1.1033455643653869,-2.699018115997314
1751989228.140371,-0.1918417209148407,1.1031792362976074,-2.698523675537109
1751989228.1424851,-0.1917625782907009,1.103012908229828,-2.698029235076904
1751989228.1446755,-0.19168343566656112,1.1028465801620484,-2.697534794616699
1751989228.1465838,-0.19160429304242135,1.1026802520942687,-2.6970403541564942
1751989228.1486187,-0.19152515041828155,1.1025139240264892,-2.696545913696289
1751989228.1506793,-0.19144600779414178,1.1023475959587097,-2.696051473236084
1751989228.152813,-0.19136686517000198,1.1021812678909302,-2.695557032775879
1751989228.154902,-0.1912877225458622,1.1020149398231505,-2.6950625923156735
1751989228.1570427,-0.1912085799217224,1.1018486117553712,-2.694568151855469
1751989228.1592965,-0.1911294372975826,1.1016822836875915,-2.6940737113952635
1751989228.1613228,-0.19105029467344284,1.1015159556198122,-2.6935792709350586
1751989228.1633883,-0.19097115204930307,1.1013496275520325,-2.6930848304748536
1751989228.1654434,-0.19089200942516327,1.101183299484253,-2.692590390014648
1751989228.1675048,-0.1908128668010235,1.1010169714164735,-2.692095949554443
1751989228.1695666,-0.1907337241768837,1.1008506433486938,-2.6916015090942382
1751989228.171627,-0.19065458155274392,1.1006843152809143,-2.6911070686340333
1751989228.17376,-0.19057543892860412,1.1005179872131348,-2.6906126281738283
1751989228.175888,-0.19049629630446432,1.1003516591453553,-2.690118187713623
1751989228.1780207,-0.19041715368032455,1.1001853310775755,-2.689623747253418
1751989228.1800802,-0.19033801105618475,1.100019003009796,-2.689129306793213
1751989228.1822271,-0.19025886843204498,1.0998526749420166,-2.6886348663330075
1751989228.1843593,-0.1901797258079052,1.0996863468742373,-2.6881404258728026
1751989228.1864502,-0.1901005831837654,1.0995200188064573,-2.687645985412598
1751989228.1884866,-0.19002144055962564,1.099353690738678,-2.6871515449523926
1751989228.1906507,-0.18994229793548584,1.0991873626708983,-2.6866571044921876
1751989228.1927028,-0.18986315531134607,1.099021034603119,-2.6861626640319822
1751989228.1947675,-0.18978401268720627,1.0988547065353393,-2.6856682235717773
1751989228.1968396,-0.18970487006306647,1.0986883784675598,-2.6851737831115723
1751989228.1988933,-0.1896257274389267,1.0985220503997803,-2.684679342651367
1751989228.2009838,-0.1895465848147869,1.0983557223320009,-2.6841849021911623
1751989228.2031155,-0.18946744219064712,1.0981893942642211,-2.683690461730957
1751989228.20526,-0.18938829956650735,1.0980230661964416,-2.683196021270752
1751989228.2073605,-0.18930915694236755,1.0978567381286621,-2.682701580810547
1751989228.2095385,-0.18923001431822778,1.0976904100608826,-2.6822071403503416
1751989228.211544,-0.18915087169408798,1.097524081993103,-2.6817126998901366
1751989228.2136886,-0.1890717290699482,1.0973577539253234,-2.681218259429932
1751989228.2156124,-0.1889925864458084,1.0971914258575441,-2.6807238189697267
1751989228.217675,-0.1889134438216686,1.0970250977897642,-2.6802293785095217
1751989228.219806,-0.18883430119752884,1.096858769721985,-2.6797349380493163
1751989228.2218661,-0.18875515857338904,1.0966924416542052,-2.6792404975891113
1751989228.2240047,-0.18867601594924927,1.096526113586426,-2.6787460571289063
1751989228.2262535,-0.1885968733251095,1.0963597855186462,-2.678251616668701
1751989228.2282739,-0.1885177307009697,1.0961934574508667,-2.6777571762084964
1751989228.230374,-0.18843858807682992,1.0960271293830872,-2.6772627357482914
1751989228.2324455,-0.18835944545269012,1.0958608013153077,-2.676768295288086
1751989228.2345176,-0.18828030282855035,1.095694473247528,-2.676273854827881
1751989228.2365825,-0.18820116020441055,1.0955281451797485,-2.6757794143676756
1751989228.238642,-0.18812201758027075,1.095361817111969,-2.6752849739074707
1751989228.2407825,-0.18804287495613098,1.0951954890441895,-2.6747905334472657
1751989228.2429478,-0.18796373233199118,1.0950291609764098,-2.6742960929870607
1751989228.2449894,-0.1878845897078514,1.0948628329086303,-2.6738016525268558
1751989228.2470746,-0.18780544708371164,1.094696504840851,-2.6733072120666503
1751989228.2492228,-0.18772630445957184,1.0945301767730713,-2.6728127716064454
1751989228.251359,-0.18764716183543206,1.0943638487052918,-2.6723183311462404
1751989228.2534485,-0.18756801921129226,1.094197520637512,-2.671823890686035
1751989228.255487,-0.1874888765871525,1.0940311925697328,-2.67132945022583
1751989228.257544,-0.1874097339630127,1.0938648645019533,-2.6708350097656255
1751989228.2596972,-0.1873305913388729,1.0936985364341736,-2.67034056930542
1751989228.2617831,-0.18725144871473312,1.093532208366394,-2.669846128845215
1751989228.2638373,-0.18717230609059332,1.0933658802986146,-2.6693516883850097
1751989228.2659802,-0.18709316346645355,1.0931995522308349,-2.6688572479248047
1751989228.2682588,-0.18701402084231378,1.0930332241630554,-2.6683628074645998
1751989228.270347,-0.18693487821817398,1.0928668960952759,-2.667868367004395
1751989228.2724745,-0.1868557355940342,1.0927005680274964,-2.66737392654419
1751989228.274532,-0.1867765929698944,1.0925342399597167,-2.6668794860839844
1751989228.2768307,-0.18669745034575463,1.0923679118919372,-2.6663850456237794
1751989228.2788272,-0.18661830772161483,1.0922015838241579,-2.6658906051635745
1751989228.2808592,-0.18653916509747503,1.0920352557563782,-2.665396164703369
1751989228.283129,-0.18646002247333526,1.0918689276885987,-2.664901724243164
1751989228.2852328,-0.18638087984919546,1.091702599620819,-2.664407283782959
1751989228.2873561,-0.1863017372250557,1.0915362715530397,-2.663912843322754
1751989228.2894886,-0.18622259460091592,1.0913699434852602,-2.663418402862549
1751989228.2915516,-0.18614345197677612,1.0912036154174805,-2.6629239624023437
1751989228.293734,-0.18606430935263635,1.091037287349701,-2.6624295219421388
1751989228.2958374,-0.18598516672849655,1.0908709592819215,-2.6619350814819334
1751989228.2978566,-0.18590602410435678,1.090704631214142,-2.6614406410217284
1751989228.2999992,-0.18582688148021698,1.0905383031463622,-2.660946200561524
1751989228.3021398,-0.18574773885607718,1.0903719750785827,-2.6604517601013185
1751989228.3042789,-0.1856685962319374,1.0902056470108032,-2.6599573196411135
1751989228.3064718,-0.1855894536077976,1.0900393189430235,-2.659462879180908
1751989228.308531,-0.18551031098365783,1.089872990875244,-2.658968438720703
1751989228.3107414,-0.18543116835951806,1.0897066628074645,-2.658473998260498
1751989228.3126762,-0.18535202573537826,1.089540334739685,-2.657979557800293
1751989228.3147643,-0.1852728831112385,1.0893740066719053,-2.657485117340088
1751989228.3169088,-0.1851937404870987,1.0892076786041258,-2.6569906768798828
1751989228.3190446,-0.18511459786295892,1.0890413505363463,-2.656496236419678
1751989228.3211877,-0.18503545523881912,1.088875022468567,-2.656001795959473
1751989228.3233244,-0.18495631261467932,1.0887086944007873,-2.6555073554992674
1751989228.3254504,-0.18487716999053955,1.0885423663330078,-2.6550129150390624
1751989228.327646,-0.18479802736639975,1.0883760382652283,-2.6545184745788575
1751989228.3297293,-0.18471888474225998,1.0882097101974488,-2.6540240341186525
1751989228.331622,-0.1846397421181202,1.0880433821296691,-2.6535295936584475
1751989228.3336833,-0.1845605994939804,1.0878770540618896,-2.653035153198242
1751989228.3358135,-0.18448145686984063,1.0877107259941101,-2.652540712738037
1751989228.3378754,-0.18440231424570083,1.0875443979263306,-2.6520462722778317
1751989228.3400118,-0.18432317162156106,1.087378069858551,-2.6515518318176268
1751989228.3421936,-0.18424402899742126,1.0872117417907714,-2.6510573913574222
1751989228.3443553,-0.18416488637328146,1.087045413722992,-2.650562950897217
1751989228.3463984,-0.1840857437491417,1.0868790856552124,-2.650068510437012
1751989228.3484507,-0.1840066011250019,1.0867127575874327,-2.6495740699768064
1751989228.350481,-0.18392745850086212,1.0865464295196532,-2.6490796295166015
1751989228.3525407,-0.18384831587672235,1.086380101451874,-2.6485851890563965
1751989228.354604,-0.18376917325258255,1.086213773384094,-2.648090748596191
1751989228.3566966,-0.18369003062844277,1.0860474453163147,-2.6475963081359866
1751989228.358824,-0.18361088800430297,1.0858811172485352,-2.6471018676757816
1751989228.3609536,-0.1835317453801632,1.0857147891807557,-2.646607427215576
1751989228.36299,-0.1834526027560234,1.085548461112976,-2.646112986755371
1751989228.36509,-0.1833734601318836,1.0853821330451965,-2.645618546295166
1751989228.3672366,-0.18329431750774383,1.085215804977417,-2.645124105834961
1751989228.3693528,-0.18321517488360406,1.0850494769096375,-2.6446296653747563
1751989228.371485,-0.18313603225946426,1.0848831488418578,-2.644135224914551
1751989228.3735206,-0.1830568896353245,1.0847168207740783,-2.643640784454346
1751989228.3756213,-0.1829777470111847,1.0845504927062988,-2.6431463439941405
1751989228.3777823,-0.18289860438704492,1.0843841646385193,-2.6426519035339355
1751989228.3798037,-0.18281946176290512,1.0842178365707398,-2.6421574630737306
1751989228.3819332,-0.18274031913876532,1.08405150850296,-2.641663022613525
1751989228.384232,-0.18266117651462555,1.0838851804351808,-2.6411685821533206
1751989228.3862228,-0.18258203389048575,1.083718852367401,-2.640674141693115
1751989228.388351,-0.18250289126634597,1.0835525242996216,-2.6401797012329102
1751989228.390471,-0.1824237486422062,1.083386196231842,-2.6396852607727053
1751989228.3925953,-0.1823446060180664,1.0832198681640626,-2.6391908203125
1751989228.394662,-0.18226546339392663,1.083053540096283,-2.638696379852295
1751989228.3967838,-0.18218632076978683,1.0828872120285034,-2.63820193939209
1751989228.399014,-0.18210717814564706,1.0827208839607239,-2.637707498931885
1751989228.40101,-0.18202803552150726,1.0825545558929444,-2.63721305847168
1751989228.4031494,-0.18194889289736746,1.0823882278251649,-2.6367186180114746
1751989228.4052906,-0.1818697502732277,1.0822218997573851,-2.6362241775512696
1751989228.40735,-0.18179060764908792,1.0820555716896059,-2.6357297370910646
1751989228.40951,-0.18171146502494812,1.0818892436218261,-2.635235296630859
1751989228.4115407,-0.18163232240080834,1.0817229155540466,-2.6347408561706542
1751989228.4135516,-0.18155317977666854,1.081556587486267,-2.6342464157104493
1751989228.4156091,-0.18147403715252877,1.0813902594184877,-2.6337519752502443
1751989228.4177456,-0.181394894528389,1.0812239313507082,-2.6332575347900393
1751989228.4198825,-0.1813157519042492,1.0810576032829284,-2.632763094329834
1751989228.4219937,-0.1812366092801094,1.080891275215149,-2.632268653869629
1751989228.4241374,-0.1811574666559696,1.0807249471473694,-2.6317742134094235
1751989228.4263377,-0.18107832403182983,1.08055861907959,-2.631279772949219
1751989228.4284222,-0.18099918140769006,1.0803922910118102,-2.630785332489014
1751989228.4304602,-0.18092003878355026,1.0802259629440307,-2.6302908920288086
1751989228.4324877,-0.18084089615941049,1.0800596348762512,-2.6297964515686036
1751989228.434549,-0.18076175353527069,1.0798933068084717,-2.6293020111083982
1751989228.4366112,-0.18068261091113091,1.079726978740692,-2.6288075706481933
1751989228.438742,-0.18060346828699114,1.0795606506729127,-2.6283131301879883
1751989228.4408455,-0.18052432566285134,1.079394322605133,-2.6278186897277833
1751989228.4430065,-0.18044518303871154,1.0792279945373537,-2.6273242492675783
1751989228.4451,-0.18036604041457174,1.0790616664695738,-2.626829808807373
1751989228.4471638,-0.18028689779043197,1.0788953384017945,-2.626335368347168
1751989228.4493032,-0.1802077551662922,1.078729010334015,-2.625840927886963
1751989228.4513807,-0.1801286125421524,1.0785626822662353,-2.6253464874267576
1751989228.4534392,-0.18004946991801263,1.0783963541984558,-2.624852046966553
1751989228.455523,-0.17997032729387283,1.0782300261306763,-2.6243576065063476
1751989228.4576304,-0.17989118466973306,1.0780636980628968,-2.6238631660461427
1751989228.4597757,-0.17981204204559328,1.077897369995117,-2.6233687255859377
1751989228.4618537,-0.17973289942145348,1.0777310419273376,-2.6228742851257323
1751989228.463906,-0.17965375679731369,1.077564713859558,-2.6223798446655273
1751989228.465987,-0.17957461417317389,1.0773983857917786,-2.621885404205322
1751989228.4680812,-0.1794954715490341,1.0772320577239989,-2.6213909637451174
1751989228.4702241,-0.17941632892489434,1.0770657296562196,-2.6208965232849124
1751989228.4723601,-0.17933718630075454,1.0768994015884399,-2.620402082824707
1751989228.4745219,-0.17925804367661477,1.0767330735206606,-2.619907642364502
1751989228.4767604,-0.17917890105247497,1.0765667454528807,-2.6194132019042966
1751989228.4788022,-0.1790997584283352,1.0764004173851014,-2.6189187614440916
1751989228.4807682,-0.17902061580419543,1.076234089317322,-2.6184243209838867
1751989228.4828534,-0.17894147318005563,1.0760677612495424,-2.6179298805236817
1751989228.4849913,-0.17886233055591583,1.0759014331817627,-2.6174354400634767
1751989228.487128,-0.17878318793177603,1.0757351051139832,-2.6169409996032713
1751989228.4892735,-0.17870404530763626,1.0755687770462037,-2.6164465591430663
1751989228.4913788,-0.17862490268349648,1.0754024489784242,-2.6159521186828614
1751989228.4936583,-0.17854576005935668,1.0752361209106445,-2.615457678222656
1751989228.4956195,-0.1784666174352169,1.075069792842865,-2.614963237762451
1751989228.497598,-0.1783874748110771,1.0749034647750855,-2.614468797302246
1751989228.4996572,-0.17830833218693734,1.0747371367073058,-2.613974356842041
1751989228.5017889,-0.17822918956279757,1.0745708086395263,-2.613479916381836
1751989228.5039248,-0.17815004693865777,1.0744044805717468,-2.6129854759216307
1751989228.5060606,-0.17807090431451797,1.0742381525039675,-2.6124910354614257
1751989228.5082185,-0.17799176169037817,1.0740718244361875,-2.6119965950012203
1751989228.5104113,-0.1779126190662384,1.0739054963684083,-2.6115021545410153
1751989228.5125728,-0.17783347644209863,1.0737391683006288,-2.611007714080811
1751989228.5144904,-0.17775433381795883,1.0735728402328493,-2.6105132736206054
1751989228.5165446,-0.17767519119381905,1.0734065121650695,-2.6100188331604004
1751989228.5186074,-0.17759604856967925,1.07324018409729,-2.609524392700195
1751989228.5206685,-0.17751690594553948,1.0730738560295106,-2.60902995223999
1751989228.522798,-0.1774377633213997,1.072907527961731,-2.608535511779785
1751989228.5249548,-0.1773586206972599,1.0727411998939513,-2.6080410713195796
1751989228.5272279,-0.1772794780731201,1.0725748718261718,-2.607546630859375
1751989228.529141,-0.1772003354489803,1.0724085437583923,-2.6070521903991697
1751989228.5312574,-0.17712119282484054,1.0722422156906128,-2.6065577499389647
1751989228.533358,-0.17704205020070077,1.0720758876228333,-2.6060633094787597
1751989228.5354953,-0.17696290757656097,1.0719095595550536,-2.6055688690185543
1751989228.5375545,-0.1768837649524212,1.0717432314872741,-2.6050744285583494
1751989228.5396166,-0.1768046223282814,1.0715769034194946,-2.6045799880981444
1751989228.5418315,-0.17672547970414162,1.0714105753517151,-2.6040855476379394
1751989228.5439997,-0.17664633708000183,1.0712442472839356,-2.6035911071777345
1751989228.5459616,-0.17656719445586205,1.071077919216156,-2.603096666717529
1751989228.5480711,-0.17648805183172225,1.0709115911483766,-2.602602226257324
1751989228.5502198,-0.17640890920758245,1.070745263080597,-2.6021077857971187
1751989228.5523572,-0.17632976658344268,1.0705789350128174,-2.6016133453369137
1751989228.5544903,-0.1762506239593029,1.070412606945038,-2.601118904876709
1751989228.5565207,-0.1761714813351631,1.0702462788772582,-2.6006244644165037
1751989228.5586057,-0.17609233871102334,1.0700799508094787,-2.6001300239562988
1751989228.560724,-0.17601319608688354,1.0699136227416992,-2.5996355834960934
1751989228.5627923,-0.17593405346274377,1.0697472946739197,-2.5991411430358884
1751989228.564883,-0.17585491083860397,1.0695809666061402,-2.5986467025756834
1751989228.5670197,-0.17577576821446417,1.0694146385383605,-2.5981522621154785
1751989228.5691564,-0.1756966255903244,1.069248310470581,-2.5976578216552735
1751989228.5713027,-0.1756174829661846,1.0690819824028015,-2.5971633811950685
1751989228.5733967,-0.17553834034204482,1.068915654335022,-2.596668940734863
1751989228.575524,-0.17545919771790505,1.0687493262672425,-2.596174500274658
1751989228.5776486,-0.17538005509376525,1.0685829981994628,-2.5956800598144527
1751989228.5796247,-0.17530091246962548,1.0684166701316833,-2.5951856193542477
1751989228.5817585,-0.17522176984548568,1.0682503420639038,-2.594691178894043
1751989228.5838945,-0.1751426272213459,1.0680840139961243,-2.594196738433838
1751989228.5860295,-0.1750634845972061,1.0679176859283448,-2.593702297973633
1751989228.5881665,-0.1749843419730663,1.067751357860565,-2.5932078575134274
1751989228.5903094,-0.17490519934892654,1.0675850297927856,-2.5927134170532224
1751989228.592461,-0.17482605672478674,1.067418701725006,-2.5922189765930175
1751989228.5945573,-0.17474691410064697,1.0672523736572266,-2.591724536132812
1751989228.5965827,-0.1746677714765072,1.067086045589447,-2.5912300956726075
1751989228.598612,-0.1745886288523674,1.0669197175216674,-2.5907356552124026
1751989228.6007552,-0.17450948622822762,1.0667533894538879,-2.590241214752197
1751989228.6028457,-0.17443034360408782,1.0665870613861084,-2.589746774291992
1751989228.604982,-0.17435120097994805,1.0664207333183289,-2.5892523338317868
1751989228.6071167,-0.17427205835580825,1.0662544052505494,-2.588757893371582
1751989228.6092982,-0.17419291573166845,1.0660880771827697,-2.5882634529113773
1751989228.6114135,-0.17411377310752868,1.0659217491149902,-2.587769012451172
1751989228.6134405,-0.1740346304833889,1.0657554210472107,-2.587274571990967
1751989228.6154935,-0.1739554878592491,1.0655890929794312,-2.586780131530762
1751989228.6175115,-0.17387634523510934,1.0654227649116517,-2.5862856910705565
1751989228.6195736,-0.17379720261096954,1.065256436843872,-2.5857912506103515
1751989228.6216357,-0.17371805998682976,1.0650901087760924,-2.585296810150146
1751989228.6237695,-0.17363891736269,1.0649237807083132,-2.5848023696899416
1751989228.625996,-0.1735597747385502,1.0647574526405335,-2.5843079292297366
1751989228.6280346,-0.1734806321144104,1.064591124572754,-2.583813488769531
1751989228.6301382,-0.1734014894902706,1.0644247965049742,-2.5833190483093262
1751989228.6322641,-0.17332234686613082,1.064258468437195,-2.582824607849121
1751989228.6343546,-0.17324320424199105,1.0640921403694152,-2.582330167388916
1751989228.6364894,-0.17316406161785125,1.0639258123016357,-2.581835726928711
1751989228.638547,-0.17308491899371148,1.0637594842338562,-2.581341286468506
1751989228.6406126,-0.1730057763695717,1.0635931561660767,-2.580846846008301
1751989228.64278,-0.1729266337454319,1.063426828098297,-2.580352405548096
1751989228.644856,-0.1728474911212921,1.0632605000305175,-2.5798579650878906
1751989228.646931,-0.17276834849715234,1.063094171962738,-2.5793635246276856
1751989228.6490626,-0.17268920587301254,1.0629278438949585,-2.57886908416748
1751989228.6512117,-0.17261006324887276,1.062761515827179,-2.578374643707275
1751989228.653347,-0.17253092062473296,1.0625951877593993,-2.5778802032470707
1751989228.6554677,-0.1724517780005932,1.06242885969162,-2.5773857627868653
1751989228.6575315,-0.1723726353764534,1.0622625316238403,-2.5768913223266603
1751989228.6596568,-0.17229349275231362,1.0620962035560608,-2.576396881866455
1751989228.6617315,-0.17221435012817385,1.0619298754882813,-2.57590244140625
1751989228.663824,-0.17213520750403405,1.0617635474205018,-2.575408000946045
1751989228.665947,-0.17205606487989428,1.061597219352722,-2.5749135604858395
1751989228.668082,-0.17197692225575448,1.0614308912849426,-2.574419120025635
1751989228.6702275,-0.17189777963161468,1.0612645632171631,-2.57392467956543
1751989228.672353,-0.1718186370074749,1.0610982351493836,-2.5734302391052246
1751989228.6745226,-0.1717394943833351,1.060931907081604,-2.5729357986450196
1751989228.6768281,-0.17166035175919533,1.0607655790138244,-2.5724413581848142
1751989228.6787744,-0.17158120913505553,1.060599250946045,-2.5719469177246093
1751989228.6807976,-0.17150206651091576,1.0604329228782654,-2.5714524772644047
1751989228.682908,-0.171422923886776,1.060266594810486,-2.5709580368041993
1751989228.6850114,-0.1713437812626362,1.0601002667427064,-2.5704635963439944
1751989228.687149,-0.17126463863849642,1.0599339386749267,-2.5699691558837894
1751989228.689295,-0.17118549601435662,1.0597676106071472,-2.569474715423584
1751989228.6913867,-0.17110635339021682,1.0596012825393677,-2.568980274963379
1751989228.6935897,-0.17102721076607705,1.0594349544715882,-2.5684858345031736
1751989228.6956453,-0.17094806814193725,1.0592686264038087,-2.567991394042969
1751989228.69762,-0.17086892551779748,1.059102298336029,-2.567496953582764
1751989228.6997068,-0.17078978289365768,1.0589359702682495,-2.5670025131225587
1751989228.701834,-0.1707106402695179,1.05876964220047,-2.5665080726623537
1751989228.703971,-0.17063149764537813,1.0586033141326905,-2.5660136322021483
1751989228.7061095,-0.17055235502123833,1.0584369860649108,-2.5655191917419433
1751989228.7082818,-0.17047321239709856,1.0582706579971315,-2.5650247512817383
1751989228.7105398,-0.17039406977295876,1.0581043299293518,-2.5645303108215334
1751989228.7124724,-0.17031492714881896,1.0579380018615723,-2.5640358703613284
1751989228.7145343,-0.1702357845246792,1.0577716737937928,-2.5635414299011234
1751989228.7165928,-0.1701566419005394,1.0576053457260133,-2.563046989440918
1751989228.7186534,-0.17007749927639962,1.0574390176582336,-2.562552548980713
1751989228.720786,-0.16999835665225982,1.057272689590454,-2.5620581085205076
1751989228.722903,-0.16991921402812005,1.0571063615226746,-2.5615636680603027
1751989228.7250078,-0.16984007140398028,1.056940033454895,-2.561069227600098
1751989228.7272086,-0.16976092877984048,1.0567737053871153,-2.5605747871398927
1751989228.729362,-0.16968178615570068,1.0566073773193358,-2.5600803466796878
1751989228.7313752,-0.1696026435315609,1.0564410492515564,-2.5595859062194823
1751989228.7335088,-0.1695235009074211,1.0562747211837769,-2.5590914657592774
1751989228.7355251,-0.16944435828328133,1.0561083931159974,-2.5585970252990724
1751989228.7375853,-0.16936521565914153,1.0559420650482176,-2.558102584838867
1751989228.7396486,-0.16928607303500176,1.0557757369804384,-2.5576081443786625
1751989228.7418063,-0.16920693041086196,1.0556094089126586,-2.557113703918457
1751989228.7439833,-0.1691277877867222,1.0554430808448791,-2.556619263458252
1751989228.746053,-0.16904864516258242,1.0552767527770996,-2.556124822998047
1751989228.7481437,-0.16896950253844262,1.0551104247093201,-2.5556303825378417
1751989228.7502928,-0.16889035991430282,1.0549440966415404,-2.555135942077637
1751989228.7523837,-0.16881121729016302,1.054777768573761,-2.5546415016174318
1751989228.7545128,-0.16873207466602325,1.0546114405059814,-2.554147061157227
1751989228.7565744,-0.16865293204188347,1.054445112438202,-2.553652620697022
1751989228.7586455,-0.16857378941774367,1.0542787843704222,-2.5531581802368164
1751989228.760836,-0.1684946467936039,1.054112456302643,-2.5526637397766114
1751989228.7628975,-0.1684155041694641,1.0539461282348632,-2.552169299316406
1751989228.7649794,-0.16833636154532433,1.0537798001670837,-2.5516748588562015
1751989228.767116,-0.16825721892118456,1.0536134720993042,-2.5511804183959965
1751989228.7692585,-0.16817807629704476,1.0534471440315247,-2.550685977935791
1751989228.7713685,-0.16809893367290496,1.0532808159637452,-2.550191537475586
1751989228.7735002,-0.16801979104876516,1.0531144878959655,-2.5496970970153807
1751989228.7756023,-0.1679406484246254,1.052948159828186,-2.5492026565551757
1751989228.7778008,-0.16786150580048562,1.0527818317604065,-2.548708216094971
1751989228.7797904,-0.16778236317634582,1.052615503692627,-2.548213775634766
1751989228.7819097,-0.16770322055220604,1.0524491756248473,-2.547719335174561
1751989228.7840536,-0.16762407792806625,1.0522828475570678,-2.5472248947143554
1751989228.7861943,-0.16754493530392647,1.0521165194892883,-2.5467304542541505
1751989228.7883277,-0.1674657926797867,1.0519501914215088,-2.5462360137939455
1751989228.7904372,-0.1673866500556469,1.051783863353729,-2.54574157333374
1751989228.7925825,-0.1673075074315071,1.0516175352859498,-2.545247132873535
1751989228.794614,-0.1672283648073673,1.05145120721817,-2.54475269241333
1751989228.7966387,-0.16714922218322753,1.0512848791503906,-2.544258251953125
1751989228.7986727,-0.16707007955908776,1.051118551082611,-2.54376381149292
1751989228.8008146,-0.16699093693494796,1.0509522230148316,-2.5432693710327148
1751989228.802946,-0.1669117943108082,1.0507858949470519,-2.54277493057251
1751989228.805081,-0.1668326516866684,1.0506195668792724,-2.5422804901123044
1751989228.8072236,-0.16675350906252862,1.0504532388114929,-2.5417860496520994
1751989228.8094091,-0.16667436643838884,1.0502869107437134,-2.541291609191895
1751989228.8115027,-0.16659522381424904,1.050120582675934,-2.5407971687316895
1751989228.8135207,-0.16651608119010924,1.0499542546081544,-2.5403027282714845
1751989228.8155487,-0.16643693856596944,1.0497879265403747,-2.539808287811279
1751989228.8175974,-0.16635779594182967,1.0496215984725952,-2.539313847351074
1751989228.8196547,-0.1662786533176899,1.0494552704048157,-2.538819406890869
1751989228.8217857,-0.1661995106935501,1.0492889423370362,-2.5383249664306637
1751989228.823923,-0.16612036806941033,1.0491226142692567,-2.537830525970459
1751989228.8261547,-0.16604122544527053,1.048956286201477,-2.537336085510254
1751989228.828194,-0.16596208282113076,1.0487899581336975,-2.536841645050049
1751989228.8302634,-0.16588294019699099,1.048623630065918,-2.536347204589844
1751989228.8323681,-0.16580379757285119,1.0484573019981385,-2.5358527641296384
1751989228.8345113,-0.1657246549487114,1.0482909739303587,-2.5353583236694335
1751989228.8365297,-0.1656455123245716,1.0481246458625793,-2.5348638832092285
1751989228.8385897,-0.16556636970043181,1.0479583177947998,-2.5343694427490235
1751989228.8406534,-0.16548722707629204,1.0477919897270203,-2.5338750022888186
1751989228.8427782,-0.16540808445215224,1.0476256616592405,-2.533380561828613
1751989228.8449345,-0.16532894182801247,1.0474593335914613,-2.532886121368408
1751989228.8469975,-0.16524979920387267,1.0472930055236815,-2.5323916809082028
1751989228.8491228,-0.1651706565797329,1.047126677455902,-2.5318972404479982
1751989228.8512318,-0.16509151395559313,1.0469603493881225,-2.5314027999877933
1751989228.8533213,-0.16501237133145333,1.046794021320343,-2.530908359527588
1751989228.8554082,-0.16493322870731353,1.0466276932525636,-2.530413919067383
1751989228.8574333,-0.16485408608317373,1.0464613651847838,-2.5299194786071775
1751989228.859576,-0.16477494345903396,1.0462950371170043,-2.5294250381469725
1751989228.8616633,-0.16469580083489418,1.0461287090492248,-2.5289305976867675
1751989228.8636868,-0.16461665821075439,1.0459623809814453,-2.5284361572265626
1751989228.8657212,-0.1645375155866146,1.0457960529136656,-2.5279417167663576
1751989228.86792,-0.1644583729624748,1.0456297248458861,-2.527447276306152
1751989228.8700304,-0.16437923033833504,1.0454633967781066,-2.526952835845947
1751989228.872228,-0.16430008771419527,1.0452970687103271,-2.5264583953857422
1751989228.8743165,-0.16422094509005547,1.0451307406425476,-2.525963954925537
1751989228.876591,-0.16414180246591567,1.0449644125747681,-2.525469514465332
1751989228.8785498,-0.16406265984177587,1.0447980845069884,-2.524975074005127
1751989228.8805008,-0.1639835172176361,1.044631756439209,-2.524480633544922
1751989228.8825521,-0.16390437459349633,1.0444654283714294,-2.523986193084717
1751989228.8847408,-0.16382523196935656,1.04429910030365,-2.523491752624512
1751989228.8868287,-0.16374608934521676,1.0441327722358704,-2.5229973121643066
1751989228.889021,-0.16366694672107696,1.0439664441680907,-2.522502871704101
1751989228.891118,-0.16358780409693718,1.0438001161003112,-2.522008431243896
1751989228.8933122,-0.1635086614727974,1.0436337880325317,-2.5215139907836916
1751989228.8954384,-0.1634295188486576,1.0434674599647522,-2.5210195503234867
1751989228.8973792,-0.1633503762245178,1.0433011318969727,-2.5205251098632813
1751989228.8993983,-0.163271233600378,1.043134803829193,-2.520030669403076
1751989228.901456,-0.16319209097623824,1.0429684757614135,-2.519536228942871
1751989228.9035244,-0.16311294835209847,1.042802147693634,-2.519041788482666
1751989228.9055748,-0.1630338057279587,1.0426358196258545,-2.5185473480224614
1751989228.9077294,-0.1629546631038189,1.042469491558075,-2.518052907562256
1751989228.9100537,-0.1628755204796791,1.0423031634902953,-2.5175584671020506
1751989228.912089,-0.16279637785553933,1.0421368354225158,-2.5170640266418456
1751989228.9141676,-0.16271723523139953,1.0419705073547363,-2.5165695861816406
1751989228.9163547,-0.16263809260725975,1.0418041792869568,-2.5160751457214356
1751989228.9184241,-0.16255894998311995,1.041637851219177,-2.5155807052612302
1751989228.9204812,-0.16247980735898018,1.0414715231513978,-2.5150862648010257
1751989228.9225628,-0.16240066473484038,1.041305195083618,-2.5145918243408203
1751989228.924637,-0.1623215221107006,1.0411388670158386,-2.5140973838806153
1751989228.9267755,-0.16224237948656084,1.040972538948059,-2.5136029434204104
1751989228.9288929,-0.16216323686242104,1.0408062108802796,-2.513108502960205
1751989228.9309366,-0.16208409423828127,1.0406398828125,-2.5126140625
1751989228.9330747,-0.16200495161414147,1.0404735547447204,-2.5121196220397946
1751989228.9352236,-0.16192580899000167,1.040307226676941,-2.51162518157959
1751989228.9373531,-0.1618466663658619,1.0401408986091614,-2.511130741119385
1751989228.939445,-0.1617675237417221,1.0399745705413819,-2.5106363006591796
1751989228.9415119,-0.16168838111758232,1.0398082424736024,-2.5101418601989747
1751989228.9436426,-0.16160923849344253,1.0396419144058227,-2.5096474197387693
1751989228.9457078,-0.16153009586930275,1.0394755863380432,-2.5091529792785643
1751989228.947608,-0.16145095324516298,1.0393092582702637,-2.5086585388183593
1751989228.9497242,-0.16137181062102318,1.0391429302024842,-2.5081640983581543
1751989228.9518821,-0.1612926679968834,1.0389766021347047,-2.5076696578979494
1751989228.9540744,-0.1612135253727436,1.038810274066925,-2.507175217437744
1751989228.9562716,-0.1611343827486038,1.0386439459991454,-2.506680776977539
1751989228.9585128,-0.16105524012446404,1.038477617931366,-2.506186336517334
1751989228.9605558,-0.16097609750032424,1.0383112898635865,-2.5056918960571286
1751989228.9625452,-0.16089695487618447,1.038144961795807,-2.5051974555969236
1751989228.9645598,-0.16081781225204467,1.0379786337280272,-2.5047030151367187
1751989228.966643,-0.1607386696279049,1.037812305660248,-2.5042085746765137
1751989228.968841,-0.16065952700376512,1.0376459775924682,-2.5037141342163087
1751989228.9710262,-0.16058038437962532,1.0374796495246887,-2.5032196937561033
1751989228.973265,-0.16050124175548555,1.0373133214569092,-2.5027252532958983
1751989228.975391,-0.16042209913134575,1.0371469933891295,-2.502230812835693
1751989228.9775279,-0.16034295650720595,1.03698066532135,-2.501736372375488
1751989228.9794872,-0.16026381388306618,1.0368143372535705,-2.5012419319152834
1751989228.9815316,-0.16018467125892638,1.036648009185791,-2.500747491455078
1751989228.9837184,-0.1601055286347866,1.0364816811180115,-2.500253050994873
1751989228.9859116,-0.1600263860106468,1.0363153530502318,-2.4997586105346676
1751989228.988103,-0.15994724338650704,1.0361490249824523,-2.4992641700744627
1751989228.9903,-0.15986810076236727,1.0359826969146728,-2.498769729614258
1751989228.9925098,-0.15978895813822747,1.0358163688468933,-2.4982752891540523
1751989228.9945898,-0.1597098155140877,1.0356500407791138,-2.4977808486938478
1751989228.9965768,-0.1596306728899479,1.035483712711334,-2.4972864082336423
1751989228.9987662,-0.1595515302658081,1.0353173846435548,-2.4967919677734374
1751989229.0009577,-0.15947238764166832,1.035151056575775,-2.4962975273132324
1751989229.0031514,-0.15939324501752852,1.0349847285079956,-2.495803086853027
1751989229.0053432,-0.15931410239338875,1.0348184004402161,-2.4953086463928225
1751989229.0074146,-0.15923495976924895,1.0346520723724366,-2.494814205932617
1751989229.0096762,-0.15915581714510918,1.034485744304657,-2.494319765472412
1751989229.0116136,-0.1590766745209694,1.0343194162368774,-2.493825325012207
1751989229.0137444,-0.1589975318968296,1.034153088169098,-2.4933308845520017
1751989229.015812,-0.15891838927268984,1.0339867601013184,-2.4928364440917967
1751989229.0180137,-0.15883924664855004,1.0338204320335387,-2.4923420036315913
1751989229.0202112,-0.15876010402441024,1.0336541039657594,-2.491847563171387
1751989229.0223262,-0.15868096140027046,1.0334877758979797,-2.491353122711182
1751989229.024417,-0.15860181877613067,1.0333214478302002,-2.4908586822509764
1751989229.0266914,-0.1585226761519909,1.0331551197624207,-2.4903642417907714
1751989229.028704,-0.1584435335278511,1.032988791694641,-2.4898698013305665
1751989229.0306034,-0.15836439090371132,1.0328224636268615,-2.489375360870361
1751989229.0328152,-0.15828524827957155,1.032656135559082,-2.488880920410156
1751989229.0349724,-0.15820610565543175,1.0324898074913025,-2.488386479949951
1751989229.037164,-0.15812696303129198,1.032323479423523,-2.487892039489746
1751989229.039326,-0.15804782040715218,1.0321571513557435,-2.487397599029541
1751989229.0414402,-0.15796867778301238,1.0319908232879638,-2.4869031585693357
1751989229.0436773,-0.1578895351588726,1.0318244952201845,-2.4864087181091308
1751989229.0455863,-0.1578103925347328,1.0316581671524048,-2.4859142776489254
1751989229.0477192,-0.15773124991059304,1.0314918390846253,-2.4854198371887204
1751989229.049918,-0.15765210728645324,1.0313255110168456,-2.4849253967285154
1751989229.052108,-0.15757296466231346,1.0311591829490663,-2.4844309562683105
1751989229.0543025,-0.1574938220381737,1.0309928548812866,-2.4839365158081055
1751989229.056404,-0.1574146794140339,1.030826526813507,-2.4834420753479005
1751989229.0585017,-0.15733553678989412,1.0306601987457276,-2.482947634887695
1751989229.0606775,-0.15725639416575432,1.0304938706779478,-2.48245319442749
1751989229.0626466,-0.15717725154161452,1.0303275426101683,-2.4819587539672847
1751989229.0646892,-0.15709810891747475,1.0301612145423888,-2.48146431350708
1751989229.0667284,-0.15701896629333495,1.0299948864746094,-2.480969873046875
1751989229.0689404,-0.15693982366919518,1.0298285584068299,-2.48047543258667
1751989229.0711348,-0.15686068104505538,1.0296622303390501,-2.479980992126465
1751989229.0733273,-0.1567815384209156,1.0294959022712709,-2.47948655166626
1751989229.075444,-0.15670239579677583,1.0293295742034914,-2.4789921112060544
1751989229.0776215,-0.15662325317263603,1.0291632461357116,-2.47849767074585
1751989229.0795696,-0.15654411054849626,1.0289969180679321,-2.4780032302856445
1751989229.082446,-0.15646496792435646,1.0288305900001524,-2.4775087898254395
1751989229.0864735,-0.15638582530021666,1.0286642619323731,-2.4770143493652346
1751989229.0904484,-0.1563066826760769,1.0284979338645934,-2.476519908905029
1751989229.094631,-0.1562275400519371,1.028331605796814,-2.476025468444824
1751989229.0989323,-0.15614839742779732,1.0281652777290344,-2.4755310279846188
1751989229.1024017,-0.15606925480365752,1.027998949661255,-2.4750365875244142
1751989229.105015,-0.15599011217951775,1.0278326215934752,-2.4745421470642093
1751989229.1072762,-0.15591096955537798,1.0276662935256957,-2.474047706604004
1751989229.1093776,-0.15583182693123818,1.0274999654579162,-2.473553266143799
1751989229.1115446,-0.1557526843070984,1.0273336373901367,-2.473058825683594
1751989229.1134906,-0.1556735416829586,1.027167309322357,-2.4725643852233885
1751989229.1156008,-0.1555943990588188,1.0270009812545777,-2.4720699447631835
1751989229.1175635,-0.15551525643467903,1.0268346531867982,-2.4715755043029786
1751989229.1196272,-0.15543611381053923,1.0266683251190185,-2.4710810638427736
1751989229.121647,-0.15535697118639946,1.026501997051239,-2.4705866233825686
1751989229.1237757,-0.15527782856225966,1.0263356689834593,-2.470092182922363
1751989229.1259859,-0.1551986859381199,1.02616934091568,-2.4695977424621582
1751989229.1279976,-0.15511954331398012,1.0260030128479003,-2.4691033020019533
1751989229.1301105,-0.15504040068984032,1.0258366847801208,-2.468608861541748
1751989229.1322281,-0.15496125806570052,1.0256703567123413,-2.4681144210815433
1751989229.1343503,-0.15488211544156075,1.0255040286445618,-2.467619980621338
1751989229.136419,-0.15480297281742095,1.025337700576782,-2.467125540161133
1751989229.1384425,-0.15472383019328118,1.0251713725090028,-2.466631099700928
1751989229.140501,-0.15464468756914138,1.025005044441223,-2.4661366592407226
1751989229.1428382,-0.1545655449450016,1.0248387163734436,-2.4656422187805176
1751989229.1447737,-0.1544864023208618,1.0246723883056639,-2.465147778320312
1751989229.1467817,-0.15440725969672203,1.0245060602378846,-2.4646533378601077
1751989229.1489515,-0.15432811707258226,1.0243397321701049,-2.4641588973999027
1751989229.1511176,-0.15424897444844246,1.0241734041023254,-2.4636644569396973
1751989229.1532917,-0.15416983182430266,1.0240070760345459,-2.4631700164794923
1751989229.1553752,-0.15409068920016286,1.0238407479667664,-2.462675576019287
1751989229.157413,-0.1540115465760231,1.0236744198989867,-2.462181135559082
1751989229.159563,-0.15393240395188332,1.0235080918312072,-2.4616866950988774
1751989229.1616175,-0.15385326132774355,1.023341763763428,-2.461192254638672
1751989229.1637156,-0.15377411870360375,1.0231754356956482,-2.460697814178467
1751989229.1658604,-0.15369497607946395,1.0230091076278687,-2.4602033737182616
1751989229.1680353,-0.15361583345532417,1.0228427795600892,-2.4597089332580566
1751989229.1702075,-0.1535366908311844,1.0226764514923097,-2.4592144927978516
1751989229.1723344,-0.1534575482070446,1.02251012342453,-2.4587200523376467
1751989229.1744225,-0.1533784055829048,1.0223437953567505,-2.4582256118774417
1751989229.1766884,-0.153299262958765,1.0221774672889707,-2.4577311714172363
1751989229.1786923,-0.15322012033462523,1.0220111392211915,-2.4572367309570313
1751989229.1807435,-0.15314097771048546,1.0218448111534117,-2.4567422904968264
1751989229.1828175,-0.1530618350863457,1.0216784830856325,-2.4562478500366214
1751989229.1849797,-0.1529826924622059,1.0215121550178528,-2.455753409576416
1751989229.187147,-0.1529035498380661,1.0213458269500733,-2.455258969116211
1751989229.1893277,-0.15282440721392632,1.0211794988822935,-2.454764528656006
1751989229.1914394,-0.15274526458978654,1.0210131708145143,-2.454270088195801
1751989229.1937487,-0.15266612196564674,1.0208468427467348,-2.453775647735596
1751989229.195602,-0.15258697934150695,1.020680514678955,-2.4532812072753907
1751989229.197639,-0.15250783671736717,1.0205141866111755,-2.4527867668151857
1751989229.1998065,-0.15242869409322737,1.020347858543396,-2.4522923263549803
1751989229.2019725,-0.1523495514690876,1.0201815304756165,-2.4517978858947758
1751989229.2041395,-0.15227040884494783,1.020015202407837,-2.451303445434571
1751989229.2063086,-0.15219126622080803,1.0198488743400573,-2.4508090049743654
1751989229.2084033,-0.15211212359666826,1.0196825462722778,-2.4503145645141604
1751989229.2105389,-0.15203298097252846,1.0195162182044983,-2.449820124053955
1751989229.2125776,-0.1519538383483887,1.0193498901367186,-2.44932568359375
1751989229.2145698,-0.1518746957242489,1.0191835620689393,-2.4488312431335455
1751989229.216738,-0.1517955531001091,1.0190172340011596,-2.44833680267334
1751989229.2188332,-0.15171641047596932,1.0188509059333801,-2.447842362213135
1751989229.2209997,-0.15163726785182952,1.0186845778656006,-2.4473479217529297
1751989229.2231688,-0.15155812522768974,1.0185182497978211,-2.4468534812927247
1751989229.2252944,-0.15147898260354997,1.0183519217300414,-2.4463590408325198
1751989229.2275279,-0.15139983997941017,1.018185593662262,-2.4458646003723143
1751989229.229453,-0.1513206973552704,1.0180192655944824,-2.44537015991211
1751989229.2314913,-0.1512415547311306,1.017852937526703,-2.4448757194519044
1751989229.233549,-0.15116241210699083,1.0176866094589234,-2.4443812789916994
1751989229.235715,-0.15108326948285103,1.017520281391144,-2.4438868385314945
1751989229.2378833,-0.15100412685871123,1.0173539533233642,-2.443392398071289
1751989229.2400465,-0.15092498423457146,1.0171876252555847,-2.442897957611084
1751989229.2421844,-0.15084584161043166,1.0170212971878052,-2.4424035171508787
1751989229.2443438,-0.15076669898629189,1.0168549691200255,-2.441909076690674
1751989229.2463605,-0.15068755636215211,1.0166886410522462,-2.441414636230469
1751989229.2484207,-0.15060841373801231,1.0165223129844665,-2.4409201957702638
1751989229.2504797,-0.15052927111387254,1.016355984916687,-2.440425755310059
1751989229.2525392,-0.15045012848973274,1.0161896568489075,-2.4399313148498534
1751989229.2547023,-0.15037098586559297,1.016023328781128,-2.4394368743896484
1751989229.2568674,-0.15029184324145317,1.0158570007133485,-2.4389424339294434
1751989229.2591047,-0.15021270061731337,1.0156906726455688,-2.4384479934692385
1751989229.26112,-0.1501335579931736,1.0155243445777893,-2.4379535530090335
1751989229.2632387,-0.1500544153690338,1.0153580165100098,-2.437459112548828
1751989229.2653303,-0.14997527274489403,1.01519168844223,-2.436964672088623
1751989229.2674,-0.14989613012075426,1.0150253603744508,-2.436470231628418
1751989229.2694688,-0.14981698749661446,1.014859032306671,-2.4359757911682127
1751989229.2715182,-0.14973784487247468,1.0146927042388916,-2.4354813507080078
1751989229.2735746,-0.14965870224833488,1.014526376171112,-2.434986910247803
1751989229.2757185,-0.1495795596241951,1.0143600481033326,-2.434492469787598
1751989229.2778337,-0.1495004170000553,1.014193720035553,-2.433998029327393
1751989229.2799222,-0.1494212743759155,1.0140273919677734,-2.4335035888671874
1751989229.282091,-0.14934213175177574,1.0138610638999939,-2.4330091484069825
1751989229.2842622,-0.14926298912763594,1.0136947358322144,-2.432514707946777
1751989229.286349,-0.14918384650349617,1.0135284077644349,-2.432020267486572
1751989229.2884068,-0.1491047038793564,1.0133620796966554,-2.4315258270263675
1751989229.290468,-0.1490255612552166,1.0131957516288757,-2.431031386566162
1751989229.2926083,-0.14894641863107683,1.0130294235610962,-2.430536946105957
1751989229.2946968,-0.14886727600693703,1.0128630954933167,-2.4300425056457517
1751989229.2967877,-0.14878813338279726,1.012696767425537,-2.429548065185547
1751989229.2989137,-0.14870899075865746,1.0125304393577577,-2.4290536247253423
1751989229.3010802,-0.14862984813451766,1.012364111289978,-2.4285591842651364
1751989229.303253,-0.14855070551037788,1.0121977832221984,-2.428064743804932
1751989229.3053398,-0.14847156288623808,1.012031455154419,-2.4275703033447265
1751989229.3073995,-0.1483924202620983,1.0118651270866394,-2.4270758628845215
1751989229.3094866,-0.14831327763795854,1.01169879901886,-2.4265814224243165
1751989229.311566,-0.14823413501381874,1.0115324709510802,-2.426086981964111
1751989229.313576,-0.14815499238967897,1.0113661428833007,-2.425592541503906
1751989229.3157017,-0.14807584976553917,1.0111998148155212,-2.4250981010437007
1751989229.317873,-0.14799670714139937,1.0110334867477417,-2.424603660583496
1751989229.320043,-0.1479175645172596,1.0108671586799622,-2.424109220123291
1751989229.3222127,-0.1478384218931198,1.0107008306121825,-2.423614779663086
1751989229.3243046,-0.14775927926898003,1.010534502544403,-2.423120339202881
1751989229.3265736,-0.14768013664484023,1.0103681744766235,-2.4226258987426754
1751989229.3285549,-0.14760099402070045,1.010201846408844,-2.422131458282471
1751989229.3304477,-0.14752185139656068,1.0100355183410645,-2.421637017822266
1751989229.3324997,-0.14744270877242088,1.0098691902732848,-2.4211425773620605
1751989229.33456,-0.1473635661482811,1.0097028622055053,-2.4206481369018555
1751989229.33672,-0.1472844235241413,1.0095365341377258,-2.42015369644165
1751989229.338815,-0.1472052809000015,1.0093702060699463,-2.419659255981445
1751989229.3409114,-0.14712613827586174,1.0092038780021668,-2.41916481552124
1751989229.3432958,-0.14704699565172197,1.0090375499343873,-2.418670375061035
1751989229.3452513,-0.14696785302758217,1.0088712218666078,-2.4181759346008302
1751989229.3472834,-0.14688871040344237,1.008704893798828,-2.417681494140625
1751989229.3493648,-0.1468095677793026,1.0085385657310486,-2.41718705368042
1751989229.3514237,-0.14673042515516282,1.008372237663269,-2.416692613220215
1751989229.353422,-0.14665128253102305,1.0082059095954896,-2.41619817276001
1751989229.3554811,-0.14657213990688325,1.00803958152771,-2.4157037322998045
1751989229.3575783,-0.14649299728274345,1.0078732534599304,-2.4152092918395995
1751989229.359747,-0.14641385465860365,1.007706925392151,-2.4147148513793946
1751989229.3618863,-0.14633471203446388,1.0075405973243714,-2.4142204109191896
1751989229.3639219,-0.1462555694103241,1.007374269256592,-2.4137259704589846
1751989229.366064,-0.1461764267861843,1.0072079411888122,-2.413231529998779
1751989229.3682365,-0.1460972841620445,1.0070416131210327,-2.412737089538574
1751989229.3703668,-0.14601814153790474,1.0068752850532532,-2.412242649078369
1751989229.3724546,-0.14593899891376497,1.0067089569854737,-2.4117482086181643
1751989229.3745768,-0.1458598562896252,1.0065426289176942,-2.4112537681579593
1751989229.3766105,-0.1457807136654854,1.0063763008499145,-2.410759327697754
1751989229.3787303,-0.1457015710413456,1.006209972782135,-2.4102648872375485
1751989229.380769,-0.1456224284172058,1.0060436447143555,-2.4097704467773435
1751989229.382859,-0.14554328579306602,1.005877316646576,-2.409276006317139
1751989229.384989,-0.14546414316892625,1.0057109885787965,-2.408781565856934
1751989229.3871214,-0.14538500054478645,1.0055446605110168,-2.4082871253967286
1751989229.3892634,-0.14530585792064665,1.0053783324432373,-2.407792684936523
1751989229.391399,-0.14522671529650688,1.0052120043754578,-2.4072982444763182
1751989229.3935895,-0.1451475726723671,1.0050456763076783,-2.4068038040161133
1751989229.3956385,-0.14506843004822734,1.0048793482398988,-2.4063093635559083
1751989229.3976715,-0.14498928742408754,1.0047130201721193,-2.405814923095703
1751989229.3997872,-0.14491014479994774,1.0045466921043396,-2.4053204826354975
1751989229.4019146,-0.14483100217580794,1.00438036403656,-2.404826042175293
1751989229.4040432,-0.14475185955166817,1.0042140359687806,-2.404331601715088
1751989229.4061632,-0.1446727169275284,1.004047707901001,-2.403837161254883
1751989229.4083533,-0.1445935743033886,1.0038813798332213,-2.4033427207946776
1751989229.4104922,-0.1445144316792488,1.0037150517654418,-2.4028482803344726
1751989229.4125764,-0.14443528905510902,1.0035487236976623,-2.4023538398742676
1751989229.4145255,-0.14435614643096925,1.0033823956298829,-2.4018593994140627
1751989229.4165866,-0.14427700380682948,1.0032160675621034,-2.4013649589538577
1751989229.4186487,-0.14419786118268968,1.0030497394943236,-2.4008705184936523
1751989229.4207726,-0.14411871855854988,1.0028834114265441,-2.400376078033447
1751989229.4228647,-0.14403957593441008,1.0027170833587646,-2.3998816375732424
1751989229.4250112,-0.1439604333102703,1.0025507552909851,-2.399387197113037
1751989229.4272172,-0.14388129068613054,1.0023844272232056,-2.398892756652832
1751989229.4293647,-0.14380214806199074,1.0022180991554261,-2.398398316192627
1751989229.4313533,-0.14372300543785094,1.0020517710876464,-2.3979038757324216
1751989229.433447,-0.14364386281371117,1.001885443019867,-2.397409435272217
1751989229.43553,-0.1435647201895714,1.0017191149520874,-2.3969149948120116
1751989229.4375954,-0.14348557756543162,1.001552786884308,-2.3964205543518067
1751989229.4396603,-0.14340643494129182,1.0013864588165282,-2.3959261138916017
1751989229.441836,-0.14332729231715202,1.0012201307487487,-2.3954316734313963
1751989229.443985,-0.14324814969301222,1.0010538026809692,-2.3949372329711913
1751989229.4460244,-0.14316900706887245,1.0008874746131897,-2.3944427925109864
1751989229.4480464,-0.14308986444473268,1.0007211465454102,-2.3939483520507814
1751989229.4501994,-0.14301072182059288,1.0005548184776307,-2.3934539115905764
1751989229.4523144,-0.14293157919645308,1.000388490409851,-2.392959471130371
1751989229.4544125,-0.1428524365723133,1.0002221623420715,-2.392465030670166
1751989229.4564993,-0.14277329394817354,1.000055834274292,-2.391970590209961
1751989229.458577,-0.14269415132403376,0.9998895062065125,-2.391476149749756
1751989229.4607723,-0.14261500869989396,0.999723178138733,-2.3909817092895507
1751989229.462713,-0.14253586607575416,0.9995568500709533,-2.3904872688293457
1751989229.4648094,-0.14245672345161436,0.9993905220031738,-2.3899928283691407
1751989229.4669356,-0.1423775808274746,0.9992241939353943,-2.3894983879089358
1751989229.4690619,-0.14229843820333482,0.9990578658676148,-2.389003947448731
1751989229.4711988,-0.14221929557919502,0.9988915377998352,-2.3885095069885254
1751989229.4733274,-0.14214015295505522,0.9987252097320556,-2.38801506652832
1751989229.475463,-0.14206101033091545,0.9985588816642761,-2.387520626068115
1751989229.4776874,-0.14198186770677568,0.9983925535964966,-2.38702618560791
1751989229.4796474,-0.14190272508263588,0.9982262255287171,-2.386531745147705
1751989229.4816778,-0.1418235824584961,0.9980598974609375,-2.3860373046875
1751989229.483757,-0.1417444398343563,0.9978935693931579,-2.3855428642272947
1751989229.4858806,-0.1416652972102165,0.9977272413253784,-2.3850484237670897
1751989229.4880104,-0.14158615458607673,0.9975609132575989,-2.3845539833068847
1751989229.4901369,-0.14150701196193696,0.9973945851898194,-2.38405954284668
1751989229.4922369,-0.14142786933779716,0.9972282571220397,-2.383565102386475
1751989229.4943795,-0.14134872671365736,0.9970619290542602,-2.3830706619262694
1751989229.4964385,-0.1412695840895176,0.9968956009864806,-2.3825762214660644
1751989229.4984877,-0.14119044146537782,0.9967292729187012,-2.3820817810058594
1751989229.5005512,-0.14111129884123802,0.9965629448509217,-2.3815873405456545
1751989229.5026114,-0.14103215621709822,0.9963966167831421,-2.381092900085449
1751989229.5047433,-0.14095301359295845,0.9962302887153625,-2.3805984596252436
1751989229.506844,-0.14087387096881865,0.996063960647583,-2.3801040191650387
1751989229.5089805,-0.14079472834467888,0.9958976325798035,-2.379609578704834
1751989229.511119,-0.1407155857205391,0.995731304512024,-2.379115138244629
1751989229.5131748,-0.1406364430963993,0.9955649764442445,-2.3786206977844238
1751989229.5152154,-0.1405573004722595,0.9953986483764647,-2.3781262573242183
1751989229.517373,-0.14047815784811973,0.9952323203086852,-2.3776318168640134
1751989229.519462,-0.14039901522397996,0.9950659922409058,-2.377137376403809
1751989229.5214756,-0.14031987259984016,0.9948996641731263,-2.376642935943604
1751989229.5235386,-0.14024072997570036,0.9947333361053466,-2.3761484954833985
1751989229.5256813,-0.1401615873515606,0.994567008037567,-2.375654055023193
1751989229.527768,-0.1400824447274208,0.9944006799697875,-2.375159614562988
1751989229.5298486,-0.14000330210328102,0.994234351902008,-2.374665174102783
1751989229.5319474,-0.13992415947914125,0.9940680238342287,-2.374170733642578
1751989229.5341024,-0.13984501685500145,0.9939016957664489,-2.373676293182373
1751989229.536237,-0.13976587423086165,0.9937353676986693,-2.3731818527221678
1751989229.5383644,-0.13968673160672188,0.9935690396308898,-2.372687412261963
1751989229.5404534,-0.1396075889825821,0.9934027115631103,-2.372192971801758
1751989229.5425463,-0.1395284463584423,0.9932363834953308,-2.371698531341553
1751989229.5446486,-0.1394493037343025,0.9930700554275513,-2.3712040908813474
1751989229.5466576,-0.13937016111016273,0.9929037273597717,-2.3707096504211425
1751989229.5487728,-0.13929101848602293,0.9927373992919921,-2.3702152099609375
1751989229.5508955,-0.13921187586188316,0.9925710712242126,-2.3697207695007325
1751989229.5530353,-0.1391327332377434,0.9924047431564331,-2.3692263290405275
1751989229.5551686,-0.1390535906136036,0.9922384150886535,-2.368731888580322
1751989229.5573123,-0.13897444798946382,0.992072087020874,-2.368237448120117
1751989229.5595393,-0.13889530536532402,0.9919057589530944,-2.3677430076599117
1751989229.5615501,-0.13881616274118425,0.9917394308853149,-2.3672485671997068
1751989229.5635192,-0.13873702011704445,0.9915731028175354,-2.3667541267395023
1751989229.5655549,-0.13865787749290465,0.9914067747497559,-2.366259686279297
1751989229.5676193,-0.13857873486876487,0.9912404466819762,-2.365765245819092
1751989229.5697482,-0.13849959224462507,0.9910741186141967,-2.3652708053588865
1751989229.5718865,-0.1384204496204853,0.9909077905464173,-2.3647763648986815
1751989229.5740242,-0.13834130699634553,0.9907414624786377,-2.364281924438477
1751989229.5763385,-0.13826216437220573,0.9905751344108582,-2.3637874839782715
1751989229.578287,-0.13818302174806596,0.9904088063430786,-2.3632930435180666
1751989229.5803668,-0.13810387912392616,0.990242478275299,-2.362798603057861
1751989229.5824504,-0.1380247364997864,0.9900761502075195,-2.362304162597656
1751989229.5844796,-0.1379455938756466,0.9899098221397401,-2.361809722137451
1751989229.586541,-0.1378664512515068,0.9897434940719604,-2.361315281677246
1751989229.5886023,-0.13778730862736702,0.989577166004181,-2.360820841217041
1751989229.590751,-0.13770816600322722,0.9894108379364013,-2.360326400756836
1751989229.5929487,-0.13762902337908745,0.9892445098686218,-2.359831960296631
1751989229.595011,-0.13754988075494767,0.9890781818008423,-2.359337519836426
1751989229.5971062,-0.13747073813080787,0.9889118537330628,-2.3588430793762205
1751989229.5992398,-0.1373915955066681,0.9887455256652832,-2.3583486389160155
1751989229.6013324,-0.1373124528825283,0.9885791975975036,-2.3578541984558106
1751989229.6034205,-0.13723331025838853,0.9884128695297241,-2.3573597579956056
1751989229.6054776,-0.13715416763424873,0.9882465414619446,-2.3568653175354006
1751989229.6075408,-0.13707502501010896,0.9880802133941652,-2.3563708770751957
1751989229.6098583,-0.13699588238596916,0.9879138853263855,-2.3558764366149902
1751989229.611856,-0.13691673976182936,0.987747557258606,-2.355381996154785
1751989229.6138186,-0.1368375971376896,0.9875812291908264,-2.35488755569458
1751989229.6159582,-0.13675845451354982,0.987414901123047,-2.354393115234375
1751989229.6180913,-0.13667931188941004,0.9872485730552674,-2.35389867477417
1751989229.6202385,-0.13660016926527024,0.9870822449874879,-2.353404234313965
1751989229.622396,-0.13652102664113044,0.9869159169197081,-2.3529097938537595
1751989229.6244817,-0.13644188401699067,0.9867495888519288,-2.352415353393555
1751989229.6266341,-0.13636274139285087,0.9865832607841492,-2.3519209129333496
1751989229.6286988,-0.1362835987687111,0.9864169327163697,-2.3514264724731446
1751989229.6307034,-0.1362044561445713,0.98625060464859,-2.350932032012939
1751989229.6328433,-0.1361253135204315,0.9860842765808104,-2.3504375915527342
1751989229.6349804,-0.13604617089629173,0.9859179485130309,-2.3499431510925293
1751989229.6371152,-0.13596702827215196,0.9857516204452514,-2.3494487106323243
1751989229.6392162,-0.13588788564801219,0.985585292377472,-2.3489542701721193
1751989229.6413348,-0.13580874302387239,0.9854189643096923,-2.348459829711914
1751989229.6436203,-0.1357296003997326,0.9852526362419127,-2.347965389251709
1751989229.6455836,-0.13565045777559281,0.9850863081741332,-2.347470948791504
1751989229.6475792,-0.13557131515145301,0.9849199801063538,-2.346976508331299
1751989229.6496332,-0.13549217252731324,0.9847536520385742,-2.346482067871094
1751989229.6517642,-0.13541302990317344,0.9845873239707947,-2.3459876274108886
1751989229.6538846,-0.13533388727903364,0.984420995903015,-2.3454931869506837
1751989229.6560206,-0.13525474465489387,0.9842546678352356,-2.3449987464904787
1751989229.658169,-0.1351756020307541,0.984088339767456,-2.3445043060302737
1751989229.6603982,-0.13509645940661433,0.9839220116996765,-2.3440098655700687
1751989229.6625051,-0.13501731678247453,0.9837556836318969,-2.3435154251098633
1751989229.6644669,-0.13493817415833473,0.9835893555641174,-2.343020984649658
1751989229.666487,-0.13485903153419496,0.9834230274963378,-2.342526544189453
1751989229.6685488,-0.13477988891005516,0.9832566994285583,-2.342032103729248
1751989229.6706107,-0.13470074628591538,0.9830903713607788,-2.341537663269043
1751989229.6727433,-0.13462160366177559,0.9829240432929993,-2.341043222808838
1751989229.6748748,-0.13454246103763579,0.9827577152252196,-2.3405487823486326
1751989229.6771226,-0.134463318413496,0.9825913871574402,-2.3400543418884276
1751989229.679188,-0.13438417578935624,0.9824250590896606,-2.3395599014282227
1751989229.681247,-0.13430503316521647,0.9822587310218811,-2.3390654609680177
1751989229.683391,-0.13422589054107667,0.9820924029541016,-2.3385710205078127
1751989229.6854787,-0.13414674791693687,0.9819260748863219,-2.3380765800476073
1751989229.68752,-0.1340676052927971,0.9817597468185425,-2.3375821395874024
1751989229.689581,-0.1339884626686573,0.9815934187507629,-2.3370876991271974
1751989229.6916962,-0.13390932004451753,0.9814270906829835,-2.3365932586669924
1751989229.693814,-0.13383017742037773,0.9812607626152038,-2.336098818206787
1751989229.6959138,-0.13375103479623793,0.9810944345474243,-2.3356043777465816
1751989229.6979887,-0.13367189217209816,0.9809281064796447,-2.335109937286377
1751989229.7001307,-0.13359274954795838,0.9807617784118653,-2.334615496826172
1751989229.7022746,-0.1335136069238186,0.9805954503440857,-2.3341210563659667
1751989229.7043774,-0.1334344642996788,0.9804291222763062,-2.3336266159057617
1751989229.7065172,-0.133355321675539,0.9802627942085265,-2.3331321754455563
1751989229.7086556,-0.1332761790513992,0.9800964661407471,-2.3326377349853518
1751989229.7108886,-0.13319703642725944,0.9799301380729675,-2.332143294525147
1751989229.7128816,-0.13311789380311967,0.979763810005188,-2.3316488540649414
1751989229.7149959,-0.13303875117897987,0.9795974819374084,-2.3311544136047364
1751989229.7171326,-0.13295960855484007,0.9794311538696289,-2.330659973144531
1751989229.7192895,-0.1328804659307003,0.9792648258018493,-2.330165532684326
1751989229.7213821,-0.13280132330656053,0.9790984977340698,-2.329671092224121
1751989229.7234724,-0.13272218068242075,0.9789321696662904,-2.329176651763916
1751989229.72558,-0.13264303805828095,0.9787658415985108,-2.328682211303711
1751989229.7276707,-0.13256389543414115,0.9785995135307312,-2.3281877708435057
1751989229.7297044,-0.13248475281000135,0.9784331854629517,-2.3276933303833007
1751989229.7317617,-0.13240561018586158,0.9782668573951722,-2.3271988899230958
1751989229.7338984,-0.1323264675617218,0.9781005293273926,-2.326704449462891
1751989229.7360344,-0.132247324937582,0.9779342012596131,-2.3262100090026854
1751989229.738168,-0.1321681823134422,0.9777678731918333,-2.3257155685424804
1751989229.7403133,-0.13208903968930244,0.977601545124054,-2.3252211280822754
1751989229.7424443,-0.13200989706516267,0.9774352170562743,-2.3247266876220705
1751989229.7446148,-0.1319307544410229,0.977268888988495,-2.3242322471618655
1751989229.7465832,-0.1318516118168831,0.9771025609207152,-2.32373780670166
1751989229.7486296,-0.1317724691927433,0.9769362328529357,-2.3232433662414547
1751989229.7507641,-0.1316933265686035,0.9767699047851561,-2.3227489257812497
1751989229.752899,-0.13161418394446373,0.9766035767173767,-2.3222544853210447
1751989229.7550354,-0.13153504132032395,0.9764372486495972,-2.32176004486084
1751989229.7571707,-0.13145589869618415,0.9762709205818176,-2.321265604400635
1751989229.7594066,-0.13137675607204435,0.9761045925140379,-2.3207711639404294
1751989229.7614431,-0.13129761344790458,0.9759382644462584,-2.3202767234802244
1751989229.7634997,-0.1312184708237648,0.975771936378479,-2.3197822830200194
1751989229.7654932,-0.13113932819962504,0.9756056083106994,-2.319287842559815
1751989229.7675545,-0.13106018557548524,0.9754392802429199,-2.318793402099609
1751989229.769616,-0.13098104295134544,0.9752729521751403,-2.318298961639404
1751989229.7717493,-0.13090190032720564,0.9751066241073608,-2.317804521179199
1751989229.773889,-0.13082275770306587,0.9749402960395812,-2.317310080718994
1751989229.7760801,-0.1307436150789261,0.9747739679718018,-2.316815640258789
1751989229.7781398,-0.1306644724547863,0.9746076399040222,-2.316321199798584
1751989229.780228,-0.1305853298306465,0.9744413118362426,-2.315826759338379
1751989229.7823157,-0.13050618720650672,0.974274983768463,-2.3153323188781734
1751989229.784391,-0.13042704458236695,0.9741086557006836,-2.314837878417969
1751989229.7864866,-0.13034790195822718,0.973942327632904,-2.314343437957764
1751989229.7885487,-0.13026875933408738,0.9737759995651245,-2.3138489974975585
1751989229.7906117,-0.13018961670994758,0.9736096714973448,-2.3133545570373535
1751989229.7928019,-0.13011047408580778,0.9734433434295654,-2.312860116577148
1751989229.7948618,-0.130031331461668,0.9732770153617859,-2.3123656761169435
1751989229.796932,-0.12995218883752824,0.9731106872940064,-2.3118712356567386
1751989229.79907,-0.12987304621338844,0.9729443592262268,-2.311376795196533
1751989229.8012037,-0.12979390358924867,0.9727780311584473,-2.310882354736328
1751989229.8033385,-0.12971476096510887,0.9726117030906677,-2.310387914276123
1751989229.8054273,-0.1296356183409691,0.9724453750228882,-2.309893473815918
1751989229.8074841,-0.12955647571682932,0.9722790469551087,-2.309399033355713
1751989229.8096323,-0.12947733309268952,0.9721127188873291,-2.308904592895508
1751989229.8116796,-0.12939819046854972,0.9719463908195496,-2.308410152435303
1751989229.8137681,-0.12931904784440992,0.9717800627517699,-2.3079157119750975
1751989229.815896,-0.12923990522027015,0.9716137346839905,-2.3074212715148925
1751989229.8180327,-0.12916076259613038,0.9714474066162109,-2.3069268310546875
1751989229.8201692,-0.12908161997199058,0.9712810785484314,-2.306432390594482
1751989229.8223104,-0.1290024773478508,0.9711147504806518,-2.305937950134277
1751989229.8244138,-0.128923334723711,0.9709484224128723,-2.305443509674072
1751989229.826588,-0.12884419209957124,0.9707820943450927,-2.304949069213867
1751989229.8286157,-0.12876504947543146,0.9706157662773133,-2.3044546287536622
1751989229.8306186,-0.12868590685129166,0.9704494382095337,-2.3039601882934573
1751989229.8327768,-0.12860676422715187,0.9702831101417542,-2.303465747833252
1751989229.8349156,-0.12852762160301207,0.9701167820739744,-2.302971307373047
1751989229.8370504,-0.1284484789788723,0.9699504540061951,-2.3024768669128415
1751989229.8391943,-0.12836933635473252,0.9697841259384157,-2.301982426452637
1751989229.8413446,-0.12829019373059272,0.969617797870636,-2.3014879859924315
1751989229.8435273,-0.12821105110645295,0.9694514698028565,-2.3009935455322266
1751989229.845619,-0.12813190848231315,0.9692851417350768,-2.3004991050720216
1751989229.847566,-0.12805276585817338,0.9691188136672974,-2.300004664611816
1751989229.8496242,-0.1279736232340336,0.9689524855995179,-2.2995102241516117
1751989229.8517132,-0.1278944806098938,0.9687861575317382,-2.2990157836914062
1751989229.8537998,-0.127815337985754,0.9686198294639587,-2.298521343231201
1751989229.85589,-0.1277361953616142,0.9684535013961791,-2.298026902770996
1751989229.8579943,-0.12765705273747444,0.9682871733283996,-2.297532462310791
1751989229.860083,-0.12757791011333466,0.9681208452606201,-2.297038021850586
1751989229.862286,-0.12749876748919486,0.9679545171928405,-2.296543581390381
1751989229.8642316,-0.1274196248650551,0.967788189125061,-2.296049140930176
1751989229.8663886,-0.1273404822409153,0.9676218610572813,-2.2955547004699706
1751989229.8684232,-0.12726133961677552,0.9674555329895019,-2.2950602600097656
1751989229.87048,-0.12718219699263572,0.9672892049217225,-2.2945658195495606
1751989229.8725386,-0.12710305436849595,0.9671228768539429,-2.2940713790893557
1751989229.8746474,-0.12702391174435615,0.9669565487861633,-2.2935769386291502
1751989229.876926,-0.12694476912021635,0.9667902207183837,-2.2930824981689453
1751989229.8788614,-0.12686562649607658,0.9666238926506043,-2.2925880577087403
1751989229.8810112,-0.1267864838719368,0.9664575645828247,-2.2920936172485353
1751989229.8832574,-0.12670734124779703,0.9662912365150452,-2.2915991767883304
1751989229.885375,-0.12662819862365723,0.9661249084472656,-2.2911047363281254
1751989229.887406,-0.12654905599951743,0.9659585803794861,-2.2906102958679195
1751989229.8894558,-0.12646991337537766,0.9657922523117065,-2.290115855407715
1751989229.8915634,-0.12639077075123786,0.9656259242439271,-2.2896214149475096
1751989229.8937519,-0.1263116281270981,0.9654595961761474,-2.2891269744873046
1751989229.8957934,-0.1262324855029583,0.9652932681083679,-2.2886325340270997
1751989229.8979423,-0.1261533428788185,0.9651269400405882,-2.2881380935668942
1751989229.9001398,-0.12607420025467872,0.9649606119728089,-2.2876436531066897
1751989229.9023318,-0.12599505763053895,0.9647942839050293,-2.2871492126464847
1751989229.9043984,-0.12591591500639918,0.9646279558372498,-2.2866547721862793
1751989229.9064558,-0.12583677238225938,0.9644616277694702,-2.2861603317260744
1751989229.908577,-0.12575762975811958,0.9642952997016906,-2.285665891265869
1751989229.9106688,-0.1256784871339798,0.9641289716339112,-2.285171450805664
1751989229.9128473,-0.12559934450984,0.9639626435661316,-2.284677010345459
1751989229.9149961,-0.12552020188570023,0.9637963154983522,-2.284182569885254
1751989229.9172015,-0.12544105926156043,0.9636299874305725,-2.283688129425049
1751989229.919341,-0.12536191663742063,0.963463659362793,-2.2831936889648436
1751989229.9214,-0.12528277401328086,0.9632973312950134,-2.2826992485046387
1751989229.923459,-0.1252036313891411,0.963131003227234,-2.2822048080444337
1751989229.9256876,-0.12512448876500132,0.9629646751594544,-2.2817103675842287
1751989229.9277527,-0.12504534614086152,0.9627983470916748,-2.2812159271240233
1751989229.9298284,-0.12496620351672172,0.9626320190238952,-2.2807214866638184
1751989229.932,-0.12488706089258193,0.9624656909561158,-2.2802270462036134
1751989229.9341958,-0.12480791826844216,0.9622993628883361,-2.2797326057434084
1751989229.9363964,-0.12472877564430238,0.9621330348205567,-2.2792381652832034
1751989229.9383988,-0.12464963302016259,0.9619667067527771,-2.278743724822998
1751989229.9404547,-0.12457049039602279,0.9618003786849976,-2.2782492843627926
1751989229.9426198,-0.124491347771883,0.961634050617218,-2.2777548439025876
1751989229.9446785,-0.12441220514774323,0.9614677225494385,-2.2772604034423827
1751989229.94678,-0.12433306252360345,0.9613013944816591,-2.276765962982178
1751989229.9488132,-0.12425391989946366,0.9611350664138794,-2.2762715225219727
1751989229.9509087,-0.12417477727532386,0.9609687383460999,-2.2757770820617673
1751989229.9531028,-0.12409563465118408,0.9608024102783204,-2.2752826416015624
1751989229.9553404,-0.1240164920270443,0.9606360822105409,-2.2747882011413574
1751989229.9574158,-0.12393734940290452,0.9604697541427613,-2.274293760681153
1751989229.959586,-0.12385820677876473,0.9603034260749816,-2.273799320220947
1751989229.9616344,-0.12377906415462493,0.960137098007202,-2.273304879760742
1751989229.9638073,-0.12369992153048515,0.9599707699394227,-2.272810439300537
1751989229.9657505,-0.12362077890634537,0.959804441871643,-2.272315998840332
1751989229.9678555,-0.12354163628220559,0.9596381138038637,-2.271821558380127
1751989229.970025,-0.12346249365806579,0.9594717857360839,-2.271327117919922
1751989229.9721134,-0.123383351033926,0.9593054576683044,-2.2708326774597163
1751989229.9742072,-0.12330420840978622,0.9591391296005248,-2.2703382369995118
1751989229.9764073,-0.12322506578564645,0.9589728015327453,-2.269843796539307
1751989229.9785292,-0.12314592316150666,0.9588064734649658,-2.269349356079102
1751989229.9804032,-0.12306678053736686,0.9586401453971862,-2.2688549156188964
1751989229.9824169,-0.12298763791322707,0.9584738173294066,-2.268360475158691
1751989229.9844704,-0.12290849528908729,0.9583074892616272,-2.2678660346984865
1751989229.9865427,-0.12282935266494752,0.9581411611938477,-2.2673715942382815
1751989229.9886997,-0.12275021004080773,0.9579748331260681,-2.2668771537780765
1751989229.9907913,-0.12267106741666793,0.9578085050582885,-2.266382713317871
1751989229.9930708,-0.12259192479252815,0.957642176990509,-2.2658882728576657
1751989229.9950762,-0.12251278216838836,0.9574758489227295,-2.2653938323974607
1751989229.9971669,-0.12243363954424859,0.9573095208549499,-2.2648993919372558
1751989229.9993217,-0.1223544969201088,0.9571431927871705,-2.264404951477051
1751989230.0014377,-0.122275354295969,0.9569768647193908,-2.263910511016846
1751989230.0034852,-0.1221962116718292,0.9568105366516113,-2.2634160705566404
1751989230.005549,-0.12211706904768943,0.9566442085838317,-2.2629216300964354
1751989230.0076091,-0.12203792642354966,0.9564778805160523,-2.2624271896362305
1751989230.0097942,-0.12195878379940987,0.9563115524482727,-2.2619327491760255
1751989230.0119975,-0.12187964117527007,0.9561452243804931,-2.26143830871582
1751989230.0140347,-0.12180049855113027,0.9559788963127135,-2.260943868255615
1751989230.016182,-0.1217213559269905,0.9558125682449341,-2.26044942779541
1751989230.0182922,-0.12164221330285073,0.9556462401771545,-2.259954987335205
1751989230.0203896,-0.12156307067871094,0.9554799121093751,-2.259460546875
1751989230.022487,-0.12148392805457114,0.9553135840415955,-2.258966106414795
1751989230.0245523,-0.12140478543043134,0.9551472559738159,-2.25847166595459
1751989230.026847,-0.12132564280629157,0.9549809279060364,-2.2579772254943844
1751989230.0288289,-0.1212465001821518,0.9548145998382568,-2.2574827850341794
1751989230.030821,-0.12116735755801201,0.9546482717704774,-2.256988344573975
1751989230.0329666,-0.12108821493387222,0.9544819437026977,-2.2564939041137695
1751989230.0351026,-0.12100907230973242,0.9543156156349182,-2.2559994636535645
1751989230.0372477,-0.12092992968559264,0.9541492875671386,-2.2555050231933595
1751989230.039385,-0.12085078706145287,0.9539829594993592,-2.255010582733154
1751989230.0415568,-0.12077164443731309,0.9538166314315796,-2.2545161422729496
1751989230.043743,-0.12069250181317329,0.9536503033638,-2.2540217018127437
1751989230.0457842,-0.12061335918903349,0.9534839752960205,-2.253527261352539
1751989230.0478177,-0.12053421656489371,0.953317647228241,-2.253032820892334
1751989230.0499635,-0.12045507394075394,0.9531513191604614,-2.252538380432129
1751989230.0521014,-0.12037593131661416,0.952984991092682,-2.252043939971924
1751989230.0542448,-0.12029678869247436,0.9528186630249023,-2.251549499511719
1751989230.0563822,-0.12021764606833456,0.9526523349571228,-2.2510550590515135
1751989230.0585036,-0.12013850344419479,0.9524860068893432,-2.2505606185913085
1751989230.0607312,-0.12005936082005501,0.9523196788215638,-2.2500661781311035
1751989230.0626652,-0.11998021819591523,0.9521533507537843,-2.2495717376708986
1751989230.0646932,-0.11990107557177543,0.9519870226860045,-2.249077297210693
1751989230.0667753,-0.11982193294763566,0.951820694618225,-2.248582856750488
1751989230.0689058,-0.11974279032349586,0.9516543665504456,-2.248088416290283
1751989230.0710447,-0.11966364769935608,0.951488038482666,-2.2475939758300783
1751989230.0731876,-0.1195845050752163,0.9513217104148866,-2.2470995353698733
1751989230.0753243,-0.1195053624510765,0.951155382347107,-2.2466050949096683
1751989230.0775502,-0.11942621982693673,0.9509890542793273,-2.246110654449463
1751989230.0795023,-0.11934707720279693,0.9508227262115478,-2.2456162139892575
1751989230.081544,-0.11926793457865716,0.9506563981437682,-2.245121773529053
1751989230.0836027,-0.11918879195451737,0.9504900700759888,-2.2446273330688475
1751989230.0856657,-0.11910964933037757,0.9503237420082091,-2.2441328926086426
1751989230.087802,-0.1190305067062378,0.9501574139404296,-2.2436384521484376
1751989230.0899394,-0.118951364082098,0.94999108587265,-2.243144011688232
1751989230.0920587,-0.11887222145795823,0.9498247578048706,-2.2426495712280277
1751989230.0942986,-0.11879307883381844,0.9496584297370911,-2.2421551307678222
1751989230.0963197,-0.11871393620967864,0.9494921016693114,-2.2416606903076173
1751989230.098395,-0.11863479358553887,0.949325773601532,-2.241166249847412
1751989230.10047,-0.11855565096139907,0.9491594455337524,-2.240671809387207
1751989230.1025324,-0.1184765083372593,0.9489931174659729,-2.240177368927002
1751989230.1045957,-0.11839736571311951,0.9488267893981934,-2.239682928466797
1751989230.1067293,-0.11831822308897971,0.9486604613304138,-2.239188488006592
1751989230.1088731,-0.11823908046483994,0.9484941332626342,-2.238694047546387
1751989230.1109915,-0.11815993784070014,0.9483278051948547,-2.2381996070861816
1751989230.1130786,-0.11808079521656037,0.9481614771270752,-2.2377051666259766
1751989230.1151862,-0.11800165259242058,0.9479951490592957,-2.2372107261657717
1751989230.1173294,-0.11792250996828078,0.947828820991516,-2.2367162857055662
1751989230.1194084,-0.11784336734414101,0.9476624929237365,-2.2362218452453613
1751989230.1214778,-0.11776422472000121,0.947496164855957,-2.2357274047851563
1751989230.123519,-0.11768508209586144,0.9473298367881775,-2.2352329643249513
1751989230.1256337,-0.11760593947172165,0.947163508720398,-2.2347385238647464
1751989230.1277447,-0.11752679684758185,0.9469971806526184,-2.234244083404541
1751989230.129797,-0.11744765422344208,0.9468308525848388,-2.233749642944336
1751989230.1319213,-0.11736851159930228,0.9466645245170593,-2.2332552024841306
1751989230.1340683,-0.11728936897516251,0.9464981964492797,-2.2327607620239256
1751989230.136153,-0.11721022635102273,0.9463318683815003,-2.232266321563721
1751989230.1383,-0.11713108372688295,0.9461655403137208,-2.2317718811035157
1751989230.1403997,-0.11705194110274315,0.9459992122459411,-2.2312774406433107
1751989230.1425228,-0.11697279847860335,0.9458328841781616,-2.2307830001831053
1751989230.14463,-0.11689365585446358,0.9456665561103821,-2.2302885597229003
1751989230.1473968,-0.1168145132303238,0.9455002280426026,-2.2297941192626958
1751989230.151455,-0.11673537060618402,0.9453338999748231,-2.2292996788024904
1751989230.1554186,-0.11665622798204422,0.9451675719070435,-2.228805238342285
1751989230.1583328,-0.11657708535790443,0.9450012438392639,-2.22831079788208
1751989230.1611948,-0.11649794273376465,0.9448349157714844,-2.227816357421875
1751989230.1633606,-0.11641880010962487,0.9446685877037049,-2.22732191696167
1751989230.1653626,-0.1163396574854851,0.9445022596359254,-2.226827476501465
1751989230.167431,-0.1162605148613453,0.9443359315681457,-2.22633303604126
1751989230.169561,-0.1161813722372055,0.9441696035003662,-2.2258385955810542
1751989230.1715386,-0.11610222961306571,0.9440032754325867,-2.2253441551208497
1751989230.173601,-0.11602308698892594,0.9438369473648072,-2.2248497146606447
1751989230.1757135,-0.11594394436478617,0.9436706192970277,-2.2243552742004398
1751989230.1778286,-0.11586480174064637,0.943504291229248,-2.2238608337402344
1751989230.1798701,-0.11578565911650657,0.9433379631614685,-2.223366393280029
1751989230.1819715,-0.11570651649236678,0.943171635093689,-2.2228719528198244
1751989230.1841183,-0.11562737386822701,0.9430053070259095,-2.2223775123596194
1751989230.1862624,-0.11554823124408724,0.94283897895813,-2.2218830718994145
1751989230.1883488,-0.11546908861994744,0.9426726508903503,-2.221388631439209
1751989230.1904242,-0.11538994599580764,0.9425063228225707,-2.2208941909790036
1751989230.1926224,-0.11531080337166785,0.9423399947547912,-2.2203997505187987
1751989230.194606,-0.11523166074752808,0.9421736666870117,-2.2199053100585937
1751989230.1966462,-0.11515251812338831,0.9420073386192322,-2.2194108695983887
1751989230.1987154,-0.11507337549924851,0.9418410105514525,-2.2189164291381838
1751989230.2008889,-0.11499423287510871,0.941674682483673,-2.2184219886779784
1751989230.203055,-0.11491509025096892,0.9415083544158935,-2.2179275482177734
1751989230.205227,-0.11483594762682915,0.941342026348114,-2.2174331077575684
1751989230.2073495,-0.11475680500268938,0.9411756982803345,-2.2169386672973634
1751989230.2095785,-0.11467766237854958,0.9410093702125549,-2.216444226837158
1751989230.211634,-0.11459851975440978,0.9408430421447753,-2.215949786376953
1751989230.2135847,-0.11451937713027,0.9406767140769958,-2.215455345916748
1751989230.2157435,-0.11444023450613022,0.9405103860092163,-2.214960905456543
1751989230.217908,-0.11436109188199045,0.9403440579414368,-2.214466464996338
1751989230.220075,-0.11428194925785065,0.9401777298736573,-2.2139720245361327
1751989230.2221673,-0.11420280663371085,0.9400114018058776,-2.2134775840759278
1751989230.2243237,-0.11412366400957107,0.9398450737380981,-2.2129831436157223
1751989230.2265024,-0.1140445213854313,0.9396787456703186,-2.2124887031555174
1751989230.2286456,-0.11396537876129152,0.9395124176025391,-2.211994262695313
1751989230.2305648,-0.11388623613715172,0.9393460895347594,-2.2114998222351074
1751989230.2327309,-0.11380709351301192,0.9391797614669799,-2.2110053817749025
1751989230.2348754,-0.11372795088887214,0.9390134333992004,-2.210510941314697
1751989230.2370393,-0.11364880826473236,0.9388471053314209,-2.210016500854492
1751989230.2392118,-0.11356966564059259,0.9386807772636414,-2.2095220603942876
1751989230.2413049,-0.1134905230164528,0.9385144491958618,-2.2090276199340817
1751989230.2435296,-0.113411380392313,0.9383481211280822,-2.2085331794738767
1751989230.2455864,-0.11333223776817321,0.9381817930603027,-2.2080387390136718
1751989230.2474678,-0.11325309514403344,0.9380154649925232,-2.207544298553467
1751989230.2495136,-0.11317395251989366,0.9378491369247437,-2.207049858093262
1751989230.2515688,-0.11309480989575386,0.937682808856964,-2.206555417633057
1751989230.2537332,-0.11301566727161406,0.9375164807891845,-2.2060609771728514
1751989230.255898,-0.11293652464747428,0.937350152721405,-2.2055665367126465
1751989230.2580898,-0.11285738202333451,0.9371838246536255,-2.2050720962524415
1751989230.2603757,-0.11277823939919474,0.937017496585846,-2.2045776557922365
1751989230.2623029,-0.11269909677505494,0.9368511685180664,-2.204083215332031
1751989230.2643526,-0.11261995415091514,0.9366848404502868,-2.203588774871826
1751989230.2664335,-0.11254081152677535,0.9365185123825073,-2.203094334411621
1751989230.268493,-0.11246166890263558,0.9363521843147278,-2.202599893951416
1751989230.2705512,-0.1123825262784958,0.9361858562469483,-2.2021054534912112
1751989230.272609,-0.112303383654356,0.9360195281791688,-2.201611013031006
1751989230.274729,-0.1122242410302162,0.9358532001113891,-2.2011165725708004
1751989230.2770083,-0.11214509840607642,0.9356868720436096,-2.2006221321105954
1751989230.2790706,-0.11206595578193665,0.9355205439758301,-2.2001276916503905
1751989230.2811399,-0.11198681315779688,0.9353542159080506,-2.1996332511901855
1751989230.2832787,-0.11190767053365708,0.9351878878402708,-2.1991388107299805
1751989230.2853358,-0.11182852790951728,0.9350215597724914,-2.198644370269775
1751989230.2874355,-0.11174938528537749,0.9348552317047119,-2.19814992980957
1751989230.2894933,-0.11167024266123772,0.9346889036369324,-2.197655489349365
1751989230.2916133,-0.11159110003709795,0.9345225755691529,-2.19716104888916
1751989230.2938652,-0.11151195741295815,0.9343562475013732,-2.1966666084289552
1751989230.2958603,-0.11143281478881835,0.9341899194335936,-2.19617216796875
1751989230.2979877,-0.11135367216467856,0.9340235913658141,-2.195677727508545
1751989230.3001556,-0.11127452954053879,0.9338572632980346,-2.19518328704834
1751989230.3023365,-0.11119538691639902,0.9336909352302551,-2.194688846588135
1751989230.3044186,-0.11111624429225922,0.9335246071624757,-2.19419440612793
1751989230.3064766,-0.11103710166811942,0.9333582790946959,-2.1936999656677245
1751989230.3085692,-0.11095795904397963,0.9331919510269164,-2.1932055252075195
1751989230.310689,-0.11087881641983986,0.9330256229591369,-2.192711084747314
1751989230.3128288,-0.11079967379570009,0.9328592948913574,-2.1922166442871096
1751989230.3149536,-0.11072053117156029,0.9326929668235778,-2.191722203826904
1751989230.3171244,-0.11064138854742049,0.9325266387557982,-2.191227763366699
1751989230.3192954,-0.1105622459232807,0.9323603106880187,-2.1907333229064943
1751989230.3213818,-0.11048310329914093,0.9321939826202392,-2.1902388824462893
1751989230.3234105,-0.11040396067500116,0.9320276545524597,-2.1897444419860843
1751989230.3255117,-0.11032481805086136,0.9318613264846802,-2.189250001525879
1751989230.3276603,-0.11024567542672156,0.9316949984169005,-2.1887555610656735
1751989230.3297012,-0.11016653280258178,0.931528670349121,-2.1882611206054685
1751989230.3317993,-0.110087390178442,0.9313623422813415,-2.1877666801452635
1751989230.3339732,-0.11000824755430222,0.931196014213562,-2.1872722396850586
1751989230.336153,-0.10992910493016243,0.9310296861457825,-2.1867777992248536
1751989230.3383157,-0.10984996230602265,0.9308633580780029,-2.1862833587646486
1751989230.3403971,-0.10977081968188285,0.9306970300102233,-2.185788918304443
1751989230.342497,-0.10969167705774308,0.9305307019424438,-2.1852944778442382
1751989230.3445532,-0.10961253443360329,0.9303643738746643,-2.1848000373840333
1751989230.3465555,-0.1095333918094635,0.9301980458068847,-2.184305596923828
1751989230.348715,-0.10945424918532372,0.9300317177391053,-2.183811156463623
1751989230.3508465,-0.10937510656118392,0.9298653896713256,-2.183316716003418
1751989230.3529387,-0.10929596393704415,0.9296990616035461,-2.182822275543213
1751989230.3550296,-0.10921682131290436,0.9295327335357666,-2.182327835083008
1751989230.3571174,-0.10913767868876456,0.9293664054679871,-2.181833394622803
1751989230.3594694,-0.10905853606462479,0.9292000774002074,-2.181338954162598
1751989230.3613696,-0.10897939344048499,0.9290337493324279,-2.180844513702392
1751989230.3633795,-0.10890025081634522,0.9288674212646484,-2.1803500732421877
1751989230.3654199,-0.10882110819220543,0.9287010931968689,-2.1798556327819827
1751989230.3674781,-0.10874196556806563,0.9285347651290894,-2.1793611923217773
1751989230.3695364,-0.10866282294392586,0.9283684370613098,-2.1788667518615723
1751989230.3717005,-0.10858368031978606,0.9282021089935302,-2.178372311401367
1751989230.3738687,-0.10850453769564629,0.9280357809257507,-2.1778778709411624
1751989230.3760455,-0.1084253950715065,0.9278694528579713,-2.1773834304809574
1751989230.378143,-0.1083462524473667,0.9277031247901917,-2.176888990020752
1751989230.380251,-0.10826710982322693,0.9275367967224122,-2.176394549560547
1751989230.3823626,-0.10818796719908713,0.9273704686546325,-2.1759001091003416
1751989230.3844106,-0.10810882457494736,0.927204140586853,-2.1754056686401366
1751989230.386468,-0.10802968195080757,0.9270378125190735,-2.1749112281799317
1751989230.388526,-0.10795053932666777,0.926871484451294,-2.1744167877197267
1751989230.3905866,-0.107871396702528,0.9267051563835144,-2.1739223472595217
1751989230.3929029,-0.1077922540783882,0.9265388283157348,-2.1734279067993163
1751989230.394934,-0.10771311145424843,0.9263725002479553,-2.1729334663391113
1751989230.396995,-0.10763396883010865,0.9262061721801758,-2.1724390258789064
1751989230.399157,-0.10755482620596887,0.9260398441123964,-2.1719445854187014
1751989230.4013274,-0.10747568358182907,0.9258735160446168,-2.171450144958496
1751989230.4034045,-0.10739654095768927,0.925707187976837,-2.170955704498291
1751989230.40546,-0.1073173983335495,0.9255408599090575,-2.170461264038086
1751989230.407558,-0.10723825570940972,0.9253745318412782,-2.169966823577881
1751989230.4096916,-0.10715911308526994,0.9252082037734985,-2.169472383117676
1751989230.411797,-0.10707997046113014,0.925041875705719,-2.1689779426574707
1751989230.4138486,-0.10700082783699034,0.9248755476379393,-2.1684835021972653
1751989230.4160078,-0.10692168521285057,0.92470921957016,-2.1679890617370603
1751989230.4181924,-0.10684254258871079,0.9245428915023803,-2.1674946212768558
1751989230.420249,-0.10676339996457102,0.9243765634346008,-2.167000180816651
1751989230.4223692,-0.10668425734043122,0.9242102353668212,-2.1665057403564454
1751989230.4244142,-0.10660511471629142,0.9240439072990416,-2.16601129989624
1751989230.4266522,-0.10652597209215164,0.9238775792312621,-2.165516859436035
1751989230.4287107,-0.10644682946801186,0.9237112511634827,-2.1650224189758305
1751989230.4306562,-0.10636768684387209,0.9235449230957031,-2.1645279785156255
1751989230.432783,-0.10628854421973229,0.9233785950279236,-2.1640335380554196
1751989230.4348435,-0.10620940159559249,0.9232122669601439,-2.1635390975952147
1751989230.4369717,-0.10613025897145272,0.9230459388923644,-2.1630446571350097
1751989230.4391224,-0.10605111634731293,0.922879610824585,-2.1625502166748047
1751989230.4412081,-0.10597197372317316,0.9227132827568054,-2.1620557762145998
1751989230.443383,-0.10589283109903336,0.9225469546890259,-2.161561335754395
1751989230.4454336,-0.10581368847489356,0.9223806266212462,-2.161066895294189
1751989230.4474463,-0.10573454585075379,0.9222142985534668,-2.1605724548339844
1751989230.4494345,-0.105655403226614,0.9220479704856872,-2.1600780143737794
1751989230.4514894,-0.10557626060247423,0.9218816424179078,-2.1595835739135745
1751989230.4535503,-0.10549711797833443,0.9217153143501282,-2.159089133453369
1751989230.4556115,-0.10541797535419463,0.9215489862823486,-2.158594692993164
1751989230.457674,-0.10533883273005486,0.921382658214569,-2.158100252532959
1751989230.4598353,-0.10525969010591507,0.9212163301467896,-2.157605812072754
1751989230.462143,-0.1051805474817753,0.92105000207901,-2.157111371612549
1751989230.4641254,-0.1051014048576355,0.9208836740112305,-2.1566169311523438
1751989230.466196,-0.1050222622334957,0.9207173459434508,-2.1561224906921383
1751989230.468342,-0.10494311960935593,0.9205510178756714,-2.1556280502319334
1751989230.470402,-0.10486397698521614,0.9203846898078918,-2.1551336097717284
1751989230.4724247,-0.10478483436107637,0.9202183617401123,-2.1546391693115234
1751989230.474504,-0.10470569173693657,0.9200520336723327,-2.1541447288513185
1751989230.476661,-0.10462654911279677,0.9198857056045531,-2.153650288391113
1751989230.47875,-0.104547406488657,0.9197193775367736,-2.153155847930908
1751989230.4806836,-0.10446826386451721,0.9195530494689941,-2.152661407470703
1751989230.4827414,-0.10438912124037744,0.9193867214012147,-2.152166967010498
1751989230.484877,-0.10430997861623764,0.9192203933334351,-2.1516725265502927
1751989230.4869392,-0.10423083599209784,0.9190540652656555,-2.1511780860900878
1751989230.489092,-0.10415169336795807,0.9188877371978759,-2.150683645629883
1751989230.4912424,-0.10407255074381828,0.9187214091300965,-2.150189205169678
1751989230.4934094,-0.10399340811967851,0.9185550810623169,-2.149694764709473
1751989230.4954467,-0.10391426549553871,0.9183887529945374,-2.1492003242492674
1751989230.4974291,-0.10383512287139891,0.9182224249267577,-2.1487058837890625
1751989230.4994874,-0.10375598024725914,0.9180560968589783,-2.1482114433288575
1751989230.5015478,-0.10367683762311936,0.9178897687911987,-2.147717002868652
1751989230.5036094,-0.10359769499897958,0.9177234407234193,-2.1472225624084476
1751989230.5056722,-0.10351855237483978,0.9175571126556397,-2.146728121948242
1751989230.5078008,-0.10343940975069998,0.91739078458786,-2.146233681488037
1751989230.5099838,-0.10336026712656021,0.9172244565200804,-2.145739241027832
1751989230.5121145,-0.10328112450242043,0.917058128452301,-2.145244800567627
1751989230.5141747,-0.10320198187828065,0.9168918003845216,-2.1447503601074223
1751989230.516172,-0.10312283925414086,0.916725472316742,-2.144255919647217
1751989230.5183058,-0.10304369663000106,0.9165591442489622,-2.1437614791870114
1751989230.5203571,-0.10296455400586128,0.9163928161811828,-2.1432670387268065
1751989230.5224333,-0.1028854113817215,0.9162264881134033,-2.1427725982666015
1751989230.524488,-0.10280626875758173,0.9160601600456237,-2.1422781578063965
1751989230.5266893,-0.10272712613344193,0.9158938319778442,-2.1417837173461916
1751989230.5287108,-0.10264798350930213,0.9157275039100645,-2.141289276885986
1751989230.5306923,-0.10256884088516235,0.9155611758422851,-2.140794836425781
1751989230.5327508,-0.10248969826102257,0.9153948477745055,-2.140300395965576
1751989230.5347886,-0.1024105556368828,0.9152285197067261,-2.1398059555053712
1751989230.5369425,-0.102331413012743,0.9150621916389465,-2.139311515045166
1751989230.5390668,-0.1022522703886032,0.9148958635711669,-2.138817074584961
1751989230.541169,-0.10217312776446343,0.9147295355033873,-2.138322634124756
1751989230.5434594,-0.10209398514032364,0.9145632074356079,-2.137828193664551
1751989230.5454082,-0.10201484251618387,0.9143968793678283,-2.137333753204346
1751989230.5473475,-0.10193569989204407,0.9142305513000488,-2.136839312744141
1751989230.549425,-0.10185655726790427,0.9140642232322691,-2.136344872283935
1751989230.5514855,-0.10177741464376448,0.9138978951644896,-2.13585043182373
1751989230.5535476,-0.10169827201962471,0.9137315670967102,-2.1353559913635256
1751989230.555607,-0.10161912939548494,0.9135652390289307,-2.13486155090332
1751989230.5576699,-0.10153998677134514,0.9133989109611511,-2.1343671104431152
1751989230.5598474,-0.10146084414720534,0.9132325828933715,-2.13387266998291
1751989230.561928,-0.10138170152306555,0.913066254825592,-2.133378229522705
1751989230.5639517,-0.10130255889892578,0.9128999267578124,-2.1328837890625003
1751989230.5661037,-0.10122341627478601,0.912733598690033,-2.132389348602295
1751989230.568243,-0.10114427365064621,0.9125672706222534,-2.13189490814209
1751989230.5703769,-0.10106513102650641,0.9124009425544739,-2.1314004676818845
1751989230.5724232,-0.10098598840236662,0.9122346144866942,-2.1309060272216795
1751989230.5745046,-0.10090684577822685,0.9120682864189148,-2.1304115867614746
1751989230.5767438,-0.10082770315408708,0.9119019583511352,-2.1299171463012696
1751989230.5787125,-0.10074856052994728,0.9117356302833557,-2.1294227058410646
1751989230.5806904,-0.10066941790580748,0.911569302215576,-2.128928265380859
1751989230.5827482,-0.1005902752816677,0.9114029741477966,-2.1284338249206542
1751989230.584884,-0.10051113265752792,0.911236646080017,-2.1279393844604493
1751989230.5869458,-0.10043199003338815,0.9110703180122376,-2.1274449440002443
1751989230.5890963,-0.10035284740924835,0.910903989944458,-2.126950503540039
1751989230.5912297,-0.10027370478510855,0.9107376618766784,-2.126456063079834
1751989230.5934381,-0.10019456216096877,0.910571333808899,-2.125961622619629
1751989230.5954914,-0.100115419536829,0.9104050057411194,-2.125467182159424
1751989230.5974307,-0.10003627691268922,0.91023867767334,-2.124972741699219
1751989230.599495,-0.09995713428854942,0.9100723496055603,-2.1244783012390136
1751989230.6015494,-0.09987799166440964,0.9099060215377808,-2.1239838607788086
1751989230.6036081,-0.09979884904026984,0.909739693470001,-2.123489420318603
1751989230.605669,-0.09971970641613007,0.9095733654022217,-2.1229949798583982
1751989230.6077855,-0.0996405637919903,0.9094070373344422,-2.1225005393981937
1751989230.6101425,-0.0995614211678505,0.9092407092666626,-2.1220060989379883
1751989230.6120024,-0.09948227854371071,0.9090743811988831,-2.1215116584777833
1751989230.6140397,-0.09940313591957091,0.9089080531311035,-2.121017218017578
1751989230.6161723,-0.09932399329543114,0.9087417250633238,-2.120522777557373
1751989230.6182923,-0.09924485067129137,0.9085753969955445,-2.1200283370971684
1751989230.6203728,-0.09916570804715157,0.9084090689277649,-2.1195338966369626
1751989230.622436,-0.09908656542301178,0.9082427408599854,-2.1190394561767576
1751989230.6244879,-0.09900742279887198,0.9080764127922056,-2.1185450157165526
1751989230.6266668,-0.09892828017473221,0.9079100847244262,-2.1180505752563477
1751989230.6287007,-0.09884913755059244,0.9077437566566467,-2.1175561347961427
1751989230.6306908,-0.09876999492645264,0.9075774285888671,-2.1170616943359377
1751989230.6327713,-0.09869085230231285,0.9074111005210876,-2.1165672538757327
1751989230.6348329,-0.09861170967817305,0.907244772453308,-2.1160728134155273
1751989230.6369703,-0.09853256705403328,0.9070784443855286,-2.1155783729553224
1751989230.6391122,-0.09845342442989351,0.9069121163177489,-2.1150839324951174
1751989230.6411724,-0.09837428180575371,0.9067457882499694,-2.114589492034912
1751989230.6434782,-0.09829513918161392,0.9065794601821899,-2.114095051574707
1751989230.6454601,-0.09821599655747412,0.9064131321144104,-2.113600611114502
1751989230.64743,-0.09813685393333435,0.9062468040466308,-2.113106170654297
1751989230.6494877,-0.09805771130919458,0.9060804759788513,-2.112611730194092
1751989230.6515458,-0.09797856868505478,0.9059141479110717,-2.1121172897338867
1751989230.6536064,-0.09789942606091499,0.9057478198432922,-2.1116228492736817
1751989230.655668,-0.0978202834367752,0.9055814917755126,-2.1111284088134763
1751989230.6578143,-0.09774114081263542,0.9054151637077331,-2.1106339683532713
1751989230.660046,-0.09766199818849565,0.9052488356399535,-2.1101395278930664
1751989230.662117,-0.09758285556435585,0.905082507572174,-2.1096450874328614
1751989230.6641443,-0.09750371294021606,0.9049161795043945,-2.1091506469726564
1751989230.666273,-0.09742457031607626,0.904749851436615,-2.108656206512451
1751989230.6683927,-0.09734542769193649,0.9045835233688355,-2.108161766052246
1751989230.670433,-0.09726628506779672,0.9044171953010559,-2.107667325592041
1751989230.6724856,-0.09718714244365692,0.9042508672332763,-2.1071728851318356
1751989230.6745634,-0.09710799981951714,0.9040845391654968,-2.1066784446716307
1751989230.676804,-0.09702885719537734,0.9039182110977173,-2.1061840042114257
1751989230.678749,-0.09694971457123756,0.9037518830299377,-2.1056895637512207
1751989230.6807487,-0.09687057194709779,0.9035855549621582,-2.1051951232910158
1751989230.6828039,-0.09679142932295799,0.9034192268943786,-2.1047006828308104
1751989230.6849413,-0.0967122866988182,0.9032528988265991,-2.1042062423706054
1751989230.6870995,-0.0966331440746784,0.9030865707588195,-2.1037118019104004
1751989230.6892407,-0.09655400145053863,0.9029202426910401,-2.103217361450195
1751989230.6912997,-0.09647485882639886,0.9027539146232604,-2.10272292098999
1751989230.6934435,-0.09639571620225906,0.9025875865554809,-2.102228480529785
1751989230.6955128,-0.09631657357811928,0.9024212584877014,-2.10173404006958
1751989230.6974921,-0.0962374309539795,0.9022549304199219,-2.101239599609375
1751989230.6995466,-0.0961582883298397,0.9020886023521423,-2.1007451591491697
1751989230.7016084,-0.09607914570569993,0.9019222742843628,-2.1002507186889647
1751989230.703671,-0.09600000308156013,0.9017559462165832,-2.0997562782287598
1751989230.7058055,-0.09592086045742035,0.9015896181488037,-2.0992618377685544
1751989230.7079332,-0.09584171783328058,0.9014232900810242,-2.0987673973083494
1751989230.7101579,-0.09576257520914078,0.9012569620132446,-2.0982729568481444
1751989230.7122545,-0.09568343258500099,0.9010906339454652,-2.0977785163879394
1751989230.7143323,-0.0956042899608612,0.9009243058776855,-2.0972840759277345
1751989230.7164013,-0.09552514733672142,0.900757977809906,-2.0967896354675295
1751989230.718434,-0.09544600471258165,0.9005916497421265,-2.0962951950073245
1751989230.7204852,-0.09536686208844185,0.900425321674347,-2.095800754547119
1751989230.7225544,-0.09528771946430206,0.9002589936065674,-2.095306314086914
1751989230.7246077,-0.09520857684016228,0.9000926655387878,-2.0948118736267087
1751989230.7267945,-0.09512943421602249,0.8999263374710083,-2.0943174331665038
1751989230.728929,-0.09505029159188272,0.8997600094032288,-2.093822992706299
1751989230.7308595,-0.09497114896774292,0.8995936813354491,-2.093328552246094
1751989230.7330046,-0.09489200634360313,0.8994273532676696,-2.092834111785889
1751989230.7351592,-0.09481286371946335,0.89926102519989,-2.092339671325684
1751989230.7372763,-0.09473372109532356,0.8990946971321105,-2.0918452308654785
1751989230.739342,-0.09465457847118379,0.898928369064331,-2.0913507904052735
1751989230.741518,-0.09457543584704399,0.8987620409965515,-2.0908563499450685
1751989230.7436774,-0.0944962932229042,0.898595712928772,-2.090361909484863
1751989230.745689,-0.0944171505987644,0.8984293848609923,-2.089867469024658
1751989230.7476437,-0.09433800797462463,0.8982630567932128,-2.089373028564453
1751989230.7496955,-0.09425886535048486,0.8980967287254333,-2.088878588104248
1751989230.7518322,-0.09417972272634506,0.8979304006576538,-2.0883841476440432
1751989230.7539678,-0.09410058010220528,0.8977640725898742,-2.087889707183838
1751989230.7560592,-0.09402143747806548,0.8975977445220947,-2.087395266723633
1751989230.7582304,-0.0939422948539257,0.8974314164543151,-2.086900826263428
1751989230.7604544,-0.09386315222978593,0.8972650883865356,-2.0864063858032225
1751989230.7625704,-0.09378400960564613,0.897098760318756,-2.0859119453430175
1751989230.7644305,-0.09370486698150635,0.8969324322509766,-2.0854175048828125
1751989230.7664948,-0.09362572435736655,0.8967661041831969,-2.0849230644226076
1751989230.768522,-0.09354658173322677,0.8965997761154174,-2.0844286239624026
1751989230.7706118,-0.093467439109087,0.8964334480476379,-2.083934183502197
1751989230.7727442,-0.0933882964849472,0.8962671199798584,-2.083439743041992
1751989230.7748713,-0.09330915386080742,0.8961007919120789,-2.0829453025817872
1751989230.7770336,-0.09323001123666762,0.8959344638442992,-2.082450862121582
1751989230.7790086,-0.09315086861252785,0.8957681357765198,-2.081956421661377
1751989230.7811446,-0.09307172598838807,0.8956018077087402,-2.081461981201172
1751989230.7832675,-0.09299258336424827,0.8954354796409607,-2.080967540740967
1751989230.785376,-0.09291344074010849,0.8952691515731811,-2.080473100280762
1751989230.7874255,-0.09283429811596869,0.8951028235054016,-2.0799786598205565
1751989230.7894866,-0.09275515549182892,0.894936495437622,-2.0794842193603515
1751989230.791552,-0.09267601286768914,0.8947701673698425,-2.0789897789001466
1751989230.7937164,-0.09259687024354935,0.894603839302063,-2.078495338439941
1751989230.795829,-0.09251772761940956,0.8944375112342835,-2.078000897979736
1751989230.797833,-0.09243858499526976,0.8942711831665038,-2.0775064575195312
1751989230.7999723,-0.09235944237112999,0.8941048550987243,-2.0770120170593263
1751989230.8021252,-0.09228029974699022,0.8939385270309448,-2.0765175765991213
1751989230.8042493,-0.09220115712285042,0.8937721989631653,-2.076023136138916
1751989230.8062475,-0.09212201449871063,0.8936058708953857,-2.075528695678711
1751989230.8083937,-0.09204287187457083,0.8934395428276062,-2.0750342552185055
1751989230.810624,-0.09196372925043106,0.8932732147598266,-2.0745398147583005
1751989230.812533,-0.09188458662629129,0.8931068866920471,-2.0740453742980955
1751989230.8145673,-0.09180544400215149,0.8929405586242675,-2.0735509338378906
1751989230.816621,-0.0917263013780117,0.8927742305564881,-2.0730564933776856
1751989230.8186805,-0.0916471587538719,0.8926079024887086,-2.0725620529174806
1751989230.8208213,-0.09156801612973213,0.8924415744209289,-2.0720676124572757
1751989230.8228805,-0.09148887350559236,0.8922752463531494,-2.0715731719970707
1751989230.8250318,-0.09140973088145256,0.8921089182853699,-2.0710787315368653
1751989230.827288,-0.09133058825731277,0.8919425902175904,-2.0705842910766603
1751989230.8292274,-0.091251445633173,0.8917762621498108,-2.0700898506164553
1751989230.8313298,-0.0911723030090332,0.8916099340820313,-2.06959541015625
1751989230.8333912,-0.09109316038489343,0.8914436060142517,-2.069100969696045
1751989230.8354256,-0.09101401776075363,0.8912772779464722,-2.06860652923584
1751989230.8374846,-0.09093487513661384,0.8911109498786925,-2.068112088775635
1751989230.8395472,-0.09085573251247407,0.8909446218109132,-2.06761764831543
1751989230.8416305,-0.09077658988833427,0.8907782937431334,-2.0671232078552246
1751989230.8437657,-0.0906974472641945,0.890611965675354,-2.0666287673950197
1751989230.8458238,-0.0906183046400547,0.8904456376075744,-2.0661343269348142
1751989230.8479183,-0.09053916201591491,0.890279309539795,-2.0656398864746093
1751989230.850079,-0.09046001939177514,0.8901129814720155,-2.0651454460144043
1751989230.8522246,-0.09038087676763534,0.8899466534042357,-2.0646510055541993
1751989230.854319,-0.09030173414349557,0.8897803253364563,-2.0641565650939944
1751989230.8563738,-0.09022259151935577,0.8896139972686767,-2.063662124633789
1751989230.858435,-0.09014344889521599,0.8894476692008972,-2.063167684173584
1751989230.860613,-0.09006430627107621,0.8892813411331176,-2.062673243713379
1751989230.86261,-0.08998516364693641,0.8891150130653381,-2.0621788032531736
1751989230.8646414,-0.08990602102279664,0.8889486849975585,-2.0616843627929686
1751989230.8666856,-0.08982687839865684,0.888782356929779,-2.0611899223327637
1751989230.8688772,-0.08974773577451706,0.8886160288619995,-2.0606954818725587
1751989230.8710325,-0.08966859315037728,0.88844970079422,-2.0602010414123537
1751989230.8732436,-0.08958945052623749,0.8882833727264403,-2.0597066009521483
1751989230.8753667,-0.08951030790209771,0.8881170446586608,-2.0592121604919433
1751989230.8774972,-0.08943116527795791,0.8879507165908813,-2.058717720031738
1751989230.8794532,-0.08935202265381813,0.8877843885231018,-2.058223279571533
1751989230.8814921,-0.08927288002967836,0.8876180604553222,-2.057728839111328
1751989230.8836796,-0.08919373740553856,0.8874517323875427,-2.057234398651123
1751989230.88587,-0.08911459478139878,0.8872854043197631,-2.056739958190918
1751989230.8880603,-0.08903545215725898,0.8871190762519836,-2.0562455177307126
1751989230.8902695,-0.0889563095331192,0.8869527481842041,-2.0557510772705077
1751989230.8924513,-0.08887716690897943,0.8867864201164246,-2.0552566368103027
1751989230.89447,-0.08879802428483963,0.8866200920486451,-2.0547621963500973
1751989230.8965006,-0.08871888166069986,0.8864537639808654,-2.0542677558898923
1751989230.8985307,-0.08863973903656006,0.8862874359130859,-2.0537733154296873
1751989230.9007215,-0.08856059641242027,0.8861211078453064,-2.0532788749694824
1751989230.9027767,-0.0884814537882805,0.8859547797775269,-2.0527844345092774
1751989230.9049706,-0.0884023111641407,0.8857884517097472,-2.0522899940490724
1751989230.9071746,-0.08832316854000091,0.8856221236419678,-2.0517955535888674
1751989230.9094646,-0.08824402591586113,0.8854557955741882,-2.051301113128662
1751989230.911427,-0.08816488329172134,0.8852894675064087,-2.050806672668457
1751989230.9134278,-0.08808574066758157,0.8851231394386292,-2.050312232208252
1751989230.9154801,-0.08800659804344177,0.8849568113708496,-2.0498177917480467
1751989230.917666,-0.08792745541930198,0.8847904833030701,-2.0493233512878417
1751989230.919861,-0.0878483127951622,0.8846241552352905,-2.0488289108276367
1751989230.9220676,-0.08776917017102241,0.884457827167511,-2.0483344703674318
1751989230.9241588,-0.08769002754688264,0.8842914990997315,-2.047840029907227
1751989230.9264343,-0.08761088492274284,0.8841251710319519,-2.047345589447022
1751989230.9285097,-0.08753174229860305,0.8839588429641723,-2.0468511489868164
1751989230.9304345,-0.08745259967446325,0.8837925148963928,-2.0463567085266114
1751989230.9324794,-0.08737345705032348,0.8836261868286133,-2.045862268066406
1751989230.934674,-0.08729431442618371,0.8834598587608338,-2.045367827606201
1751989230.936868,-0.08721517180204391,0.8832935306930542,-2.044873387145996
1751989230.9390707,-0.08713602917790413,0.8831272026252746,-2.044378946685791
1751989230.941238,-0.08705688655376433,0.8829608745574951,-2.043884506225586
1751989230.9433713,-0.08697774392962455,0.8827945464897156,-2.043390065765381
1751989230.9454918,-0.08689860130548478,0.8826282184219361,-2.0428956253051758
1751989230.947458,-0.08681945868134498,0.8824618903541566,-2.042401184844971
1751989230.9494867,-0.0867403160572052,0.882295562286377,-2.0419067443847654
1751989230.9515479,-0.0866611734330654,0.8821292342185973,-2.0414123039245604
1751989230.95373,-0.08658203080892563,0.8819629061508178,-2.0409178634643554
1751989230.9559221,-0.08650288818478585,0.8817965780830384,-2.0404234230041505
1751989230.958222,-0.08642374556064605,0.8816302500152587,-2.0399289825439455
1751989230.9604461,-0.08634460293650627,0.8814639219474792,-2.03943454208374
1751989230.9623497,-0.0862654603123665,0.8812975938796996,-2.038940101623535
1751989230.9643588,-0.0861863176882267,0.8811312658119201,-2.03844566116333
1751989230.9664207,-0.08610717506408692,0.8809649377441406,-2.0379512207031247
1751989230.9684715,-0.08602803243994712,0.880798609676361,-2.0374567802429198
1751989230.9705353,-0.08594888981580734,0.8806322816085815,-2.036962339782715
1751989230.972719,-0.08586974719166757,0.8804659535408019,-2.03646789932251
1751989230.974846,-0.08579060456752777,0.8802996254730224,-2.035973458862305
1751989230.9770677,-0.085711461943388,0.8801332974052429,-2.0354790184020994
1751989230.9790332,-0.0856323193192482,0.8799669693374633,-2.0349845779418945
1751989230.9811943,-0.08555317669510841,0.8798006412696837,-2.0344901374816895
1751989230.9833817,-0.08547403407096864,0.8796343132019043,-2.033995697021484
1751989230.9854383,-0.08539489144682884,0.8794679851341247,-2.033501256561279
1751989230.9874983,-0.08531574882268907,0.8793016570663452,-2.033006816101074
1751989230.9896855,-0.08523660619854927,0.8791353289985657,-2.032512375640869
1751989230.9918988,-0.08515746357440948,0.8789690009307861,-2.032017935180664
1751989230.9940531,-0.08507832095026971,0.8788026728630066,-2.0315234947204592
1751989230.9961426,-0.08499917832612991,0.878636344795227,-2.031029054260254
1751989230.998294,-0.08492003570199014,0.8784700167274475,-2.030534613800049
1751989231.0004008,-0.08484089307785034,0.878303688659668,-2.0300401733398434
1751989231.002467,-0.08476175045371055,0.8781373605918884,-2.0295457328796385
1751989231.004517,-0.08468260782957078,0.8779710325241088,-2.0290512924194335
1751989231.0066857,-0.08460346520543098,0.8778047044563293,-2.0285568519592285
1751989231.008847,-0.08452432258129121,0.8776383763885498,-2.0280624114990236
1751989231.0109375,-0.08444517995715141,0.8774720483207702,-2.0275679710388186
1751989231.012971,-0.08436603733301162,0.8773057202529907,-2.0270735305786136
1751989231.0150666,-0.08428689470887185,0.8771393921852111,-2.0265790901184086
1751989231.0171545,-0.08420775208473205,0.8769730641174316,-2.0260846496582032
1751989231.019349,-0.08412860946059228,0.8768067360496521,-2.0255902091979983
1751989231.0213704,-0.08404946683645248,0.8766404079818725,-2.025095768737793
1751989231.0234282,-0.0839703242123127,0.8764740799140931,-2.024601328277588
1751989231.0255315,-0.08389118158817292,0.8763077518463135,-2.024106887817383
1751989231.0276809,-0.08381203896403312,0.8761414237785339,-2.023612447357178
1751989231.0297623,-0.08373289633989335,0.8759750957107544,-2.023118006896973
1751989231.0318305,-0.08365375371575355,0.8758087676429749,-2.0226235664367676
1751989231.0340233,-0.08357461109161377,0.8756424395751953,-2.0221291259765626
1751989231.0362306,-0.083495468467474,0.8754761115074158,-2.0216346855163576
1751989231.038368,-0.0834163258433342,0.8753097834396362,-2.021140245056152
1751989231.040429,-0.08333718321919442,0.8751434553718567,-2.0206458045959472
1751989231.042575,-0.08325804059505462,0.8749771273040772,-2.0201513641357423
1751989231.044636,-0.08317889797091484,0.8748107992362976,-2.0196569236755373
1751989231.046665,-0.08309975534677506,0.8746444711685181,-2.0191624832153323
1751989231.0487597,-0.08302061272263526,0.8744781431007385,-2.018668042755127
1751989231.0508003,-0.08294147009849549,0.874311815032959,-2.018173602294922
1751989231.052992,-0.0828623274743557,0.8741454869651795,-2.0176791618347165
1751989231.0551999,-0.08278318485021591,0.8739791588973999,-2.0171847213745115
1751989231.0573318,-0.08270404222607614,0.8738128308296204,-2.0166902809143066
1751989231.0594308,-0.08262489960193634,0.8736465027618407,-2.0161958404541016
1751989231.0615466,-0.08254575697779656,0.8734801746940613,-2.0157013999938966
1751989231.0634882,-0.08246661435365676,0.8733138466262818,-2.0152069595336912
1751989231.065542,-0.08238747172951698,0.8731475185585023,-2.0147125190734863
1751989231.0677302,-0.0823083291053772,0.8729811904907226,-2.0142180786132813
1751989231.0699205,-0.0822291864812374,0.872814862422943,-2.013723638153076
1751989231.0721276,-0.08215004385709763,0.8726485343551635,-2.013229197692871
1751989231.0742164,-0.08207090123295784,0.872482206287384,-2.012734757232666
1751989231.0763683,-0.08199175860881805,0.8723158782196045,-2.012240316772461
1751989231.078397,-0.08191261598467828,0.8721495501518249,-2.011745876312256
1751989231.0804157,-0.08183347336053848,0.8719832220840453,-2.0112514358520506
1751989231.082471,-0.0817543307363987,0.8718168940162658,-2.0107569953918456
1751989231.0845163,-0.0816751881122589,0.8716505659484863,-2.01026255493164
1751989231.0865874,-0.08159604548811912,0.8714842378807067,-2.009768114471435
1751989231.0887568,-0.08151690286397935,0.8713179098129272,-2.0092736740112302
1751989231.090848,-0.08143776023983955,0.8711515817451476,-2.0087792335510253
1751989231.0931516,-0.08135861761569976,0.8709852536773681,-2.0082847930908203
1751989231.095219,-0.08127947499155999,0.8708189256095886,-2.0077903526306153
1751989231.097257,-0.08120033236742019,0.8706525975418091,-2.0072959121704104
1751989231.0993834,-0.08112118974328042,0.8704862694740296,-2.0068014717102054
1751989231.101417,-0.08104204711914062,0.8703199414062499,-2.00630703125
1751989231.1034777,-0.08096290449500083,0.8701536133384704,-2.005812590789795
1751989231.1055396,-0.08088376187086106,0.8699872852706909,-2.00531815032959
1751989231.107601,-0.08080461924672126,0.8698209572029114,-2.0048237098693846
1751989231.109761,-0.08072547662258149,0.8696546291351318,-2.0043292694091797
1751989231.1118634,-0.08064633399844169,0.8694883010673522,-2.0038348289489747
1751989231.1139083,-0.0805671913743019,0.8693219729995727,-2.0033403884887697
1751989231.1160681,-0.08048804875016213,0.8691556449317932,-2.0028459480285647
1751989231.1182172,-0.08040890612602233,0.8689893168640137,-2.0023515075683593
1751989231.1202512,-0.08032976350188256,0.8688229887962341,-2.0018570671081544
1751989231.122292,-0.08025062087774276,0.8686566607284545,-2.001362626647949
1751989231.1243825,-0.08017147825360298,0.868490332660675,-2.000868186187744
1751989231.1265004,-0.0800923356294632,0.8683240045928955,-2.000373745727539
1751989231.128669,-0.0800131930053234,0.868157676525116,-1.9998793052673338
1751989231.1305683,-0.07993405038118363,0.8679913484573364,-1.9993848648071288
1751989231.1326177,-0.07985490775704383,0.8678250203895568,-1.9988904243469239
1751989231.1346943,-0.07977576513290405,0.8676586923217773,-1.9983959838867187
1751989231.1367812,-0.07969662250876428,0.8674923642539978,-1.9979015434265137
1751989231.1388416,-0.07961747988462448,0.8673260361862183,-1.9974071029663085
1751989231.140936,-0.0795383372604847,0.8671597081184388,-1.9969126625061036
1751989231.1431453,-0.0794591946363449,0.8669933800506592,-1.9964182220458984
1751989231.1452346,-0.07938005201220512,0.8668270519828796,-1.9959237815856934
1751989231.1473205,-0.07930090938806535,0.8666607239151001,-1.9954293411254884
1751989231.1493936,-0.07922176676392555,0.8664943958473206,-1.9949349006652832
1751989231.1514182,-0.07914262413978577,0.8663280677795411,-1.994440460205078
1751989231.1534774,-0.07906348151564598,0.8661617397117614,-1.993946019744873
1751989231.1555398,-0.07898433889150619,0.8659954116439819,-1.9934515792846679
1751989231.1575909,-0.07890519626736642,0.8658290835762024,-1.992957138824463
1751989231.1598682,-0.07882605364322662,0.8656627555084229,-1.992462698364258
1751989231.1619086,-0.07874691101908685,0.8654964274406433,-1.9919682579040527
1751989231.1639094,-0.07866776839494705,0.8653300993728636,-1.9914738174438478
1751989231.166073,-0.07858862577080726,0.8651637713050842,-1.9909793769836424
1751989231.168225,-0.07850948314666749,0.8649974432373047,-1.9904849365234374
1751989231.1703784,-0.07843034052252769,0.8648311151695252,-1.9899904960632324
1751989231.172419,-0.07835119789838792,0.8646647871017457,-1.9894960556030272
1751989231.1744926,-0.07827205527424812,0.864498459033966,-1.9890016151428223
1751989231.1767125,-0.07819291265010833,0.8643321309661864,-1.9885071746826173
1751989231.1786757,-0.07811377002596856,0.8641658028984069,-1.988012734222412
1751989231.18068,-0.07803462740182876,0.8639994748306274,-1.9875182937622071
1751989231.1827374,-0.07795548477768899,0.863833146762848,-1.987023853302002
1751989231.1847782,-0.07787634215354919,0.8636668186950683,-1.9865294128417967
1751989231.1868353,-0.0777971995294094,0.8635004906272887,-1.9860349723815918
1751989231.188995,-0.07771805690526963,0.8633341625595092,-1.9855405319213868
1751989231.1911652,-0.07763891428112983,0.8631678344917297,-1.9850460914611816
1751989231.1933618,-0.07755977165699006,0.8630015064239502,-1.9845516510009766
1751989231.1954646,-0.07748062903285026,0.8628351783561706,-1.9840572105407714
1751989231.197417,-0.07740148640871047,0.862668850288391,-1.9835627700805665
1751989231.1994753,-0.0773223437845707,0.8625025222206115,-1.9830683296203613
1751989231.2022262,-0.0772432011604309,0.862336194152832,-1.9825738891601563
1751989231.206353,-0.07716405853629113,0.8621698660850525,-1.9820794486999513
1751989231.2107613,-0.07708491591215133,0.8620035380172728,-1.9815850082397461
1751989231.213829,-0.07700577328801154,0.8618372099494933,-1.9810905677795412
1751989231.2164848,-0.07692663066387177,0.8616708818817138,-1.9805961273193358
1751989231.218496,-0.07684748803973197,0.8615045538139343,-1.9801016868591308
1751989231.2204957,-0.0767683454155922,0.8613382257461548,-1.9796072463989258
1751989231.2225158,-0.0766892027914524,0.8611718976783752,-1.9791128059387206
1751989231.2245317,-0.07661006016731262,0.8610055696105957,-1.9786183654785157
1751989231.2266028,-0.07653091754317284,0.8608392415428161,-1.9781239250183107
1751989231.2287176,-0.07645177491903304,0.8606729134750366,-1.9776294845581055
1751989231.2306845,-0.07637263229489327,0.8605065854072571,-1.9771350440979005
1751989231.2327232,-0.07629348967075349,0.8603402573394776,-1.9766406036376953
1751989231.2347848,-0.07621434704661369,0.8601739292716979,-1.9761461631774901
1751989231.236891,-0.07613520442247391,0.8600076012039184,-1.9756517227172852
1751989231.2390034,-0.07605606179833412,0.8598412731361389,-1.97515728225708
1751989231.2411304,-0.07597691917419434,0.8596749450683594,-1.974662841796875
1751989231.2433355,-0.07589777655005456,0.8595086170005798,-1.9741684013366698
1751989231.2454438,-0.07581863392591476,0.8593422889328002,-1.9736739608764649
1751989231.247317,-0.07573949130177499,0.8591759608650207,-1.9731795204162599
1751989231.2493656,-0.07566034867763519,0.8590096327972412,-1.9726850799560547
1751989231.251396,-0.07558120605349541,0.8588433047294617,-1.9721906394958497
1751989231.253455,-0.07550206342935563,0.8586769766616822,-1.9716961990356447
1751989231.255512,-0.07542292080521583,0.8585106485939026,-1.9712017585754396
1751989231.2576072,-0.07534377818107606,0.858344320526123,-1.9707073181152346
1751989231.2599137,-0.07526463555693626,0.8581779924583435,-1.9702128776550292
1751989231.2619226,-0.07518549293279649,0.858011664390564,-1.9697184371948242
1751989231.2639961,-0.0751063503086567,0.8578453363227845,-1.9692239967346192
1751989231.2662008,-0.0750272076845169,0.8576790082550049,-1.968729556274414
1751989231.2683651,-0.07494806506037713,0.8575126801872253,-1.968235115814209
1751989231.2704258,-0.07486892243623733,0.8573463521194458,-1.9677406753540039
1751989231.2724764,-0.07478977981209756,0.8571800240516663,-1.967246234893799
1751989231.274677,-0.07471063718795777,0.8570136959838868,-1.966751794433594
1751989231.276953,-0.07463149456381797,0.8568473679161072,-1.9662573539733885
1751989231.2788942,-0.0745523519396782,0.8566810398483276,-1.9657629135131836
1751989231.2810643,-0.0744732093155384,0.856514711780548,-1.9652684730529784
1751989231.2832665,-0.07439406669139863,0.8563483837127686,-1.9647740325927734
1751989231.2853248,-0.07431492406725884,0.8561820556449891,-1.9642795921325684
1751989231.2873573,-0.07423578144311904,0.8560157275772093,-1.9637851516723632
1751989231.2894166,-0.07415663881897927,0.85584939950943,-1.9632907112121583
1751989231.291553,-0.07407749619483947,0.8556830714416503,-1.962796270751953
1751989231.293762,-0.07399835357069968,0.8555167433738708,-1.962301830291748
1751989231.295673,-0.07391921094655991,0.8553504153060913,-1.9618073898315431
1751989231.2976918,-0.07384006832242011,0.8551840872383117,-1.961312949371338
1751989231.2997682,-0.07376092569828034,0.8550177591705321,-1.960818508911133
1751989231.301857,-0.07368178307414054,0.8548514311027526,-1.9603240684509275
1751989231.3039145,-0.07360264045000076,0.8546851030349731,-1.9598296279907226
1751989231.305969,-0.07352349782586098,0.8545187749671936,-1.9593351875305176
1751989231.3081403,-0.07344435520172118,0.854352446899414,-1.9588407470703124
1751989231.3103137,-0.07336521257758141,0.8541861188316344,-1.9583463066101074
1751989231.3124864,-0.07328606995344161,0.8540197907638549,-1.9578518661499023
1751989231.3144298,-0.07320692732930183,0.8538534626960754,-1.9573574256896973
1751989231.3164306,-0.07312778470516205,0.8536871346282959,-1.9568629852294923
1751989231.318495,-0.07304864208102226,0.8535208065605163,-1.956368544769287
1751989231.3205457,-0.07296949945688248,0.8533544784927367,-1.955874104309082
1751989231.322666,-0.07289035683274268,0.8531881504249572,-1.9553796638488767
1751989231.3248954,-0.0728112142086029,0.8530218223571777,-1.9548852233886718
1751989231.327126,-0.07273207158446313,0.8528554942893982,-1.9543907829284668
1751989231.3291054,-0.07265292896032333,0.8526891662216186,-1.9538963424682616
1751989231.3312516,-0.07257378633618355,0.8525228381538391,-1.9534019020080566
1751989231.3333793,-0.07249464371204375,0.8523565100860595,-1.9529074615478517
1751989231.3354383,-0.07241550108790397,0.85219018201828,-1.9524130210876465
1751989231.3374968,-0.0723363584637642,0.8520238539505005,-1.9519185806274415
1751989231.3395567,-0.0722572158396244,0.8518575258827209,-1.9514241401672363
1751989231.3417752,-0.07217807321548463,0.8516911978149414,-1.9509296997070313
1751989231.3438413,-0.07209893059134483,0.8515248697471618,-1.950435259246826
1751989231.3459864,-0.07201978796720504,0.8513585416793823,-1.949940818786621
1751989231.3480659,-0.07194064534306527,0.8511922136116028,-1.949446378326416
1751989231.350267,-0.07186150271892547,0.8510258855438232,-1.948951937866211
1751989231.3523753,-0.0717823600947857,0.8508595574760436,-1.9484574974060058
1751989231.3544424,-0.07170321747064591,0.8506932294082641,-1.9479630569458009
1751989231.3564935,-0.07162407484650611,0.8505269013404846,-1.9474686164855957
1751989231.35871,-0.07154493222236634,0.8503605732727051,-1.9469741760253907
1751989231.3610375,-0.07146578959822654,0.8501942452049255,-1.9464797355651855
1751989231.362936,-0.07138664697408677,0.850027917137146,-1.9459852951049805
1751989231.3650157,-0.07130750434994698,0.8498615890693665,-1.9454908546447753
1751989231.3672345,-0.07122836172580718,0.8496952610015869,-1.9449964141845704
1751989231.3693817,-0.07114921910166741,0.8495289329338074,-1.9445019737243652
1751989231.3714213,-0.07107007647752761,0.8493626048660279,-1.94400753326416
1751989231.3734808,-0.07099093385338784,0.8491962767982483,-1.943513092803955
1751989231.3756046,-0.07091179122924805,0.8490299487304687,-1.94301865234375
1751989231.3777158,-0.07083264860510825,0.8488636206626892,-1.942524211883545
1751989231.379822,-0.07075350598096848,0.8486972925949097,-1.94202977142334
1751989231.3819873,-0.07067436335682868,0.8485309645271301,-1.9415353309631347
1751989231.3841412,-0.07059522073268891,0.8483646364593506,-1.9410408905029297
1751989231.3862715,-0.07051607810854912,0.848198308391571,-1.9405464500427247
1751989231.388421,-0.07043693548440932,0.8480319803237915,-1.9400520095825193
1751989231.3904572,-0.07035779286026955,0.847865652256012,-1.9395575691223144
1751989231.392584,-0.07027865023612975,0.8476993241882324,-1.9390631286621094
1751989231.3946676,-0.07019950761198998,0.8475329961204529,-1.9385686882019044
1751989231.3967426,-0.0701203649878502,0.8473666680526732,-1.9380742477416992
1751989231.3988178,-0.0700412223637104,0.8472003399848937,-1.937579807281494
1751989231.400961,-0.06996207973957062,0.8470340119171142,-1.937085366821289
1751989231.4031014,-0.06988293711543082,0.8468676838493346,-1.936590926361084
1751989231.4052548,-0.06980379449129105,0.8467013557815551,-1.936096485900879
1751989231.4073513,-0.06972465186715127,0.8465350277137756,-1.935602045440674
1751989231.4095306,-0.06964550924301147,0.846368699645996,-1.9351076049804687
1751989231.411575,-0.0695663666188717,0.8462023715782165,-1.9346131645202638
1751989231.4135776,-0.0694872239947319,0.846036043510437,-1.9341187240600586
1751989231.4156344,-0.06940808137059212,0.8458697154426574,-1.9336242835998534
1751989231.4177396,-0.06932893874645234,0.8457033873748779,-1.9331298431396484
1751989231.4198809,-0.06924979612231254,0.8455370593070983,-1.9326354026794434
1751989231.4220295,-0.06917065349817277,0.8453707312393188,-1.9321409622192385
1751989231.4241188,-0.06909151087403297,0.8452044031715393,-1.931646521759033
1751989231.4263694,-0.0690123682498932,0.8450380751037597,-1.931152081298828
1751989231.4284768,-0.06893322562575341,0.8448717470359801,-1.9306576408386231
1751989231.4304912,-0.06885408300161361,0.8447054189682006,-1.930163200378418
1751989231.432544,-0.06877494037747384,0.8445390909004211,-1.9296687599182127
1751989231.4346035,-0.06869579775333404,0.8443727628326415,-1.9291743194580078
1751989231.4366674,-0.06861665512919427,0.844206434764862,-1.9286798789978028
1751989231.4387953,-0.06853751250505448,0.8440401066970825,-1.9281854385375978
1751989231.4408906,-0.06845836988091468,0.8438737786293029,-1.9276909980773926
1751989231.4432557,-0.06837922725677491,0.8437074505615234,-1.9271965576171874
1751989231.4452255,-0.06830008463263511,0.8435411224937439,-1.9267021171569825
1751989231.4472206,-0.06822094200849534,0.8433747944259644,-1.9262076766967775
1751989231.4493217,-0.06814179938435555,0.8432084663581848,-1.9257132362365723
1751989231.4513972,-0.06806265676021575,0.8430421382904052,-1.9252187957763671
1751989231.4534485,-0.06798351413607598,0.8428758102226257,-1.9247243553161621
1751989231.4555116,-0.06790437151193618,0.8427094821548462,-1.924229914855957
1751989231.4575717,-0.06782522888779641,0.8425431540870666,-1.923735474395752
1751989231.4597712,-0.06774608626365662,0.8423768260192871,-1.9232410339355468
1751989231.4618287,-0.06766694363951682,0.8422104979515075,-1.9227465934753418
1751989231.4638934,-0.06758780101537705,0.842044169883728,-1.9222521530151369
1751989231.4659693,-0.06750865839123725,0.8418778418159485,-1.9217577125549314
1751989231.4681227,-0.06742951576709748,0.8417115137481689,-1.9212632720947265
1751989231.4702768,-0.06735037314295769,0.8415451856803894,-1.9207688316345215
1751989231.4723747,-0.06727123051881789,0.8413788576126098,-1.9202743911743163
1751989231.4744563,-0.06719208789467812,0.8412125295448303,-1.9197799507141113
1751989231.4766963,-0.06711294527053832,0.8410462014770508,-1.9192855102539061
1751989231.4787092,-0.06703380264639855,0.8408798734092713,-1.9187910697937012
1751989231.4806988,-0.06695466002225876,0.8407135453414917,-1.9182966293334962
1751989231.482857,-0.06687551739811896,0.8405472172737121,-1.917802188873291
1751989231.4850018,-0.06679637477397919,0.8403808892059326,-1.917307748413086
1751989231.4871619,-0.0667172321498394,0.8402145611381531,-1.9168133079528809
1751989231.489303,-0.0666380895256996,0.8400482330703736,-1.9163188674926759
1751989231.4914393,-0.06655894690155983,0.839881905002594,-1.9158244270324707
1751989231.4936023,-0.06647980427742003,0.8397155769348144,-1.9153299865722655
1751989231.4956012,-0.06640066165328026,0.8395492488670349,-1.9148355461120605
1751989231.497594,-0.06632151902914048,0.8393829207992554,-1.9143411056518556
1751989231.49974,-0.06624237640500068,0.8392165927314759,-1.9138466651916504
1751989231.5018837,-0.0661632337808609,0.8390502646636963,-1.9133522247314454
1751989231.5040293,-0.0660840911567211,0.8388839365959166,-1.9128577842712402
1751989231.5061746,-0.06600494853258133,0.8387176085281371,-1.9123633438110352
1751989231.5082831,-0.06592580590844155,0.8385512804603577,-1.9118689033508303
1751989231.5104456,-0.06584666328430175,0.838384952392578,-1.9113744628906248
1751989231.5125768,-0.06576752066016198,0.8382186243247987,-1.9108800224304199
1751989231.5145319,-0.06568837803602218,0.8380522962570189,-1.9103855819702147
1751989231.5165882,-0.0656092354118824,0.8378859681892394,-1.9098911415100097
1751989231.5186744,-0.06553009278774262,0.8377196401214599,-1.9093967010498047
1751989231.5208197,-0.06545095016360282,0.8375533120536804,-1.9089022605895996
1751989231.522971,-0.06537180753946305,0.837386983985901,-1.9084078201293946
1751989231.525086,-0.06529266491532325,0.8372206559181212,-1.9079133796691896
1751989231.5272977,-0.06521352229118348,0.8370543278503417,-1.9074189392089844
1751989231.5293615,-0.06513437966704369,0.8368879997825622,-1.9069244987487795
1751989231.5314026,-0.06505523704290389,0.8367216717147827,-1.9064300582885743
1751989231.5334773,-0.06497609441876412,0.8365553436470031,-1.9059356178283693
1751989231.535538,-0.06489695179462432,0.8363890155792235,-1.9054411773681639
1751989231.5376008,-0.06481780917048455,0.836222687511444,-1.904946736907959
1751989231.539741,-0.06473866654634476,0.8360563594436645,-1.904452296447754
1751989231.5419066,-0.06465952392220496,0.835890031375885,-1.903957855987549
1751989231.544071,-0.06458038129806519,0.8357237033081054,-1.9034634155273438
1751989231.546148,-0.06450123867392539,0.8355573752403258,-1.9029689750671386
1751989231.548257,-0.06442209604978562,0.8353910471725463,-1.9024745346069336
1751989231.5503552,-0.06434295342564583,0.8352247191047668,-1.9019800941467286
1751989231.552444,-0.06426381080150603,0.8350583910369873,-1.9014856536865232
1751989231.554503,-0.06418466817736626,0.8348920629692078,-1.9009912132263183
1751989231.5565636,-0.06410552555322646,0.8347257349014282,-1.9004967727661133
1751989231.5586693,-0.06402638292908669,0.8345594068336486,-1.900002332305908
1751989231.5608108,-0.0639472403049469,0.8343930787658691,-1.8995078918457031
1751989231.5628805,-0.0638680976808071,0.8342267506980896,-1.899013451385498
1751989231.565019,-0.06378895505666733,0.8340604226303101,-1.898519010925293
1751989231.567174,-0.06370981243252753,0.8338940945625305,-1.898024570465088
1751989231.5693257,-0.06363066980838776,0.8337277664947509,-1.897530130004883
1751989231.571412,-0.06355152718424797,0.8335614384269714,-1.8970356895446778
1751989231.5734422,-0.06347238456010817,0.8333951103591919,-1.8965412490844726
1751989231.5756316,-0.0633932419359684,0.8332287822914124,-1.8960468086242677
1751989231.5776398,-0.0633140993118286,0.8330624542236327,-1.8955523681640623
1751989231.579724,-0.06323495668768883,0.8328961261558532,-1.8950579277038573
1751989231.5818377,-0.06315581406354905,0.8327297980880737,-1.8945634872436523
1751989231.5839908,-0.06307667143940925,0.8325634700202942,-1.8940690467834473
1751989231.5861344,-0.06299752881526947,0.8323971419525146,-1.8935746063232424
1751989231.588288,-0.06291838619112967,0.832230813884735,-1.893080165863037
1751989231.590383,-0.0628392435669899,0.8320644858169556,-1.892585725402832
1751989231.59249,-0.06276010094285012,0.831898157749176,-1.892091284942627
1751989231.5946662,-0.06268095831871032,0.8317318296813965,-1.8915968444824216
1751989231.5966153,-0.06260181569457055,0.831565501613617,-1.8911024040222166
1751989231.5986807,-0.06252267307043075,0.8313991735458374,-1.8906079635620117
1751989231.600832,-0.06244353044629097,0.8312328454780578,-1.8901135231018067
1751989231.602977,-0.06236438782215119,0.8310665174102783,-1.8896190826416015
1751989231.6051266,-0.062285245198011395,0.8309001893424988,-1.8891246421813963
1751989231.607283,-0.062206102573871616,0.8307338612747193,-1.8886302017211913
1751989231.6096241,-0.062126959949731816,0.8305675332069397,-1.8881357612609864
1751989231.6115332,-0.06204781732559204,0.83040120513916,-1.8876413208007814
1751989231.6135216,-0.06196867470145226,0.8302348770713806,-1.8871468803405764
1751989231.6155796,-0.061889532077312466,0.830068549003601,-1.886652439880371
1751989231.6177218,-0.06181038945317269,0.8299022209358216,-1.886157999420166
1751989231.6198678,-0.06173124682903291,0.829735892868042,-1.885663558959961
1751989231.6220133,-0.06165210420489311,0.8295695648002623,-1.8851691184997557
1751989231.624102,-0.06157296158075333,0.8294032367324828,-1.8846746780395507
1751989231.6262832,-0.06149381895661354,0.8292369086647033,-1.8841802375793457
1751989231.6284828,-0.06141467633247376,0.8290705805969238,-1.8836857971191407
1751989231.630451,-0.06133553370833398,0.8289042525291443,-1.8831913566589358
1751989231.6324515,-0.06125639108419418,0.8287379244613647,-1.8826969161987304
1751989231.6345093,-0.0611772484600544,0.8285715963935851,-1.8822024757385254
1751989231.6365707,-0.0610981058359146,0.8284052683258056,-1.8817080352783202
1751989231.63867,-0.06101896321177483,0.8282389402580261,-1.881213594818115
1751989231.6407645,-0.06093982058763505,0.8280726121902466,-1.88071915435791
1751989231.6429453,-0.06086067796349525,0.827906284122467,-1.880224713897705
1751989231.6450596,-0.06078153533935547,0.8277399560546874,-1.8797302734375
1751989231.6470928,-0.06070239271521567,0.8275736279869079,-1.879235832977295
1751989231.6491883,-0.0606232500910759,0.8274072999191284,-1.8787413925170897
1751989231.6513333,-0.06054410746693612,0.8272409718513489,-1.8782469520568847
1751989231.6534324,-0.06046496484279632,0.8270746437835692,-1.8777525115966798
1751989231.655467,-0.06038582221865654,0.8269083157157897,-1.8772580711364748
1751989231.6575296,-0.06030667959451674,0.8267419876480102,-1.8767636306762696
1751989231.6596842,-0.06022753697037697,0.8265756595802307,-1.8762691902160644
1751989231.6617715,-0.06014839434623719,0.8264093315124512,-1.8757747497558594
1751989231.6638381,-0.06006925172209739,0.8262430034446715,-1.8752803092956543
1751989231.6659746,-0.059990109097957614,0.8260766753768921,-1.874785868835449
1751989231.6681156,-0.059910966473817814,0.8259103473091125,-1.874291428375244
1751989231.6702693,-0.05983182384967804,0.825744019241333,-1.8737969879150391
1751989231.6723835,-0.059752681225538264,0.8255776911735535,-1.8733025474548342
1751989231.6744633,-0.059673538601398464,0.8254113631057739,-1.872808106994629
1751989231.676642,-0.059594395977258685,0.8252450350379943,-1.8723136665344238
1751989231.6787086,-0.059515253353118885,0.8250787069702148,-1.8718192260742186
1751989231.6807582,-0.059436110728979114,0.8249123789024353,-1.8713247856140136
1751989231.6829064,-0.059356968104839335,0.8247460508346558,-1.8708303451538084
1751989231.6850522,-0.059277825480699535,0.8245797227668762,-1.8703359046936034
1751989231.6872034,-0.059198682856559756,0.8244133946990966,-1.8698414642333985
1751989231.6893477,-0.059119540232419956,0.8242470666313171,-1.8693470237731933
1751989231.6914425,-0.059040397608280185,0.8240807385635376,-1.8688525833129883
1751989231.6935463,-0.058961254984140406,0.8239144104957581,-1.8683581428527831
1751989231.6956937,-0.058882112360000606,0.8237480824279785,-1.8678637023925782
1751989231.6976092,-0.05880296973586083,0.8235817543601989,-1.8673692619323732
1751989231.699754,-0.05872382711172103,0.8234154262924194,-1.866874821472168
1751989231.701902,-0.058644684487581256,0.8232490982246399,-1.866380381011963
1751989231.7040465,-0.05856554186344148,0.8230827701568604,-1.8658859405517578
1751989231.7061994,-0.05848639923930168,0.8229164420890808,-1.8653915000915526
1751989231.708354,-0.0584072566151619,0.8227501140213013,-1.8648970596313477
1751989231.7105432,-0.0583281139910221,0.8225837859535217,-1.8644026191711425
1751989231.7125194,-0.05824897136688233,0.8224174578857422,-1.8639081787109375
1751989231.71453,-0.05816982874274255,0.8222511298179627,-1.8634137382507325
1751989231.7165906,-0.05809068611860275,0.8220848017501831,-1.8629192977905273
1751989231.718678,-0.05801154349446297,0.8219184736824036,-1.8624248573303224
1751989231.720819,-0.05793240087032317,0.821752145614624,-1.8619304168701172
1751989231.7229645,-0.05785325824618339,0.8215858175468445,-1.861435976409912
1751989231.7251208,-0.05777411562204362,0.821419489479065,-1.860941535949707
1751989231.7273657,-0.05769497299790382,0.8212531614112853,-1.8604470954895018
1751989231.7293932,-0.05761583037376404,0.8210868333435057,-1.8599526550292969
1751989231.7314365,-0.05753668774962424,0.8209205052757262,-1.8594582145690919
1751989231.7334704,-0.05745754512548446,0.8207541772079467,-1.8589637741088867
1751989231.7355297,-0.05737840250134469,0.8205878491401672,-1.8584693336486817
1751989231.7375932,-0.05729925987720489,0.8204215210723876,-1.8579748931884765
1751989231.739708,-0.05722011725306511,0.8202551930046081,-1.8574804527282716
1751989231.7418709,-0.05714097462892531,0.8200888649368285,-1.8569860122680666
1751989231.743997,-0.05706183200478553,0.819922536869049,-1.8564915718078614
1751989231.7460709,-0.05698268938064576,0.8197562088012695,-1.8559971313476564
1751989231.7481923,-0.05690354675650596,0.81958988073349,-1.8555026908874512
1751989231.7503467,-0.05682440413236618,0.8194235526657104,-1.855008250427246
1751989231.7524478,-0.056745261508226404,0.8192572245979308,-1.854513809967041
1751989231.7544603,-0.056666118884086604,0.8190908965301513,-1.8540193695068359
1751989231.7565181,-0.05658697625994683,0.8189245684623718,-1.853524929046631
1751989231.7586248,-0.05650783363580703,0.8187582403945922,-1.853030488586426
1751989231.7607522,-0.056428691011667254,0.8185919123268126,-1.8525360481262207
1751989231.7628043,-0.056349548387527475,0.8184255842590332,-1.8520416076660158
1751989231.7649503,-0.056270405763387675,0.8182592561912536,-1.8515471672058106
1751989231.7670968,-0.0561912631392479,0.8180929281234741,-1.8510527267456054
1751989231.7692513,-0.0561121205151081,0.8179266000556946,-1.8505582862854002
1751989231.7713838,-0.056032977890968325,0.817760271987915,-1.8500638458251952
1751989231.7734444,-0.055953835266828546,0.8175939439201355,-1.8495694053649903
1751989231.7755377,-0.055874692642688746,0.8174276158523559,-1.8490749649047853
1751989231.777762,-0.055795550018548974,0.8172612877845764,-1.84858052444458
1751989231.7797475,-0.055716407394409175,0.8170949597167968,-1.848086083984375
1751989231.7818086,-0.055637264770269396,0.8169286316490173,-1.84759164352417
1751989231.7839644,-0.05555812214612962,0.8167623035812377,-1.847097203063965
1751989231.7861102,-0.05547897952198982,0.8165959755134582,-1.84660276260376
1751989231.7882125,-0.055399836897850045,0.8164296474456787,-1.8461083221435548
1751989231.7903562,-0.055320694273710246,0.8162633193778991,-1.8456138816833496
1751989231.792542,-0.05524155164957047,0.8160969913101197,-1.8451194412231446
1751989231.7945945,-0.05516240902543069,0.8159306632423401,-1.8446250007629394
1751989231.796621,-0.05508326640129089,0.8157643351745605,-1.8441305603027343
1751989231.7986927,-0.05500412377715111,0.815598007106781,-1.8436361198425293
1751989231.8008404,-0.05492498115301132,0.8154316790390015,-1.8431416793823243
1751989231.8029737,-0.05484583852887154,0.8152653509712219,-1.8426472389221193
1751989231.8051193,-0.05476669590473176,0.8150990229034423,-1.8421527984619142
1751989231.807271,-0.05468755328059196,0.8149326948356628,-1.841658358001709
1751989231.8094585,-0.05460841065645218,0.8147663667678833,-1.8411639175415038
1751989231.8115172,-0.05452926803231239,0.8146000387001037,-1.8406694770812986
1751989231.813522,-0.05445012540817261,0.8144337106323241,-1.8401750366210936
1751989231.8155768,-0.05437098278403283,0.8142673825645448,-1.8396805961608886
1751989231.8177183,-0.05429184015989303,0.8141010544967652,-1.8391861557006837
1751989231.8198636,-0.05421269753575325,0.8139347264289856,-1.8386917152404787
1751989231.8220098,-0.05413355491161346,0.8137683983612061,-1.8381972747802733
1751989231.8241026,-0.05405441228747368,0.8136020702934266,-1.8377028343200683
1751989231.826481,-0.0539752696633339,0.813435742225647,-1.8372083938598633
1751989231.8284233,-0.0538961270391941,0.8132694141578674,-1.8367139533996584
1751989231.8304145,-0.05381698441505432,0.8131030860900879,-1.8362195129394534
1751989231.8324573,-0.05373784179091452,0.8129367580223084,-1.835725072479248
1751989231.8345184,-0.05365869916677475,0.8127704299545288,-1.835230632019043
1751989231.836578,-0.05357955654263497,0.8126041018867491,-1.834736191558838
1751989231.8386707,-0.05350041391849517,0.8124377738189696,-1.8342417510986326
1751989231.8407729,-0.053421271294355394,0.8122714457511901,-1.8337473106384277
1751989231.842961,-0.053342128670215594,0.8121051176834105,-1.8332528701782227
1751989231.8450525,-0.05326298604607582,0.8119387896156312,-1.8327584297180177
1751989231.8471115,-0.05318384342193604,0.8117724615478515,-1.8322639892578128
1751989231.8492477,-0.053104700797796243,0.8116061334800719,-1.8317695487976073
1751989231.8513875,-0.053025558173656465,0.8114398054122924,-1.8312751083374024
1751989231.853451,-0.052946415549516665,0.8112734773445129,-1.8307806678771972
1751989231.855514,-0.05286727292537689,0.8111071492767334,-1.830286227416992
1751989231.8575752,-0.052788130301237114,0.8109408212089538,-1.829791786956787
1751989231.8596783,-0.052708987677097315,0.8107744931411742,-1.829297346496582
1751989231.8618417,-0.052629845052957536,0.8106081650733947,-1.828802906036377
1751989231.8639104,-0.052550702428817736,0.8104418370056152,-1.8283084655761719
1751989231.8660166,-0.052471559804677964,0.8102755089378356,-1.8278140251159667
1751989231.8681555,-0.052392417180538185,0.8101091808700562,-1.8273195846557617
1751989231.870311,-0.052313274556398386,0.8099428528022766,-1.8268251441955567
1751989231.8723998,-0.05223413193225861,0.809776524734497,-1.8263307037353518
1751989231.8744566,-0.05215498930811881,0.8096101966667175,-1.8258362632751464
1751989231.8765876,-0.052075846683979035,0.809443868598938,-1.8253418228149414
1751989231.8786948,-0.051996704059839256,0.8092775405311584,-1.8248473823547364
1751989231.8806484,-0.05191756143569946,0.8091112124633788,-1.8243529418945312
1751989231.8827987,-0.05183841881155968,0.8089448843955993,-1.823858501434326
1751989231.884941,-0.0517592761874199,0.8087785563278198,-1.823364060974121
1751989231.8870893,-0.051680133563280106,0.8086122282600402,-1.822869620513916
1751989231.88923,-0.05160099093914033,0.8084459001922607,-1.8223751800537111
1751989231.8913858,-0.05152184831500053,0.8082795721244811,-1.8218807395935057
1751989231.893571,-0.05144270569086075,0.8081132440567017,-1.8213862991333007
1751989231.8956826,-0.05136356306672097,0.8079469159889221,-1.8208918586730958
1751989231.8976014,-0.05128442044258118,0.8077805879211426,-1.8203974182128906
1751989231.899747,-0.0512052778184414,0.8076142598533631,-1.8199029777526854
1751989231.9018896,-0.0511261351943016,0.8074479317855835,-1.8194085372924804
1751989231.9040349,-0.05104699257016182,0.8072816037178039,-1.8189140968322755
1751989231.906192,-0.05096784994602204,0.8071152756500244,-1.8184196563720705
1751989231.9083335,-0.05088870732188224,0.8069489475822449,-1.8179252159118653
1751989231.9106174,-0.05080956469774247,0.8067826195144653,-1.81743077545166
1751989231.912496,-0.05073042207360267,0.8066162914466857,-1.8169363349914551
1751989231.9145222,-0.05065127944946289,0.8064499633789062,-1.8164418945312502
1751989231.9165792,-0.05057213682532311,0.8062836353111267,-1.8159474540710452
1751989231.9186716,-0.05049299420118331,0.8061173072433471,-1.8154530136108398
1751989231.9208193,-0.05041385157704354,0.8059509791755677,-1.8149585731506348
1751989231.9229665,-0.05033470895290374,0.8057846511077881,-1.8144641326904296
1751989231.9250927,-0.05025556632876396,0.8056183230400085,-1.8139696922302246
1751989231.9273422,-0.05017642370462418,0.805451994972229,-1.8134752517700194
1751989231.929358,-0.050097281080484383,0.8052856669044495,-1.8129808113098145
1751989231.9314146,-0.05001813845634461,0.80511933883667,-1.8124863708496095
1751989231.933444,-0.04993899583220481,0.8049530107688904,-1.811991930389404
1751989231.9355063,-0.04985985320806503,0.8047866827011108,-1.8114974899291991
1751989231.9375665,-0.049780710583925254,0.8046203546333313,-1.8110030494689942
1751989231.939706,-0.049701567959785455,0.8044540265655518,-1.810508609008789
1751989231.941829,-0.04962242533564568,0.8042876984977722,-1.810014168548584
1751989231.9439626,-0.04954328271150588,0.8041213704299925,-1.8095197280883788
1751989231.9460893,-0.049464140087366104,0.803955042362213,-1.8090252876281738
1751989231.948151,-0.049384997463226325,0.8037887142944335,-1.8085308471679689
1751989231.950205,-0.049305854839086526,0.803622386226654,-1.8080364067077637
1751989231.952346,-0.049226712214946754,0.8034560581588746,-1.8075419662475587
1751989231.9544387,-0.049147569590806954,0.803289730091095,-1.8070475257873535
1751989231.9564977,-0.049068426966667175,0.8031234020233153,-1.8065530853271485
1751989231.9585972,-0.048989284342527396,0.8029570739555358,-1.8060586448669436
1751989231.9607646,-0.0489101417183876,0.8027907458877563,-1.8055642044067381
1751989231.9627502,-0.048830999094247825,0.8026244178199767,-1.8050697639465332
1751989231.96487,-0.048751856470108025,0.8024580897521971,-1.8045753234863282
1751989231.9670174,-0.048672713845968246,0.8022917616844176,-1.804080883026123
1751989231.9691677,-0.04859357122182847,0.8021254336166381,-1.803586442565918
1751989231.9713178,-0.04851442859768867,0.8019591055488586,-1.8030920021057129
1751989231.9734046,-0.048435285973548896,0.8017927774810791,-1.8025975616455079
1751989231.9754937,-0.048356143349409096,0.8016264494132994,-1.8021031211853025
1751989231.9775944,-0.04827700072526932,0.80146012134552,-1.8016086807250975
1751989231.979595,-0.04819785810112954,0.8012937932777404,-1.8011142402648925
1751989231.9816415,-0.04811871547698974,0.8011274652099609,-1.8006197998046876
1751989231.983794,-0.04803957285284997,0.8009611371421814,-1.8001253593444824
1751989231.9859455,-0.04796043022871017,0.8007948090744018,-1.7996309188842772
1751989231.9880886,-0.04788128760457039,0.8006284810066222,-1.7991364784240722
1751989231.9902418,-0.04780214498043061,0.8004621529388427,-1.7986420379638672
1751989231.992384,-0.04772300235629081,0.8002958248710632,-1.7981475975036623
1751989231.994519,-0.04764385973215103,0.8001294968032836,-1.797653157043457
1751989231.996489,-0.04756471710801124,0.799963168735504,-1.7971587165832519
1751989231.9985259,-0.04748557448387146,0.7997968406677245,-1.796664276123047
1751989232.000587,-0.04740643185973168,0.7996305125999451,-1.796169835662842
1751989232.002674,-0.04732728923559188,0.7994641845321655,-1.7956753952026365
1751989232.0048144,-0.0472481466114521,0.799297856464386,-1.7951809547424316
1751989232.0069597,-0.04716900398731231,0.7991315283966065,-1.7946865142822266
1751989232.009127,-0.04708986136317253,0.7989652003288269,-1.7941920738220216
1751989232.0112257,-0.04701071873903275,0.7987988722610473,-1.7936976333618164
1751989232.0132084,-0.04693157611489295,0.7986325441932678,-1.7932031929016112
1751989232.015376,-0.04685243349075317,0.7984662161254883,-1.7927087524414063
1751989232.01746,-0.0467732908666134,0.7982998880577087,-1.7922143119812013
1751989232.0195098,-0.0466941482424736,0.7981335599899291,-1.7917198715209959
1751989232.0215654,-0.04661500561833382,0.7979672319221496,-1.791225431060791
1751989232.023626,-0.04653586299419402,0.7978009038543701,-1.790730990600586
1751989232.0258238,-0.046456720370054244,0.7976345757865906,-1.790236550140381
1751989232.0278919,-0.04637757774591447,0.7974682477188111,-1.7897421096801758
1751989232.029992,-0.04629843512177467,0.7973019196510315,-1.7892476692199706
1751989232.0321186,-0.046219292497634894,0.7971355915832519,-1.7887532287597656
1751989232.034274,-0.046140149873495094,0.7969692635154724,-1.7882587882995606
1751989232.0363927,-0.046061007249355315,0.7968029354476929,-1.7877643478393557
1751989232.0384567,-0.04598186462521554,0.7966366073799134,-1.7872699073791505
1751989232.0405197,-0.045902722001075744,0.7964702793121337,-1.7867754669189453
1751989232.0428696,-0.045823579376935965,0.7963039512443542,-1.7862810264587403
1751989232.0447679,-0.045744436752796165,0.7961376231765747,-1.785786585998535
1751989232.0468786,-0.045665294128656386,0.7959712951087952,-1.78529214553833
1751989232.0489078,-0.045586151504516614,0.7958049670410157,-1.784797705078125
1751989232.0510075,-0.045507008880376815,0.795638638973236,-1.78430326461792
1751989232.0531473,-0.045427866256237036,0.7954723109054566,-1.783808824157715
1751989232.055303,-0.045348723632097236,0.795305982837677,-1.7833143836975096
1751989232.0573995,-0.04526958100795746,0.7951396547698975,-1.7828199432373046
1751989232.059542,-0.045190438383817685,0.794973326702118,-1.7823255027770997
1751989232.0615947,-0.045111295759677886,0.7948069986343383,-1.7818310623168943
1751989232.0636022,-0.04503215313553811,0.7946406705665587,-1.7813366218566893
1751989232.0657043,-0.04495301051139831,0.7944743424987792,-1.7808421813964843
1751989232.0678566,-0.04487386788725853,0.7943080144309997,-1.7803477409362793
1751989232.070003,-0.04479472526311875,0.7941416863632201,-1.7798533004760744
1751989232.0721495,-0.04471558263897896,0.7939753582954405,-1.779358860015869
1751989232.0743022,-0.04463644001483918,0.793809030227661,-1.778864419555664
1751989232.0765567,-0.04455729739069938,0.7936427021598815,-1.778369979095459
1751989232.078544,-0.0444781547665596,0.793476374092102,-1.777875538635254
1751989232.0805097,-0.04439901214241982,0.7933100460243225,-1.777381098175049
1751989232.082571,-0.04431986951828003,0.7931437179565429,-1.7768866577148439
1751989232.0847082,-0.04424072689414025,0.7929773898887634,-1.7763922172546387
1751989232.0868547,-0.04416158427000045,0.7928110618209838,-1.7758977767944335
1751989232.089002,-0.04408244164586067,0.7926447337532043,-1.7754033363342283
1751989232.091104,-0.04400329902172089,0.7924784056854248,-1.7749088958740233
1751989232.0932994,-0.0439241563975811,0.7923120776176452,-1.7744144554138184
1751989232.0955148,-0.04384501377344132,0.7921457495498656,-1.7739200149536134
1751989232.0974596,-0.04376587114930152,0.7919794214820861,-1.7734255744934082
1751989232.0995152,-0.04368672852516174,0.7918130934143066,-1.772931134033203
1751989232.101578,-0.04360758590102196,0.7916467653465271,-1.772436693572998
1751989232.1037197,-0.04352844327688216,0.7914804372787474,-1.7719422531127929
1751989232.105877,-0.04344930065274239,0.791314109210968,-1.7714478126525877
1751989232.108025,-0.04337015802860259,0.7911477811431884,-1.7709533721923827
1751989232.1103163,-0.04329101540446281,0.7909814530754089,-1.7704589317321777
1751989232.1122983,-0.043211872780323034,0.7908151250076294,-1.7699644912719728
1751989232.1143932,-0.043132730156183234,0.7906487969398498,-1.7694700508117676
1751989232.116464,-0.04305358753204346,0.7904824688720703,-1.7689756103515624
1751989232.118522,-0.04297444490790366,0.7903161408042907,-1.7684811698913574
1751989232.1205847,-0.042895302283763884,0.7901498127365112,-1.7679867294311524
1751989232.1226745,-0.042816159659624105,0.7899834846687317,-1.7674922889709475
1751989232.1248488,-0.042737017035484305,0.7898171566009521,-1.7669978485107423
1751989232.1271067,-0.04265787441134453,0.7896508285331725,-1.766503408050537
1751989232.129044,-0.042578731787204734,0.789484500465393,-1.7660089675903319
1751989232.1311624,-0.042499589163064955,0.7893181723976135,-1.765514527130127
1751989232.1333132,-0.042420446538925176,0.789151844329834,-1.7650200866699217
1751989232.135408,-0.042341303914785376,0.7889855162620545,-1.7645256462097167
1751989232.1374478,-0.042262161290645604,0.7888191881942749,-1.7640312057495118
1751989232.13951,-0.042183018666505805,0.7886528601264953,-1.7635367652893066
1751989232.141601,-0.042103876042366026,0.7884865320587158,-1.7630423248291016
1751989232.1437721,-0.04202473341822625,0.7883202039909363,-1.7625478843688964
1751989232.1458247,-0.04194559079408645,0.7881538759231567,-1.7620534439086912
1751989232.1479325,-0.041866448169946675,0.7879875478553772,-1.7615590034484863
1751989232.1500251,-0.041787305545806896,0.7878212197875976,-1.761064562988281
1751989232.15217,-0.0417081629216671,0.7876548917198181,-1.760570122528076
1751989232.1543229,-0.04162902029752732,0.7874885636520386,-1.7600756820678711
1751989232.1564102,-0.04154987767338752,0.787322235584259,-1.759581241607666
1751989232.1584835,-0.041470735049247746,0.7871559075164795,-1.759086801147461
1751989232.1606426,-0.04139159242510797,0.7869895794487,-1.7585923606872558
1751989232.162605,-0.04131244980096817,0.7868232513809204,-1.7580979202270508
1751989232.164728,-0.04123330717682839,0.7866569233131409,-1.7576034797668458
1751989232.1668835,-0.04115416455268859,0.7864905952453614,-1.7571090393066406
1751989232.1690292,-0.04107502192854882,0.7863242671775817,-1.7566145988464357
1751989232.17118,-0.04099587930440904,0.7861579391098021,-1.7561201583862305
1751989232.1732726,-0.04091673668026924,0.7859916110420226,-1.7556257179260253
1751989232.1754646,-0.04083759405612946,0.7858252829742431,-1.7551312774658203
1751989232.177519,-0.04075845143198966,0.7856589549064635,-1.7546368370056151
1751989232.1795585,-0.04067930880784988,0.7854926268386839,-1.7541423965454102
1751989232.181587,-0.04060016618371011,0.7853262987709045,-1.7536479560852052
1751989232.183644,-0.04052102355957031,0.785159970703125,-1.753153515625
1751989232.1857836,-0.04044188093543053,0.7849936426353454,-1.752659075164795
1751989232.1879284,-0.04036273831129073,0.7848273145675659,-1.7521646347045898
1751989232.1900787,-0.04028359568715095,0.7846609864997863,-1.7516701942443846
1751989232.1922114,-0.04020445306301118,0.7844946584320068,-1.7511757537841797
1751989232.1944547,-0.04012531043887138,0.7843283303642272,-1.7506813133239745
1751989232.1964033,-0.0400461678147316,0.7841620022964477,-1.7501868728637695
1751989232.1984725,-0.0399670251905918,0.7839956742286681,-1.7496924324035645
1751989232.2005339,-0.039887882566452024,0.7838293461608886,-1.7491979919433593
1751989232.2025936,-0.03980873994231225,0.783663018093109,-1.7487035514831544
1751989232.2047338,-0.03972959731817245,0.7834966900253295,-1.7482091110229492
1751989232.2068808,-0.03965045469403267,0.78333036195755,-1.7477146705627442
1751989232.209057,-0.039571312069892874,0.7831640338897704,-1.7472202301025392
1751989232.211156,-0.039492169445753095,0.782997705821991,-1.746725789642334
1751989232.2132766,-0.03941302682161332,0.7828313777542114,-1.746231349182129
1751989232.2153287,-0.03933388419747352,0.7826650496864318,-1.7457369087219239
1751989232.2173908,-0.039254741573333744,0.7824987216186523,-1.7452424682617187
1751989232.219469,-0.039175598949193945,0.7823323935508728,-1.7447480278015135
1751989232.221527,-0.039096456325054166,0.7821660654830932,-1.7442535873413085
1751989232.223589,-0.039017313700914394,0.7819997374153137,-1.7437591468811036
1751989232.2257242,-0.038938171076774594,0.7818334093475341,-1.7432647064208986
1751989232.2278223,-0.038859028452634815,0.7816670812797546,-1.7427702659606934
1751989232.2298932,-0.038779885828495016,0.781500753211975,-1.7422758255004882
1751989232.23204,-0.03870074320435524,0.7813344251441955,-1.7417813850402832
1751989232.2341945,-0.038621600580215465,0.7811680970764161,-1.741286944580078
1751989232.236344,-0.038542457956075665,0.7810017690086365,-1.7407925041198729
1751989232.2384553,-0.038463315331935886,0.7808354409408569,-1.7402980636596679
1751989232.2405152,-0.03838417270779609,0.7806691128730774,-1.739803623199463
1751989232.242703,-0.03830503008365631,0.7805027848052979,-1.739309182739258
1751989232.2447426,-0.038225887459516536,0.7803364567375183,-1.7388147422790527
1751989232.2468157,-0.038146744835376736,0.7801701286697387,-1.7383203018188476
1751989232.2489443,-0.03806760221123696,0.7800038006019592,-1.7378258613586426
1751989232.251037,-0.03798845958709716,0.7798374725341797,-1.7373314208984376
1751989232.253189,-0.03790931696295738,0.7796711444664001,-1.7368369804382326
1751989232.2553341,-0.03783017433881761,0.7795048163986206,-1.7363425399780275
1751989232.2574286,-0.03775103171467781,0.779338488330841,-1.7358480995178223
1751989232.2595701,-0.03767188909053803,0.7791721602630616,-1.7353536590576173
1751989232.2615898,-0.03759274646639823,0.7790058321952819,-1.7348592185974119
1751989232.2635856,-0.03751360384225845,0.7788395041275025,-1.734364778137207
1751989232.2656384,-0.03743446121811867,0.7786731760597229,-1.733870337677002
1751989232.267762,-0.03735531859397888,0.7785068479919434,-1.733375897216797
1751989232.269924,-0.0372761759698391,0.7783405199241638,-1.732881456756592
1751989232.272071,-0.0371970333456993,0.7781741918563843,-1.7323870162963866
1751989232.274132,-0.03711789072155952,0.7780078637886046,-1.7318925758361816
1751989232.2763867,-0.03703874809741974,0.7778415357208252,-1.7313981353759766
1751989232.2784905,-0.03695960547327995,0.7776752076530455,-1.7309036949157712
1751989232.2804651,-0.03688046284914017,0.777508879585266,-1.7304092544555663
1751989232.2825322,-0.03680132022500039,0.7773425515174865,-1.7299148139953613
1751989232.2845845,-0.03672217760086059,0.7771762234497069,-1.7294203735351563
1751989232.2866642,-0.03664303497672081,0.7770098953819276,-1.7289259330749513
1751989232.2888055,-0.03656389235258102,0.7768435673141479,-1.7284314926147462
1751989232.2909226,-0.03648474972844124,0.7766772392463683,-1.727937052154541
1751989232.2931042,-0.03640560710430146,0.7765109111785888,-1.727442611694336
1751989232.2952948,-0.03632646448016166,0.7763445831108093,-1.726948171234131
1751989232.297283,-0.036247321856021884,0.7761782550430297,-1.726453730773926
1751989232.2993872,-0.036168179231882085,0.7760119269752502,-1.7259592903137206
1751989232.3014734,-0.03608903660774231,0.7758455989074706,-1.7254648498535157
1751989232.3035345,-0.036009893983602534,0.7756792708396911,-1.7249704093933105
1751989232.3055923,-0.035930751359462734,0.7755129427719115,-1.7244759689331055
1751989232.3076937,-0.035851608735322955,0.775346614704132,-1.7239815284729003
1751989232.3098938,-0.035772466111183156,0.7751802866363524,-1.7234870880126953
1751989232.3119662,-0.035693323487043384,0.775013958568573,-1.7229926475524904
1751989232.3140554,-0.035614180862903605,0.7748476305007934,-1.7224982070922854
1751989232.3161676,-0.035535038238763805,0.7746813024330139,-1.72200376663208
1751989232.3183181,-0.035455895614624026,0.7745149743652344,-1.721509326171875
1751989232.3204055,-0.03537675299048423,0.7743486462974548,-1.7210148857116698
1751989232.322472,-0.035297610366344455,0.7741823182296752,-1.7205204452514649
1751989232.3245468,-0.035218467742204676,0.7740159901618957,-1.7200260047912597
1751989232.326814,-0.035139325118064876,0.7738496620941162,-1.7195315643310547
1751989232.3287532,-0.0350601824939251,0.7736833340263366,-1.7190371238708497
1751989232.3308392,-0.0349810398697853,0.773517005958557,-1.7185426834106445
1751989232.3329906,-0.034901897245645526,0.7733506778907775,-1.7180482429504396
1751989232.335136,-0.03482275462150575,0.7731843498229981,-1.7175538024902344
1751989232.3372884,-0.03474361199736595,0.7730180217552184,-1.7170593620300294
1751989232.3393955,-0.03466446937322617,0.772851693687439,-1.7165649215698244
1751989232.3414526,-0.03458532674908637,0.7726853656196594,-1.716070481109619
1751989232.3436341,-0.0345061841249466,0.7725190375518799,-1.715576040649414
1751989232.3457139,-0.03442704150080682,0.7723527094841003,-1.715081600189209
1751989232.3477395,-0.03434789887666702,0.7721863814163208,-1.7145871597290039
1751989232.3498874,-0.03426875625252724,0.7720200533485413,-1.714092719268799
1751989232.3520355,-0.03418961362838744,0.7718537252807617,-1.7135982788085937
1751989232.3541858,-0.03411047100424767,0.7716873972129821,-1.7131038383483888
1751989232.35628,-0.03403132838010789,0.7715210691452026,-1.7126093978881838
1751989232.3583794,-0.03395218575596809,0.7713547410774231,-1.7121149574279784
1751989232.3604672,-0.03387304313182831,0.7711884130096435,-1.7116205169677734
1751989232.3626096,-0.03379390050768851,0.7710220849418639,-1.7111260765075682
1751989232.3645947,-0.03371475788354874,0.7708557568740845,-1.7106316360473632
1751989232.3666697,-0.03363561525940896,0.770689428806305,-1.7101371955871583
1751989232.368832,-0.03355647263526916,0.7705231007385254,-1.709642755126953
1751989232.371035,-0.03347733001112938,0.7703567726707459,-1.709148314666748
1751989232.3732255,-0.03339818738698958,0.7701904446029663,-1.708653874206543
1751989232.375393,-0.0333190447628498,0.7700241165351868,-1.708159433746338
1751989232.3775468,-0.03323990213871003,0.7698577884674072,-1.707664993286133
1751989232.3794985,-0.03316075951457023,0.7696914603996277,-1.7071705528259278
1751989232.3815417,-0.03308161689043045,0.769525132331848,-1.7066761123657228
1751989232.383737,-0.03300247426629065,0.7693588042640686,-1.7061816719055174
1751989232.3859298,-0.032923331642150874,0.7691924761962889,-1.7056872314453124
1751989232.388123,-0.0328441890180111,0.7690261481285096,-1.7051927909851075
1751989232.3902695,-0.0327650463938713,0.76885982006073,-1.7046983505249023
1751989232.3924708,-0.032685903769731524,0.7686934919929505,-1.7042039100646973
1751989232.3945003,-0.032606761145591724,0.768527163925171,-1.703709469604492
1751989232.3965297,-0.032527618521451945,0.7683608358573913,-1.7032150291442871
1751989232.3985565,-0.03244847589731217,0.7681945077896117,-1.7027205886840822
1751989232.4007545,-0.032369333273172374,0.7680281797218322,-1.7022261482238767
1751989232.4029434,-0.032290190649032595,0.7678618516540527,-1.7017317077636718
1751989232.405137,-0.032211048024892795,0.7676955235862731,-1.7012372673034668
1751989232.4072778,-0.032131905400753016,0.7675291955184935,-1.7007428268432616
1751989232.4096758,-0.032052762776613244,0.767362867450714,-1.7002483863830566
1751989232.4116042,-0.031973620152473445,0.7671965393829345,-1.6997539459228515
1751989232.4135265,-0.031894477528333666,0.7670302113151549,-1.6992595054626465
1751989232.4155889,-0.03181533490419389,0.7668638832473755,-1.6987650650024415
1751989232.4177659,-0.03173619228005409,0.7666975551795959,-1.6982706245422363
1751989232.419964,-0.031657049655914316,0.7665312271118164,-1.6977761840820313
1751989232.4220333,-0.031577907031774516,0.7663648990440368,-1.6972817436218262
1751989232.4241323,-0.03149876440763474,0.7661985709762573,-1.6967873031616212
1751989232.426329,-0.03141962178349496,0.7660322429084778,-1.6962928627014162
1751989232.4284809,-0.03134047915935516,0.7658659148406982,-1.6957984222412108
1751989232.4304283,-0.03126133653521539,0.7656995867729186,-1.6953039817810058
1751989232.4324985,-0.031182193911075583,0.7655332587051391,-1.6948095413208009
1751989232.4345584,-0.031103051286935808,0.7653669306373596,-1.6943151008605957
1751989232.4367197,-0.03102390866279603,0.76520060256958,-1.6938206604003907
1751989232.438863,-0.030944766038656233,0.7650342745018004,-1.6933262199401855
1751989232.4410172,-0.030865623414516454,0.764867946434021,-1.6928317794799805
1751989232.4431713,-0.030786480790376654,0.7647016183662414,-1.6923373390197751
1751989232.4452991,-0.03070733816623688,0.7645352902984619,-1.6918428985595702
1751989232.4473395,-0.0306281955420971,0.7643689622306824,-1.6913484580993652
1751989232.4494097,-0.0305490529179573,0.7642026341629028,-1.6908540176391602
1751989232.4514606,-0.030469910293817525,0.7640363060951233,-1.690359577178955
1751989232.4534752,-0.030390767669677726,0.7638699780273437,-1.6898651367187498
1751989232.4555342,-0.03031162504553795,0.7637036499595642,-1.6893706962585449
1751989232.457655,-0.03023248242139817,0.7635373218917846,-1.6888762557983399
1751989232.4599624,-0.03015333979725837,0.7633709938240051,-1.688381815338135
1751989232.461902,-0.030074197173118596,0.7632046657562255,-1.6878873748779297
1751989232.4639354,-0.029995054548978797,0.763038337688446,-1.6873929344177245
1751989232.46602,-0.02991591192483902,0.7628720096206665,-1.6868984939575196
1751989232.4681263,-0.029836769300699242,0.762705681552887,-1.6864040534973146
1751989232.4702775,-0.029757626676559443,0.7625393534851075,-1.6859096130371092
1751989232.472391,-0.029678484052419667,0.7623730254173279,-1.6854151725769042
1751989232.4744122,-0.029599341428279868,0.7622066973495483,-1.6849207321166992
1751989232.4766157,-0.029520198804140092,0.7620403692817688,-1.6844262916564943
1751989232.4786122,-0.029441056180000313,0.7618740412139893,-1.683931851196289
1751989232.4805875,-0.029361913555860514,0.7617077131462097,-1.6834374107360839
1751989232.4826899,-0.02928277093172074,0.7615413850784302,-1.682942970275879
1751989232.484828,-0.02920362830758094,0.7613750570106506,-1.6824485298156737
1751989232.4869733,-0.029124485683441163,0.7612087289428711,-1.6819540893554685
1751989232.489118,-0.029045343059301384,0.7610424008750915,-1.6814596488952636
1751989232.4911885,-0.028966200435161585,0.760876072807312,-1.6809652084350586
1751989232.4933684,-0.02888705781102181,0.7607097447395325,-1.6804707679748536
1751989232.4955728,-0.02880791518688201,0.7605434166717528,-1.6799763275146484
1751989232.4974601,-0.02872877256274223,0.7603770886039734,-1.6794818870544432
1751989232.4995303,-0.028649629938602456,0.7602107605361939,-1.6789874465942383
1751989232.5015752,-0.028570487314462656,0.7600444324684142,-1.6784930061340333
1751989232.5037174,-0.02849134469032288,0.7598781044006347,-1.6779985656738283
1751989232.5058622,-0.02841220206618308,0.7597117763328551,-1.6775041252136231
1751989232.5079393,-0.028333059442043302,0.7595454482650756,-1.677009684753418
1751989232.510207,-0.028253916817903527,0.7593791201972961,-1.676515244293213
1751989232.5121586,-0.028174774193763727,0.7592127921295165,-1.6760208038330078
1751989232.514239,-0.02809563156962395,0.7590464640617369,-1.6755263633728026
1751989232.5164006,-0.028016488945484152,0.7588801359939574,-1.6750319229125976
1751989232.518459,-0.027937346321344373,0.7587138079261779,-1.6745374824523926
1751989232.520519,-0.027858203697204598,0.7585474798583984,-1.6740430419921877
1751989232.5225792,-0.027779061073064798,0.7583811517906189,-1.6735486015319825
1751989232.5247324,-0.027699918448925023,0.7582148237228393,-1.6730541610717773
1751989232.5269053,-0.027620775824785223,0.7580484956550598,-1.672559720611572
1751989232.5290294,-0.027541633200645444,0.7578821675872802,-1.6720652801513671
1751989232.531014,-0.02746249057650567,0.7577158395195007,-1.671570839691162
1751989232.5331595,-0.02738334795236587,0.7575495114517211,-1.671076399230957
1751989232.5353127,-0.02730420532822609,0.7573831833839416,-1.670581958770752
1751989232.5374022,-0.027225062704086294,0.757216855316162,-1.6700875183105468
1751989232.539444,-0.027145920079946515,0.7570505272483825,-1.6695930778503418
1751989232.5415595,-0.02706677745580674,0.756884199180603,-1.6690986373901366
1751989232.5437245,-0.02698763483166694,0.7567178711128234,-1.6686041969299317
1751989232.5456555,-0.02690849220752716,0.756551543045044,-1.6681097564697267
1751989232.547763,-0.026829349583387386,0.7563852149772644,-1.6676153160095217
1751989232.549899,-0.026750206959247586,0.7562188869094848,-1.6671208755493165
1751989232.55204,-0.02667106433510781,0.7560525588417053,-1.6666264350891113
1751989232.554191,-0.02659192171096801,0.7558862307739258,-1.6661319946289062
1751989232.5563378,-0.026512779086828232,0.7557199027061462,-1.6656375541687012
1751989232.5584226,-0.026433636462688457,0.7555535746383667,-1.665143113708496
1751989232.5606546,-0.026354493838548657,0.7553872465705871,-1.664648673248291
1751989232.5625584,-0.026275351214408882,0.7552209185028076,-1.664154232788086
1751989232.5646048,-0.026196208590269082,0.755054590435028,-1.6636597923278809
1751989232.566696,-0.026117065966129303,0.7548882623672485,-1.663165351867676
1751989232.5688393,-0.026037923341989528,0.754721934299469,-1.6626709114074707
1751989232.5709863,-0.02595878071784973,0.7545556062316894,-1.6621764709472655
1751989232.5731282,-0.02587963809370995,0.7543892781639099,-1.6616820304870605
1751989232.5752442,-0.025800495469570153,0.7542229500961304,-1.6611875900268553
1751989232.577374,-0.025721352845430374,0.7540566220283509,-1.6606931495666504
1751989232.5794241,-0.0256422102212906,0.7538902939605713,-1.6601987091064454
1751989232.5814764,-0.0255630675971508,0.7537239658927917,-1.6597042686462402
1751989232.5835228,-0.02548392497301102,0.7535576378250122,-1.6592098281860352
1751989232.5855834,-0.025404782348871224,0.7533913097572327,-1.65871538772583
1751989232.5877254,-0.025325639724731445,0.7532249816894531,-1.658220947265625
1751989232.5898752,-0.02524649710059167,0.7530586536216735,-1.65772650680542
1751989232.5920165,-0.02516735447645187,0.752892325553894,-1.657232066345215
1751989232.5941582,-0.02508821185231209,0.7527259974861145,-1.65673762588501
1751989232.5962417,-0.025009069228172295,0.7525596694183349,-1.6562431854248045
1751989232.5983353,-0.024929926604032517,0.7523933413505555,-1.6557487449645996
1751989232.600397,-0.02485078397989274,0.7522270132827759,-1.6552543045043946
1751989232.6024432,-0.02477164135575294,0.7520606852149964,-1.6547598640441894
1751989232.6045022,-0.024692498731613163,0.7518943571472168,-1.6542654235839844
1751989232.606563,-0.024613356107473363,0.7517280290794373,-1.6537709831237792
1751989232.6086633,-0.024534213483333588,0.7515617010116576,-1.6532765426635743
1751989232.6107876,-0.02445507085919381,0.7513953729438781,-1.6527821022033693
1751989232.612877,-0.024375928235054013,0.7512290448760985,-1.6522876617431639
1751989232.6149855,-0.024296785610914234,0.751062716808319,-1.651793221282959
1751989232.6171372,-0.024217642986774434,0.7508963887405395,-1.6512987808227537
1751989232.6192896,-0.02413850036263466,0.7507300606727599,-1.6508043403625487
1751989232.6214051,-0.02405935773849488,0.7505637326049805,-1.6503098999023438
1751989232.6234548,-0.023980215114355084,0.7503974045372008,-1.6498154594421386
1751989232.6255882,-0.023901072490215305,0.7502310764694213,-1.6493210189819336
1751989232.627647,-0.023821929866075505,0.7500647484016418,-1.6488265785217284
1751989232.6297367,-0.02374278724193573,0.7498984203338623,-1.6483321380615235
1751989232.631885,-0.02366364461779595,0.7497320922660827,-1.6478376976013185
1751989232.6340313,-0.023584501993656155,0.7495657641983032,-1.6473432571411133
1751989232.6361957,-0.023505359369516376,0.7493994361305236,-1.6468488166809083
1751989232.638332,-0.023426216745376576,0.7492331080627441,-1.6463543762207031
1751989232.640425,-0.0233470741212368,0.7490667799949645,-1.645859935760498
1751989232.6426065,-0.023267931497097022,0.748900451927185,-1.645365495300293
1751989232.644602,-0.023188788872957222,0.7487341238594054,-1.6448710548400878
1751989232.646625,-0.023109646248817447,0.7485677957916259,-1.6443766143798828
1751989232.6487634,-0.023030503624677647,0.7484014677238463,-1.6438821739196778
1751989232.6509137,-0.022951361000537872,0.7482351396560669,-1.6433877334594726
1751989232.6530614,-0.022872218376398093,0.7480688115882874,-1.6428932929992677
1751989232.6552124,-0.022793075752258293,0.7479024835205078,-1.6423988525390625
1751989232.6572757,-0.022713933128118518,0.7477361554527282,-1.6419044120788573
1751989232.6596484,-0.022634790503978718,0.7475698273849487,-1.641409971618652
1751989232.6615086,-0.022555647879838943,0.7474034993171692,-1.6409155311584471
1751989232.6634936,-0.022476505255699164,0.7472371712493896,-1.6404210906982422
1751989232.6655498,-0.022397362631559364,0.74707084318161,-1.6399266502380372
1751989232.6676114,-0.02231822000741959,0.7469045151138305,-1.639432209777832
1751989232.6697571,-0.02223907738327981,0.746738187046051,-1.638937769317627
1751989232.6719007,-0.022159934759140014,0.7465718589782714,-1.6384433288574218
1751989232.6739612,-0.022080792135000235,0.746405530910492,-1.6379488883972169
1751989232.6763446,-0.022001649510860435,0.7462392028427123,-1.637454447937012
1751989232.6782517,-0.02192250688672066,0.7460728747749329,-1.6369600074768067
1751989232.680264,-0.02184336426258088,0.7459065467071533,-1.6364655670166017
1751989232.6822588,-0.02176422163844108,0.7457402186393738,-1.6359711265563965
1751989232.6843781,-0.021685079014301306,0.7455738905715942,-1.6354766860961913
1751989232.6864479,-0.021605936390161506,0.7454075625038147,-1.6349822456359862
1751989232.6885097,-0.02152679376602173,0.7452412344360351,-1.6344878051757812
1751989232.6905687,-0.021447651141881952,0.7450749063682556,-1.6339933647155762
1751989232.6927464,-0.021368508517742153,0.744908578300476,-1.6334989242553712
1751989232.694813,-0.021289365893602377,0.7447422502326965,-1.633004483795166
1751989232.6968858,-0.021210223269462578,0.7445759221649169,-1.6325100433349609
1751989232.6989396,-0.021131080645322802,0.7444095940971374,-1.6320156028747559
1751989232.7010837,-0.021051938021183023,0.744243266029358,-1.6315211624145507
1751989232.703237,-0.020972795397043224,0.7440769379615784,-1.6310267219543455
1751989232.7053428,-0.020893652772903448,0.7439106098937989,-1.6305322814941405
1751989232.7074087,-0.02081451014876365,0.7437442818260193,-1.6300378410339356
1751989232.7095196,-0.020735367524623873,0.7435779537582398,-1.6295434005737306
1751989232.7115471,-0.020656224900484094,0.7434116256904602,-1.6290489601135254
1751989232.7135534,-0.020577082276344295,0.7432452976226807,-1.6285545196533202
1751989232.7156162,-0.02049793965220452,0.743078969554901,-1.6280600791931152
1751989232.7177553,-0.02041879702806472,0.7429126414871216,-1.6275656387329103
1751989232.7199018,-0.02033965440392494,0.7427463134193419,-1.6270711982727053
1751989232.7220507,-0.020260511779785165,0.7425799853515624,-1.6265767578125
1751989232.7241535,-0.020181369155645366,0.7424136572837828,-1.626082317352295
1751989232.7263703,-0.02010222653150559,0.7422473292160034,-1.62558787689209
1751989232.728433,-0.02002308390736579,0.7420810011482237,-1.6250934364318848
1751989232.7304535,-0.019943941283226012,0.7419146730804443,-1.6245989959716796
1751989232.7324572,-0.019864798659086236,0.7417483450126647,-1.6241045555114746
1751989232.7345183,-0.019785656034946437,0.7415820169448852,-1.6236101150512696
1751989232.7365782,-0.01970651341080666,0.7414156888771057,-1.6231156745910646
1751989232.7386675,-0.019627370786666862,0.7412493608093261,-1.6226212341308592
1751989232.7407596,-0.019548228162527083,0.7410830327415466,-1.6221267936706543
1751989232.7429883,-0.019469085538387308,0.740916704673767,-1.6216323532104493
1751989232.7450225,-0.019389942914247508,0.7407503766059875,-1.621137912750244
1751989232.74706,-0.019310800290107732,0.7405840485382079,-1.620643472290039
1751989232.749221,-0.019231657665967933,0.7404177204704284,-1.620149031829834
1751989232.7513628,-0.019152515041828154,0.7402513924026488,-1.619654591369629
1751989232.753451,-0.01907337241768838,0.7400850643348694,-1.619160150909424
1751989232.7555106,-0.01899422979354858,0.7399187362670898,-1.6186657104492188
1751989232.7575786,-0.018915087169408804,0.7397524081993103,-1.6181712699890136
1751989232.7597294,-0.018835944545269004,0.7395860801315307,-1.6176768295288086
1751989232.7618024,-0.018756801921129225,0.7394197520637512,-1.6171823890686037
1751989232.76385,-0.01867765929698945,0.7392534239959716,-1.6166879486083987
1751989232.7659035,-0.01859851667284965,0.7390870959281921,-1.6161935081481933
1751989232.768049,-0.01851937404870987,0.7389207678604126,-1.6156990676879883
1751989232.7702003,-0.018440231424570075,0.738754439792633,-1.6152046272277831
1751989232.772344,-0.018361088800430296,0.7385881117248534,-1.6147101867675782
1751989232.7744112,-0.01828194617629052,0.7384217836570739,-1.614215746307373
1751989232.7766554,-0.01820280355215072,0.7382554555892944,-1.613721305847168
1751989232.7785885,-0.018123660928010942,0.7380891275215149,-1.613226865386963
1751989232.7805808,-0.018044518303871146,0.7379227994537352,-1.6127324249267576
1751989232.7827075,-0.017965375679731367,0.7377564713859558,-1.6122379844665526
1751989232.7848518,-0.017886233055591592,0.7375901433181763,-1.6117435440063477
1751989232.7870028,-0.017807090431451792,0.7374238152503967,-1.6112491035461425
1751989232.7891521,-0.017727947807312013,0.7372574871826172,-1.6107546630859375
1751989232.791222,-0.017648805183172214,0.7370911591148376,-1.6102602226257323
1751989232.793432,-0.017569662559032438,0.7369248310470581,-1.6097657821655273
1751989232.7955358,-0.017490519934892663,0.7367585029792785,-1.6092713417053224
1751989232.797454,-0.017411377310752863,0.736592174911499,-1.6087769012451172
1751989232.7995217,-0.017332234686613084,0.7364258468437194,-1.6082824607849122
1751989232.8015673,-0.01725309206247331,0.73625951877594,-1.6077880203247072
1751989232.8036273,-0.01717394943833351,0.7360931907081603,-1.607293579864502
1751989232.8057694,-0.01709480681419373,0.7359268626403809,-1.606799139404297
1751989232.8078554,-0.017015664190053934,0.7357605345726013,-1.6063046989440917
1751989232.8101258,-0.016936521565914155,0.7355942065048218,-1.6058102584838867
1751989232.81215,-0.01685737894177438,0.7354278784370423,-1.6053158180236817
1751989232.8142426,-0.01677823631763458,0.7352615503692627,-1.6048213775634765
1751989232.8164098,-0.0166990936934948,0.7350952223014832,-1.6043269371032716
1751989232.8184557,-0.016619951069355005,0.7349288942337036,-1.6038324966430664
1751989232.8205154,-0.016540808445215226,0.7347625661659241,-1.6033380561828614
1751989232.8225744,-0.01646166582107545,0.7345962380981444,-1.6028436157226564
1751989232.8247294,-0.01638252319693565,0.734429910030365,-1.602349175262451
1751989232.8268871,-0.016303380572795872,0.7342635819625853,-1.601854734802246
1751989232.8290355,-0.016224237948656076,0.7340972538948058,-1.6013602943420409
1751989232.831036,-0.016145095324516297,0.7339309258270263,-1.6008658538818359
1751989232.8331873,-0.016065952700376522,0.7337645977592469,-1.600371413421631
1751989232.8353386,-0.015986810076236722,0.7335982696914672,-1.5998769729614257
1751989232.8374236,-0.015907667452096944,0.7334319416236877,-1.5993825325012208
1751989232.8394651,-0.015828524827957144,0.7332656135559081,-1.5988880920410156
1751989232.841575,-0.01574938220381737,0.7330992854881286,-1.5983936515808106
1751989232.8437536,-0.01567023957967759,0.7329329574203491,-1.5978992111206056
1751989232.8458037,-0.015591096955537792,0.7327666293525695,-1.5974047706604004
1751989232.8479054,-0.015511954331398015,0.7326003012847899,-1.5969103302001955
1751989232.8500504,-0.015432811707258217,0.7324339732170104,-1.59641588973999
1751989232.852205,-0.01535366908311844,0.7322676451492309,-1.595921449279785
1751989232.854348,-0.015274526458978662,0.7321013170814514,-1.59542700881958
1751989232.8564441,-0.015195383834838863,0.7319349890136718,-1.594932568359375
1751989232.8585057,-0.015116241210699086,0.7317686609458923,-1.59443812789917
1751989232.860581,-0.015037098586559288,0.7316023328781128,-1.5939436874389648
1751989232.862871,-0.01495795596241951,0.7314360048103332,-1.5934492469787598
1751989232.8648238,-0.014878813338279733,0.7312696767425537,-1.5929548065185548
1751989232.8669233,-0.014799670714139934,0.7311033486747741,-1.5924603660583494
1751989232.8690758,-0.014720528090000157,0.7309370206069946,-1.5919659255981444
1751989232.8712022,-0.014641385465860357,0.730770692539215,-1.5914714851379395
1751989232.873349,-0.014562242841720582,0.7306043644714355,-1.5909770446777343
1751989232.8754885,-0.014483100217580805,0.7304380364036559,-1.5904826042175293
1751989232.8776085,-0.014403957593441005,0.7302717083358764,-1.589988163757324
1751989232.8795807,-0.014324814969301228,0.7301053802680968,-1.5894937232971191
1751989232.8816447,-0.014245672345161428,0.7299390522003173,-1.5889992828369142
1751989232.883785,-0.014166529721021651,0.7297727241325378,-1.588504842376709
1751989232.8859324,-0.014087387096881874,0.7296063960647583,-1.588010401916504
1751989232.8880825,-0.014008244472742076,0.7294400679969788,-1.5875159614562988
1751989232.89014,-0.013929101848602299,0.7292737399291992,-1.5870215209960938
1751989232.892355,-0.0138499592244625,0.7291074118614196,-1.5865270805358886
1751989232.8944163,-0.013770816600322722,0.7289410837936401,-1.5860326400756835
1751989232.8964653,-0.013691673976182945,0.7287747557258606,-1.5855381996154785
1751989232.8984745,-0.013612531352043147,0.728608427658081,-1.5850437591552735
1751989232.900542,-0.01353338872790337,0.7284420995903015,-1.5845493186950683
1751989232.9025908,-0.01345424610376357,0.7282757715225219,-1.5840548782348634
1751989232.9046757,-0.013375103479623793,0.7281094434547424,-1.5835604377746582
1751989232.9068165,-0.013295960855484016,0.7279431153869629,-1.5830659973144532
1751989232.9089956,-0.013216818231344216,0.7277767873191833,-1.582571556854248
1751989232.9110777,-0.013137675607204441,0.7276104592514038,-1.5820771163940428
1751989232.9131632,-0.013058532983064641,0.7274441311836243,-1.5815826759338378
1751989232.9153113,-0.012979390358924864,0.7272778031158447,-1.5810882354736329
1751989232.917403,-0.012900247734785087,0.7271114750480652,-1.5805937950134277
1751989232.9194636,-0.012821105110645287,0.7269451469802856,-1.5800993545532227
1751989232.9215221,-0.01274196248650551,0.7267788189125061,-1.5796049140930175
1751989232.9235845,-0.012662819862365712,0.7266124908447265,-1.5791104736328125
1751989232.9258065,-0.012583677238225935,0.726446162776947,-1.5786160331726076
1751989232.9278338,-0.012504534614086158,0.7262798347091675,-1.5781215927124024
1751989232.929924,-0.012425391989946358,0.7261135066413879,-1.5776271522521974
1751989232.9320536,-0.012346249365806581,0.7259471785736084,-1.5771327117919922
1751989232.9342036,-0.012267106741666804,0.7257808505058289,-1.5766382713317872
1751989232.93635,-0.012187964117527006,0.7256145224380494,-1.576143830871582
1751989232.938438,-0.01210882149338723,0.7254481943702697,-1.5756493904113769
1751989232.940457,-0.01202967886924743,0.7252818663024903,-1.575154949951172
1751989232.9425726,-0.011950536245107652,0.7251155382347106,-1.574660509490967
1751989232.9446487,-0.011871393620967875,0.7249492101669311,-1.5741660690307617
1751989232.9466941,-0.011792250996828077,0.7247828820991515,-1.5736716285705568
1751989232.948846,-0.0117131083726883,0.724616554031372,-1.5731771881103516
1751989232.9509654,-0.0116339657485485,0.7244502259635924,-1.5726827476501464
1751989232.9531124,-0.011554823124408723,0.7242838978958129,-1.5721883071899412
1751989232.955263,-0.011475680500268946,0.7241175698280333,-1.5716938667297362
1751989232.9573562,-0.011396537876129147,0.7239512417602538,-1.5711994262695312
1751989232.9596171,-0.01131739525198937,0.7237849136924743,-1.5707049858093263
1751989232.961624,-0.011238252627849572,0.7236185856246947,-1.570210545349121
1751989232.9636045,-0.011159110003709794,0.7234522575569153,-1.569716104888916
1751989232.965741,-0.011079967379570017,0.7232859294891357,-1.569221664428711
1751989232.967887,-0.011000824755430218,0.7231196014213562,-1.568727223968506
1751989232.9700336,-0.01092168213129044,0.7229532733535766,-1.568232783508301
1751989232.972188,-0.010842539507150643,0.7227869452857971,-1.5677383430480958
1751989232.9743323,-0.010763396883010866,0.7226206172180175,-1.5672439025878908
1751989232.9764943,-0.010684254258871088,0.722454289150238,-1.5667494621276856
1751989232.97856,-0.010605111634731289,0.7222879610824584,-1.5662550216674804
1751989232.9805307,-0.010525969010591512,0.7221216330146789,-1.5657605812072755
1751989232.9825842,-0.010446826386451714,0.7219553049468993,-1.5652661407470703
1751989232.984722,-0.010367683762311937,0.7217889768791198,-1.5647717002868653
1751989232.987566,-0.01028854113817216,0.7216226488113403,-1.5642772598266603
1751989232.9916208,-0.01020939851403236,0.7214563207435608,-1.5637828193664551
1751989232.9960194,-0.010130255889892583,0.7212899926757812,-1.5632883789062502
1751989233.0001335,-0.010051113265752783,0.7211236646080017,-1.5627939384460448
1751989233.0030441,-0.009971970641613006,0.7209573365402222,-1.5622994979858398
1751989233.0056527,-0.009892828017473229,0.7207910084724426,-1.5618050575256346
1751989233.0077074,-0.009813685393333431,0.720624680404663,-1.5613106170654296
1751989233.0098734,-0.009734542769193654,0.7204583523368835,-1.5608161766052246
1751989233.01188,-0.009655400145053854,0.720292024269104,-1.5603217361450195
1751989233.0140402,-0.009576257520914077,0.7201256962013244,-1.5598272956848145
1751989233.0161273,-0.0094971148967743,0.7199593681335449,-1.5593328552246095
1751989233.0182219,-0.009417972272634502,0.7197930400657653,-1.5588384147644043
1751989233.0203505,-0.009338829648494725,0.7196267119979859,-1.5583439743041994
1751989233.0224378,-0.009259687024354925,0.7194603839302062,-1.5578495338439942
1751989233.0244966,-0.009180544400215148,0.7192940558624268,-1.5573550933837892
1751989233.0266263,-0.009101401776075371,0.7191277277946472,-1.5568606529235842
1751989233.028668,-0.009022259151935573,0.7189613997268677,-1.5563662124633788
1751989233.0307417,-0.008943116527795796,0.7187950716590881,-1.5558717720031738
1751989233.0328777,-0.008863973903655996,0.7186287435913086,-1.5553773315429686
1751989233.0350332,-0.008784831279516219,0.718462415523529,-1.5548828910827637
1751989233.0371869,-0.008705688655376442,0.7182960874557495,-1.5543884506225587
1751989233.0393488,-0.008626546031236642,0.7181297593879699,-1.5538940101623535
1751989233.0414991,-0.008547403407096865,0.7179634313201904,-1.5533995697021485
1751989233.0437217,-0.008468260782957067,0.7177971032524108,-1.5529051292419431
1751989233.0456297,-0.00838911815881729,0.7176307751846313,-1.5524106887817382
1751989233.047759,-0.008309975534677513,0.7174644471168519,-1.5519162483215332
1751989233.0499287,-0.008230832910537713,0.7172981190490723,-1.551421807861328
1751989233.052096,-0.008151690286397936,0.7171317909812928,-1.550927367401123
1751989233.0542252,-0.008072547662258138,0.7169654629135132,-1.5504329269409178
1751989233.0563846,-0.007993405038118361,0.7167991348457337,-1.5499384864807129
1751989233.0584419,-0.007914262413978584,0.716632806777954,-1.549444046020508
1751989233.0605326,-0.007835119789838784,0.7164664787101745,-1.5489496055603027
1751989233.0625832,-0.007755977165699007,0.7163001506423949,-1.5484551651000977
1751989233.0647018,-0.0076768345415592085,0.7161338225746154,-1.5479607246398925
1751989233.066874,-0.007597691917419431,0.7159674945068358,-1.5474662841796876
1751989233.0690405,-0.007518549293279654,0.7158011664390563,-1.5469718437194826
1751989233.0712109,-0.0074394066691398555,0.7156348383712767,-1.5464774032592772
1751989233.0733826,-0.007360264045000078,0.7154685103034973,-1.5459829627990722
1751989233.0754569,-0.007281121420860301,0.7153021822357177,-1.5454885223388672
1751989233.0776362,-0.0072019787967205024,0.7151358541679382,-1.544994081878662
1751989233.0795689,-0.007122836172580725,0.7149695261001587,-1.544499641418457
1751989233.081719,-0.0070436935484409265,0.7148031980323791,-1.5440052009582519
1751989233.0838983,-0.006964550924301149,0.7146368699645996,-1.543510760498047
1751989233.0860744,-0.006885408300161372,0.71447054189682,-1.543016320037842
1751989233.0882392,-0.0068062656760215735,0.7143042138290405,-1.5425218795776365
1751989233.090383,-0.006727123051881796,0.7141378857612609,-1.5420274391174316
1751989233.092565,-0.006647980427741997,0.7139715576934814,-1.5415329986572264
1751989233.0945578,-0.0065688378036022205,0.7138052296257018,-1.5410385581970214
1751989233.0965836,-0.006489695179462443,0.7136389015579224,-1.5405441177368164
1751989233.0986617,-0.006410552555322644,0.7134725734901427,-1.5400496772766112
1751989233.1008368,-0.006331409931182867,0.7133062454223633,-1.5395552368164063
1751989233.1030054,-0.006252267307043068,0.7131399173545837,-1.539060796356201
1751989233.105173,-0.006173124682903291,0.7129735892868042,-1.538566355895996
1751989233.1072655,-0.0060939820587635135,0.7128072612190246,-1.5380719154357911
1751989233.1094272,-0.006014839434623715,0.7126409331512451,-1.537577474975586
1751989233.1115174,-0.005935696810483938,0.7124746050834655,-1.537083034515381
1751989233.1134894,-0.005856554186344139,0.712308277015686,-1.5365885940551758
1751989233.1155448,-0.005777411562204362,0.7121419489479064,-1.5360941535949706
1751989233.1177146,-0.005698268938064585,0.7119756208801269,-1.5355997131347656
1751989233.11988,-0.005619126313924786,0.7118092928123474,-1.5351052726745604
1751989233.1220496,-0.005539983689785009,0.7116429647445678,-1.5346108322143555
1751989233.124134,-0.00546084106564521,0.7114766366767883,-1.5341163917541505
1751989233.126348,-0.005381698441505433,0.7113103086090088,-1.5336219512939453
1751989233.1284308,-0.005302555817365656,0.7111439805412293,-1.5331275108337403
1751989233.1304307,-0.005223413193225857,0.7109776524734497,-1.5326330703735351
1751989233.1324842,-0.00514427056908608,0.7108113244056702,-1.53213862991333
1751989233.134541,-0.00506512794494628,0.7106449963378906,-1.531644189453125
1751989233.1366007,-0.004985985320806503,0.7104786682701111,-1.5311497489929198
1751989233.1387641,-0.004906842696666727,0.7103123402023315,-1.5306553085327148
1751989233.1409063,-0.004827700072526927,0.710146012134552,-1.5301608680725098
1751989233.1431632,-0.00474855744838715,0.7099796840667724,-1.5296664276123046
1751989233.1452477,-0.004669414824247351,0.7098133559989929,-1.5291719871520997
1751989233.1472862,-0.004590272200107574,0.7096470279312133,-1.5286775466918945
1751989233.14939,-0.004511129575967797,0.7094806998634339,-1.5281831062316895
1751989233.1514473,-0.004431986951827998,0.7093143717956542,-1.5276886657714845
1751989233.1535068,-0.004352844327688221,0.7091480437278748,-1.5271942253112794
1751989233.1555667,-0.004273701703548422,0.7089817156600952,-1.5266997848510742
1751989233.1577106,-0.004194559079408645,0.7088153875923157,-1.5262053443908692
1751989233.159903,-0.004115416455268868,0.7086490595245362,-1.525710903930664
1751989233.1619976,-0.004036273831129069,0.7084827314567566,-1.525216463470459
1751989233.1640768,-0.003957131206989292,0.7083164033889771,-1.5247220230102538
1751989233.1662319,-0.003877988582849493,0.7081500753211974,-1.5242275825500489
1751989233.1683786,-0.0037988459587097157,0.707983747253418,-1.523733142089844
1751989233.1704423,-0.0037197033345699386,0.7078174191856383,-1.5232387016296387
1751989233.1725025,-0.0036405607104301398,0.7076510911178588,-1.5227442611694335
1751989233.1746147,-0.0035614180862903627,0.7074847630500792,-1.5222498207092283
1751989233.1768775,-0.0034822754621505634,0.7073184349822997,-1.5217553802490233
1751989233.1788702,-0.0034031328380107868,0.7071521069145202,-1.5212609397888184
1751989233.1809528,-0.0033239902138710096,0.7069857788467407,-1.5207664993286132
1751989233.1831102,-0.0032448475897312104,0.7068194507789611,-1.5202720588684082
1751989233.1852677,-0.0031657049655914333,0.7066531227111816,-1.5197776184082032
1751989233.1873906,-0.0030865623414516345,0.706486794643402,-1.519283177947998
1751989233.1894479,-0.0030074197173118574,0.7063204665756225,-1.518788737487793
1751989233.191524,-0.0029282770931720803,0.7061541385078429,-1.518294297027588
1751989233.1936502,-0.0028491344690322815,0.7059878104400634,-1.517799856567383
1751989233.1957803,-0.0027699918448925043,0.7058214823722839,-1.517305416107178
1751989233.197821,-0.002690849220752705,0.7056551543045043,-1.5168109756469725
1751989233.1999784,-0.0026117065966129284,0.7054888262367248,-1.5163165351867676
1751989233.2021,-0.0025325639724731513,0.7053224981689453,-1.5158220947265626
1751989233.2042537,-0.002453421348333352,0.7051561701011657,-1.5153276542663574
1751989233.2063885,-0.002374278724193575,0.7049898420333862,-1.5148332138061524
1751989233.208476,-0.002295136100053798,0.7048235139656067,-1.5143387733459472
1751989233.2106586,-0.002215993475913999,0.7046571858978271,-1.5138443328857423
1751989233.212612,-0.002136850851774222,0.7044908578300476,-1.5133498924255373
1751989233.2147307,-0.002057708227634423,0.704324529762268,-1.5128554519653319
1751989233.2168946,-0.001978565603494646,0.7041582016944885,-1.512361011505127
1751989233.2190452,-0.001899422979354869,0.7039918736267089,-1.5118665710449217
1751989233.2212,-0.0018202803552150699,0.7038255455589294,-1.5113721305847168
1751989233.22335,-0.0017411377310752928,0.7036592174911498,-1.5108776901245118
1751989233.2254865,-0.0016619951069354938,0.7034928894233703,-1.5103832496643066
1751989233.2275732,-0.0015828524827957166,0.7033265613555907,-1.5098888092041016
1751989233.2296014,-0.0015037098586559397,0.7031602332878113,-1.5093943687438967
1751989233.2316835,-0.0014245672345161407,0.7029939052200317,-1.5088999282836915
1751989233.2338421,-0.0013454246103763636,0.7028275771522522,-1.5084054878234865
1751989233.2359912,-0.0012662819862365646,0.7026612490844727,-1.5079110473632813
1751989233.2381403,-0.0011871393620967875,0.7024949210166931,-1.5074166069030763
1751989233.240296,-0.0011079967379570106,0.7023285929489136,-1.5069221664428714
1751989233.2424705,-0.0010288541138172116,0.702162264881134,-1.506427725982666
1751989233.2445037,-0.0009497114896774345,0.7019959368133545,-1.505933285522461
1751989233.2465122,-0.0008705688655376354,0.7018296087455749,-1.5054388450622558
1751989233.248566,-0.0007914262413978583,0.7016632806777954,-1.5049444046020508
1751989233.2507095,-0.0007122836172580813,0.7014969526100158,-1.5044499641418458
1751989233.2528582,-0.0006331409931182823,0.7013306245422363,-1.5039555236816406
1751989233.255011,-0.0005539983689785053,0.7011642964744568,-1.5034610832214357
1751989233.257163,-0.0004748557448387062,0.7009979684066772,-1.5029666427612303
1751989233.2593637,-0.00039571312069892916,0.7008316403388977,-1.5024722023010253
1751989233.261467,-0.00031657049655915215,0.7006653122711182,-1.5019777618408203
1751989233.2636182,-0.0002374278724193531,0.7004989842033386,-1.5014833213806151
1751989233.266076,-0.00015828524827957608,0.7003326561355591,-1.5009888809204102
1751989233.267591,-7.914262413977705e-05,0.7001663280677795,-1.500494440460205
1751989233.2697346,0.0,0.7,-1.5
1751989233.2718837,0.0,0.7,-1.5
1751989233.273974,0.0,0.7,-1.5
1751989233.2761734,0.0,0.7,-1.5
1751989233.2782807,0.0,0.7,-1.5
1751989233.280283,0.0,0.7,-1.5
1751989233.2823849,0.0,0.7,-1.5
1751989233.2844505,0.0,0.7,-1.5
1751989233.2865107,0.0,0.7,-1.5
1751989233.28857,0.0,0.7,-1.5
1751989233.2906573,0.0,0.7,-1.5
1751989233.292844,0.0,0.7,-1.5
1751989233.2949977,0.0,0.7,-1.5
1751989233.297062,0.0,0.7,-1.5
1751989233.2992232,0.0,0.7,-1.5
1751989233.301371,0.0,0.7,-1.5
1751989233.303448,0.0,0.7,-1.5
1751989233.3055074,0.0,0.7,-1.5
1751989233.3075688,0.0,0.7,-1.5
1751989233.3098028,0.0,0.7,-1.5
1751989233.311856,0.0,0.7,-1.5
1751989233.3139215,0.0,0.7,-1.5
1751989233.3160734,0.0,0.7,-1.5
1751989233.3182278,0.0,0.7,-1.5
1751989233.320378,0.0,0.7,-1.5
1751989233.3224583,0.0,0.7,-1.5
1751989233.3245194,0.0,0.7,-1.5
1751989233.3267143,0.0,0.7,-1.5
1751989233.3288314,0.0,0.7,-1.5
1751989233.3308363,0.0,0.7,-1.5
1751989233.3329823,0.0,0.7,-1.5
1751989233.3350904,0.0,0.7,-1.5
1751989233.3372428,0.0,0.7,-1.5
1751989233.3393924,0.0,0.7,-1.5
1751989233.3415613,0.0,0.7,-1.5
1751989233.3437066,0.0,0.7,-1.5
1751989233.3456178,0.0,0.7,-1.5
1751989233.347731,0.0,0.7,-1.5
1751989233.349878,0.0,0.7,-1.5
1751989233.352038,0.0,0.7,-1.5
1751989233.3541825,0.0,0.7,-1.5
1751989233.356269,0.0,0.7,-1.5
1751989233.3583603,0.0,0.7,-1.5
1751989233.360473,0.0,0.7,-1.5
1751989233.3627331,0.0,0.7,-1.5
1751989233.3646154,0.0,0.7,-1.5
1751989233.3665836,0.0,0.7,-1.5
1751989233.3687713,0.0,0.7,-1.5
1751989233.370963,0.0,0.7,-1.5
1751989233.3731804,0.0,0.7,-1.5
1751989233.3753946,0.0,0.7,-1.5
1751989233.3775156,0.0,0.7,-1.5
1751989233.3794775,0.0,0.7,-1.5
1751989233.3815105,0.0,0.7,-1.5
1751989233.383569,0.0,0.7,-1.5
1751989233.3857572,0.0,0.7,-1.5
1751989233.387951,0.0,0.7,-1.5
1751989233.3901424,0.0,0.7,-1.5
1751989233.3923945,0.0,0.7,-1.5
1751989233.3944023,0.0,0.7,-1.5
1751989233.3964643,0.0,0.7,-1.5
1751989233.3984897,0.0,0.7,-1.5
1751989233.4005477,0.0,0.7,-1.5
1751989233.4027383,0.0,0.7,-1.5
1751989233.4049287,0.0,0.7,-1.5
1751989233.4071221,0.0,0.7,-1.5
1751989233.409681,0.0,0.7,-1.5
1751989233.4114325,0.0,0.7,-1.5
1751989233.4134278,0.0,0.7,-1.5
1751989233.4154499,0.0,0.7,-1.5
1751989233.417491,0.0,0.7,-1.5
1751989233.4195485,0.0,0.7,-1.5
1751989233.421738,0.0,0.7,-1.5
1751989233.4238584,0.0,0.7,-1.5
1751989233.4260361,0.0,0.7,-1.5
1751989233.4281864,0.0,0.7,-1.5
1751989233.4303112,0.0,0.7,-1.5
1751989233.4324677,0.0,0.7,-1.5
1751989233.434509,0.0,0.7,-1.5
1751989233.4365642,0.0,0.7,-1.5
1751989233.4387538,0.0,0.7,-1.5
1751989233.4409645,0.0,0.7,-1.5
1751989233.443118,0.0,0.7,-1.5
1751989233.4452915,0.0,0.7,-1.5
1751989233.447392,0.0,0.7,-1.5
1751989233.449433,0.0,0.7,-1.5
1751989233.4514854,0.0,0.7,-1.5
1751989233.453543,0.0,0.7,-1.5
1751989233.4557354,0.0,0.7,-1.5
1751989233.4579122,0.0,0.7,-1.5
1751989233.460205,0.0,0.7,-1.5
1751989233.4621835,0.0,0.7,-1.5
1751989233.4643426,0.0,0.7,-1.5
1751989233.4664235,0.0,0.7,-1.5
1751989233.4684787,0.0,0.7,-1.5
1751989233.4705362,0.0,0.7,-1.5
1751989233.4727244,0.0,0.7,-1.5
1751989233.4749753,0.0,0.7,-1.5
1751989233.4770787,0.0,0.7,-1.5
1751989233.4791417,0.0,0.7,-1.5
1751989233.481318,0.0,0.7,-1.5
1751989233.4834163,0.0,0.7,-1.5
1751989233.48545,0.0,0.7,-1.5
1751989233.487508,0.0,0.7,-1.5
1751989233.4895666,0.0,0.7,-1.5
1751989233.491697,0.0,0.7,-1.5
1751989233.4938347,0.0,0.7,-1.5
1751989233.495948,0.0,0.7,-1.5
1751989233.4980364,0.0,0.7,-1.5
1751989233.5002325,0.0,0.7,-1.5
1751989233.5023956,0.0,0.7,-1.5
1751989233.5044541,0.0,0.7,-1.5
1751989233.5065107,0.0,0.7,-1.5
1751989233.5086024,0.0,0.7,-1.5
1751989233.5107362,0.0,0.7,-1.5
1751989233.512882,0.0,0.7,-1.5
1751989233.5150464,0.0,0.7,-1.5
1751989233.5172453,0.0,0.7,-1.5
1751989233.5194232,0.0,0.7,-1.5
1751989233.5214798,0.0,0.7,-1.5
1751989233.523538,0.0,0.7,-1.5
1751989233.52594,0.0,0.7,-1.5
1751989233.5278282,0.0,0.7,-1.5
1751989233.5299563,0.0,0.7,-1.5
1751989233.5321393,0.0,0.7,-1.5
1751989233.5343335,0.0,0.7,-1.5
1751989233.5364027,0.0,0.7,-1.5
1751989233.538419,0.0,0.7,-1.5
1751989233.540478,0.0,0.7,-1.5
1751989233.5426126,0.0,0.7,-1.5
1751989233.5447547,0.0,0.7,-1.5
1751989233.5475333,0.0,0.7,-1.5
1751989233.5515516,0.0,0.7,-1.5
1751989233.5555058,0.0,0.7,-1.5
1751989233.5596082,0.0,0.7,-1.5
1751989233.5638254,0.0,0.7,-1.5
1751989233.5672529,0.0,0.7,-1.5
1751989233.569847,0.0,0.7,-1.5
1751989233.5720704,0.0,0.7,-1.5
1751989233.5741663,0.0,0.7,-1.5
1751989233.576321,0.0,0.7,-1.5
1751989233.5783224,0.0,0.7,-1.5
1751989233.5804605,0.0,0.7,-1.5
1751989233.582491,0.0,0.7,-1.5
1751989233.584533,0.0,0.7,-1.5
1751989233.5865502,0.0,0.7,-1.5
1751989233.5886126,0.0,0.7,-1.5
1751989233.5907075,0.0,0.7,-1.5
1751989233.592859,0.0,0.7,-1.5
1751989233.594994,0.0,0.7,-1.5
1751989233.597027,0.0,0.7,-1.5
1751989233.5991907,0.0,0.7,-1.5
1751989233.601336,0.0,0.7,-1.5
1751989233.6034133,0.0,0.7,-1.5
1751989233.6054714,0.0,0.7,-1.5
1751989233.6075318,0.0,0.7,-1.5
1751989233.6097999,0.0,0.7,-1.5
1751989233.6118493,0.0,0.7,-1.5
1751989233.6138988,0.0,0.7,-1.5
1751989233.616063,0.0,0.7,-1.5
1751989233.6182346,0.0,0.7,-1.5
1751989233.6204119,0.0,0.7,-1.5
1751989233.622472,0.0,0.7,-1.5
1751989233.624548,0.0,0.7,-1.5
1751989233.6268895,0.0,0.7,-1.5
1751989233.6288147,0.0,0.7,-1.5
1751989233.6309245,0.0,0.7,-1.5
1751989233.6330898,0.0,0.7,-1.5
1751989233.6352608,0.0,0.7,-1.5
1751989233.6374228,0.0,0.7,-1.5
1751989233.6394796,0.0,0.7,-1.5
1751989233.6415455,0.0,0.7,-1.5
1751989233.6437218,0.0,0.7,-1.5
1751989233.6457937,0.0,0.7,-1.5
1751989233.6479075,0.0,0.7,-1.5
1751989233.6500795,0.0,0.7,-1.5
1751989233.6522484,0.0,0.7,-1.5
1751989233.6544082,0.0,0.7,-1.5
1751989233.6564648,0.0,0.7,-1.5
1751989233.6585684,0.0,0.7,-1.5
1751989233.6606717,0.0,0.7,-1.5
1751989233.6626441,0.0,0.7,-1.5
1751989233.6648304,0.0,0.7,-1.5
1751989233.6669934,0.0,0.7,-1.5
1751989233.6690898,0.0,0.7,-1.5
1751989233.6712596,0.0,0.7,-1.5
1751989233.6734023,0.0,0.7,-1.5
1751989233.6755438,0.0,0.7,-1.5
1751989233.6776056,0.0,0.7,-1.5
1751989233.679622,0.0,0.7,-1.5
1751989233.6817436,0.0,0.7,-1.5
1751989233.6839182,0.0,0.7,-1.5
1751989233.6860852,0.0,0.7,-1.5
1751989233.6882586,0.0,0.7,-1.5
1751989233.6904106,0.0,0.7,-1.5
1751989233.6925626,0.0,0.7,-1.5
1751989233.6947024,0.0,0.7,-1.5
1751989233.6967185,0.0,0.7,-1.5
1751989233.6988783,0.0,0.7,-1.5
1751989233.7010431,0.0,0.7,-1.5
1751989233.7032158,0.0,0.7,-1.5
1751989233.705402,0.0,0.7,-1.5
1751989233.7074604,0.0,0.7,-1.5
1751989233.7096791,0.0,0.7,-1.5
1751989233.7116952,0.0,0.7,-1.5
1751989233.7137318,0.0,0.7,-1.5
1751989233.7158592,0.0,0.7,-1.5
1751989233.7180214,0.0,0.7,-1.5
1751989233.7201843,0.0,0.7,-1.5
1751989233.72235,0.0,0.7,-1.5
1751989233.7244287,0.0,0.7,-1.5
1751989233.7266216,0.0,0.7,-1.5
1751989233.7287207,0.0,0.7,-1.5
1751989233.730724,0.0,0.7,-1.5
1751989233.732894,0.0,0.7,-1.5
1751989233.7350411,0.0,0.7,-1.5
1751989233.7372084,0.0,0.7,-1.5
1751989233.7393413,0.0,0.7,-1.5
1751989233.7415893,0.0,0.7,-1.5
1751989233.7437437,0.0,0.7,-1.5
1751989233.7456856,0.0,0.7,-1.5
1751989233.7477949,0.0,0.7,-1.5
1751989233.7499223,0.0,0.7,-1.5
1751989233.7520564,0.0,0.7,-1.5
1751989233.7541895,0.0,0.7,-1.5
1751989233.756316,0.0,0.7,-1.5
1751989233.758431,0.0,0.7,-1.5
1751989233.7605903,0.0,0.7,-1.5
1751989233.7626755,0.0,0.7,-1.5
1751989233.7646482,0.0,0.7,-1.5
1751989233.7667766,0.0,0.7,-1.5
1751989233.7688875,0.0,0.7,-1.5
1751989233.7710133,0.0,0.7,-1.5
1751989233.7731392,0.0,0.7,-1.5
1751989233.7752836,0.0,0.7,-1.5
1751989233.777518,0.0,0.7,-1.5
1751989233.7794857,0.0,0.7,-1.5
1751989233.7815294,0.0,0.7,-1.5
1751989233.7835484,0.0,0.7,-1.5
1751989233.7856104,0.0,0.7,-1.5
1751989233.7876747,0.0,0.7,-1.5
1751989233.7897964,0.0,0.7,-1.5
1751989233.7919376,0.0,0.7,-1.5
1751989233.7940605,0.0,0.7,-1.5
1751989233.796196,0.0,0.7,-1.5
1751989233.7982812,0.0,0.7,-1.5
1751989233.8004138,0.0,0.7,-1.5
1751989233.8025205,0.0,0.7,-1.5
1751989233.8045447,0.0,0.7,-1.5
1751989233.8066242,0.0,0.7,-1.5
1751989233.8087158,0.0,0.7,-1.5
1751989233.8109083,0.0,0.7,-1.5
1751989233.81291,0.0,0.7,-1.5
1751989233.8150213,0.0,0.7,-1.5
1751989233.817159,0.0,0.7,-1.5
1751989233.8192966,0.0,0.7,-1.5
1751989233.8214252,0.0,0.7,-1.5
1751989233.823537,0.0,0.7,-1.5
1751989233.825668,0.0,0.7,-1.5
1751989233.827741,0.0,0.7,-1.5
1751989233.8298054,0.0,0.7,-1.5
1751989233.831868,0.0,0.7,-1.5
1751989233.8340034,0.0,0.7,-1.5
1751989233.8361278,0.0,0.7,-1.5
1751989233.8382652,0.0,0.7,-1.5
1751989233.8403924,0.0,0.7,-1.5
1751989233.8425581,0.0,0.7,-1.5
1751989233.8445861,0.0,0.7,-1.5
1751989233.8465095,0.0,0.7,-1.5
1751989233.8485637,0.0,0.7,-1.5
1751989233.8506253,0.0,0.7,-1.5
1751989233.8527577,0.0,0.7,-1.5
1751989233.8548918,0.0,0.7,-1.5
1751989233.8569849,0.0,0.7,-1.5
1751989233.8592012,0.0,0.7,-1.5
1751989233.8612237,0.0,0.7,-1.5
1751989233.8632946,0.0,0.7,-1.5
1751989233.8653998,0.0,0.7,-1.5
1751989233.8674881,0.0,0.7,-1.5
1751989233.8695767,0.0,0.7,-1.5
1751989233.8716168,0.0,0.7,-1.5
1751989233.8737538,0.0,0.7,-1.5
1751989233.8759258,0.0,0.7,-1.5
1751989233.8780053,0.0,0.7,-1.5
1751989233.8801055,0.0,0.7,-1.5
1751989233.8822374,0.0,0.7,-1.5
1751989233.884376,0.0,0.7,-1.5
1751989233.88646,0.0,0.7,-1.5
1751989233.8884807,0.0,0.7,-1.5
1751989233.8905408,0.0,0.7,-1.5
1751989233.8927243,0.0,0.7,-1.5
1751989233.8947759,0.0,0.7,-1.5
1751989233.8968523,0.0,0.7,-1.5
1751989233.8989787,0.0,0.7,-1.5
1751989233.9011161,0.0,0.7,-1.5
1751989233.9032586,0.0,0.7,-1.5
1751989233.9053931,0.0,0.7,-1.5
1751989233.9075272,0.0,0.7,-1.5
1751989233.9097667,0.0,0.7,-1.5
1751989233.9117725,0.0,0.7,-1.5
1751989233.9138317,0.0,0.7,-1.5
1751989233.9159665,0.0,0.7,-1.5
1751989233.9181042,0.0,0.7,-1.5
1751989233.9202483,0.0,0.7,-1.5
1751989233.9223816,0.0,0.7,-1.5
1751989233.924477,0.0,0.7,-1.5
1751989233.9266539,0.0,0.7,-1.5
1751989233.9286828,0.0,0.7,-1.5
1751989233.9307446,0.0,0.7,-1.5
1751989233.932883,0.0,0.7,-1.5
1751989233.9350197,0.0,0.7,-1.5
1751989233.9371133,0.0,0.7,-1.5
1751989233.939255,0.0,0.7,-1.5
1751989233.941402,0.0,0.7,-1.5
1751989233.9435422,0.0,0.7,-1.5
1751989233.9457326,0.0,0.7,-1.5
1751989233.9476507,0.0,0.7,-1.5
1751989233.9497683,0.0,0.7,-1.5
1751989233.9518971,0.0,0.7,-1.5
1751989233.954033,0.0,0.7,-1.5
1751989233.9561672,0.0,0.7,-1.5
1751989233.9583066,0.0,0.7,-1.5
1751989233.9605749,0.0,0.7,-1.5
1751989233.9625146,0.0,0.7,-1.5
1751989233.9645486,0.0,0.7,-1.5
1751989233.9666097,0.0,0.7,-1.5
1751989233.9687407,0.0,0.7,-1.5
1751989233.9708772,0.0,0.7,-1.5
1751989233.9730165,0.0,0.7,-1.5
1751989233.9751549,0.0,0.7,-1.5
1751989233.9772983,0.0,0.7,-1.5
1751989233.9793928,0.0,0.7,-1.5
1751989233.9814453,0.0,0.7,-1.5
1751989233.983492,0.0,0.7,-1.5
1751989233.9855387,0.0,0.7,-1.5
1751989233.987598,0.0,0.7,-1.5
1751989233.9897285,0.0,0.7,-1.5
1751989233.991829,0.0,0.7,-1.5
1751989233.9940634,0.0,0.7,-1.5
1751989233.9960542,0.0,0.7,-1.5
1751989233.9981732,0.0,0.7,-1.5
1751989234.0003195,0.0,0.7,-1.5
1751989234.0024369,0.0,0.7,-1.5
1751989234.004476,0.0,0.7,-1.5
1751989234.006538,0.0,0.7,-1.5
1751989234.0086439,0.0,0.7,-1.5
1751989234.0107691,0.0,0.7,-1.5
1751989234.012839,0.0,0.7,-1.5
1751989234.0148966,0.0,0.7,-1.5
1751989234.0170405,0.0,0.7,-1.5
1751989234.0191755,0.0,0.7,-1.5
1751989234.021319,0.0,0.7,-1.5
1751989234.0234334,0.0,0.7,-1.5
1751989234.025537,0.0,0.7,-1.5
1751989234.0276177,0.0,0.7,-1.5
1751989234.0296261,0.0,0.7,-1.5
1751989234.0317564,0.0,0.7,-1.5
1751989234.0338895,0.0,0.7,-1.5
1751989234.036029,0.0,0.7,-1.5
1751989234.0381215,0.0,0.7,-1.5
1751989234.0402682,0.0,0.7,-1.5
1751989234.0424423,0.0,0.7,-1.5
1751989234.044506,0.0,0.7,-1.5
1751989234.0465224,0.0,0.7,-1.5
1751989234.0485642,0.0,0.7,-1.5
1751989234.0506215,0.0,0.7,-1.5
1751989234.0527518,0.0,0.7,-1.5
1751989234.054887,0.0,0.7,-1.5
1751989234.0570235,0.0,0.7,-1.5
1751989234.059208,0.0,0.7,-1.5
1751989234.0612996,0.0,0.7,-1.5
1751989234.0633657,0.0,0.7,-1.5
1751989234.0654483,0.0,0.7,-1.5
1751989234.0674756,0.0,0.7,-1.5
1751989234.0695393,0.0,0.7,-1.5
1751989234.0716114,0.0,0.7,-1.5
1751989234.0737314,0.0,0.7,-1.5
1751989234.0759144,0.0,0.7,-1.5
1751989234.0779896,0.0,0.7,-1.5
1751989234.0800738,0.0,0.7,-1.5
1751989234.0822186,0.0,0.7,-1.5
1751989234.0843494,0.0,0.7,-1.5
1751989234.086438,0.0,0.7,-1.5
1751989234.0884814,0.0,0.7,-1.5
1751989234.090545,0.0,0.7,-1.5
1751989234.092661,0.0,0.7,-1.5
1751989234.0947723,0.0,0.7,-1.5
1751989234.0968375,0.0,0.7,-1.5
1751989234.0989738,0.0,0.7,-1.5
1751989234.1011097,0.0,0.7,-1.5
1751989234.10325,0.0,0.7,-1.5
1751989234.1053886,0.0,0.7,-1.5
1751989234.1074822,0.0,0.7,-1.5
1751989234.1096451,0.0,0.7,-1.5
1751989234.1117013,0.0,0.7,-1.5
1751989234.1137328,0.0,0.7,-1.5
1751989234.115819,0.0,0.7,-1.5
1751989234.1179683,0.0,0.7,-1.5
1751989234.1201036,0.0,0.7,-1.5
1751989234.1222503,0.0,0.7,-1.5
1751989234.1243517,0.0,0.7,-1.5
1751989234.1265917,0.0,0.7,-1.5
1751989234.1285512,0.0,0.7,-1.5
1751989234.1305482,0.0,0.7,-1.5
1751989234.1326046,0.0,0.7,-1.5
1751989234.1347346,0.0,0.7,-1.5
1751989234.1368704,0.0,0.7,-1.5
1751989234.1390114,0.0,0.7,-1.5
1751989234.1411614,0.0,0.7,-1.5
1751989234.143373,0.0,0.7,-1.5
1751989234.1455224,0.0,0.7,-1.5
1751989234.147484,0.0,0.7,-1.5
1751989234.1495414,0.0,0.7,-1.5
1751989234.1516037,0.0,0.7,-1.5
1751989234.1537387,0.0,0.7,-1.5
1751989234.1558726,0.0,0.7,-1.5
1751989234.158042,0.0,0.7,-1.5
1751989234.160331,0.0,0.7,-1.5
1751989234.1622405,0.0,0.7,-1.5
1751989234.1643417,0.0,0.7,-1.5
1751989234.1664283,0.0,0.7,-1.5
1751989234.168478,0.0,0.7,-1.5
1751989234.1705399,0.0,0.7,-1.5
1751989234.1726027,0.0,0.7,-1.5
1751989234.1747568,0.0,0.7,-1.5
1751989234.1770644,0.0,0.7,-1.5
1751989234.1789804,0.0,0.7,-1.5
1751989234.1810665,0.0,0.7,-1.5
1751989234.1832154,0.0,0.7,-1.5
1751989234.185351,0.0,0.7,-1.5
1751989234.187441,0.0,0.7,-1.5
1751989234.189485,0.0,0.7,-1.5
1751989234.1915638,0.0,0.7,-1.5
1751989234.1937072,0.0,0.7,-1.5
1751989234.1958199,0.0,0.7,-1.5
1751989234.1978493,0.0,0.7,-1.5
1751989234.1999907,0.0,0.7,-1.5
1751989234.2021265,0.0,0.7,-1.5
1751989234.2042682,0.0,0.7,-1.5
1751989234.2064009,0.0,0.7,-1.5
1751989234.2084925,0.0,0.7,-1.5
1751989234.2105987,0.0,0.7,-1.5
1751989234.2125707,0.0,0.7,-1.5
1751989234.2146218,0.0,0.7,-1.5
1751989234.2167656,0.0,0.7,-1.5
1751989234.218896,0.0,0.7,-1.5
1751989234.221032,0.0,0.7,-1.5
1751989234.2231672,0.0,0.7,-1.5
1751989234.2253168,0.0,0.7,-1.5
1751989234.227571,0.0,0.7,-1.5
1751989234.2295165,0.0,0.7,-1.5
1751989234.2315443,0.0,0.7,-1.5
1751989234.2336097,0.0,0.7,-1.5
1751989234.2357397,0.0,0.7,-1.5
1751989234.2378747,0.0,0.7,-1.5
1751989234.2400107,0.0,0.7,-1.5
1751989234.2421463,0.0,0.7,-1.5
1751989234.244285,0.0,0.7,-1.5
1751989234.2463565,0.0,0.7,-1.5
1751989234.2484324,0.0,0.7,-1.5
1751989234.250482,0.0,0.7,-1.5
1751989234.2525408,0.0,0.7,-1.5
1751989234.2546048,0.0,0.7,-1.5
1751989234.2566645,0.0,0.7,-1.5
1751989234.2587893,0.0,0.7,-1.5
1751989234.2609336,0.0,0.7,-1.5
1751989234.26299,0.0,0.7,-1.5
1751989234.2651227,0.0,0.7,-1.5
1751989234.267261,0.0,0.7,-1.5
1751989234.2693949,0.0,0.7,-1.5
1751989234.2714813,0.0,0.7,-1.5
1751989234.2735422,0.0,0.7,-1.5
1751989234.2756703,0.0,0.7,-1.5
1751989234.2777686,0.0,0.7,-1.5
1751989234.2798095,0.0,0.7,-1.5
1751989234.2818837,0.0,0.7,-1.5
1751989234.2840226,0.0,0.7,-1.5
1751989234.2861602,0.0,0.7,-1.5
1751989234.2883036,0.0,0.7,-1.5
1751989234.2904468,0.0,0.7,-1.5
1751989234.2925284,0.0,0.7,-1.5
1751989234.294637,0.0,0.7,-1.5
1751989234.2966282,0.0,0.7,-1.5
1751989234.2987592,0.0,0.7,-1.5
1751989234.3008533,0.0,0.7,-1.5
1751989234.3029895,0.0,0.7,-1.5
1751989234.3051264,0.0,0.7,-1.5
1751989234.3072274,0.0,0.7,-1.5
1751989234.309417,0.0,0.7,-1.5
1751989234.3116345,0.0,0.7,-1.5
1751989234.3135927,0.0,0.7,-1.5
1751989234.315645,0.0,0.7,-1.5
1751989234.3177817,0.0,0.7,-1.5
1751989234.3199189,0.0,0.7,-1.5
1751989234.322054,0.0,0.7,-1.5
1751989234.3242621,0.0,0.7,-1.5
1751989234.3264997,0.0,0.7,-1.5
1751989234.328575,0.0,0.7,-1.5
1751989234.330539,0.0,0.7,-1.5
1751989234.3325975,0.0,0.7,-1.5
1751989234.3347304,0.0,0.7,-1.5
1751989234.3368928,0.0,0.9,-1.7
1751989234.3393464,0.0,0.9,-1.7
1751989234.3415277,0.0,0.9,-1.7
1751989234.34364,0.0,0.9,-1.7
1751989234.3457513,-0.08831534534692764,0.6254427671432495,-1.4196972668170929
1751989234.3480842,-0.08831534534692764,0.6254427671432495,-1.4196972668170929
1751989234.3500834,-0.00866931863129139,0.6324270009994507,-1.44087455868721
1751989234.3521702,-0.00866931863129139,0.6324270009994507,-1.44087455868721
1751989234.3542707,-0.00866931863129139,0.6324270009994507,-1.44087455868721
1751989234.356359,-0.00866931863129139,0.6324270009994507,-1.44087455868721
1751989234.359312,-0.06360417604446411,0.8995873495936394,-1.3869408190250396
1751989234.3611085,-0.06360417604446411,0.8995873495936394,-1.3869408190250396
1751989234.3634143,-0.06360417604446411,0.8995873495936394,-1.3869408190250396
1751989234.3656673,-0.06360417604446411,0.8995873495936394,-1.3869408190250396
1751989234.3677452,-0.10806367546319962,0.8703217707574368,-1.2447782576084137
1751989234.3698375,-0.10806367546319962,0.8703217707574368,-1.2447782576084137
1751989234.3719282,-0.10806367546319962,0.8703217707574368,-1.2447782576084137
1751989234.3741634,-0.024085761979222298,0.8648159593343735,-1.3308715641498565
1751989234.376919,-0.024085761979222298,0.8648159593343735,-1.3308715641498565
1751989234.3789942,-0.024085761979222298,0.8648159593343735,-1.3308715641498565
1751989234.3827138,-0.024085761979222298,0.8648159593343735,-1.3308715641498565
1751989234.3834503,-0.024085761979222298,0.8648159593343735,-1.3308715641498565
1751989234.3855298,0.0020734425634145737,0.7572238385677338,-1.2424597561359405
1751989234.3876092,0.0020734425634145737,0.7572238385677338,-1.2424597561359405
1751989234.3897016,0.0020734425634145737,0.7572238385677338,-1.2424597561359405
1751989234.3932025,0.0020734425634145737,0.7572238385677338,-1.2424597561359405
1751989234.395896,0.0020734425634145737,0.7572238385677338,-1.2424597561359405
1751989234.39776,0.0033371951431035995,0.8315244257450104,-1.3437391936779022
1751989234.4014103,0.0033371951431035995,0.8315244257450104,-1.3437391936779022
1751989234.402261,0.0033371951431035995,0.8315244257450104,-1.3437391936779022
1751989234.4043589,0.00142696313560009,0.765911677479744,-1.2830150544643402
1751989234.4063756,0.00142696313560009,0.765911677479744,-1.2830150544643402
1751989234.408714,0.00142696313560009,0.765911677479744,-1.2830150544643402
1751989234.4130712,0.00142696313560009,0.765911677479744,-1.2830150544643402
1751989234.4138184,0.00142696313560009,0.765911677479744,-1.2830150544643402
1751989234.4159214,0.038563624024391174,0.7835577368736267,-1.438134205341339
1751989234.418016,0.038563624024391174,0.7835577368736267,-1.438134205341339
1751989234.4201627,0.014490438625216484,0.7394935578107834,-1.3272786855697631
1751989234.4222677,0.014490438625216484,0.7394935578107834,-1.3272786855697631
1751989234.4244168,0.014490438625216484,0.7394935578107834,-1.3272786855697631
1751989234.429144,0.014490438625216484,0.7394935578107834,-1.3272786855697631
1751989234.4299078,0.014490438625216484,0.7394935578107834,-1.3272786855697631
1751989234.4321814,0.05902071297168732,0.815228970348835,-1.5513514399528503
1751989234.434267,0.05902071297168732,0.815228970348835,-1.5513514399528503
1751989234.4363627,0.05902071297168732,0.815228970348835,-1.5513514399528503
1751989234.4399824,0.03214600682258606,0.7324872851371765,-1.328695249557495
1751989234.4449763,0.03214600682258606,0.7324872851371765,-1.328695249557495
1751989234.4471838,0.03214600682258606,0.7324872851371765,-1.328695249557495
1751989234.4492645,0.03214600682258606,0.7324872851371765,-1.328695249557495
1751989234.4517283,0.05143237113952637,0.8079006165266037,-1.7408533960580825
1751989234.4538198,0.05143237113952637,0.8079006165266037,-1.7408533960580825
1751989234.455909,0.05143237113952637,0.8079006165266037,-1.7408533960580825
1751989234.4618425,0.05143237113952637,0.8079006165266037,-1.7408533960580825
1751989234.4626336,0.05143237113952637,0.8079006165266037,-1.7408533960580825
1751989234.464746,0.02140151895582676,0.6913441509008408,-1.3056475043296814
1751989234.4668033,0.02140151895582676,0.6913441509008408,-1.3056475043296814
1751989234.4689012,0.02140151895582676,0.6913441509008408,-1.3056475043296814
1751989234.4715135,0.02140151895582676,0.6913441509008408,-1.3056475043296814
1751989234.4736006,0.06874887645244598,0.8080446660518646,-1.9834071218967437
1751989234.4769027,0.06874887645244598,0.8080446660518646,-1.9834071218967437
1751989234.479217,0.06874887645244598,0.8080446660518646,-1.9834071218967437
1751989234.4818633,0.06874887645244598,0.8080446660518646,-1.9834071218967437
1751989234.483939,-0.0115277711302042,0.6902157604694367,-1.2917831659317016
1751989234.4860256,-0.0115277711302042,0.6902157604694367,-1.2917831659317016
1751989234.4881213,-0.0115277711302042,0.6902157604694367,-1.2917831659317016
1751989234.4902587,0.11378049850463867,0.7871397316455842,-1.4926405817270278
1751989234.492645,0.11378049850463867,0.7871397316455842,-1.4926405817270278
1751989234.4946342,0.11378049850463867,0.7871397316455842,-1.4926405817270278
1751989234.4966216,0.11378049850463867,0.7871397316455842,-1.4926405817270278
1751989234.4986746,-0.24298244714736938,1.1422924041748048,-1.5483390897512437
1751989234.5007575,-0.24298244714736938,1.1422924041748048,-1.5483390897512437
1751989234.5028446,-0.24298244714736938,1.1422924041748048,-1.5483390897512437
1751989234.5049403,-0.24298244714736938,1.1422924041748048,-1.5483390897512437
1751989234.5070229,-0.1420877814292908,0.9551160693168641,-1.5990057110786438
1751989234.5100844,-0.1420877814292908,0.9551160693168641,-1.5990057110786438
1751989234.5120275,-0.1420877814292908,0.9551160693168641,-1.5990057110786438
1751989234.5140114,-0.1420877814292908,0.9551160693168641,-1.5990057110786438
1751989234.5160758,-0.2990801930427551,0.9179806232452393,-1.8106179237365723
1751989234.518164,-0.2990801930427551,0.9179806232452393,-1.8106179237365723
1751989234.5202575,-0.2990801930427551,0.9179806232452393,-1.8106179237365723
1751989234.5223603,-0.2990801930427551,0.9179806232452393,-1.8106179237365723
1751989234.524663,0.2060466766357422,0.853956425189972,-1.5393302530050277
1751989234.5266552,0.2060466766357422,0.853956425189972,-1.5393302530050277
1751989234.5289793,0.2060466766357422,0.853956425189972,-1.5393302530050277
1751989234.5309393,0.2060466766357422,0.853956425189972,-1.5393302530050277
1751989234.5329947,-0.04769598245620728,0.9995094656944276,-1.713819432258606
1751989234.5350883,-0.04769598245620728,0.9995094656944276,-1.713819432258606
1751989234.5371802,-0.04769598245620728,0.9995094656944276,-1.713819432258606
1751989234.5392802,-0.04769598245620728,0.9995094656944276,-1.713819432258606
1751989234.5413728,-0.04212042093276978,0.858746999502182,-1.8522492170333862
1751989234.5462184,-0.04212042093276978,0.858746999502182,-1.8522492170333862
1751989234.5481474,-0.04212042093276978,0.858746999502182,-1.8522492170333862
1751989234.5502465,-0.04212042093276978,0.858746999502182,-1.8522492170333862
1751989234.5523195,0.11393465995788574,0.7384457290172577,-1.6847435116767884
1751989234.5544064,0.11393465995788574,0.7384457290172577,-1.6847435116767884
1751989234.556444,0.11393465995788574,0.7384457290172577,-1.6847435116767884
1751989234.5587697,0.11393465995788574,0.7384457290172577,-1.6847435116767884
1751989234.5627146,-0.16263855695724488,0.8655643582344056,-1.6736562490463256
1751989234.5644572,-0.16263855695724488,0.8655643582344056,-1.6736562490463256
1751989234.5665083,-0.16263855695724488,0.8655643582344056,-1.6736562490463256
1751989234.569005,-0.16263855695724488,0.8655643582344056,-1.6736562490463256
1751989234.5706506,-0.037507593631744385,0.8309292674064637,-1.6737053394317627
1751989234.572732,-0.037507593631744385,0.8309292674064637,-1.6737053394317627
1751989234.5752597,-0.037507593631744385,0.8309292674064637,-1.6737053394317627
1751989234.5780864,-0.037507593631744385,0.8309292674064637,-1.6737053394317627
1751989234.580487,-0.08314621448516846,0.9523928046226502,-1.6030629992485046
1751989234.5825112,-0.08314621448516846,0.9523928046226502,-1.6030629992485046
1751989234.5845697,-0.08314621448516846,0.9523928046226502,-1.6030629992485046
1751989234.587375,-0.08314621448516846,0.9523928046226502,-1.6030629992485046
1751989234.58872,-0.17552942037582397,1.023016619682312,-1.611265194416046
1751989234.590809,-0.17552942037582397,1.023016619682312,-1.611265194416046
1751989234.5929117,-0.17552942037582397,1.023016619682312,-1.611265194416046
1751989234.5955772,-0.17552942037582397,1.023016619682312,-1.611265194416046
1751989234.5982754,-0.017545139789581304,0.8984611451625825,-1.7452824592590332
1751989234.6003082,-0.017545139789581304,0.8984611451625825,-1.7452824592590332
1751989234.6026015,-0.017545139789581304,0.8984611451625825,-1.7452824592590332
1751989234.6044564,-0.017545139789581304,0.8984611451625825,-1.7452824592590332
1751989234.606504,-0.08752950429916383,1.0142632961273195,-1.588288927078247
1751989234.6109388,-0.08752950429916383,1.0142632961273195,-1.588288927078247
1751989234.6118376,-0.08752950429916383,1.0142632961273195,-1.588288927078247
1751989234.6142871,-0.08752950429916383,1.0142632961273195,-1.588288927078247
1751989234.6161304,-0.15044199228286745,0.9409632921218872,-1.5828734517097474
1751989234.618198,-0.15044199228286745,0.9409632921218872,-1.5828734517097474
1751989234.620287,-0.15044199228286745,0.9409632921218872,-1.5828734517097474
1751989234.6223905,-0.15044199228286745,0.9409632921218872,-1.5828734517097474
1751989234.6244733,-0.06814117431640626,0.9149922013282776,-1.7876085996627809
1751989234.627136,-0.06814117431640626,0.9149922013282776,-1.7876085996627809
1751989234.6291635,-0.06814117431640626,0.9149922013282776,-1.7876085996627809
1751989234.6313112,-0.06814117431640626,0.9149922013282776,-1.7876085996627809
1751989234.6333232,-0.17295235395431519,1.0790719509124758,-1.6801660418510438
1751989234.63541,-0.17295235395431519,1.0790719509124758,-1.6801660418510438
1751989234.6374457,-0.17295235395431519,1.0790719509124758,-1.6801660418510438
1751989234.6395123,-0.17295235395431519,1.0790719509124758,-1.6801660418510438
1751989234.6427677,-0.07928982973098755,0.9131938338279725,-1.67574200630188
1751989234.6461515,-0.07928982973098755,0.9131938338279725,-1.67574200630188
1751989234.6481144,-0.07928982973098755,0.9131938338279725,-1.67574200630188
1751989234.6502542,-0.07928982973098755,0.9131938338279725,-1.67574200630188
1751989234.652334,-0.035015904903411874,0.8509272336959839,-1.8080508947372436
1751989234.6544166,-0.035015904903411874,0.8509272336959839,-1.8080508947372436
1751989234.6564512,-0.035015904903411874,0.8509272336959839,-1.8080508947372436
1751989234.6585488,-0.035015904903411874,0.8509272336959839,-1.8080508947372436
1751989234.6605968,-0.035015904903411874,0.8509272336959839,-1.8080508947372436
1751989234.6641357,-0.20954087972640992,0.9103943586349488,-1.686126720905304
1751989234.6661253,-0.20954087972640992,0.9103943586349488,-1.686126720905304
1751989234.6687043,-0.20954087972640992,0.9103943586349488,-1.686126720905304
1751989234.6703,-0.12540485858917239,0.8531488656997681,-1.5923354864120483
1751989234.672558,-0.12540485858917239,0.8531488656997681,-1.5923354864120483
1751989234.6745298,-0.12540485858917239,0.8531488656997681,-1.5923354864120483
1751989234.6779075,-0.12540485858917239,0.8531488656997681,-1.5923354864120483
1751989234.6800003,-0.05678724050521851,0.9530271649360658,-1.620257604122162
1751989234.6820712,-0.05678724050521851,0.9530271649360658,-1.620257604122162
1751989234.6841676,-0.05678724050521851,0.9530271649360658,-1.620257604122162
1751989234.6867433,-0.05678724050521851,0.9530271649360658,-1.620257604122162
1751989234.688335,-0.23814910650253296,1.0442665100097657,-1.5914482951164246
1751989234.6904216,-0.23814910650253296,1.0442665100097657,-1.5914482951164246
1751989234.6950216,-0.23814910650253296,1.0442665100097657,-1.5914482951164246
1751989234.697516,-0.23814910650253296,1.0442665100097657,-1.5914482951164246
1751989234.6989405,-0.20818356275558472,1.0004379749298096,-1.6753349900245667
1751989234.701025,-0.20818356275558472,1.0004379749298096,-1.6753349900245667
1751989234.703271,-0.20818356275558472,1.0004379749298096,-1.6753349900245667
1751989234.7056046,-0.20818356275558472,1.0004379749298096,-1.6753349900245667
1751989234.7072964,-0.12040378451347351,0.9700195670127869,-1.631504774093628
1751989234.7113905,-0.12040378451347351,0.9700195670127869,-1.631504774093628
1751989234.7131197,-0.12040378451347351,0.9700195670127869,-1.631504774093628
1751989234.7151077,-0.12040378451347351,0.9700195670127869,-1.631504774093628
1751989234.71713,-0.2040908455848694,1.0098666191101076,-1.651846969127655
1751989234.7192135,-0.2040908455848694,1.0098666191101076,-1.651846969127655
1751989234.7212996,-0.2040908455848694,1.0098666191101076,-1.651846969127655
1751989234.7234025,-0.2040908455848694,1.0098666191101076,-1.651846969127655
1751989234.7289116,-0.22036272287368774,0.9696051478385925,-1.6374481320381165
1751989234.7305608,-0.22036272287368774,0.9696051478385925,-1.6374481320381165
1751989234.732615,-0.22036272287368774,0.9696051478385925,-1.6374481320381165
1751989234.7346828,-0.22036272287368774,0.9696051478385925,-1.6374481320381165
1751989234.7367463,-0.18931870460510256,1.0269636154174806,-1.6154416799545288
1751989234.7388444,-0.18931870460510256,1.0269636154174806,-1.6154416799545288
1751989234.7409372,-0.18931870460510256,1.0269636154174806,-1.6154416799545288
1751989234.7449188,-0.18931870460510256,1.0269636154174806,-1.6154416799545288
1751989234.74704,-0.22970008850097656,0.9719174981117249,-1.6308491945266723
1751989234.7491012,-0.22970008850097656,0.9719174981117249,-1.6308491945266723
1751989234.751194,-0.22970008850097656,0.9719174981117249,-1.6308491945266723
1751989234.7537768,-0.22970008850097656,0.9719174981117249,-1.6308491945266723
1751989234.75537,-0.17722398042678833,0.9687289237976074,-1.674446952342987
1751989234.757418,-0.17722398042678833,0.9687289237976074,-1.674446952342987
1751989234.7598076,-0.17722398042678833,0.9687289237976074,-1.674446952342987
1751989234.762893,-0.17722398042678833,0.9687289237976074,-1.674446952342987
1751989234.7638476,-0.21578738689422608,0.9805336117744446,-1.5718162059783936
1751989234.7659454,-0.21578738689422608,0.9805336117744446,-1.5718162059783936
1751989234.7680297,-0.21578738689422608,0.9805336117744446,-1.5718162059783936
1751989234.7706163,-0.21578738689422608,0.9805336117744446,-1.5718162059783936
1751989234.772208,-0.19218794107437134,0.9804455041885376,-1.664581334590912
1751989234.7743258,-0.19218794107437134,0.9804455041885376,-1.664581334590912
1751989234.7777512,-0.19218794107437134,0.9804455041885376,-1.664581334590912
1751989234.7804337,-0.19218794107437134,0.9804455041885376,-1.664581334590912
1751989234.7818024,-0.22780243158340455,0.9730625152587891,-1.6175052046775817
1751989234.783885,-0.22780243158340455,0.9730625152587891,-1.6175052046775817
1751989234.7859719,-0.22780243158340455,0.9730625152587891,-1.6175052046775817
1751989234.7880661,-0.22780243158340455,0.9730625152587891,-1.6175052046775817
1751989234.790146,-0.18792041540145876,0.9507430076599122,-1.6295602083206178
1751989234.7933197,-0.18792041540145876,0.9507430076599122,-1.6295602083206178
1751989234.7953603,-0.18792041540145876,0.9507430076599122,-1.6295602083206178
1751989234.7975202,-0.18792041540145876,0.9507430076599122,-1.6295602083206178
1751989234.7994616,-0.21456441879272461,0.9639833092689515,-1.5958999633789062
1751989234.8015053,-0.21456441879272461,0.9639833092689515,-1.5958999633789062
1751989234.8035648,-0.21456441879272461,0.9639833092689515,-1.5958999633789062
1751989234.8056571,-0.21456441879272461,0.9639833092689515,-1.5958999633789062
1751989234.8110535,-0.21138418912887574,0.9832347750663758,-1.6068166971206665
1751989234.8119266,-0.21138418912887574,0.9832347750663758,-1.6068166971206665
1751989234.814188,-0.21138418912887574,0.9832347750663758,-1.6068166971206665
1751989234.816119,-0.21138418912887574,0.9832347750663758,-1.6068166971206665
1751989234.8183265,-0.19025068283081056,0.9435012698173524,-1.6266920685768127
1751989234.8204117,-0.19025068283081056,0.9435012698173524,-1.6266920685768127
1751989234.8224564,-0.19025068283081056,0.9435012698173524,-1.6266920685768127
1751989234.8246398,-0.19025068283081056,0.9435012698173524,-1.6266920685768127
1751989234.829568,-0.19025068283081056,0.9435012698173524,-1.6266920685768127
1751989234.8311174,-0.1945313334465027,0.9560876846313477,-1.605484664440155
1751989234.8332078,-0.1945313334465027,0.9560876846313477,-1.605484664440155
1751989234.8357816,-0.1945313334465027,0.9560876846313477,-1.605484664440155
1751989234.837374,-0.2031478762626648,0.9523848176002503,-1.6071585655212401
1751989234.83945,-0.2031478762626648,0.9523848176002503,-1.6071585655212401
1751989234.8418849,-0.2031478762626648,0.9523848176002503,-1.6071585655212401
1751989234.8468266,-0.2031478762626648,0.9523848176002503,-1.6071585655212401
1751989234.848181,-0.1995831847190857,0.9456107735633851,-1.6278367400169373
1751989234.8502738,-0.1995831847190857,0.9456107735633851,-1.6278367400169373
1751989234.852361,-0.1995831847190857,0.9456107735633851,-1.6278367400169373
1751989234.854453,-0.1995831847190857,0.9456107735633851,-1.6278367400169373
1751989234.8565948,-0.19986687898635866,0.9390616536140443,-1.6282118201255797
1751989234.859378,-0.19986687898635866,0.9390616536140443,-1.6282118201255797
1751989234.8623793,-0.19986687898635866,0.9390616536140443,-1.6282118201255797
1751989234.864748,-0.19986687898635866,0.9390616536140443,-1.6282118201255797
1751989234.8664386,-0.19490903615951538,0.9421983122825623,-1.6389564752578736
1751989234.8685975,-0.19490903615951538,0.9421983122825623,-1.6389564752578736
1751989234.8707283,-0.19490903615951538,0.9421983122825623,-1.6389564752578736
1751989234.8728247,-0.19490903615951538,0.9421983122825623,-1.6389564752578736
1751989234.8748753,-0.2058827042579651,0.939750349521637,-1.614343273639679
1751989234.8783436,-0.2058827042579651,0.939750349521637,-1.614343273639679
1751989234.8803616,-0.2058827042579651,0.939750349521637,-1.614343273639679
1751989234.8824165,-0.2058827042579651,0.939750349521637,-1.614343273639679
1751989234.8844495,-0.20314952135086062,0.9396979212760925,-1.6303646445274353
1751989234.8865063,-0.20314952135086062,0.9396979212760925,-1.6303646445274353
1751989234.8885639,-0.20314952135086062,0.9396979212760925,-1.6303646445274353
1751989234.890674,-0.20314952135086062,0.9396979212760925,-1.6303646445274353
1751989234.895525,-0.20734494924545288,0.9250774741172791,-1.6297884702682495
1751989234.896808,-0.20734494924545288,0.9250774741172791,-1.6297884702682495
1751989234.8988886,-0.20734494924545288,0.9250774741172791,-1.6297884702682495
1751989234.9014754,-0.20734494924545288,0.9250774741172791,-1.6297884702682495
1751989234.9031918,-0.21153978109359742,0.915339207649231,-1.6371414184570312
1751989234.9052782,-0.21153978109359742,0.915339207649231,-1.6371414184570312
1751989234.9073346,-0.21153978109359742,0.915339207649231,-1.6371414184570312
1751989234.9102306,-0.21153978109359742,0.915339207649231,-1.6371414184570312
1751989234.9124742,-0.2191486954689026,0.9120323896408081,-1.6351951956748962
1751989234.914528,-0.2191486954689026,0.9120323896408081,-1.6351951956748962
1751989234.9166224,-0.2191486954689026,0.9120323896408081,-1.6351951956748962
1751989234.9186606,-0.2191486954689026,0.9120323896408081,-1.6351951956748962
1751989234.920721,-0.20254567861557007,0.9109602689743043,-1.633248996734619
1751989234.9228098,-0.20254567861557007,0.9109602689743043,-1.633248996734619
1751989234.9249141,-0.20254567861557007,0.9109602689743043,-1.633248996734619
1751989234.928592,-0.20254567861557007,0.9109602689743043,-1.633248996734619
1751989234.9310997,-0.2159623980522156,0.8996679663658143,-1.6383169174194336
1751989234.9332259,-0.2159623980522156,0.8996679663658143,-1.6383169174194336
1751989234.9352891,-0.2159623980522156,0.8996679663658143,-1.6383169174194336
1751989234.937957,-0.2159623980522156,0.8996679663658143,-1.6383169174194336
1751989234.9394407,-0.2155065417289734,0.8822591185569764,-1.6407134652137756
1751989234.941539,-0.2155065417289734,0.8822591185569764,-1.6407134652137756
1751989234.946423,-0.2155065417289734,0.8822591185569764,-1.6407134652137756
1751989234.9505029,-0.2155065417289734,0.8822591185569764,-1.6407134652137756
1751989234.9524572,-0.2160335421562195,0.8952997684478761,-1.640826952457428
1751989234.954527,-0.2160335421562195,0.8952997684478761,-1.640826952457428
1751989234.9567418,-0.2160335421562195,0.8952997684478761,-1.640826952457428
1751989234.9600453,-0.2160335421562195,0.8952997684478761,-1.640826952457428
1751989234.9627695,-0.2175948977470398,0.8984583616256714,-1.6311698079109191
1751989234.9648454,-0.2175948977470398,0.8984583616256714,-1.6311698079109191
1751989234.9668658,-0.2175948977470398,0.8984583616256714,-1.6311698079109191
1751989234.9694471,-0.2175948977470398,0.8984583616256714,-1.6311698079109191
1751989234.9710393,-0.2085862994194031,0.8898322463035584,-1.613198733329773
1751989234.9731274,-0.2085862994194031,0.8898322463035584,-1.613198733329773
1751989234.975296,-0.2085862994194031,0.8898322463035584,-1.613198733329773
1751989234.9776814,-0.2085862994194031,0.8898322463035584,-1.613198733329773
1751989234.979824,-0.20294841527938845,0.8981003522872926,-1.6203335523605347
1751989234.981771,-0.20294841527938845,0.8981003522872926,-1.6203335523605347
1751989234.9838414,-0.20294841527938845,0.8981003522872926,-1.6203335523605347
1751989234.9859424,-0.20294841527938845,0.8981003522872926,-1.6203335523605347
1751989234.9879816,-0.2123498558998108,0.8991560578346253,-1.5932135939598084
1751989234.990074,-0.2123498558998108,0.8991560578346253,-1.5932135939598084
1751989234.9939797,-0.2123498558998108,0.8991560578346253,-1.5932135939598084
1751989234.995972,-0.2123498558998108,0.8991560578346253,-1.5932135939598084
1751989234.9980366,-0.202871310710907,0.8772292852401734,-1.57394996881485
1751989235.000124,-0.202871310710907,0.8772292852401734,-1.57394996881485
1751989235.0022178,-0.202871310710907,0.8772292852401734,-1.57394996881485
1751989235.0043132,-0.202871310710907,0.8772292852401734,-1.57394996881485
1751989235.0063937,-0.2049435615539551,0.8973859608173371,-1.5733603835105896
1751989235.0088677,-0.2049435615539551,0.8973859608173371,-1.5733603835105896
1751989235.011555,-0.2049435615539551,0.8973859608173371,-1.5733603835105896
1751989235.0134852,-0.2049435615539551,0.8973859608173371,-1.5733603835105896
1751989235.0155075,-0.21836477518081665,0.8875613689422608,-1.5747300267219544
1751989235.0175803,-0.21836477518081665,0.8875613689422608,-1.5747300267219544
1751989235.0209057,-0.21836477518081665,0.8875613689422608,-1.5747300267219544
1751989235.0244544,-0.21836477518081665,0.8875613689422608,-1.5747300267219544
1751989235.028252,-0.21836477518081665,0.8875613689422608,-1.5747300267219544
1751989235.0302343,-0.20803200006484987,0.8961209654808044,-1.5826945066452027
1751989235.0322454,-0.20803200006484987,0.8961209654808044,-1.5826945066452027
1751989235.0356135,-0.20803200006484987,0.8961209654808044,-1.5826945066452027
1751989235.0379188,-0.21235878467559816,0.8952949464321137,-1.58437819480896
1751989235.0406291,-0.21235878467559816,0.8952949464321137,-1.58437819480896
1751989235.0436652,-0.21235878467559816,0.8952949464321137,-1.58437819480896
1751989235.0457807,-0.21235878467559816,0.8952949464321137,-1.58437819480896
1751989235.0484934,-0.20619498491287233,0.8891946196556092,-1.582645344734192
1751989235.0505135,-0.20619498491287233,0.8891946196556092,-1.582645344734192
1751989235.0525658,-0.20619498491287233,0.8891946196556092,-1.582645344734192
1751989235.054634,-0.20619498491287233,0.8891946196556092,-1.582645344734192
1751989235.0567052,-0.2052118182182312,0.8954957067966461,-1.5841382622718811
1751989235.0598493,-0.2052118182182312,0.8954957067966461,-1.5841382622718811
1751989235.0629141,-0.2052118182182312,0.8954957067966461,-1.5841382622718811
1751989235.0647464,-0.2052118182182312,0.8954957067966461,-1.5841382622718811
1751989235.066796,-0.20629361867904664,0.8907739937305451,-1.5808804869651794
1751989235.0688643,-0.20629361867904664,0.8907739937305451,-1.5808804869651794
1751989235.0709512,-0.20629361867904664,0.8907739937305451,-1.5808804869651794
1751989235.0730457,-0.20629361867904664,0.8907739937305451,-1.5808804869651794
1751989235.0765598,-0.20834590196609498,0.8941783726215363,-1.5888632178306579
1751989235.0785568,-0.20834590196609498,0.8941783726215363,-1.5888632178306579
1751989235.0808244,-0.20834590196609498,0.8941783726215363,-1.5888632178306579
1751989235.0831735,-0.20834590196609498,0.8941783726215363,-1.5888632178306579
1751989235.0847416,-0.2067763447761536,0.8886903047561646,-1.5977178931236267
1751989235.0868344,-0.2067763447761536,0.8886903047561646,-1.5977178931236267
1751989235.0889406,-0.2067763447761536,0.8886903047561646,-1.5977178931236267
1751989235.0910254,-0.2067763447761536,0.8886903047561646,-1.5977178931236267
1751989235.0947638,-0.2067763447761536,0.8886903047561646,-1.5977178931236267
1751989235.0973592,-0.1990995764732361,0.8873628973960876,-1.5985793590545654
1751989235.099413,-0.1990995764732361,0.8873628973960876,-1.5985793590545654
1751989235.101456,-0.1990995764732361,0.8873628973960876,-1.5985793590545654
1751989235.1035035,-0.19936684370040894,0.8928932428359986,-1.5958478093147277
1751989235.1055574,-0.19936684370040894,0.8928932428359986,-1.5958478093147277
1751989235.1076336,-0.19936684370040894,0.8928932428359986,-1.5958478093147277
1751989235.1110754,-0.19936684370040894,0.8928932428359986,-1.5958478093147277
1751989235.1135283,-0.20425513982772828,0.8975398361682893,-1.599329125881195
1751989235.11555,-0.20425513982772828,0.8975398361682893,-1.599329125881195
1751989235.1176083,-0.20425513982772828,0.8975398361682893,-1.599329125881195
1751989235.1201844,-0.20425513982772828,0.8975398361682893,-1.599329125881195
1751989235.1217768,-0.19597564935684206,0.9055973052978517,-1.5940929174423217
1751989235.1238472,-0.19597564935684206,0.9055973052978517,-1.5940929174423217
1751989235.1274056,-0.19597564935684206,0.9055973052978517,-1.5940929174423217
1751989235.1300411,-0.19597564935684206,0.9055973052978517,-1.5940929174423217
1751989235.131451,-0.1968999743461609,0.9019180536270142,-1.5986818671226501
1751989235.133503,-0.1968999743461609,0.9019180536270142,-1.5986818671226501
1751989235.1355639,-0.1968999743461609,0.9019180536270142,-1.5986818671226501
1751989235.1376545,-0.1968999743461609,0.9019180536270142,-1.5986818671226501
1751989235.13973,-0.1988019108772278,0.902283787727356,-1.5966070532798766
1751989235.1419282,-0.1988019108772278,0.902283787727356,-1.5966070532798766
1751989235.14517,-0.1988019108772278,0.902283787727356,-1.5966070532798766
1751989235.1471736,-0.1988019108772278,0.902283787727356,-1.5966070532798766
1751989235.1492357,-0.20334800481796267,0.9022640466690064,-1.588216245174408
1751989235.1513243,-0.20334800481796267,0.9022640466690064,-1.588216245174408
1751989235.1534085,-0.20334800481796267,0.9022640466690064,-1.588216245174408
1751989235.1554503,-0.20334800481796267,0.9022640466690064,-1.588216245174408
1751989235.157511,-0.20048969984054565,0.9062548875808716,-1.5949802160263062
1751989235.1605747,-0.20048969984054565,0.9062548875808716,-1.5949802160263062
1751989235.1628633,-0.20048969984054565,0.9062548875808716,-1.5949802160263062
1751989235.164879,-0.20048969984054565,0.9062548875808716,-1.5949802160263062
1751989235.1669686,-0.21103399991989136,0.914930546283722,-1.592241597175598
1751989235.1690526,-0.21103399991989136,0.914930546283722,-1.592241597175598
1751989235.1711402,-0.21103399991989136,0.914930546283722,-1.592241597175598
1751989235.1732385,-0.21103399991989136,0.914930546283722,-1.592241597175598
1751989235.1758776,-0.21103399991989136,0.914930546283722,-1.592241597175598
1751989235.17937,-0.19859095811843874,0.9119598984718323,-1.5968810200691224
1751989235.1813908,-0.19859095811843874,0.9119598984718323,-1.5968810200691224
1751989235.1839154,-0.19859095811843874,0.9119598984718323,-1.5968810200691224
1751989235.1855018,-0.20310014486312866,0.913639235496521,-1.5870192766189575
1751989235.1875591,-0.20310014486312866,0.913639235496521,-1.5870192766189575
1751989235.1896417,-0.20310014486312866,0.913639235496521,-1.5870192766189575
1751989235.1922586,-0.20310014486312866,0.913639235496521,-1.5870192766189575
1751989235.1959326,-0.2088605284690857,0.9054599046707154,-1.5969642400741577
1751989235.1979458,-0.2088605284690857,0.9054599046707154,-1.5969642400741577
1751989235.2000256,-0.2088605284690857,0.9054599046707154,-1.5969642400741577
1751989235.2026157,-0.2088605284690857,0.9054599046707154,-1.5969642400741577
1751989235.204202,-0.20646649599075317,0.9081739902496339,-1.591804814338684
1751989235.2062879,-0.20646649599075317,0.9081739902496339,-1.591804814338684
1751989235.2084677,-0.20646649599075317,0.9081739902496339,-1.591804814338684
1751989235.2116158,-0.20646649599075317,0.9081739902496339,-1.591804814338684
1751989235.2140868,-0.21209113597869875,0.9150856018066407,-1.5857026696205139
1751989235.216168,-0.21209113597869875,0.9150856018066407,-1.5857026696205139
1751989235.2182603,-0.21209113597869875,0.9150856018066407,-1.5857026696205139
1751989235.220736,-0.21209113597869875,0.9150856018066407,-1.5857026696205139
1751989235.2224317,-0.21274739503860474,0.9217559337615967,-1.5893317103385924
1751989235.2246172,-0.21274739503860474,0.9217559337615967,-1.5893317103385924
1751989235.2276216,-0.21274739503860474,0.9217559337615967,-1.5893317103385924
1751989235.2300699,-0.21274739503860474,0.9217559337615967,-1.5893317103385924
1751989235.232573,-0.20831593275070193,0.9244326591491699,-1.587076997756958
1751989235.2346237,-0.20831593275070193,0.9244326591491699,-1.587076997756958
1751989235.2367082,-0.20831593275070193,0.9244326591491699,-1.587076997756958
1751989235.238798,-0.20831593275070193,0.9244326591491699,-1.587076997756958
1751989235.240859,-0.20342682600021364,0.9186029434204102,-1.5914883971214295
1751989235.2448606,-0.20342682600021364,0.9186029434204102,-1.5914883971214295
1751989235.2458036,-0.20342682600021364,0.9186029434204102,-1.5914883971214295
1751989235.247874,-0.20342682600021364,0.9186029434204102,-1.5914883971214295
1751989235.2499082,-0.19963306188583374,0.9175509929656983,-1.5874331712722778
1751989235.2520034,-0.19963306188583374,0.9175509929656983,-1.5874331712722778
1751989235.2540913,-0.19963306188583374,0.9175509929656983,-1.5874331712722778
1751989235.2561889,-0.19963306188583374,0.9175509929656983,-1.5874331712722778
1751989235.2589204,-0.2068442463874817,0.9217474222183228,-1.5880403518676758
1751989235.261172,-0.2068442463874817,0.9217474222183228,-1.5880403518676758
1751989235.263281,-0.2068442463874817,0.9217474222183228,-1.5880403518676758
1751989235.2658887,-0.2068442463874817,0.9217474222183228,-1.5880403518676758
1751989235.2673776,-0.20557316541671755,0.9211045503616333,-1.5904049158096314
1751989235.2694423,-0.20557316541671755,0.9211045503616333,-1.5904049158096314
1751989235.2715116,-0.20557316541671755,0.9211045503616333,-1.5904049158096314
1751989235.2735806,-0.20557316541671755,0.9211045503616333,-1.5904049158096314
1751989235.2770433,-0.20048092603683473,0.9160298109054565,-1.5976345419883728
1751989235.2794998,-0.20048092603683473,0.9160298109054565,-1.5976345419883728
1751989235.2813897,-0.20048092603683473,0.9160298109054565,-1.5976345419883728
1751989235.2840464,-0.20048092603683473,0.9160298109054565,-1.5976345419883728
1751989235.285501,-0.2006729006767273,0.9141499042510987,-1.5906198382377625
1751989235.2875586,-0.2006729006767273,0.9141499042510987,-1.5906198382377625
1751989235.2896428,-0.2006729006767273,0.9141499042510987,-1.5906198382377625
1751989235.2939162,-0.2006729006767273,0.9141499042510987,-1.5906198382377625
1751989235.2947545,-0.2006729006767273,0.9141499042510987,-1.5906198382377625
1751989235.2970529,-0.20549761056900026,0.9169096350669861,-1.5873510122299195
1751989235.2991064,-0.20549761056900026,0.9169096350669861,-1.5873510122299195
1751989235.301802,-0.20549761056900026,0.9169096350669861,-1.5873510122299195
1751989235.3032763,-0.20696803331375124,0.9147131323814393,-1.584113883972168
1751989235.305363,-0.20696803331375124,0.9147131323814393,-1.584113883972168
1751989235.3074465,-0.20696803331375124,0.9147131323814393,-1.584113883972168
1751989235.3112721,-0.20696803331375124,0.9147131323814393,-1.584113883972168
1751989235.3126962,-0.20434545278549196,0.9152544856071473,-1.5847874760627747
1751989235.3146236,-0.20434545278549196,0.9152544856071473,-1.5847874760627747
1751989235.3166947,-0.20434545278549196,0.9152544856071473,-1.5847874760627747
1751989235.3193197,-0.20434545278549196,0.9152544856071473,-1.5847874760627747
1751989235.3208709,-0.2056991219520569,0.9273404717445374,-1.587672972679138
1751989235.3229573,-0.2056991219520569,0.9273404717445374,-1.587672972679138
1751989235.325089,-0.2056991219520569,0.9273404717445374,-1.587672972679138
1751989235.3278747,-0.2056991219520569,0.9273404717445374,-1.587672972679138
1751989235.331099,-0.2056373953819275,0.9186256766319275,-1.5878579139709472
1751989235.3331647,-0.2056373953819275,0.9186256766319275,-1.5878579139709472
1751989235.3352165,-0.2056373953819275,0.9186256766319275,-1.5878579139709472
1751989235.3378966,-0.2056373953819275,0.9186256766319275,-1.5878579139709472
1751989235.3393903,-0.19816006422042848,0.9220439791679382,-1.5863464236259461
1751989235.3416283,-0.19816006422042848,0.9220439791679382,-1.5863464236259461
1751989235.3456957,-0.19816006422042848,0.9220439791679382,-1.5863464236259461
1751989235.348138,-0.19816006422042848,0.9220439791679382,-1.5863464236259461
1751989235.3497424,-0.20291317701339723,0.920354974269867,-1.5848900556564331
1751989235.3518336,-0.20291317701339723,0.920354974269867,-1.5848900556564331
1751989235.3539228,-0.20291317701339723,0.920354974269867,-1.5848900556564331
1751989235.3560188,-0.20291317701339723,0.920354974269867,-1.5848900556564331
1751989235.35812,-0.2000773072242737,0.9177781343460083,-1.589227020740509
1751989235.3603163,-0.2000773072242737,0.9177781343460083,-1.589227020740509
1751989235.362507,-0.2000773072242737,0.9177781343460083,-1.589227020740509
1751989235.3660238,-0.2000773072242737,0.9177781343460083,-1.589227020740509
1751989235.3680837,-0.19296654462814333,0.9226159453392029,-1.5945534586906434
1751989235.370149,-0.19296654462814333,0.9226159453392029,-1.5945534586906434
1751989235.3722408,-0.19296654462814333,0.9226159453392029,-1.5945534586906434
1751989235.3743439,-0.19296654462814333,0.9226159453392029,-1.5945534586906434
1751989235.3768213,-0.20195659399032595,0.9206832051277161,-1.5871026396751404
1751989235.3795583,-0.20195659399032595,0.9206832051277161,-1.5871026396751404
1751989235.3813736,-0.20195659399032595,0.9206832051277161,-1.5871026396751404
1751989235.3838918,-0.20195659399032595,0.9206832051277161,-1.5871026396751404
1751989235.3854403,-0.19755107164382935,0.9222056269645691,-1.5886374354362487
1751989235.387499,-0.19755107164382935,0.9222056269645691,-1.5886374354362487
1751989235.3895564,-0.19755107164382935,0.9222056269645691,-1.5886374354362487
1751989235.3920221,-0.19755107164382935,0.9222056269645691,-1.5886374354362487
1751989235.3948433,-0.20029548406600953,0.9284643292427064,-1.5893908619880677
1751989235.3968484,-0.20029548406600953,0.9284643292427064,-1.5893908619880677
1751989235.3989244,-0.20029548406600953,0.9284643292427064,-1.5893908619880677
1751989235.4015307,-0.20029548406600953,0.9284643292427064,-1.5893908619880677
1751989235.4031003,-0.19470030069351196,0.9245115280151368,-1.5913864731788636
1751989235.405192,-0.19470030069351196,0.9245115280151368,-1.5913864731788636
1751989235.407284,-0.19470030069351196,0.9245115280151368,-1.5913864731788636
1751989235.4095433,-0.19470030069351196,0.9245115280151368,-1.5913864731788636
1751989235.4119515,-0.19922162294387818,0.9272734642028809,-1.5900822639465333
1751989235.4139557,-0.19922162294387818,0.9272734642028809,-1.5900822639465333
1751989235.4160388,-0.19922162294387818,0.9272734642028809,-1.5900822639465333
1751989235.4186416,-0.19922162294387818,0.9272734642028809,-1.5900822639465333
1751989235.4202163,-0.19943524599075318,0.9287852764129639,-1.589800977706909
1751989235.4223008,-0.19943524599075318,0.9287852764129639,-1.589800977706909
1751989235.424393,-0.19943524599075318,0.9287852764129639,-1.589800977706909
1751989235.4277616,-0.19943524599075318,0.9287852764129639,-1.589800977706909
1751989235.4286544,-0.19943524599075318,0.9287852764129639,-1.589800977706909
1751989235.4307148,-0.1946024775505066,0.9245744228363038,-1.597327470779419
1751989235.4327924,-0.1946024775505066,0.9245744228363038,-1.597327470779419
1751989235.434974,-0.1946024775505066,0.9245744228363038,-1.597327470779419
1751989235.4370008,-0.196369206905365,0.9258103132247926,-1.5952269792556764
1751989235.439089,-0.196369206905365,0.9258103132247926,-1.5952269792556764
1751989235.4413004,-0.196369206905365,0.9258103132247926,-1.5952269792556764
1751989235.4460926,-0.196369206905365,0.9258103132247926,-1.5952269792556764
1751989235.4485486,-0.196369206905365,0.9258103132247926,-1.5952269792556764
1751989235.450648,-0.1979971766471863,0.9264872193336487,-1.5897514939308166
1751989235.4527116,-0.1979971766471863,0.9264872193336487,-1.5897514939308166
1751989235.4552953,-0.1979971766471863,0.9264872193336487,-1.5897514939308166
1751989235.4568906,-0.19668413400650026,0.9217435598373414,-1.593606948852539
1751989235.4614816,-0.19668413400650026,0.9217435598373414,-1.593606948852539
1751989235.4634707,-0.19668413400650026,0.9217435598373414,-1.593606948852539
1751989235.4659958,-0.19668413400650026,0.9217435598373414,-1.593606948852539
1751989235.467552,-0.1990108609199524,0.9272466659545899,-1.5886445045471191
1751989235.4696107,-0.1990108609199524,0.9272466659545899,-1.5886445045471191
1751989235.4716964,-0.1990108609199524,0.9272466659545899,-1.5886445045471191
1751989235.4737964,-0.1990108609199524,0.9272466659545899,-1.5886445045471191
1751989235.4783056,-0.19700802564620973,0.9265210986137391,-1.5922651529312133
1751989235.480253,-0.19700802564620973,0.9265210986137391,-1.5922651529312133
1751989235.4822733,-0.19700802564620973,0.9265210986137391,-1.5922651529312133
1751989235.4848793,-0.19700802564620973,0.9265210986137391,-1.5922651529312133
1751989235.4864516,-0.19927853345870972,0.929890239238739,-1.590769636631012
1751989235.4884946,-0.19927853345870972,0.929890239238739,-1.590769636631012
1751989235.490572,-0.19927853345870972,0.929890239238739,-1.590769636631012
1751989235.493601,-0.19927853345870972,0.929890239238739,-1.590769636631012
1751989235.4964714,-0.1961262345314026,0.9271101474761964,-1.5898938298225402
1751989235.4984512,-0.1961262345314026,0.9271101474761964,-1.5898938298225402
1751989235.500502,-0.1961262345314026,0.9271101474761964,-1.5898938298225402
1751989235.5025735,-0.1961262345314026,0.9271101474761964,-1.5898938298225402
1751989235.504693,-0.1940820574760437,0.9257861018180847,-1.5886270880699158
1751989235.506701,-0.1940820574760437,0.9257861018180847,-1.5886270880699158
1751989235.509774,-0.1940820574760437,0.9257861018180847,-1.5886270880699158
1751989235.512843,-0.1940820574760437,0.9257861018180847,-1.5886270880699158
1751989235.51448,-0.1936331868171692,0.9242287158966065,-1.5905040621757507
1751989235.516541,-0.1936331868171692,0.9242287158966065,-1.5905040621757507
1751989235.5185964,-0.1936331868171692,0.9242287158966065,-1.5905040621757507
1751989235.5206883,-0.1936331868171692,0.9242287158966065,-1.5905040621757507
1751989235.5227647,-0.1909680247306824,0.9258364677429199,-1.5902434229850768
1751989235.5251307,-0.1909680247306824,0.9258364677429199,-1.5902434229850768
1751989235.5273962,-0.1909680247306824,0.9258364677429199,-1.5902434229850768
1751989235.530315,-0.1909680247306824,0.9258364677429199,-1.5902434229850768
1751989235.5322876,-0.1892227292060852,0.926440703868866,-1.5928845643997191
1751989235.5343704,-0.1892227292060852,0.926440703868866,-1.5928845643997191
1751989235.5364425,-0.1892227292060852,0.926440703868866,-1.5928845643997191
1751989235.5385077,-0.1892227292060852,0.926440703868866,-1.5928845643997191
1751989235.5405638,-0.19351574182510378,0.9256661653518677,-1.587741768360138
1751989235.5427418,-0.19351574182510378,0.9256661653518677,-1.587741768360138
1751989235.5468845,-0.19351574182510378,0.9256661653518677,-1.587741768360138
1751989235.5489056,-0.19351574182510378,0.9256661653518677,-1.587741768360138
1751989235.5509412,-0.19242099523544312,0.9305011153221131,-1.5906953930854797
1751989235.553025,-0.19242099523544312,0.9305011153221131,-1.5906953930854797
1751989235.555113,-0.19242099523544312,0.9305011153221131,-1.5906953930854797
1751989235.5572598,-0.19242099523544312,0.9305011153221131,-1.5906953930854797
1751989235.5598087,-0.19053696393966676,0.9278725743293763,-1.5899473667144775
1751989235.5624974,-0.19053696393966676,0.9278725743293763,-1.5899473667144775
1751989235.5643575,-0.19053696393966676,0.9278725743293763,-1.5899473667144775
1751989235.5670052,-0.19053696393966676,0.9278725743293763,-1.5899473667144775
1751989235.568441,-0.19133886098861697,0.9282913446426392,-1.5952359914779664
1751989235.570508,-0.19133886098861697,0.9282913446426392,-1.5952359914779664
1751989235.5725596,-0.19133886098861697,0.9282913446426392,-1.5952359914779664
1751989235.575211,-0.19133886098861697,0.9282913446426392,-1.5952359914779664
1751989235.5787096,-0.19591325521469116,0.9208387851715089,-1.5894981980323792
1751989235.580972,-0.19591325521469116,0.9208387851715089,-1.5894981980323792
1751989235.5828333,-0.19591325521469116,0.9208387851715089,-1.5894981980323792
1751989235.585505,-0.19591325521469116,0.9208387851715089,-1.5894981980323792
1751989235.5870008,-0.1912415623664856,0.9217950820922852,-1.5922334790229797
1751989235.589094,-0.1912415623664856,0.9217950820922852,-1.5922334790229797
1751989235.5912879,-0.1912415623664856,0.9217950820922852,-1.5922334790229797
1751989235.5933495,-0.1912415623664856,0.9217950820922852,-1.5922334790229797
1751989235.597156,-0.191632354259491,0.9205759525299073,-1.5882930636405945
1751989235.5991476,-0.191632354259491,0.9205759525299073,-1.5882930636405945
1751989235.6012347,-0.191632354259491,0.9205759525299073,-1.5882930636405945
1751989235.603763,-0.191632354259491,0.9205759525299073,-1.5882930636405945
1751989235.605412,-0.19481338262557985,0.9254034519195558,-1.5903044581413268
1751989235.6074727,-0.19481338262557985,0.9254034519195558,-1.5903044581413268
1751989235.6096337,-0.19481338262557985,0.9254034519195558,-1.5903044581413268
1751989235.6129057,-0.19481338262557985,0.9254034519195558,-1.5903044581413268
1751989235.6148632,-0.18978554010391235,0.924729597568512,-1.5884384393692017
1751989235.6169403,-0.18978554010391235,0.924729597568512,-1.5884384393692017
1751989235.6190305,-0.18978554010391235,0.924729597568512,-1.5884384393692017
1751989235.6211236,-0.18978554010391235,0.924729597568512,-1.5884384393692017
1751989235.6232073,-0.1908898711204529,0.9230813145637513,-1.588643205165863
1751989235.6255252,-0.1908898711204529,0.9230813145637513,-1.588643205165863
1751989235.6298242,-0.1908898711204529,0.9230813145637513,-1.588643205165863
1751989235.631812,-0.1908898711204529,0.9230813145637513,-1.588643205165863
1751989235.634447,-0.19305859804153444,0.9220556020736694,-1.5897018909454346
1751989235.6365006,-0.19305859804153444,0.9220556020736694,-1.5897018909454346
1751989235.63856,-0.19305859804153444,0.9220556020736694,-1.5897018909454346
1751989235.6407082,-0.19305859804153444,0.9220556020736694,-1.5897018909454346
1751989235.6452754,-0.19125853776931764,0.9253300666809082,-1.5928104043006897
1751989235.6473053,-0.19125853776931764,0.9253300666809082,-1.5928104043006897
1751989235.6493623,-0.19125853776931764,0.9253300666809082,-1.5928104043006897
1751989235.6520474,-0.19125853776931764,0.9253300666809082,-1.5928104043006897
1751989235.6534998,-0.19335881471633912,0.9215925216674805,-1.5878616213798522
1751989235.6555603,-0.19335881471633912,0.9215925216674805,-1.5878616213798522
1751989235.6576595,-0.19335881471633912,0.9215925216674805,-1.5878616213798522
1751989235.6616814,-0.19335881471633912,0.9215925216674805,-1.5878616213798522
1751989235.6631525,-0.19290064573287966,0.9212628602981567,-1.5859536290168763
1751989235.6651866,-0.19290064573287966,0.9212628602981567,-1.5859536290168763
1751989235.6672714,-0.19290064573287966,0.9212628602981567,-1.5859536290168763
1751989235.6698823,-0.19290064573287966,0.9212628602981567,-1.5859536290168763
1751989235.671447,-0.194249165058136,0.9246345043182373,-1.5892661333084106
1751989235.6738644,-0.194249165058136,0.9246345043182373,-1.5892661333084106
1751989235.6781743,-0.194249165058136,0.9246345043182373,-1.5892661333084106
1751989235.6807106,-0.194249165058136,0.9246345043182373,-1.5892661333084106
1751989235.6821418,-0.19425803422927856,0.9250685930252076,-1.5878934502601623
1751989235.684234,-0.19425803422927856,0.9250685930252076,-1.5878934502601623
1751989235.686322,-0.19425803422927856,0.9250685930252076,-1.5878934502601623
1751989235.6887968,-0.19425803422927856,0.9250685930252076,-1.5878934502601623
1751989235.690682,-0.19125856161117555,0.9213190197944642,-1.5872453093528747
1751989235.6945877,-0.19125856161117555,0.9213190197944642,-1.5872453093528747
1751989235.6972797,-0.19125856161117555,0.9213190197944642,-1.5872453093528747
1751989235.6996465,-0.19125856161117555,0.9213190197944642,-1.5872453093528747
1751989235.7012274,-0.19298843145370484,0.9237890720367432,-1.588597869873047
1751989235.7033188,-0.19298843145370484,0.9237890720367432,-1.588597869873047
1751989235.705405,-0.19298843145370484,0.9237890720367432,-1.588597869873047
1751989235.7074225,-0.19298843145370484,0.9237890720367432,-1.588597869873047
1751989235.7117841,-0.1941949486732483,0.9196375489234925,-1.5852813601493836
1751989235.7137876,-0.1941949486732483,0.9196375489234925,-1.5852813601493836
1751989235.7158499,-0.1941949486732483,0.9196375489234925,-1.5852813601493836
1751989235.7184432,-0.1941949486732483,0.9196375489234925,-1.5852813601493836
1751989235.720074,-0.19406172037124636,0.9229592800140382,-1.5858015060424804
1751989235.722166,-0.19406172037124636,0.9229592800140382,-1.5858015060424804
1751989235.724259,-0.19406172037124636,0.9229592800140382,-1.5858015060424804
1751989235.726433,-0.19406172037124636,0.9229592800140382,-1.5858015060424804
1751989235.7299762,-0.19406172037124636,0.9229592800140382,-1.5858015060424804
1751989235.7320154,-0.1952548623085022,0.9242542147636414,-1.587214195728302
1751989235.7340958,-0.1952548623085022,0.9242542147636414,-1.587214195728302
1751989235.7367163,-0.1952548623085022,0.9242542147636414,-1.587214195728302
1751989235.7382753,-0.19798668622970583,0.9200112581253053,-1.5834208488464356
1751989235.740629,-0.19798668622970583,0.9200112581253053,-1.5834208488464356
1751989235.7430215,-0.19798668622970583,0.9200112581253053,-1.5834208488464356
1751989235.745602,-0.19798668622970583,0.9200112581253053,-1.5834208488464356
1751989235.746969,-0.19642382860183716,0.9235615253448487,-1.584618043899536
1751989235.7490544,-0.19642382860183716,0.9235615253448487,-1.584618043899536
1751989235.7511103,-0.19642382860183716,0.9235615253448487,-1.584618043899536
1751989235.7532141,-0.19642382860183716,0.9235615253448487,-1.584618043899536
1751989235.7552972,-0.19388846158981324,0.9219681143760682,-1.5859012961387635
1751989235.7573524,-0.19388846158981324,0.9219681143760682,-1.5859012961387635
1751989235.75962,-0.19388846158981324,0.9219681143760682,-1.5859012961387635
1751989235.7618363,-0.19388846158981324,0.9219681143760682,-1.5859012961387635
1751989235.7642412,-0.19550870656967165,0.9233229637145997,-1.5842283368110657
1751989235.7662983,-0.19550870656967165,0.9233229637145997,-1.5842283368110657
1751989235.7683866,-0.19550870656967165,0.9233229637145997,-1.5842283368110657
1751989235.770835,-0.19550870656967165,0.9233229637145997,-1.5842283368110657
1751989235.772513,-0.19048782587051394,0.9213039159774781,-1.586622667312622
1751989235.775618,-0.19048782587051394,0.9213039159774781,-1.586622667312622
1751989235.7777743,-0.19048782587051394,0.9213039159774781,-1.586622667312622
1751989235.7795758,-0.19048782587051394,0.9213039159774781,-1.586622667312622
1751989235.781582,-0.19597500562667847,0.9264614939689637,-1.586057198047638
1751989235.7836597,-0.19597500562667847,0.9264614939689637,-1.586057198047638
1751989235.7858763,-0.19597500562667847,0.9264614939689637,-1.586057198047638
1751989235.787908,-0.19597500562667847,0.9264614939689637,-1.586057198047638
1751989235.7899194,-0.19654802083969117,0.9239988803863526,-1.5836552858352662
1751989235.7920618,-0.19654802083969117,0.9239988803863526,-1.5836552858352662
1751989235.7949452,-0.19654802083969117,0.9239988803863526,-1.5836552858352662
1751989235.796933,-0.19654802083969117,0.9239988803863526,-1.5836552858352662
1751989235.7989876,-0.195431649684906,0.926903796195984,-1.588478684425354
1751989235.8010726,-0.195431649684906,0.926903796195984,-1.588478684425354
1751989235.8031604,-0.195431649684906,0.926903796195984,-1.588478684425354
1751989235.8052595,-0.195431649684906,0.926903796195984,-1.588478684425354
1751989235.8073778,-0.19546674489974977,0.9245780944824219,-1.5869876623153687
1751989235.8115115,-0.19546674489974977,0.9245780944824219,-1.5869876623153687
1751989235.8134623,-0.19546674489974977,0.9245780944824219,-1.5869876623153687
1751989235.8155172,-0.19546674489974977,0.9245780944824219,-1.5869876623153687
1751989235.817563,-0.1936648726463318,0.9221216797828675,-1.5898744940757752
1751989235.8196468,-0.1936648726463318,0.9221216797828675,-1.5898744940757752
1751989235.8217351,-0.1936648726463318,0.9221216797828675,-1.5898744940757752
1751989235.8238757,-0.1936648726463318,0.9221216797828675,-1.5898744940757752
1751989235.8262525,-0.19116412401199342,0.9226658105850221,-1.587320339679718
1751989235.8298168,-0.19116412401199342,0.9226658105850221,-1.587320339679718
1751989235.8318121,-0.19116412401199342,0.9226658105850221,-1.587320339679718
1751989235.8345125,-0.19116412401199342,0.9226658105850221,-1.587320339679718
1751989235.83598,-0.19465900659561158,0.9211121678352356,-1.5863603472709655
1751989235.8380678,-0.19465900659561158,0.9211121678352356,-1.5863603472709655
1751989235.8404038,-0.19465900659561158,0.9211121678352356,-1.5863603472709655
1751989235.843762,-0.19465900659561158,0.9211121678352356,-1.5863603472709655
1751989235.84543,-0.19072622060775757,0.9209876298904419,-1.5850889205932617
1751989235.847442,-0.19072622060775757,0.9209876298904419,-1.5850889205932617
1751989235.8494911,-0.19072622060775757,0.9209876298904419,-1.5850889205932617
1751989235.8521352,-0.19072622060775757,0.9209876298904419,-1.5850889205932617
1751989235.853606,-0.19118636846542358,0.9239198684692383,-1.5883129715919495
1751989235.8556888,-0.19118636846542358,0.9239198684692383,-1.5883129715919495
1751989235.8591936,-0.19118636846542358,0.9239198684692383,-1.5883129715919495
1751989235.8601224,-0.19118636846542358,0.9239198684692383,-1.5883129715919495
1751989235.8660944,-0.19118636846542358,0.9239198684692383,-1.5883129715919495
1751989235.8689973,-0.1914438843727112,0.9180384397506715,-1.590363621711731
1751989235.87108,-0.1914438843727112,0.9180384397506715,-1.590363621711731
1751989235.8738787,-0.1914438843727112,0.9180384397506715,-1.590363621711731
1751989235.8761911,-0.19335464239120484,0.9227328896522522,-1.5893412947654724
1751989235.8783658,-0.19335464239120484,0.9227328896522522,-1.5893412947654724
1751989235.880313,-0.19335464239120484,0.9227328896522522,-1.5893412947654724
1751989235.8830094,-0.19335464239120484,0.9227328896522522,-1.5893412947654724
1751989235.884448,-0.19359320402145386,0.9219683647155762,-1.583784544467926
1751989235.8865066,-0.19359320402145386,0.9219683647155762,-1.583784544467926
1751989235.8885646,-0.19359320402145386,0.9219683647155762,-1.583784544467926
1751989235.8910458,-0.19359320402145386,0.9219683647155762,-1.583784544467926
1751989235.894735,-0.19359320402145386,0.9219683647155762,-1.583784544467926
1751989235.8967383,-0.19390705823898316,0.9236206889152527,-1.5919278264045715
1751989235.8987784,-0.19390705823898316,0.9236206889152527,-1.5919278264045715
1751989235.901422,-0.19390705823898316,0.9236206889152527,-1.5919278264045715
1751989235.902928,-0.1948393225669861,0.9224456310272218,-1.5926531314849854
1751989235.9050298,-0.1948393225669861,0.9224456310272218,-1.5926531314849854
1751989235.9071975,-0.1948393225669861,0.9224456310272218,-1.5926531314849854
1751989235.909381,-0.1948393225669861,0.9224456310272218,-1.5926531314849854
1751989235.9125624,-0.1937609314918518,0.9267887115478516,-1.5896923899650575
1751989235.91455,-0.1937609314918518,0.9267887115478516,-1.5896923899650575
1751989235.9165993,-0.1937609314918518,0.9267887115478516,-1.5896923899650575
1751989235.91913,-0.1937609314918518,0.9267887115478516,-1.5896923899650575
1751989235.9207695,-0.19592639207839968,0.9231680274009705,-1.5879760026931762
1751989235.9228592,-0.19592639207839968,0.9231680274009705,-1.5879760026931762
1751989235.9249823,-0.19592639207839968,0.9231680274009705,-1.5879760026931762
1751989235.9272993,-0.19592639207839968,0.9231680274009705,-1.5879760026931762
1751989235.9305253,-0.19358750581741335,0.9256384015083313,-1.5914279699325562
1751989235.9324613,-0.19358750581741335,0.9256384015083313,-1.5914279699325562
1751989235.93451,-0.19358750581741335,0.9256384015083313,-1.5914279699325562
1751989235.9370053,-0.19358750581741335,0.9256384015083313,-1.5914279699325562
1751989235.9386566,-0.19173911809921265,0.926414155960083,-1.5901925325393678
1751989235.9407153,-0.19173911809921265,0.926414155960083,-1.5901925325393678
1751989235.9429266,-0.19173911809921265,0.926414155960083,-1.5901925325393678
1751989235.9474218,-0.19173911809921265,0.926414155960083,-1.5901925325393678
1751989235.9482467,-0.19173911809921265,0.926414155960083,-1.5901925325393678
1751989235.9503472,-0.19234429597854616,0.9225311994552613,-1.5880964636802672
1751989235.9524329,-0.19234429597854616,0.9225311994552613,-1.5880964636802672
1751989235.9544997,-0.19234429597854616,0.9225311994552613,-1.5880964636802672
1751989235.9565492,-0.19654101133346558,0.9249984622001648,-1.5860522627830504
1751989235.9587555,-0.19654101133346558,0.9249984622001648,-1.5860522627830504
1751989235.961158,-0.19654101133346558,0.9249984622001648,-1.5860522627830504
1751989235.9631672,-0.19654101133346558,0.9249984622001648,-1.5860522627830504
1751989235.965244,-0.19529234170913698,0.9239993095397949,-1.586177909374237
1751989235.967326,-0.19529234170913698,0.9239993095397949,-1.586177909374237
1751989235.969412,-0.19529234170913698,0.9239993095397949,-1.586177909374237
1751989235.971451,-0.19529234170913698,0.9239993095397949,-1.586177909374237
1751989235.973503,-0.19525467157363893,0.9233352899551392,-1.5890724897384643
1751989235.977162,-0.19525467157363893,0.9233352899551392,-1.5890724897384643
1751989235.979264,-0.19525467157363893,0.9233352899551392,-1.5890724897384643
1751989235.9812496,-0.19525467157363893,0.9233352899551392,-1.5890724897384643
1751989235.983841,-0.19086908102035524,0.9195232152938844,-1.5862513422966003
1751989235.985926,-0.19086908102035524,0.9195232152938844,-1.5862513422966003
1751989235.9880164,-0.19086908102035524,0.9195232152938844,-1.5862513422966003
1751989235.9901087,-0.19086908102035524,0.9195232152938844,-1.5862513422966003
1751989235.9942951,-0.19590495824813844,0.9197027683258057,-1.5860423922538758
1751989235.9962833,-0.19590495824813844,0.9197027683258057,-1.5860423922538758
1751989235.9983582,-0.19590495824813844,0.9197027683258057,-1.5860423922538758
1751989236.0009458,-0.19590495824813844,0.9197027683258057,-1.5860423922538758
1751989236.0025024,-0.19381574392318726,0.9189253568649293,-1.5832595825195312
1751989236.0045614,-0.19381574392318726,0.9189253568649293,-1.5832595825195312
1751989236.006642,-0.19381574392318726,0.9189253568649293,-1.5832595825195312
1751989236.0104067,-0.19381574392318726,0.9189253568649293,-1.5832595825195312
1751989236.0123553,-0.19484812021255493,0.9210372924804688,-1.586296057701111
1751989236.014425,-0.19484812021255493,0.9210372924804688,-1.586296057701111
1751989236.016603,-0.19484812021255493,0.9210372924804688,-1.586296057701111
1751989236.0186737,-0.19484812021255493,0.9210372924804688,-1.586296057701111
1751989236.020747,-0.19566627740859988,0.9225438594818116,-1.5870692729949951
1751989236.0228336,-0.19566627740859988,0.9225438594818116,-1.5870692729949951
1751989236.0249696,-0.19566627740859988,0.9225438594818116,-1.5870692729949951
1751989236.0272212,-0.19566627740859988,0.9225438594818116,-1.5870692729949951
1751989236.0298736,-0.1955611824989319,0.915492069721222,-1.5863104462623596
1751989236.031927,-0.1955611824989319,0.915492069721222,-1.5863104462623596
1751989236.034012,-0.1955611824989319,0.915492069721222,-1.5863104462623596
1751989236.036527,-0.1955611824989319,0.915492069721222,-1.5863104462623596
1751989236.03819,-0.1954811453819275,0.9233562707901002,-1.5885788917541503
1751989236.0402806,-0.1954811453819275,0.9233562707901002,-1.5885788917541503
1751989236.0431485,-0.1954811453819275,0.9233562707901002,-1.5885788917541503
1751989236.0453002,-0.1954811453819275,0.9233562707901002,-1.5885788917541503
1751989236.0471902,-0.20121792554855347,0.9286331176757813,-1.5907061696052551
1751989236.0492728,-0.20121792554855347,0.9286331176757813,-1.5907061696052551
1751989236.0513542,-0.20121792554855347,0.9286331176757813,-1.5907061696052551
1751989236.053454,-0.20121792554855347,0.9286331176757813,-1.5907061696052551
1751989236.0554976,-0.19564269781112673,0.9211340546607971,-1.5877052664756774
1751989236.0575788,-0.19564269781112673,0.9211340546607971,-1.5877052664756774
1751989236.0610435,-0.19564269781112673,0.9211340546607971,-1.5877052664756774
1751989236.0630472,-0.19564269781112673,0.9211340546607971,-1.5877052664756774
1751989236.065114,-0.19164942502975466,0.9270238637924195,-1.5876978635787964
1751989236.0672097,-0.19164942502975466,0.9270238637924195,-1.5876978635787964
1751989236.0692976,-0.19164942502975466,0.9270238637924195,-1.5876978635787964
1751989236.071392,-0.19164942502975466,0.9270238637924195,-1.5876978635787964
1751989236.0734441,-0.19261270761489868,0.9230276107788087,-1.5899487733840942
1751989236.0757303,-0.19261270761489868,0.9230276107788087,-1.5899487733840942
1751989236.0782528,-0.19261270761489868,0.9230276107788087,-1.5899487733840942
1751989236.0802116,-0.19261270761489868,0.9230276107788087,-1.5899487733840942
1751989236.0822797,-0.19500199556350709,0.9236653685569763,-1.5834459781646728
1751989236.0843685,-0.19500199556350709,0.9236653685569763,-1.5834459781646728
1751989236.0864434,-0.19500199556350709,0.9236653685569763,-1.5834459781646728
1751989236.0885115,-0.19500199556350709,0.9236653685569763,-1.5834459781646728
1751989236.0905614,-0.18983803987503053,0.9202029466629029,-1.5909525394439696
1751989236.0941486,-0.18983803987503053,0.9202029466629029,-1.5909525394439696
1751989236.096073,-0.18983803987503053,0.9202029466629029,-1.5909525394439696
1751989236.0981436,-0.18983803987503053,0.9202029466629029,-1.5909525394439696
1751989236.100223,-0.19326201677322388,0.9234757184982301,-1.587897264957428
1751989236.1023097,-0.19326201677322388,0.9234757184982301,-1.587897264957428
1751989236.104396,-0.19326201677322388,0.9234757184982301,-1.587897264957428
1751989236.1064503,-0.19326201677322388,0.9234757184982301,-1.587897264957428
1751989236.1085448,-0.19205774068832399,0.9226884365081788,-1.5883817672729492
1751989236.1116712,-0.19205774068832399,0.9226884365081788,-1.5883817672729492
1751989236.1148155,-0.19205774068832399,0.9226884365081788,-1.5883817672729492
1751989236.1169074,-0.19205774068832399,0.9226884365081788,-1.5883817672729492
1751989236.118986,-0.1973387598991394,0.9237232923507691,-1.5846586346626281
1751989236.1210709,-0.1973387598991394,0.9237232923507691,-1.5846586346626281
1751989236.123158,-0.1973387598991394,0.9237232923507691,-1.5846586346626281
1751989236.1253169,-0.1973387598991394,0.9237232923507691,-1.5846586346626281
1751989236.1286092,-0.1919452786445618,0.9266299247741699,-1.5907470822334289
1751989236.1304405,-0.1919452786445618,0.9266299247741699,-1.5907470822334289
1751989236.132447,-0.1919452786445618,0.9266299247741699,-1.5907470822334289
1751989236.1351008,-0.1919452786445618,0.9266299247741699,-1.5907470822334289
1751989236.1365602,-0.19348584413528444,0.9216879725456238,-1.5882138729095459
1751989236.138643,-0.19348584413528444,0.9216879725456238,-1.5882138729095459
1751989236.140734,-0.19348584413528444,0.9216879725456238,-1.5882138729095459
1751989236.1437871,-0.19348584413528444,0.9216879725456238,-1.5882138729095459
1751989236.145871,-0.1934052586555481,0.9231847047805787,-1.5859134912490844
1751989236.1479475,-0.1934052586555481,0.9231847047805787,-1.5859134912490844
1751989236.1500313,-0.1934052586555481,0.9231847047805787,-1.5859134912490844
1751989236.1526196,-0.1934052586555481,0.9231847047805787,-1.5859134912490844
1751989236.154208,-0.19116224050521852,0.9163518786430359,-1.5856075048446656
1751989236.1563017,-0.19116224050521852,0.9163518786430359,-1.5856075048446656
1751989236.1588328,-0.19116224050521852,0.9163518786430359,-1.5856075048446656
1751989236.1619954,-0.19116224050521852,0.9163518786430359,-1.5856075048446656
1751989236.1632056,-0.19519721269607546,0.9221974134445191,-1.5847294092178346
1751989236.1652973,-0.19519721269607546,0.9221974134445191,-1.5847294092178346
1751989236.1673837,-0.19519721269607546,0.9221974134445191,-1.5847294092178346
1751989236.1694496,-0.19519721269607546,0.9221974134445191,-1.5847294092178346
1751989236.1714995,-0.19393340349197388,0.9198240518569947,-1.5883386373519897
1751989236.173559,-0.19393340349197388,0.9198240518569947,-1.5883386373519897
1751989236.1757653,-0.19393340349197388,0.9198240518569947,-1.5883386373519897
1751989236.1781688,-0.19393340349197388,0.9198240518569947,-1.5883386373519897
1751989236.1801338,-0.19508248567581177,0.9221824884414673,-1.5875332832336426
1751989236.1821868,-0.19508248567581177,0.9221824884414673,-1.5875332832336426
1751989236.1842744,-0.19508248567581177,0.9221824884414673,-1.5875332832336426
1751989236.186368,-0.19508248567581177,0.9221824884414673,-1.5875332832336426
1751989236.1884449,-0.19509059190750122,0.9239453315734864,-1.5860483527183533
1751989236.1905036,-0.19509059190750122,0.9239453315734864,-1.5860483527183533
1751989236.1936083,-0.19509059190750122,0.9239453315734864,-1.5860483527183533
1751989236.1956484,-0.19509059190750122,0.9239453315734864,-1.5860483527183533
1751989236.197752,-0.19429386854171754,0.9234694242477417,-1.5829975843429565
1751989236.1998284,-0.19429386854171754,0.9234694242477417,-1.5829975843429565
1751989236.201918,-0.19429386854171754,0.9234694242477417,-1.5829975843429565
1751989236.2040148,-0.19429386854171754,0.9234694242477417,-1.5829975843429565
1751989236.2060947,-0.19615398645401003,0.9235270261764527,-1.587129247188568
1751989236.2082007,-0.19615398645401003,0.9235270261764527,-1.587129247188568
1751989236.2113285,-0.19615398645401003,0.9235270261764527,-1.587129247188568
1751989236.2132964,-0.19615398645401003,0.9235270261764527,-1.587129247188568
1751989236.2153652,-0.19467045068740846,0.9254251241683961,-1.5884915709495544
1751989236.2174442,-0.19467045068740846,0.9254251241683961,-1.5884915709495544
1751989236.2195005,-0.19467045068740846,0.9254251241683961,-1.5884915709495544
1751989236.2215667,-0.19467045068740846,0.9254251241683961,-1.5884915709495544
1751989236.223615,-0.19357436895370483,0.9222339630126953,-1.5907962560653686
1751989236.2257729,-0.19357436895370483,0.9222339630126953,-1.5907962560653686
1751989236.2282372,-0.19357436895370483,0.9222339630126953,-1.5907962560653686
1751989236.230197,-0.19357436895370483,0.9222339630126953,-1.5907962560653686
1751989236.2322636,-0.19461034536361696,0.9225398540496826,-1.5863010048866273
1751989236.2343469,-0.19461034536361696,0.9225398540496826,-1.5863010048866273
1751989236.2364073,-0.19461034536361696,0.9225398540496826,-1.5863010048866273
1751989236.238451,-0.19461034536361696,0.9225398540496826,-1.5863010048866273
1751989236.2405057,-0.19275954961776734,0.9229337215423584,-1.5872286796569823
1751989236.243972,-0.19275954961776734,0.9229337215423584,-1.5872286796569823
1751989236.2459276,-0.19275954961776734,0.9229337215423584,-1.5872286796569823
1751989236.2480023,-0.19275954961776734,0.9229337215423584,-1.5872286796569823
1751989236.2500734,-0.19343792200088503,0.924919605255127,-1.58471622467041
1751989236.2521617,-0.19343792200088503,0.924919605255127,-1.58471622467041
1751989236.2542546,-0.19343792200088503,0.924919605255127,-1.58471622467041
1751989236.2563477,-0.19343792200088503,0.924919605255127,-1.58471622467041
1751989236.2601383,-0.1964032530784607,0.9216374278068543,-1.5888452529907227
1751989236.2626867,-0.1964032530784607,0.9216374278068543,-1.5888452529907227
1751989236.2647061,-0.1964032530784607,0.9216374278068543,-1.5888452529907227
1751989236.2667625,-0.1964032530784607,0.9216374278068543,-1.5888452529907227
1751989236.2688448,-0.19244619607925417,0.9242039442062379,-1.5884417295455933
1751989236.2709343,-0.19244619607925417,0.9242039442062379,-1.5884417295455933
1751989236.2730231,-0.19244619607925417,0.9242039442062379,-1.5884417295455933
1751989236.2772462,-0.19244619607925417,0.9242039442062379,-1.5884417295455933
1751989236.2782228,-0.19244619607925417,0.9242039442062379,-1.5884417295455933
1751989236.280445,-0.1965258002281189,0.9240735054016114,-1.5841853976249696
1751989236.2824512,-0.1965258002281189,0.9240735054016114,-1.5841853976249696
1751989236.2845128,-0.1965258002281189,0.9240735054016114,-1.5841853976249696
1751989236.2865613,-0.19463690519332888,0.919547438621521,-1.5828217148780823
1751989236.288643,-0.19463690519332888,0.919547438621521,-1.5828217148780823
1751989236.2907069,-0.19463690519332888,0.919547438621521,-1.5828217148780823
1751989236.2935684,-0.19463690519332888,0.919547438621521,-1.5828217148780823
1751989236.2971146,-0.194271981716156,0.9228157997131348,-1.5875061631202698
1751989236.2990975,-0.194271981716156,0.9228157997131348,-1.5875061631202698
1751989236.3011742,-0.194271981716156,0.9228157997131348,-1.5875061631202698
1751989236.3037875,-0.194271981716156,0.9228157997131348,-1.5875061631202698
1751989236.3053207,-0.19376286268234255,0.923168683052063,-1.5856028079986573
1751989236.307383,-0.19376286268234255,0.923168683052063,-1.5856028079986573
1751989236.3105876,-0.19376286268234255,0.923168683052063,-1.5856028079986573
1751989236.3135808,-0.19376286268234255,0.923168683052063,-1.5856028079986573
1751989236.315074,-0.19367057085037231,0.920346236228943,-1.587184691429138
1751989236.3171535,-0.19367057085037231,0.920346236228943,-1.587184691429138
1751989236.319246,-0.19367057085037231,0.920346236228943,-1.587184691429138
1751989236.3213387,-0.19367057085037231,0.920346236228943,-1.587184691429138
1751989236.3237379,-0.19511946439743044,0.924876880645752,-1.5878381133079529
1751989236.3256137,-0.19511946439743044,0.924876880645752,-1.5878381133079529
1751989236.3299024,-0.19511946439743044,0.924876880645752,-1.5878381133079529
1751989236.3317623,-0.19511946439743044,0.924876880645752,-1.5878381133079529
1751989236.3338332,-0.1918293833732605,0.9215838789939881,-1.5865805983543395
1751989236.3359523,-0.1918293833732605,0.9215838789939881,-1.5865805983543395
1751989236.338003,-0.1918293833732605,0.9215838789939881,-1.5865805983543395
1751989236.340445,-0.1918293833732605,0.9215838789939881,-1.5865805983543395
1751989236.3425024,-0.1918293833732605,0.9215838789939881,-1.5865805983543395
1751989236.3464189,-0.19153503179550171,0.921959662437439,-1.5864235758781433
1751989236.3484159,-0.19153503179550171,0.921959662437439,-1.5864235758781433
1751989236.350917,-0.19153503179550171,0.921959662437439,-1.5864235758781433
1751989236.352588,-0.19236234426498414,0.9219629287719727,-1.5897550225257873
1751989236.3546734,-0.19236234426498414,0.9219629287719727,-1.5897550225257873
1751989236.357094,-0.19236234426498414,0.9219629287719727,-1.5897550225257873
1751989236.3611467,-0.19236234426498414,0.9219629287719727,-1.5897550225257873
1751989236.3620236,-0.19236234426498414,0.9219629287719727,-1.5897550225257873
1751989236.3643217,-0.19519087076187136,0.924679958820343,-1.5880783319473266
1751989236.366924,-0.19519087076187136,0.924679958820343,-1.5880783319473266
1751989236.3690205,-0.19519087076187136,0.924679958820343,-1.5880783319473266
1751989236.3716207,-0.19004207849502563,0.922967278957367,-1.589052426815033
1751989236.3737597,-0.19004207849502563,0.922967278957367,-1.589052426815033
1751989236.3782218,-0.19004207849502563,0.922967278957367,-1.589052426815033
1751989236.3801093,-0.19004207849502563,0.922967278957367,-1.589052426815033
1751989236.3826892,-0.19372712373733522,0.9268808245658875,-1.5897998094558716
1751989236.3847618,-0.19372712373733522,0.9268808245658875,-1.5897998094558716
1751989236.3868499,-0.19372712373733522,0.9268808245658875,-1.5897998094558716
1751989236.388944,-0.19372712373733522,0.9268808245658875,-1.5897998094558716
1751989236.3911362,-0.19345165491104127,0.9165428161621094,-1.5874247670173645
1751989236.3937209,-0.19345165491104127,0.9165428161621094,-1.5874247670173645
1751989236.3953238,-0.19345165491104127,0.9165428161621094,-1.5874247670173645
1751989236.3973522,-0.19345165491104127,0.9165428161621094,-1.5874247670173645
1751989236.3999135,-0.1910762906074524,0.9261276125907898,-1.5902583956718446
1751989236.402001,-0.1910762906074524,0.9261276125907898,-1.5902583956718446
1751989236.4040852,-0.1910762906074524,0.9261276125907898,-1.5902583956718446
1751989236.4061852,-0.1910762906074524,0.9261276125907898,-1.5902583956718446
1751989236.4097495,-0.19573737382888795,0.9265998601913452,-1.5894730925559997
1751989236.412311,-0.19573737382888795,0.9265998601913452,-1.5894730925559997
1751989236.414243,-0.19573737382888795,0.9265998601913452,-1.5894730925559997
1751989236.416328,-0.19573737382888795,0.9265998601913452,-1.5894730925559997
1751989236.4184039,-0.1972575068473816,0.921586561203003,-1.5853509902954102
1751989236.4204414,-0.1972575068473816,0.921586561203003,-1.5853509902954102
1751989236.4225113,-0.1972575068473816,0.921586561203003,-1.5853509902954102
1751989236.4245849,-0.1972575068473816,0.921586561203003,-1.5853509902954102
1751989236.4287715,-0.1972575068473816,0.921586561203003,-1.5853509902954102
1751989236.430075,-0.1964926600456238,0.9204196214675904,-1.5862149834632873
1751989236.4320168,-0.1964926600456238,0.9204196214675904,-1.5862149834632873
1751989236.4341028,-0.1964926600456238,0.9204196214675904,-1.5862149834632873
1751989236.43618,-0.1938097357749939,0.9227973222732544,-1.5880775928497315
1751989236.4382727,-0.1938097357749939,0.9227973222732544,-1.5880775928497315
1751989236.4405367,-0.1938097357749939,0.9227973222732544,-1.5880775928497315
1751989236.444364,-0.1938097357749939,0.9227973222732544,-1.5880775928497315
1751989236.447806,-0.19679158926010132,0.9232509255409241,-1.583126389980316
1751989236.4508572,-0.19679158926010132,0.9232509255409241,-1.583126389980316
1751989236.4529011,-0.19679158926010132,0.9232509255409241,-1.583126389980316
1751989236.455463,-0.19679158926010132,0.9232509255409241,-1.583126389980316
1751989236.4572115,-0.19400163888931277,0.9202179789543152,-1.5866759896278382
1751989236.459744,-0.19400163888931277,0.9202179789543152,-1.5866759896278382
1751989236.4623766,-0.19400163888931277,0.9202179789543152,-1.5866759896278382
1751989236.4642735,-0.19400163888931277,0.9202179789543152,-1.5866759896278382
1751989236.466343,-0.19778465032577516,0.9253991127014161,-1.5861699104309082
1751989236.4684284,-0.19778465032577516,0.9253991127014161,-1.5861699104309082
1751989236.4704416,-0.19778465032577516,0.9253991127014161,-1.5861699104309082
1751989236.472506,-0.19778465032577516,0.9253991127014161,-1.5861699104309082
1751989236.474629,-0.19617630243301393,0.9227499961853027,-1.5893349766731262
1751989236.4768815,-0.19617630243301393,0.9227499961853027,-1.5893349766731262
1751989236.479504,-0.19617630243301393,0.9227499961853027,-1.5893349766731262
1751989236.481526,-0.19617630243301393,0.9227499961853027,-1.5893349766731262
1751989236.483567,-0.19401148557662964,0.9184476852416993,-1.5843416690826415
1751989236.4856493,-0.19401148557662964,0.9184476852416993,-1.5843416690826415
1751989236.4877334,-0.19401148557662964,0.9184476852416993,-1.5843416690826415
1751989236.489825,-0.19401148557662964,0.9184476852416993,-1.5843416690826415
1751989236.4923594,-0.19415792226791384,0.9278397083282471,-1.5926220417022705
1751989236.4953537,-0.19415792226791384,0.9278397083282471,-1.5926220417022705
1751989236.497338,-0.19415792226791384,0.9278397083282471,-1.5926220417022705
1751989236.4999096,-0.19415792226791384,0.9278397083282471,-1.5926220417022705
1751989236.5014446,-0.19481605291366577,0.9207275152206421,-1.5861639618873595
1751989236.503504,-0.19481605291366577,0.9207275152206421,-1.5861639618873595
1751989236.5055943,-0.19481605291366577,0.9207275152206421,-1.5861639618873595
1751989236.5076628,-0.19481605291366577,0.9207275152206421,-1.5861639618873595
1751989236.5120246,-0.19548023939132692,0.9223287343978882,-1.5867567181587219
1751989236.5130575,-0.19548023939132692,0.9223287343978882,-1.5867567181587219
1751989236.5150483,-0.19548023939132692,0.9223287343978882,-1.5867567181587219
1751989236.5176396,-0.19548023939132692,0.9223287343978882,-1.5867567181587219
1751989236.5192227,-0.19178012609481812,0.9206293582916261,-1.5884851813316345
1751989236.5213077,-0.19178012609481812,0.9206293582916261,-1.5884851813316345
1751989236.523392,-0.19178012609481812,0.9206293582916261,-1.5884851813316345
1751989236.5255165,-0.19178012609481812,0.9206293582916261,-1.5884851813316345
1751989236.5289247,-0.19161611795425415,0.9209614157676698,-1.5878204822540283
1751989236.5308647,-0.19161611795425415,0.9209614157676698,-1.5878204822540283
1751989236.5329306,-0.19161611795425415,0.9209614157676698,-1.5878204822540283
1751989236.5354898,-0.19161611795425415,0.9209614157676698,-1.5878204822540283
1751989236.5371084,-0.19431334733963013,0.9209279537200928,-1.5878589510917664
1751989236.5392003,-0.19431334733963013,0.9209279537200928,-1.5878589510917664
1751989236.542144,-0.19431334733963013,0.9209279537200928,-1.5878589510917664
1751989236.5451462,-0.19431334733963013,0.9209279537200928,-1.5878589510917664
1751989236.5474992,-0.19306997060775757,0.9185155868530274,-1.5876412868499756
1751989236.5495427,-0.19306997060775757,0.9185155868530274,-1.5876412868499756
1751989236.551598,-0.19306997060775757,0.9185155868530274,-1.5876412868499756
1751989236.5540862,-0.19306997060775757,0.9185155868530274,-1.5876412868499756
1751989236.5557666,-0.19434674978256228,0.9255686640739441,-1.5849387407302857
1751989236.5601473,-0.19434674978256228,0.9255686640739441,-1.5849387407302857
1751989236.5622976,-0.19434674978256228,0.9255686640739441,-1.5849387407302857
1751989236.5643306,-0.19434674978256228,0.9255686640739441,-1.5849387407302857
1751989236.5663939,-0.1956729292869568,0.9255668878555299,-1.5901849865913391
1751989236.5684397,-0.1956729292869568,0.9255668878555299,-1.5901849865913391
1751989236.5704992,-0.1956729292869568,0.9255668878555299,-1.5901849865913391
1751989236.5725658,-0.1956729292869568,0.9255668878555299,-1.5901849865913391
1751989236.575508,-0.19460867643356325,0.9228682041168214,-1.5871789455413818
1751989236.5789258,-0.19460867643356325,0.9228682041168214,-1.5871789455413818
1751989236.5807557,-0.19460867643356325,0.9228682041168214,-1.5871789455413818
1751989236.5828123,-0.19460867643356325,0.9228682041168214,-1.5871789455413818
1751989236.584889,-0.19226564168930055,0.9206333756446838,-1.5906324863433838
1751989236.5869827,-0.19226564168930055,0.9206333756446838,-1.5906324863433838
1751989236.5890682,-0.19226564168930055,0.9206333756446838,-1.5906324863433838
1751989236.5915241,-0.19226564168930055,0.9206333756446838,-1.5906324863433838
1751989236.5943978,-0.19375509023666382,0.9238992094993592,-1.590910291671753
1751989236.5970523,-0.19375509023666382,0.9238992094993592,-1.590910291671753
1751989236.599053,-0.19375509023666382,0.9238992094993592,-1.590910291671753
1751989236.6016343,-0.19375509023666382,0.9238992094993592,-1.590910291671753
1751989236.603223,-0.1943543553352356,0.9259070038795472,-1.5933234810829162
1751989236.605308,-0.1943543553352356,0.9259070038795472,-1.5933234810829162
1751989236.6073728,-0.1943543553352356,0.9259070038795472,-1.5933234810829162
1751989236.6104805,-0.1943543553352356,0.9259070038795472,-1.5933234810829162
1751989236.6132936,-0.19555639028549196,0.9241248726844788,-1.5871653079986572
1751989236.6153827,-0.19555639028549196,0.9241248726844788,-1.5871653079986572
1751989236.6174324,-0.19555639028549196,0.9241248726844788,-1.5871653079986572
1751989236.6200342,-0.19555639028549196,0.9241248726844788,-1.5871653079986572
1751989236.621532,-0.19765487909317017,0.9232837200164795,-1.5863476276397706
1751989236.6237562,-0.19765487909317017,0.9232837200164795,-1.5863476276397706
1751989236.6277757,-0.19765487909317017,0.9232837200164795,-1.5863476276397706
1751989236.6303363,-0.19765487909317017,0.9232837200164795,-1.5863476276397706
1751989236.631735,-0.1941635012626648,0.9228057742118836,-1.590047335624695
1751989236.6338425,-0.1941635012626648,0.9228057742118836,-1.590047335624695
1751989236.635915,-0.1941635012626648,0.9228057742118836,-1.590047335624695
1751989236.6380064,-0.1941635012626648,0.9228057742118836,-1.590047335624695
1751989236.6403775,-0.19470871686935426,0.9200348258018494,-1.5839594602584839
1751989236.6422257,-0.19470871686935426,0.9200348258018494,-1.5839594602584839
1751989236.646028,-0.19470871686935426,0.9200348258018494,-1.5839594602584839
1751989236.6479993,-0.19470871686935426,0.9200348258018494,-1.5839594602584839
1751989236.6500647,-0.19514161348342896,0.9172206521034241,-1.5800393342971801
1751989236.6521454,-0.19514161348342896,0.9172206521034241,-1.5800393342971801
1751989236.654238,-0.19514161348342896,0.9172206521034241,-1.5800393342971801
1751989236.656332,-0.19514161348342896,0.9172206521034241,-1.5800393342971801
1751989236.6588113,-0.19514161348342896,0.9172206521034241,-1.5800393342971801
1751989236.6611328,-0.19707144498825074,0.9236701250076295,-1.5833706498146056
1751989236.663118,-0.19707144498825074,0.9236701250076295,-1.5833706498146056
1751989236.665157,-0.19707144498825074,0.9236701250076295,-1.5833706498146056
1751989236.6677196,-0.1971821427345276,0.9208667397499085,-1.5816924333572389
1751989236.6698034,-0.1971821427345276,0.9208667397499085,-1.5816924333572389
1751989236.671888,-0.1971821427345276,0.9208667397499085,-1.5816924333572389
1751989236.6739595,-0.1971821427345276,0.9208667397499085,-1.5816924333572389
1751989236.678786,-0.1939381718635559,0.926434326171875,-1.586153018474579
1751989236.6807866,-0.1939381718635559,0.926434326171875,-1.586153018474579
1751989236.6828108,-0.1939381718635559,0.926434326171875,-1.586153018474579
1751989236.6854908,-0.1939381718635559,0.926434326171875,-1.586153018474579
1751989236.6869824,-0.19795249700546266,0.9174704313278199,-1.583999013900757
1751989236.68907,-0.19795249700546266,0.9174704313278199,-1.583999013900757
1751989236.6920943,-0.19795249700546266,0.9174704313278199,-1.583999013900757
1751989236.6957371,-0.19795249700546266,0.9174704313278199,-1.583999013900757
1751989236.6976712,-0.19443644285202027,0.9206886291503906,-1.5885963559150695
1751989236.6997812,-0.19443644285202027,0.9206886291503906,-1.5885963559150695
1751989236.7018337,-0.19443644285202027,0.9206886291503906,-1.5885963559150695
1751989236.704417,-0.19443644285202027,0.9206886291503906,-1.5885963559150695
1751989236.706011,-0.18965266942977907,0.9190928101539613,-1.5866619348526
1751989236.7081406,-0.18965266942977907,0.9190928101539613,-1.5866619348526
1751989236.7108462,-0.18965266942977907,0.9190928101539613,-1.5866619348526
1751989236.7139122,-0.18965266942977907,0.9190928101539613,-1.5866619348526
1751989236.7150438,-0.19356096982955934,0.9214025735855103,-1.5857264399528503
1751989236.7171264,-0.19356096982955934,0.9214025735855103,-1.5857264399528503
1751989236.719214,-0.19356096982955934,0.9214025735855103,-1.5857264399528503
1751989236.7213597,-0.19356096982955934,0.9214025735855103,-1.5857264399528503
1751989236.7237523,-0.19221502542495728,0.9220718502998353,-1.5870893001556396
1751989236.7255054,-0.19221502542495728,0.9220718502998353,-1.5870893001556396
1751989236.7296536,-0.19221502542495728,0.9220718502998353,-1.5870893001556396
1751989236.732263,-0.19221502542495728,0.9220718502998353,-1.5870893001556396
1751989236.734309,-0.19326881170272828,0.9230568885803223,-1.586889350414276
1751989236.736393,-0.19326881170272828,0.9230568885803223,-1.586889350414276
1751989236.7384427,-0.19326881170272828,0.9230568885803223,-1.586889350414276
1751989236.7405348,-0.19326881170272828,0.9230568885803223,-1.586889350414276
1751989236.7450867,-0.19326881170272828,0.9230568885803223,-1.586889350414276
1751989236.74721,-0.1929303050041199,0.9213403344154358,-1.5910182118415832
1751989236.7492423,-0.1929303050041199,0.9213403344154358,-1.5910182118415832
1751989236.751793,-0.1929303050041199,0.9213403344154358,-1.5910182118415832
1751989236.7534173,-0.19177252054214478,0.9196735858917237,-1.5891554355621338
1751989236.7554417,-0.19177252054214478,0.9196735858917237,-1.5891554355621338
1751989236.757511,-0.19177252054214478,0.9196735858917237,-1.5891554355621338
1751989236.7608912,-0.19177252054214478,0.9196735858917237,-1.5891554355621338
1751989236.7638733,-0.19412199258804322,0.9215713858604432,-1.5846081614494323
1751989236.765935,-0.19412199258804322,0.9215713858604432,-1.5846081614494323
1751989236.7680197,-0.19412199258804322,0.9215713858604432,-1.5846081614494323
1751989236.7706194,-0.19412199258804322,0.9215713858604432,-1.5846081614494323
1751989236.7721975,-0.19390767812728882,0.9213072538375855,-1.5878768801689147
1751989236.7742834,-0.19390767812728882,0.9213072538375855,-1.5878768801689147
1751989236.7775664,-0.19390767812728882,0.9213072538375855,-1.5878768801689147
1751989236.7802472,-0.19390767812728882,0.9213072538375855,-1.5878768801689147
1751989236.781702,-0.193136465549469,0.9226092576980591,-1.586661171913147
1751989236.7838523,-0.193136465549469,0.9226092576980591,-1.586661171913147
1751989236.7858782,-0.193136465549469,0.9226092576980591,-1.586661171913147
1751989236.787983,-0.193136465549469,0.9226092576980591,-1.586661171913147
1751989236.790412,-0.19630566835403443,0.9226535439491272,-1.5893818259239196
1751989236.7922,-0.19630566835403443,0.9226535439491272,-1.5893818259239196
1751989236.7964027,-0.19630566835403443,0.9226535439491272,-1.5893818259239196
1751989236.798336,-0.19630566835403443,0.9226535439491272,-1.5893818259239196
1751989236.8004057,-0.19229446649551393,0.9218329191207886,-1.5863314151763916
1751989236.802441,-0.19229446649551393,0.9218329191207886,-1.5863314151763916
1751989236.8044999,-0.19229446649551393,0.9218329191207886,-1.5863314151763916
1751989236.8065674,-0.19229446649551393,0.9218329191207886,-1.5863314151763916
1751989236.8095796,-0.19229446649551393,0.9218329191207886,-1.5863314151763916
1751989236.8134542,-0.19425264596939087,0.9231222987174988,-1.5872104048728943
1751989236.8154485,-0.19425264596939087,0.9231222987174988,-1.5872104048728943
1751989236.818079,-0.19425264596939087,0.9231222987174988,-1.5872104048728943
1751989236.8195584,-0.1977366089820862,0.9222897052764893,-1.5895403027534485
1751989236.8216445,-0.1977366089820862,0.9222897052764893,-1.5895403027534485
1751989236.823831,-0.1977366089820862,0.9222897052764893,-1.5895403027534485
1751989236.8284323,-0.1977366089820862,0.9222897052764893,-1.5895403027534485
1751989236.830645,-0.19345048666000367,0.9247058272361756,-1.5867355704307555
1751989236.832668,-0.19345048666000367,0.9247058272361756,-1.5867355704307555
1751989236.8347552,-0.19345048666000367,0.9247058272361756,-1.5867355704307555
1751989236.8373368,-0.19345048666000367,0.9247058272361756,-1.5867355704307555
1751989236.8389285,-0.19335795640945436,0.9263559341430665,-1.5924102306365966
1751989236.8420708,-0.19335795640945436,0.9263559341430665,-1.5924102306365966
